"path","size_bytes","sha256","evidence_role","sealed_at_utc"
"build_attempts.csv","1510473","f830c416628c753f36597683acca706c975610fe41e4058ddf6a8356680ddba6","attempt_audit","2026-07-23T05:45:58.7451829+00:00"
"build_recipes.jsonl","50388","20ffee50a1bc6b5aaf585cf78de4e773187ce07f90f2139403ac0a27775c0133","winning_recipes_exact","2026-07-23T05:45:58.7451829+00:00"
"build_recipes_portable.csv","36654","3407de675ec6cb2798b8f96c2f7ff94004015d679eb9441ac9f993629d4d7a7f","winning_recipes_portable","2026-07-23T05:45:58.7451829+00:00"
"class_metrics_all.csv","905788","634fc4094a89e4739b19b9367331e78d80e320a3f0405e024b9781a1c7436779","class_metric_frame","2026-07-23T05:45:58.7451829+00:00"
"excluded_classes_log.csv","434526","a2e967ee0ffde0126b78f2fac6bc45c96a6bcd86ab05b5e42dc6c91a4b2103bd","excluded_class_audit","2026-07-23T05:45:58.7451829+00:00"
"logs/build/35126129_maven_phoenix-core_1.log","3253","55af9eca4fb8b57d1718f2dbf4c3180c86330dd30471d9c216394e63a05d0205","build_log","2026-07-23T05:45:58.7451829+00:00"
"logs/build/35126129_maven_phoenix-core_2.log","3577","c9a4ac97e5b104b7b83ef0442be4db4fd5702c369d89442cb390cc2f1256bd22","build_log","2026-07-23T05:45:58.7451829+00:00"
"logs/build/35126129_maven_phoenix-core_3.log","6289","1b6d5237023cd455408807f0e514264d32d954ed5c4a338fba397d6fdbe8cc4a","build_log","2026-07-23T05:45:58.7451829+00:00"
"logs/build/35126129_maven_phoenix-core_4.log","6703","5e029d2a2b673fa5c08c4fa5e100ed51aaa8fe31ad1c26cb5dcc47bc810ae85a","build_log","2026-07-23T05:45:58.7451829+00:00"
"logs/build/35126129_maven_phoenix-core_5.log","3675","b63a8f63cc77cc931074e7d6eb785ff4d72d12c1e92aedcbe1c37ca6b0a4c87e","build_log","2026-07-23T05:45:58.7451829+00:00"
"logs/build/35126129_maven_phoenix-core_6.log","6801","570f384cad1caa5012070769f532e8eb0d28085a5dca407592aba33622ce20e0","build_log","2026-07-23T05:45:58.7451829+00:00"
"logs/build/35126129_maven_phoenix-pig_1.log","3047","c06968be3312bafc112c9013e381b9d3d8df8873d55fbb9db1e37ed94a1ab6bd","build_log","2026-07-23T05:45:58.7451829+00:00"
"logs/build/35126129_maven_phoenix-pig_2.log","3371","30e7fab97f3e009d62740397261aa6e857e9502678e9f9f8c8bb5f239783df9e","build_log","2026-07-23T05:45:58.7451829+00:00"
"logs/build/35126129_maven_phoenix-pig_3.log","6526","cad3cc6790c00d420721202a56da443be26a06b595fe8a5f3e4bc9809782520d","build_log","2026-07-23T05:45:58.7451829+00:00"
"logs/build/35126129_maven_phoenix-pig_4.log","6850","22a9f11d623dd758ca0d7a27b0466bf431e3bdd90105f8dfacb50c3d64f9cf1e","build_log","2026-07-23T05:45:58.7451829+00:00"
"logs/build/35126129_maven_phoenix-pig_5.log","3469","9af49d12b6c5bb89a90a96d1cc9b91c7f1cd481613766f108190480aba7c671d","build_log","2026-07-23T05:45:58.7451829+00:00"
"logs/build/35126129_maven_phoenix-pig_6.log","6948","5ecb2c312e053a6900f133c2fe17f1a1e822786d445ea111276e066044981f24","build_log","2026-07-23T05:45:58.7451829+00:00"
"logs/build/35126129_pipeline_exception.log","1178","87c776a221c844448cdbf9ec21d9c9017716213a876cc68e727e221f66453368","build_log","2026-07-23T05:45:58.7451829+00:00"
"logs/build/35532096_maven_tajo-catalog_tajo-catalog-common_1.log","3519","7a5cab4d81a10559d07a1b621b29146cc1603d594454e044c1e95b6ab3fc8057","build_log","2026-07-23T05:45:58.7451829+00:00"
"logs/build/35532096_maven_tajo-catalog_tajo-catalog-common_2.log","3843","ed59bf2dd9ed2378d2042b01553437c4bb0c4cea9428563c886d41315b479141","build_log","2026-07-23T05:45:58.7451829+00:00"
"logs/build/35532096_maven_tajo-catalog_tajo-catalog-common_3.log","7529","bc4f99606233078e808c9c07a7c7934335d55de917b5fb0d349475f89611e34e","build_log","2026-07-23T05:45:58.7451829+00:00"
"logs/build/35532096_maven_tajo-catalog_tajo-catalog-common_4.log","7853","150813198eba7e83aa2d347c991bd59f64d4eda7d09982712492dd3b44106585","build_log","2026-07-23T05:45:58.7451829+00:00"
"logs/build/35532096_maven_tajo-catalog_tajo-catalog-common_5.log","3941","3678390de4b5fa3ce8eaa444339a37cdaea91aabf19e830d038607da0930be94","build_log","2026-07-23T05:45:58.7451829+00:00"
"logs/build/35532096_maven_tajo-catalog_tajo-catalog-common_6.log","7951","ee9bafa2b730402ad400e6f1f920d37181011695a76f46269048fcf82751a7b9","build_log","2026-07-23T05:45:58.7451829+00:00"
"logs/build/35532096_maven_tajo-catalog_tajo-catalog-drivers_tajo-hive_1.log","11919","c964ef990906531a78c004d0afcb4642c28fdd84c5e4872e1faf01e343b73640","build_log","2026-07-23T05:45:58.7451829+00:00"
"logs/build/35532096_maven_tajo-catalog_tajo-catalog-drivers_tajo-hive_2.log","12243","c966f83b9e635ea74c7630f612e52be346feba861a609328e66c6800650bdd70","build_log","2026-07-23T05:45:58.7451829+00:00"
"logs/build/35532096_maven_tajo-catalog_tajo-catalog-drivers_tajo-hive_3.log","8724","3cc1e6856e88cc81c98e2b5401b49f8466fe6b58b9c779eb98257331f60b0cc6","build_log","2026-07-23T05:45:58.7451829+00:00"
"logs/build/35532096_maven_tajo-catalog_tajo-catalog-drivers_tajo-hive_4.log","9048","c2c713f9d35562a6b563c7bbb40adf857d62e7d497c4bfee9d9fa3626e0a8367","build_log","2026-07-23T05:45:58.7451829+00:00"
"logs/build/35532096_maven_tajo-catalog_tajo-catalog-drivers_tajo-hive_5.log","12341","0d0814788e0ba0049fd0d905b797b373d299ef151c61326a3ef1e357c4b8546c","build_log","2026-07-23T05:45:58.7451829+00:00"
"logs/build/35532096_maven_tajo-catalog_tajo-catalog-drivers_tajo-hive_6.log","9146","7f3f69ac85ee618cf2bbe65f141e054903716c71a24d53d6f7797a7191af2934","build_log","2026-07-23T05:45:58.7451829+00:00"
"logs/build/35532096_maven_tajo-catalog_tajo-catalog-server_1.log","8556","67b164e716e5c9664e2c324561f4dd5f0963a572864c3a8fc1013c959aa05c4f","build_log","2026-07-23T05:45:58.7451829+00:00"
"logs/build/35532096_maven_tajo-catalog_tajo-catalog-server_2.log","8880","a0a8d3bc85a65f87ba352e56db5f9c93b16917b6968d455738dfe4fdd46e5403","build_log","2026-07-23T05:45:58.7451829+00:00"
"logs/build/35532096_maven_tajo-catalog_tajo-catalog-server_3.log","8121","c8e6cb1f3421ed056943381d3a793daa6d0358f563e7e8059a4c856eb36ffb2f","build_log","2026-07-23T05:45:58.7451829+00:00"
"logs/build/35532096_maven_tajo-catalog_tajo-catalog-server_4.log","8445","f133f32ee385795feb89e839ecdd22c34719e35bc4eb271f6e0569526230f9c8","build_log","2026-07-23T05:45:58.7451829+00:00"
"logs/build/35532096_maven_tajo-catalog_tajo-catalog-server_5.log","8978","979e0cef696b58b62617844a3265a8d471d85118d01e3437cfcc15f364a2defa","build_log","2026-07-23T05:45:58.7451829+00:00"
"logs/build/35532096_maven_tajo-catalog_tajo-catalog-server_6.log","8543","865cec65093cd1ad6ebdba9267810b323125693319ab301bbb462cef713688c3","build_log","2026-07-23T05:45:58.7451829+00:00"
"logs/build/35532096_maven_tajo-common_1.log","2018","e19adbe57166c542fb7a6467ce9567116e6c831570465e6db24bac089fcca124","build_log","2026-07-23T05:45:58.7451829+00:00"
"logs/build/35532096_maven_tajo-common_2.log","2342","25d6dd448e17bbce4bc4bd46ca3ec36dd926a2f0cad3cad58e8d1bb941b402cf","build_log","2026-07-23T05:45:58.7451829+00:00"
"logs/build/35532096_maven_tajo-common_3.log","7360","5819bd42b9d3dea87d9a6792a552dad6171c7464f9ad5c850305f451955ee890","build_log","2026-07-23T05:45:58.7451829+00:00"
"logs/build/35532096_maven_tajo-common_4.log","7684","09fa1b2489aad0f11e26b80527050d129b4828277dbfd34e8747e72a75696279","build_log","2026-07-23T05:45:58.7451829+00:00"
"logs/build/35532096_maven_tajo-common_5.log","3203","7356920916c4ef4df28f55820061d30741f98a287136867536d3ab22c198914c","build_log","2026-07-23T05:45:58.7451829+00:00"
"logs/build/35532096_maven_tajo-common_6.log","7782","3a121d41b90b1342b899888ddd149ba43ad51bbd6528aba2f159a47a8bab1c74","build_log","2026-07-23T05:45:58.7451829+00:00"
"logs/build/35532096_maven_tajo-core_1.log","34311","a70b940eacb1aae9c96b5bfb1b36e49a1d391c3799fec8ab1827b09a20af4c88","build_log","2026-07-23T05:45:58.7451829+00:00"
"logs/build/35532096_maven_tajo-core_2.log","33487","f426343f6ef8b0b46473df5c4569f024161aaafe6d2772de554dc79886b9dae6","build_log","2026-07-23T05:45:58.7451829+00:00"
"logs/build/35532096_maven_tajo-core_3.log","9620","cd5ca9b1a1aa5adc5111d18e6ed6c90d2ed355800d3c0215fb374d3af3c49b17","build_log","2026-07-23T05:45:58.7451829+00:00"
"logs/build/35532096_maven_tajo-core_4.log","10346","73a7adb3fd6ac494e3f11102043e7266499de4f30db7b7ce93ea611a1f876933","build_log","2026-07-23T05:45:58.7451829+00:00"
"logs/build/35532096_maven_tajo-core_5.log","30477","da13a87366627e2487fca35a5d5a281e829acff66f87494d94c7bb04faf338ae","build_log","2026-07-23T05:45:58.7451829+00:00"
"logs/build/35532096_maven_tajo-core_6.log","10445","e421f1463c417760d627e04be6c401b6fec7de3e526d3ff227409da7384abd16","build_log","2026-07-23T05:45:58.7451829+00:00"
"logs/build/35532096_maven_tajo-storage_tajo-storage-common_1.log","6825","f0035d06805859518723797ab4f7ac627f842cc3e52e6711baf050087d76a7bf","build_log","2026-07-23T05:45:58.7451829+00:00"
"logs/build/35532096_maven_tajo-storage_tajo-storage-common_2.log","7149","42480092179cf7c0434c50a5104c12f2defa57c42900810e425b7093d47bf55e","build_log","2026-07-23T05:45:58.7451829+00:00"
"logs/build/35532096_maven_tajo-storage_tajo-storage-common_3.log","7973","e0ddfd1fac157fb393bb90b5f1b5f79b9b3486099d9647595048757b2440bffb","build_log","2026-07-23T05:45:58.7451829+00:00"
"logs/build/35532096_maven_tajo-storage_tajo-storage-common_4.log","8297","5abed0e7c86457ac25f17a4ee6eac2345336b39d7381ab3f35bb30411a6d794c","build_log","2026-07-23T05:45:58.7451829+00:00"
"logs/build/35532096_maven_tajo-storage_tajo-storage-common_5.log","7247","93a59453202320401d44450e9aa1e9f5e30b0f39bbbd9f5a745b787d1f882302","build_log","2026-07-23T05:45:58.7451829+00:00"
"logs/build/35532096_maven_tajo-storage_tajo-storage-common_6.log","8395","a7c23a82d6dc1cf8c127e2b579228362e21b7f364647fa7dad95dafa61334a34","build_log","2026-07-23T05:45:58.7451829+00:00"
"logs/build/35532096_maven_tajo-storage_tajo-storage-elasticsearch_1.log","10207","2ec4fe504ce9e0df26016b46647e1fa08019262f766b688857a6c980dd32b6e0","build_log","2026-07-23T05:45:58.7451829+00:00"
"logs/build/35532096_maven_tajo-storage_tajo-storage-elasticsearch_2.log","10531","5f02e96403e32a0d787e0bd5f963e936f37fad717071b4e9d814c5b7cad8350a","build_log","2026-07-23T05:45:58.7451829+00:00"
"logs/build/35532096_maven_tajo-storage_tajo-storage-elasticsearch_3.log","8276","c577cf4ea2a8be0a0f9cfd49e532ca8b58bc5f65f3a2c937bf19af00b29caa42","build_log","2026-07-23T05:45:58.7451829+00:00"
"logs/build/35532096_maven_tajo-storage_tajo-storage-elasticsearch_4.log","8600","07aa967da4a8f0819f22919c4344719398a540cd465e3b2b0ce19fbb70757a00","build_log","2026-07-23T05:45:58.7451829+00:00"
"logs/build/35532096_maven_tajo-storage_tajo-storage-elasticsearch_5.log","10629","dd6500a8aa21f6906a5acc5a6c06aea7caae2a111c8607c8eb95fa8e2f690e15","build_log","2026-07-23T05:45:58.7451829+00:00"
"logs/build/35532096_maven_tajo-storage_tajo-storage-elasticsearch_6.log","8698","f79200574b0b1ab6ec0e40c0e4ccf97b6712583390cbc3bf52935bbe345f3cb3","build_log","2026-07-23T05:45:58.7451829+00:00"
"logs/build/35532096_maven_tajo-storage_tajo-storage-hbase_1.log","8504","feca477fb3b50d39ac77a7530d5224626cf77d35b2fd50c584ecb6599d2ed866","build_log","2026-07-23T05:45:58.7451829+00:00"
"logs/build/35532096_maven_tajo-storage_tajo-storage-hbase_2.log","8828","2c77f4998b49ee791a9ca9f1edd5d0e9a3519abff4f641d4a91b72b167991e7d","build_log","2026-07-23T05:45:58.7451829+00:00"
"logs/build/35532096_maven_tajo-storage_tajo-storage-hbase_3.log","8120","d71324a5ca8a854ea2fa7bf08d71a3e4b1e7f21726e35769e55332d7c9685730","build_log","2026-07-23T05:45:58.7451829+00:00"
"logs/build/35532096_maven_tajo-storage_tajo-storage-hbase_4.log","8444","305ea0698e8b936c89dd09d3bba4cf52c428ea1c91f8090451a9c759b62c4ab8","build_log","2026-07-23T05:45:58.7451829+00:00"
"logs/build/35532096_maven_tajo-storage_tajo-storage-hbase_5.log","8926","2300e52326607777d7f46a0b06b50741b62b4546890cf469f52358c233e52b51","build_log","2026-07-23T05:45:58.7451829+00:00"
"logs/build/35532096_maven_tajo-storage_tajo-storage-hbase_6.log","8542","0db4e19654c9aaba3000be2ff23f9b7174bca83661dc29bf23eb5950b28fcaef","build_log","2026-07-23T05:45:58.7451829+00:00"
"logs/build/35532096_maven_tajo-storage_tajo-storage-hdfs_1.log","12261","51ab8d0177192d5bfbb15d095eeca02d2fcc2fc31033706daf33fd25c2254c62","build_log","2026-07-23T05:45:58.7451829+00:00"
"logs/build/35532096_maven_tajo-storage_tajo-storage-hdfs_2.log","8824","1e12a517b9e3c81d020c359bf8bbb6e7a2ecf1af0103644401574face957a31a","build_log","2026-07-23T05:45:58.7451829+00:00"
"logs/build/35532096_maven_tajo-storage_tajo-storage-hdfs_3.log","8119","1481ef62ac134161cabbbfc0aed296f3e7b2d3215b5069ebba14850c038f1e1b","build_log","2026-07-23T05:45:58.7451829+00:00"
"logs/build/35532096_maven_tajo-storage_tajo-storage-hdfs_4.log","8443","e1bbd7073403adbaf18944522e5f90e0a1e0c8b07fcdafb33236de3c86c80b32","build_log","2026-07-23T05:45:58.7451829+00:00"
"logs/build/35532096_maven_tajo-storage_tajo-storage-hdfs_5.log","8922","5da5093a92dfc0a8f5e682682e90b7a4d4d1d8a8d91a7aa1094d4e2d00e11616","build_log","2026-07-23T05:45:58.7451829+00:00"
"logs/build/35532096_maven_tajo-storage_tajo-storage-hdfs_6.log","8541","b40275ca770a2c985ba754cd5b1bfaf422dbbd7c70e53de9165e3b0192e9c58f","build_log","2026-07-23T05:45:58.7451829+00:00"
"logs/build/35627039_maven_common_1.log","2264","8544711afa236afd50f40b16bf4b0ef200c0f2e9af34127138efee6af106ed2c","build_log","2026-07-23T05:45:58.7451829+00:00"
"logs/build/35627039_maven_common_2.log","2588","a39b2581395d9777f3c4c6f298ecab9d351210d40fc50df776c9f40da4589aae","build_log","2026-07-23T05:45:58.7451829+00:00"
"logs/build/35627039_maven_common_3.log","7396","e1519f5edf911453dc19f200dde9a4b5da0353521537b77a0da4ff42fb95cbb2","build_log","2026-07-23T05:45:58.7451829+00:00"
"logs/build/35627039_maven_common_4.log","7720","953e816279ed103f905b62490ea475e8096894c1e2cf22da2fc19cacfda612d4","build_log","2026-07-23T05:45:58.7451829+00:00"
"logs/build/35627039_maven_common_5.log","2686","6aa75ac156da4febdf5538316bfca649ac470f71363793aa9c6357024ed20f29","build_log","2026-07-23T05:45:58.7451829+00:00"
"logs/build/35627039_maven_common_6.log","7818","10a072e452536c61bb72147fa48e47e94361f75c8405e979c518cf1ab708c226","build_log","2026-07-23T05:45:58.7451829+00:00"
"logs/build/35627039_maven_streams_authorizer_1.log","3219","283cd5b351abac3a13e3f5f99e268048de07b48359c0afc9c84f5dabefcafd01","build_log","2026-07-23T05:45:58.7451829+00:00"
"logs/build/35627039_maven_streams_authorizer_2.log","3543","f402ef2f6bdd301f22d89bdc817dd5e88279a9ece09ef9131e16eb704110a912","build_log","2026-07-23T05:45:58.7451829+00:00"
"logs/build/35627039_maven_streams_authorizer_3.log","8000","9ae951a9801bb82b5749da5337f1681cadf48dde8867791104c17caa7955007a","build_log","2026-07-23T05:45:58.7451829+00:00"
"logs/build/35627039_maven_streams_authorizer_4.log","8324","3aaa26201650f88c816ee443b38e4436db94409a9cd31cc1598e48d024313d3a","build_log","2026-07-23T05:45:58.7451829+00:00"
"logs/build/35627039_maven_streams_authorizer_5.log","3641","8abd8ed9a7eeccc8973cf167bdb29a23119dcf9529a77dda1e2482f00596a1b3","build_log","2026-07-23T05:45:58.7451829+00:00"
"logs/build/35627039_maven_streams_authorizer_6.log","8422","6c7965cae64d3c9a285d4a593c5a64a9571e588f4f124a2dbf99c46d2cf82ca8","build_log","2026-07-23T05:45:58.7451829+00:00"
"logs/build/35627039_maven_streams_catalog_1.log","9321","a3f6cf0f6080a14ef80198f985b951d4dfd60c25ed78f1356ec14b357b972e3a","build_log","2026-07-23T05:45:58.7451829+00:00"
"logs/build/35627039_maven_streams_catalog_2.log","9645","8bcbee42f5dbb547a8f7f733137d93f833471028cf4f5943a28ef0c3b24a1726","build_log","2026-07-23T05:45:58.7451829+00:00"
"logs/build/35627039_maven_streams_catalog_3.log","9181","126afb8640ac700eac0dd756357b14611bf10f8d65904d47c3dd98af8cd7e66a","build_log","2026-07-23T05:45:58.7451829+00:00"
"logs/build/35627039_maven_streams_catalog_4.log","9505","a7951bc0ee5f247cafbdad1853e70ec1e4eb0901a5cd278c560649d21c0ff010","build_log","2026-07-23T05:45:58.7451829+00:00"
"logs/build/35627039_maven_streams_catalog_5.log","9745","48f12fcf0ea916a1cb65df80ed38a6ddf54e99af864b9688783c8c355e597792","build_log","2026-07-23T05:45:58.7451829+00:00"
"logs/build/35627039_maven_streams_catalog_6.log","9603","b9465f1de5b1e66e10f6f7c7cef5760a0045c592eaac82ec358a76b0c5606ccd","build_log","2026-07-23T05:45:58.7451829+00:00"
"logs/build/35627039_maven_streams_cluster_1.log","5930","ee939b400d1982eab8c00d3111a6797b89500bab4bf4521af76fb3adea473eb0","build_log","2026-07-23T05:45:58.7451829+00:00"
"logs/build/35627039_maven_streams_cluster_2.log","5256","e1a3885ed71b73d4dd39f626dbe8c597bf67366d19f8b3798d961f8fc872e037","build_log","2026-07-23T05:45:58.7451829+00:00"
"logs/build/35627039_maven_streams_cluster_3.log","11265","b3854fb080d0c0fd93d3749936f459f84fdf386387c099d4f40324ecc6bb3b1b","build_log","2026-07-23T05:45:58.7451829+00:00"
"logs/build/35627039_maven_streams_cluster_4.log","8469","c134012ef6cc7fadf27149d57c0224be24b18251b52b909fb69a2ab37fe3ac6b","build_log","2026-07-23T05:45:58.7451829+00:00"
"logs/build/35627039_maven_streams_cluster_5.log","5356","b731f7569af72a9104e8bdf53c9d1837edda9c84e1d032fbca5d961c5ba86723","build_log","2026-07-23T05:45:58.7451829+00:00"
"logs/build/35627039_maven_streams_cluster_6.log","8567","cf071cfb68152dbb4c9054ef11c9fefc3bc8ee2214855e49ed5811cfb81e9ecd","build_log","2026-07-23T05:45:58.7451829+00:00"
"logs/build/35627039_maven_streams_common_1.log","4453","bb4e78ed7da9c7aaa433bd07b606e593ff928b2a40eee3edfa81f6b3e69c6e28","build_log","2026-07-23T05:45:58.7451829+00:00"
"logs/build/35627039_maven_streams_common_2.log","4777","cb13009c8ebbe172a053905b5ebfbc3e79404b9b1281acb6db908c29903d070f","build_log","2026-07-23T05:45:58.7451829+00:00"
"logs/build/35627039_maven_streams_common_3.log","7848","39dcd22ffb46c599b4c47926c15ef471cf53fd642a3dbfa39df8828433f3f1ed","build_log","2026-07-23T05:45:58.7451829+00:00"
"logs/build/35627039_maven_streams_common_4.log","8172","0dbd1f916fd0881c7165787511e58b5d41b021f7b56a5bc2acdfbba171e2dc0e","build_log","2026-07-23T05:45:58.7451829+00:00"
"logs/build/35627039_maven_streams_common_5.log","4875","a1fd4b6fc80c9ec0539ccb990bae9c5e194be8db620e572e24a71af7505924f0","build_log","2026-07-23T05:45:58.7451829+00:00"
"logs/build/35627039_maven_streams_common_6.log","8270","308a5ce9d36e08add284c285c387e112bae2b72bc34ef62db495fff113c49521","build_log","2026-07-23T05:45:58.7451829+00:00"
"logs/build/35627039_maven_streams_functions_1.log","4465","5340aef5933ba73f540db2808d72071b93c31742265b786460f6a8efeb4f000d","build_log","2026-07-23T05:45:58.7451829+00:00"
"logs/build/35627039_maven_streams_functions_2.log","4789","7f87afe1e27cec35aac96328fd06a8f9864f30f49830f8bb7e0bee20bf59c0e1","build_log","2026-07-23T05:45:58.7451829+00:00"
"logs/build/35627039_maven_streams_functions_3.log","7851","719c917461b34d7a114c70d308d4a66342d21eab9dba4964bafa72b4027990e8","build_log","2026-07-23T05:45:58.7451829+00:00"
"logs/build/35627039_maven_streams_functions_4.log","8175","214df2a085100ec7457c256f2bc38d6d9c00980aa0b1b99f05da9d12c2b248f6","build_log","2026-07-23T05:45:58.7451829+00:00"
"logs/build/35627039_maven_streams_functions_5.log","4887","d3a035305d783576f8f5ba67133c69decf2f7d4b7ebf75f1f21c9c99b5c9fce0","build_log","2026-07-23T05:45:58.7451829+00:00"
"logs/build/35627039_maven_streams_functions_6.log","8273","d9f302c35226963e600086bd58700be0b372de507368dee1ee8d4366e2eea668","build_log","2026-07-23T05:45:58.7451829+00:00"
"logs/build/35627039_maven_streams_layout_1.log","4453","05dbd5de7db19d8c4f8319bb421424cf0390f867b94107cd02c6f01862449b4a","build_log","2026-07-23T05:45:58.7451829+00:00"
"logs/build/35627039_maven_streams_layout_2.log","4777","cce781f371f78f057380a9276b8c1ad7ba99f63cd3b63583b82b509ea7c8b682","build_log","2026-07-23T05:45:58.7451829+00:00"
"logs/build/35627039_maven_streams_layout_3.log","7848","7656b0a32ed59aef41e3331d6244b5c0587190a904c03115c67872297bdf164d","build_log","2026-07-23T05:45:58.7451829+00:00"
"logs/build/35627039_maven_streams_layout_4.log","8172","b9b7ffe0e7a37dae1b67e8e85af587be65b8c59be89447293a5f2792fe122e8e","build_log","2026-07-23T05:45:58.7451829+00:00"
"logs/build/35627039_maven_streams_layout_5.log","4875","ce675e9323a122de93306e21eac8b50cb43675854bcb440974c6b9bf4003ae2a","build_log","2026-07-23T05:45:58.7451829+00:00"
"logs/build/35627039_maven_streams_layout_6.log","8270","4ac9886ba0df74ac31954898fba8a169df670033d1bab204da6cc784e55fd9cc","build_log","2026-07-23T05:45:58.7451829+00:00"
"logs/build/35627039_maven_streams_notification_1.log","4925","3c35fc8d82976136a0558b7d67eefb0aa67c3d5c687799d45f3b1654f0fe8269","build_log","2026-07-23T05:45:58.7451829+00:00"
"logs/build/35627039_maven_streams_notification_2.log","5249","780240d0260cab5c5f9595a335c7692dd4ddfc3f42b2dfdc883b0966d889af0e","build_log","2026-07-23T05:45:58.7451829+00:00"
"logs/build/35627039_maven_streams_notification_3.log","8002","d20aad65534c71d3a5463a0e6ad86fa1339fa9f1e097c26e979262587f2e2648","build_log","2026-07-23T05:45:58.7451829+00:00"
"logs/build/35627039_maven_streams_notification_4.log","8326","f4fc9fd29ffc325ad549f54f5cdef0c5af12af3c431385828c56ea016fc86d0c","build_log","2026-07-23T05:45:58.7451829+00:00"
"logs/build/35627039_maven_streams_notification_5.log","5347","2b7c9884acfbaf061ecf4a6aab315c6604c5065d324100f2dfc49f301454c607","build_log","2026-07-23T05:45:58.7451829+00:00"
"logs/build/35627039_maven_streams_notification_6.log","8424","d0275c5df8940533577f6755ace71c16aa6c022aaa0570b1da978c50563f7762","build_log","2026-07-23T05:45:58.7451829+00:00"
"logs/build/35627039_maven_streams_notifier_1.log","3247","61f179b24511ae41b6614caf7377d013005a148a9450801bdade22972e2ed463","build_log","2026-07-23T05:45:58.7451829+00:00"
"logs/build/35627039_maven_streams_notifier_2.log","3571","f2fa1cad7ee5c649bfa22e6c5b42dacb779033fc98685b5cfbba2166b2bc10b8","build_log","2026-07-23T05:45:58.7451829+00:00"
"logs/build/35627039_maven_streams_notifier_3.log","8146","f292a678e443c1b82554b2d6b044cce2e993670d34728d1147d107fc7c8008c2","build_log","2026-07-23T05:45:58.7451829+00:00"
"logs/build/35627039_maven_streams_notifier_4.log","8470","a12b0b63329a134662090d6ec0ad0340fa33b2c74d5c72465c98f13f847803cf","build_log","2026-07-23T05:45:58.7451829+00:00"
"logs/build/35627039_maven_streams_notifier_5.log","3669","530267f2d7255c9f33727f0115e90f1c99826490a00e6a7ab55b10a0b653fa64","build_log","2026-07-23T05:45:58.7451829+00:00"
"logs/build/35627039_maven_streams_notifier_6.log","8568","3d95c7a5d70404cad8ccb31513c2994a1245c8fb497f61c014333ce43a643a62","build_log","2026-07-23T05:45:58.7451829+00:00"
"logs/build/35627039_maven_streams_runners_storm_logsearch_1.log","4635","8ccaf55d943d2d60d12dcbaddc622b608f42885f2ef9a306b96754fb607d7a55","build_log","2026-07-23T05:45:58.7451829+00:00"
"logs/build/35627039_maven_streams_runners_storm_logsearch_2.log","4959","6a66c0c147bff7d35f8ed913ab2e09f9c9d2e81e7580d849faeee4f277d7601b","build_log","2026-07-23T05:45:58.7451829+00:00"
"logs/build/35627039_maven_streams_runners_storm_logsearch_3.log","9789","507656e5c9d8545b03eb64bf17fca27ab889faff453edf5595d69e03c7d74cb9","build_log","2026-07-23T05:45:58.7451829+00:00"
"logs/build/35627039_maven_streams_runners_storm_logsearch_4.log","10113","2d82db1a3e74d0827cd232095d3862594ccbedcb2dc7adc4b07304c2ecf4fe13","build_log","2026-07-23T05:45:58.7451829+00:00"
"logs/build/35627039_maven_streams_runners_storm_logsearch_5.log","5057","df8b365ce98fe0aeb2f4232ad676245bdaa5c03fb57b5986a0c401c80080b3ee","build_log","2026-07-23T05:45:58.7451829+00:00"
"logs/build/35627039_maven_streams_runners_storm_logsearch_6.log","10211","fc444a6a87eb338a4386476e53d0e1d9e7de645d788405f387078d5b1c981ee6","build_log","2026-07-23T05:45:58.7451829+00:00"
"logs/build/35627039_maven_streams_runners_storm_metrics_1.log","4615","ac965a5d30f50a6aed1b25d1d8be8e5d005da60f5de3f2c040376543dc62b75e","build_log","2026-07-23T05:45:58.7451829+00:00"
"logs/build/35627039_maven_streams_runners_storm_metrics_2.log","4939","d51be4cd988d27f34d10cee2823ab31fb856438b9f5259e8e7dd2382229886b2","build_log","2026-07-23T05:45:58.7451829+00:00"
"logs/build/35627039_maven_streams_runners_storm_metrics_3.log","9787","8532235599c21afa67e877e9ec0d02da4b63923ec20b21d6310445ca44af3a62","build_log","2026-07-23T05:45:58.7451829+00:00"
"logs/build/35627039_maven_streams_runners_storm_metrics_4.log","10111","bdd51645a07ea39feaf7d7b3e06003c643b34effeaeb627ed527343b141f8c37","build_log","2026-07-23T05:45:58.7451829+00:00"
"logs/build/35627039_maven_streams_runners_storm_metrics_5.log","5039","56104a4972d0a9f73123effda5980bd5371b4b0c4fdbfd5a6f8dd1086665814b","build_log","2026-07-23T05:45:58.7451829+00:00"
"logs/build/35627039_maven_streams_runners_storm_metrics_6.log","10209","ef08b839a1798d5160facc671824c40ccf7a1826b6cfa4e91aa6e28e13f76fc8","build_log","2026-07-23T05:45:58.7451829+00:00"
"logs/build/35627039_maven_streams_runners_storm_runtime_1.log","15216","8ae706cf62b773882f87ff57c7466c21bea764e549f9277d40ed776c08e9dacf","build_log","2026-07-23T05:45:58.7451829+00:00"
"logs/build/35627039_maven_streams_runners_storm_runtime_2.log","14364","0c48af1dcbf5bdacab87778d980f2f2c4024e5de162755899a10367caeb8c372","build_log","2026-07-23T05:45:58.7451829+00:00"
"logs/build/35627039_maven_streams_runners_storm_runtime_3.log","9639","9d719f60aa8892f7654c959a4f1ae57e060759bc077d7b91d7dc7ec9ed256e97","build_log","2026-07-23T05:45:58.7451829+00:00"
"logs/build/35627039_maven_streams_runners_storm_runtime_4.log","9963","3f203fcbf4f533380756047a3a064d2984c7c1c5cf50788a766c125426a096b2","build_log","2026-07-23T05:45:58.7451829+00:00"
"logs/build/35627039_maven_streams_runners_storm_runtime_5.log","13691","52b03bc9744b67c0db7371b8f75121f4fc602e1de22c48b68e81d76b0c1bc91d","build_log","2026-07-23T05:45:58.7451829+00:00"
"logs/build/35627039_maven_streams_runners_storm_runtime_6.log","10061","08683ddde01666b026bce337a2666fe32d56c3d312d8e8c8cfc7ca5d8b0bee48","build_log","2026-07-23T05:45:58.7451829+00:00"
"logs/build/35627039_maven_streams_runtime_1.log","5857","c46701a43c387cf7b5bb064f83b40b0616dd4e35a4fc4de3fa24bbf03882d06e","build_log","2026-07-23T05:45:58.7451829+00:00"
"logs/build/35627039_maven_streams_runtime_2.log","6181","a0526ae64463168b34749f2f01d1deb3bb40e95fc5c6e9577f51d5446225e142","build_log","2026-07-23T05:45:58.7451829+00:00"
"logs/build/35627039_maven_streams_runtime_3.log","8293","f4dff8a9182daccc80cfa98f2c00e5d9118405e3c0c318360e73befce3db09a0","build_log","2026-07-23T05:45:58.7451829+00:00"
"logs/build/35627039_maven_streams_runtime_4.log","8617","cd11f3d966b501db8a61359f63e8091322f9ef311cafa973391f896c541ae3a1","build_log","2026-07-23T05:45:58.7451829+00:00"
"logs/build/35627039_maven_streams_runtime_5.log","6281","b92515646e532df033bae9af16a94e6b968c54275ef8ec39eff88a09c96e0bc1","build_log","2026-07-23T05:45:58.7451829+00:00"
"logs/build/35627039_maven_streams_runtime_6.log","8715","0f7403ed55fe4d9d7377c59f85007c35cf92e7475fd46fe772ca308cbb1acc0a","build_log","2026-07-23T05:45:58.7451829+00:00"
"logs/build/35627039_maven_streams_service_1.log","21372","da3d59d1bbff9674270c148fe4a4969d93cb6d9b114d79abc2f8b4cd6cf32d83","build_log","2026-07-23T05:45:58.7451829+00:00"
"logs/build/35627039_maven_streams_service_2.log","21694","f995fc884cfa427740cd0f4b68813aed7ccc8a50433de7cdb971bc40eb8bd628","build_log","2026-07-23T05:45:58.7451829+00:00"
"logs/build/35627039_maven_streams_service_3.log","11253","1107ed2b83640b0192df7d34a060e63b7397f8bd5ce0fded471169e31f1088b1","build_log","2026-07-23T05:45:58.7451829+00:00"
"logs/build/35627039_maven_streams_service_4.log","11577","5bf445a732332a5675c2ca0fbdeded7941a69c31cfd7dca8d6a27f11356f4b80","build_log","2026-07-23T05:45:58.7451829+00:00"
"logs/build/35627039_maven_streams_service_5.log","21794","ba17234a2c7ada3ccf45c20b3149c06175378d371dca874f2c74b3af811d1e83","build_log","2026-07-23T05:45:58.7451829+00:00"
"logs/build/35627039_maven_streams_service_6.log","11675","c8010916bd8a47b24c14673058a6bdfa29b928efbce5330a939be1af40d68df4","build_log","2026-07-23T05:45:58.7451829+00:00"
"logs/build/3580492_maven_core_1.log","4483","4a1f21b2bdc50c96182c0c66c710e9ee1786541402aa958eded4f0103df3f5eb","build_log","2026-07-23T05:45:58.7451829+00:00"
"logs/build/3580492_maven_core_2.log","4807","6df38b21a9c707e6c9ca6a8d46380e983a3e058d4b514c656fb57db41db2657d","build_log","2026-07-23T05:45:58.7451829+00:00"
"logs/build/3580492_maven_core_3.log","5832","e1e2ba727580adb7e8cf69130cf2ea5cb1e80f55d24a6d8deaded74c3f3181bc","build_log","2026-07-23T05:45:58.7451829+00:00"
"logs/build/3580492_maven_core_4.log","6156","9d6dd628c802f0bb02873231dab2a69d5cd6fdf681443be380379a84655ee597","build_log","2026-07-23T05:45:58.7451829+00:00"
"logs/build/3580492_maven_core_5.log","4905","371ed2db6ecccd14330899f498712d6bf698a7f51f83ad28509396d0b709e97c","build_log","2026-07-23T05:45:58.7451829+00:00"
"logs/build/3580492_maven_core_6.log","6254","45c4b9ee7a0a530f069f9ef4ddee68963ca08a6b77c73744433d9adbb2b14148","build_log","2026-07-23T05:45:58.7451829+00:00"
"logs/build/3580492_maven_examples_1.log","4986","a1301aea27079488c95d75cfcb627ba41b6b4890d2498cedfb43abcab0ad0b0d","build_log","2026-07-23T05:45:58.7451829+00:00"
"logs/build/3580492_maven_examples_2.log","5308","b131f5d38cc626e982caa63494f7ece566f4f8b3887134377ca2b2d363f90c88","build_log","2026-07-23T05:45:58.7451829+00:00"
"logs/build/3580492_maven_examples_3.log","5984","931dd618b8e76864e0c17aaeb26315cb6d14ea57d64c910257b5b290cf082bb9","build_log","2026-07-23T05:45:58.7451829+00:00"
"logs/build/3580492_maven_examples_4.log","6308","af7d89ff0a1110fc9c753a7ae4574a79a17a4645abc4685f0c9498e62f7f6812","build_log","2026-07-23T05:45:58.7451829+00:00"
"logs/build/3580492_maven_examples_5.log","5408","b1040290c4258eb4198c9adcc404150176b00feff315e613196f00f658b84b38","build_log","2026-07-23T05:45:58.7451829+00:00"
"logs/build/3580492_maven_examples_6.log","6406","197d0e228fa387373089e7669ce29647980c22f435938efff3848ee9c75561d3","build_log","2026-07-23T05:45:58.7451829+00:00"
"logs/build/3713233_maven_core_1.log","4605","b4dfb6eb46e32baed8c29af34809883f92b6509cb9929eeed66b70a165c3d4d1","build_log","2026-07-23T05:45:58.7451829+00:00"
"logs/build/3847504_maven_modules_weblounge-common_1.log","4161","521430d92c54c595df2758716c60b5c1a11ab522624bef61813b2ccf23708858","build_log","2026-07-23T05:45:58.7451829+00:00"
"logs/build/3847504_maven_modules_weblounge-common_2.log","4485","71a94818a217afe932d033fa9afb456868ed3b9e8aa95bb5b3e33802a95f8172","build_log","2026-07-23T05:45:58.7451829+00:00"
"logs/build/3847504_maven_modules_weblounge-common_3.log","11749","22188eb44b081f36bc7eab8264a4ab6ab59d7dbe6bf067286a1ab60886777368","build_log","2026-07-23T05:45:58.7451829+00:00"
"logs/build/39195736_maven_jproperties-checks_1.log","2848","9f5e345afb199b373f9893bda7a3baf8667d5c26a750a3aa36ecac70adfe8d24","build_log","2026-07-23T05:45:58.7451829+00:00"
"logs/build/39195736_maven_jproperties-checks_2.log","3172","f815f1c9fe94f6941349fc3c48eeddb87d50069860f009492fa4fedf596329e8","build_log","2026-07-23T05:45:58.7451829+00:00"
"logs/build/39195736_maven_jproperties-checks_3.log","11861","846a99c8c6be639e6610a0eb499762be7f57a2d65401f7e9f91a612a7f5ff4f1","build_log","2026-07-23T05:45:58.7451829+00:00"
"logs/build/39195736_maven_sonar-jproperties-plugin_1.log","2861","845c8c309b8d435ffc72d7f6b0e88c248bc364539fba074d390e03605a6255dd","build_log","2026-07-23T05:45:58.7451829+00:00"
"logs/build/39195736_maven_sonar-jproperties-plugin_2.log","3185","6da4e4ea249be448be33f22c5539af4220bd27fb967962368e452b25395cad1e","build_log","2026-07-23T05:45:58.7451829+00:00"
"logs/build/39195736_maven_sonar-jproperties-plugin_3.log","16075","52ba39e59f5ce6fa092e105b8a31a71868c4965fc728db02c89dad5d40c25c9f","build_log","2026-07-23T05:45:58.7451829+00:00"
"logs/build/41547678_maven_turin-compiler_1.log","3516","73e101b08ce78fcd4b4c5e266bcf5e1859180bd887a2f3a4fd87064fa38485a5","build_log","2026-07-23T05:45:58.7451829+00:00"
"logs/build/41547678_maven_turin-compiler_2.log","4320","b722b3abd7306f9acfe2843305f81007160c4bb5a321ae3536fd98336e21ce89","build_log","2026-07-23T05:45:58.7451829+00:00"
"logs/build/41547678_maven_turin-compiler_3.log","19791","f9c180fe82fba8e08bb9ccfc3f0e46ed85efc965189fd7110b780468b628d340","build_log","2026-07-23T05:45:58.7451829+00:00"
"logs/build/41547678_maven_turin-standard-library_1.log","3582","4e8fefadffb9f34880e75403b7051e610934eb03bb6c4ed0eb1e8fa015e31996","build_log","2026-07-23T05:45:58.7451829+00:00"
"logs/build/4159017_maven_sslr-core_1.log","6746","627218142190b69b52dd212ae7bcba3409dbd5ad037e3db4a0f07767a1c496e3","build_log","2026-07-23T05:45:58.7451829+00:00"
"logs/build/4159017_maven_sslr-core_2.log","7012","81e8ee6b568889571055658215770854fcadba5cae7c9acaf73ef75cfc17e321","build_log","2026-07-23T05:45:58.7451829+00:00"
"logs/build/4159017_maven_sslr-core_3.log","9280","da56870407b27814490971eb79751eaf4a38c4d90a4040fb3bcdc587c750730b","build_log","2026-07-23T05:45:58.7451829+00:00"
"logs/build/4159017_maven_sslr-core_4.log","9390","3b373fa99e056c75dfbf02bf2a3c9b8d8632f276946962a037863ba55db5c171","build_log","2026-07-23T05:45:58.7451829+00:00"
"logs/build/4159017_maven_sslr-core_5.log","7110","cf82155e44c626e2a7bed972e5600753ed9e401a31519428d2b0b5baf162e81f","build_log","2026-07-23T05:45:58.7451829+00:00"
"logs/build/4159017_maven_sslr-core_6.log","9399","35927bdd9cb94ee603527d697b3c7a83ab517518207b683c418f5509b5eafbe8","build_log","2026-07-23T05:45:58.7451829+00:00"
"logs/build/4159017_maven_sslr-examples_1.log","2485","c22b971f391cf1f1a3ffd10b3ec884ae4dd802bb736fc5c0a5c58943a0dc0c04","build_log","2026-07-23T05:45:58.7451829+00:00"
"logs/build/4159017_maven_sslr-examples_2.log","2809","24525c16954a9f10e207d0eba356f00dbd3125afed42f30fc5344c495b49dbe9","build_log","2026-07-23T05:45:58.7451829+00:00"
"logs/build/4159017_maven_sslr-examples_3.log","9877","f62d938be86518b1a158e7542fc61660d35c85111f0703c3e61b08a580e54de8","build_log","2026-07-23T05:45:58.7451829+00:00"
"logs/build/4159017_maven_sslr-examples_4.log","9987","27988db810f1d9559a5138c1db17f194ec95257d134f52abce1a3c5f72943640","build_log","2026-07-23T05:45:58.7451829+00:00"
"logs/build/4159017_maven_sslr-examples_5.log","5408","f798a2f835e3aa31c5f07f1907dce1e7aa52884153dc3b412344b9eba4230cf8","build_log","2026-07-23T05:45:58.7451829+00:00"
"logs/build/4159017_maven_sslr-examples_6.log","9996","72bdf375fe59c904f8e75ba102f7455cbd437ac82fb57d77fbb667ad8a6ca54f","build_log","2026-07-23T05:45:58.7451829+00:00"
"logs/build/4159017_maven_sslr-toolkit_1.log","2454","434ea9484380676fefc1410d5cae143d3a088d4ae9555a65ba1e126520e3b355","build_log","2026-07-23T05:45:58.7451829+00:00"
"logs/build/4159017_maven_sslr-toolkit_2.log","2778","39a070fbab3bffe299bba274445274edb6c8999eed17a09b9207cd8939c60a48","build_log","2026-07-23T05:45:58.7451829+00:00"
"logs/build/4159017_maven_sslr-toolkit_3.log","9579","1b2e18ee87cfb710dfb450991d88bef4d110d00fc59ce9540e995bc9cb2969de","build_log","2026-07-23T05:45:58.7451829+00:00"
"logs/build/4159017_maven_sslr-toolkit_4.log","9689","3dcec90554aa47fdff9bf9f0bfb64922f49a6acf967074d7e7740e5e6205a2d6","build_log","2026-07-23T05:45:58.7451829+00:00"
"logs/build/4159017_maven_sslr-toolkit_5.log","4367","2d6dea6937aa717e2c4c9da20b8d9c8751592d3f1bb688426ece9bca6cc51193","build_log","2026-07-23T05:45:58.7451829+00:00"
"logs/build/4159017_maven_sslr-toolkit_6.log","9698","730c4918d665bb319c57310523de047e082cd5d253ef147572a901f7146b15f3","build_log","2026-07-23T05:45:58.7451829+00:00"
"logs/build/4159017_maven_sslr-xpath_1.log","2157","31b91f995d2189cc2c43eac4b3f3516930359cc35fa8b1277fced2e662a9e1c7","build_log","2026-07-23T05:45:58.7451829+00:00"
"logs/build/4159017_maven_sslr-xpath_2.log","2481","216f571c81903c69f8e3d143c004466a7651d005ceff7f0abdd0b04e32b2c0b2","build_log","2026-07-23T05:45:58.7451829+00:00"
"logs/build/4159017_maven_sslr-xpath_3.log","9429","fb2ee166a0c96ab818cafba050ed9527275fb7884e5f4ab499269cd4f5bc5cf6","build_log","2026-07-23T05:45:58.7451829+00:00"
"logs/build/4159017_maven_sslr-xpath_4.log","9539","e239d32f4c22a0dfc0ede866557a09b0911973d3ba501b25b3f5f79ce2efe7f9","build_log","2026-07-23T05:45:58.7451829+00:00"
"logs/build/4159017_maven_sslr-xpath_5.log","4281","35b1c6ae9d6fb9a4e390ef3286bd8b2c09fb9ea09adb67990a5ad704553af28d","build_log","2026-07-23T05:45:58.7451829+00:00"
"logs/build/4159017_maven_sslr-xpath_6.log","9548","c80f6f0bd64d36f16f11f988efcf20a973f5ccf382dc34245b7a2aa46f71558e","build_log","2026-07-23T05:45:58.7451829+00:00"
"logs/build/41627638_gradle_leetcode_battleships-in-a-board_1.log","1021","85b0ab48313d242fb8afe320466dac8b88f8051adc3354f566c294a394a31408","build_log","2026-07-23T05:45:58.7451829+00:00"
"logs/build/41627638_pipeline_exception.log","437","85afb9b30836394d740635b69f34fa2b5880173a2a11f5d534ac8c455d0bd845","build_log","2026-07-23T05:45:58.7451829+00:00"
"logs/build/43105609_maven_weixin-mp_1.log","2123","6110a862faf55fd376e9d653e12408feb92cd9b5f74a4a93ceeab6f99cd0c208","build_log","2026-07-23T05:45:58.7451829+00:00"
"logs/build/43105609_maven_weixin-mp_2.log","2447","77ec203f2312a3dda24acdc3d8130c33236d9ad1dd01194db5283c7d991201ed","build_log","2026-07-23T05:45:58.7451829+00:00"
"logs/build/43105609_maven_weixin-mp_3.log","7067","823eac74c9f2f5b876ca35fad7ed01a7fcf046917413bc37a95bc4214fa60622","build_log","2026-07-23T05:45:58.7451829+00:00"
"logs/build/44308560_maven_src_RobotFrameworkCore_org.robotframework.ide.core-functions_1.log","4733","05a3738f5c2fac42852b0cf52daa10da1ceda693077331a85b3d5d064986f9d7","build_log","2026-07-23T05:45:58.7451829+00:00"
"logs/build/4514536_maven_impl_cluster_1.log","2734","13962fb66dc6ab98bd18879b9077d092d7a597d99762500dd0d6026df270222c","build_log","2026-07-23T05:45:58.7451829+00:00"
"logs/build/4514536_maven_impl_cluster_2.log","3058","47e65ba04d8bfe92ba70a84892d44486402538614d6bd0e016e2aec9939d66d6","build_log","2026-07-23T05:45:58.7451829+00:00"
"logs/build/4514536_maven_impl_cluster_3.log","2724","fc85ef0ca6b1d8c1e663771798ad32dc5b947777a895d4ddd0e4bbfccea194f9","build_log","2026-07-23T05:45:58.7451829+00:00"
"logs/build/4514536_maven_impl_cluster_4.log","3048","d2f69bfbf0cd3418007eab0f8be6939d1b0e8b2b62829fc4dcd81fdc2b1815fb","build_log","2026-07-23T05:45:58.7451829+00:00"
"logs/build/4514536_maven_impl_cluster_5.log","3156","7041ed56bbc7299d19f467222fe8014a471e93feb93ec8d1a2993d90779b13a2","build_log","2026-07-23T05:45:58.7451829+00:00"
"logs/build/4514536_maven_impl_cluster_6.log","3146","c7058a9c3b05f22ef957836549cb187cfe0f60b84218b63d3991c41a02c40809","build_log","2026-07-23T05:45:58.7451829+00:00"
"logs/build/4514536_maven_impl_shim_jaas_1.log","2740","12e125c11d51bf65e268f2966e6ac6f0b1adae66bdfbb536a335cbbb86b8c4b0","build_log","2026-07-23T05:45:58.7451829+00:00"
"logs/build/4514536_maven_impl_shim_jaas_2.log","3064","94b79da5913303a4c1cc927dc76ad87944c66230d8587546790aa54e5e97374e","build_log","2026-07-23T05:45:58.7451829+00:00"
"logs/build/4514536_maven_impl_shim_jaas_3.log","2726","cdda5b85f7cd26beeddfc5bd2b8582c204507f117196a34172cc9c6d0d289d8d","build_log","2026-07-23T05:45:58.7451829+00:00"
"logs/build/4514536_maven_impl_shim_jaas_4.log","3050","2eecd788d3799bb1162f124edb0acb0ef7d5966841b44a0c6ece0dc07004f204","build_log","2026-07-23T05:45:58.7451829+00:00"
"logs/build/4514536_maven_impl_shim_jaas_5.log","3162","16b2dcc532d7ac33c752e406d8b8c522c9321da006936589e22f443f2406d1f7","build_log","2026-07-23T05:45:58.7451829+00:00"
"logs/build/4514536_maven_impl_shim_jaas_6.log","3148","c9c84859605855a095584a7e72d272b14d92f95a335404e19d56a607ddbae4c2","build_log","2026-07-23T05:45:58.7451829+00:00"
"logs/build/4514536_maven_kettle-plugins_common_job_1.log","2773","87fe8cf6efac15eef1653bb4c5e5f573976119053868036cca7a6301e1481b30","build_log","2026-07-23T05:45:58.7451829+00:00"
"logs/build/4514536_maven_kettle-plugins_common_job_2.log","3097","47fc4914af441f2e3639af6e765742b38d4baff03d70fca362ec120e2ef1e602","build_log","2026-07-23T05:45:58.7451829+00:00"
"logs/build/4514536_maven_kettle-plugins_common_job_3.log","2737","38bc76c87f175c758c109a89af8df9683a935e0dbc55e4fa61b116b4206c8fd8","build_log","2026-07-23T05:45:58.7451829+00:00"
"logs/build/4514536_maven_kettle-plugins_common_job_4.log","3061","8dbd61fbe3c6386cf7340f7a81d9764cf1b66a487be1f028d3b746bd9bf04b21","build_log","2026-07-23T05:45:58.7451829+00:00"
"logs/build/4514536_maven_kettle-plugins_common_job_5.log","3195","b1174e4423504f8508a7f3d72b9e663e819049f5938ada334815a72d6516272c","build_log","2026-07-23T05:45:58.7451829+00:00"
"logs/build/4514536_maven_kettle-plugins_common_job_6.log","3159","88422242fb76ef3967039118c615a3b60d952b44b26afd6ef4d2cfd9ed08f79b","build_log","2026-07-23T05:45:58.7451829+00:00"
"logs/build/4514536_maven_kettle-plugins_common_ui_1.log","2770","c8ec8a339d04a80939ea6132c57bca01867f9beb66ce3edf14cf8c98b4565a88","build_log","2026-07-23T05:45:58.7451829+00:00"
"logs/build/4514536_maven_kettle-plugins_common_ui_2.log","3094","dddf69f276569ab773fbdd5ec1979e7601e2498a32133cb0a6e91c3fc20e5642","build_log","2026-07-23T05:45:58.7451829+00:00"
"logs/build/4514536_maven_kettle-plugins_common_ui_3.log","2736","13850bdbc9913c1bf638fb819ee4042c3d10f49105807f27310843860c11ccac","build_log","2026-07-23T05:45:58.7451829+00:00"
"logs/build/4514536_maven_kettle-plugins_common_ui_4.log","3060","a239980566443c0fbcac7bba8b935f4a84a460f0c0ef6ba68efc0cbdb876ed08","build_log","2026-07-23T05:45:58.7451829+00:00"
"logs/build/4514536_maven_kettle-plugins_common_ui_5.log","3192","15510bd1e3d5c45c4b6683fcec3191eb18e66aabeeec4c892bbd1b1b4b6b6c81","build_log","2026-07-23T05:45:58.7451829+00:00"
"logs/build/4514536_maven_kettle-plugins_common_ui_6.log","3158","cc3baa46615974d1eb9d0a0291015ee839771e54e5cf9f01ed2476c8575fe3f5","build_log","2026-07-23T05:45:58.7451829+00:00"
"logs/build/4514536_maven_kettle-plugins_formats-meta_1.log","2779","a7d5cb68943d1b9c8b89a8df7aa84b25ea3014d32c5c3a2623382b500382c95d","build_log","2026-07-23T05:45:58.7451829+00:00"
"logs/build/4514536_maven_kettle-plugins_formats-meta_2.log","3103","5745b386f18877fc80726a715e5827f4fcf3fb1b5fdcbf07324834bc62e92062","build_log","2026-07-23T05:45:58.7451829+00:00"
"logs/build/4514536_maven_kettle-plugins_formats-meta_3.log","2739","8eb28b04b52ba3a8813c020feb6697199e09c92f6feb03023bb3781a7f9af13e","build_log","2026-07-23T05:45:58.7451829+00:00"
"logs/build/4514536_maven_kettle-plugins_formats-meta_4.log","3063","e2ef8ca740eb5da24b6e4bfba465ffabeadd9de327dbe20d731074495335a9b4","build_log","2026-07-23T05:45:58.7451829+00:00"
"logs/build/4514536_maven_kettle-plugins_formats-meta_5.log","3201","bb19e54890c3f964e43cfe4defb2590d112d567ae95f57e9e380ed578ab4c048","build_log","2026-07-23T05:45:58.7451829+00:00"
"logs/build/4514536_maven_kettle-plugins_formats-meta_6.log","3161","0d9e181749ed49d4c8132551b0a813073b94ce21950947695e202cf12fcf7278","build_log","2026-07-23T05:45:58.7451829+00:00"
"logs/build/4514536_maven_kettle-plugins_hadoop-cluster_ui_1.log","4130","a03a1e14447de92485c382c8c16f05a5c6b6c4aca9281b6b3649163c0fc23b35","build_log","2026-07-23T05:45:58.7451829+00:00"
"logs/build/4514536_maven_kettle-plugins_hadoop-cluster_ui_2.log","4454","1992573c1fd9ebc6f60578e3741b7928a0b97db814ee4898fcb7e5f9988265d3","build_log","2026-07-23T05:45:58.7451829+00:00"
"logs/build/4514536_maven_kettle-plugins_hadoop-cluster_ui_3.log","2744","88fe2fa2624df8d76fa598de0410e1d2d3e8cee831e1e00bd0c010b5d681f8e8","build_log","2026-07-23T05:45:58.7451829+00:00"
"logs/build/4514536_maven_kettle-plugins_hadoop-cluster_ui_4.log","3068","0feee6e6955cf9c6eb83d5cc22979e94f9325b9f785e24ee3e466b2351ed9728","build_log","2026-07-23T05:45:58.7451829+00:00"
"logs/build/4514536_maven_kettle-plugins_hadoop-cluster_ui_5.log","4552","0fe8d7f222b4112564273267f1fc6387e0c218ed77780338d321126f684bef91","build_log","2026-07-23T05:45:58.7451829+00:00"
"logs/build/4514536_maven_kettle-plugins_hadoop-cluster_ui_6.log","3166","ee600f5e76b4255a5ba9f9c3ff023280cd76aac2eaeea31a1da25d1af3155ebb","build_log","2026-07-23T05:45:58.7451829+00:00"
"logs/build/4514536_maven_legacy_1.log","6971","f3d24cb908bea74aa3cb35591373bcfe10b9f46db924c0a1146474021e1623cb","build_log","2026-07-23T05:45:58.7451829+00:00"
"logs/build/4514536_maven_legacy_2.log","3040","448103fe9776fba99f8baffbb54a3b58853aa18b2b4dfcf1b6201e7fb38b03e1","build_log","2026-07-23T05:45:58.7451829+00:00"
"logs/build/4514536_maven_legacy_3.log","2718","3e6975a7a70376c34de370ac81a0f9a0be84df434ec71b32855a90d1cf30ab4c","build_log","2026-07-23T05:45:58.7451829+00:00"
"logs/build/4514536_maven_legacy_4.log","3042","ceb53c61ab2c5149853d0ae8345e6289edafa0a6e18cd55f5e4f36fe41fdcc89","build_log","2026-07-23T05:45:58.7451829+00:00"
"logs/build/4514536_maven_legacy_5.log","3138","89c61de55b3e93fdfc5e066eb4b9b4a00bc98dab64e02df7df026fbe5bc42d28","build_log","2026-07-23T05:45:58.7451829+00:00"
"logs/build/4514536_maven_legacy_6.log","3140","29a2b9d13e91bc4016b110b6eeabfd54831a4e3c099d6085ad441d200ce0c0f3","build_log","2026-07-23T05:45:58.7451829+00:00"
"logs/build/4597349_maven_core_1.log","2709","e93f36f4eede5e45d13720818e2f09cf809acb88a70a6d85cf46752d4757f668","build_log","2026-07-23T05:45:58.7451829+00:00"
"logs/build/4597349_maven_core_2.log","3033","0472bf8b543bab8d9ac79e7b5a189054e00e15093788b863d0ece6294790ee26","build_log","2026-07-23T05:45:58.7451829+00:00"
"logs/build/4597349_maven_core_3.log","2708","8a6f755df66d7ec0e8fc9ee37577172ba17167ff8faed3115ad08c33ce87a415","build_log","2026-07-23T05:45:58.7451829+00:00"
"logs/build/4597349_maven_core_4.log","3032","2a119865784888b6ee772ccd94d602f0c004c51a47809af5ecda98f6cfb060ec","build_log","2026-07-23T05:45:58.7451829+00:00"
"logs/build/4597349_maven_core_5.log","3131","64f9a70e7a0c19bf22696bdde82ef5508b707cd7109bc680b9949dd9dcabd147","build_log","2026-07-23T05:45:58.7451829+00:00"
"logs/build/4597349_maven_core_6.log","3130","bc2f1117be4e35c83d16086d1e80469391256f479e0d8708f944291535efbf9a","build_log","2026-07-23T05:45:58.7451829+00:00"
"logs/build/4597349_maven_swing_1.log","6967","798946ea14c87f6ca8b2231fc0c9dac4006120f450f6d6f687f0c0d1a3db4a0e","build_log","2026-07-23T05:45:58.7451829+00:00"
"logs/build/4597349_maven_swing_2.log","3036","91bf96507dea054cf642f9d236e3701e3e2bcf01a8e2bad0866317d9897f6479","build_log","2026-07-23T05:45:58.7451829+00:00"
"logs/build/4597349_maven_swing_3.log","2709","f301843769fb6da03d5975aac2260296ade09f2b982c6d2e2010c9983e621f7b","build_log","2026-07-23T05:45:58.7451829+00:00"
"logs/build/4597349_maven_swing_4.log","3033","be91b918a4f00092278670d8a10686ae37b4313acf4862fdf03bfecd95032db8","build_log","2026-07-23T05:45:58.7451829+00:00"
"logs/build/4597349_maven_swing_5.log","3134","84f3a4769c3d5a77926a1e47396059560fb2814904097b0c96c8aafb50b7838f","build_log","2026-07-23T05:45:58.7451829+00:00"
"logs/build/4597349_maven_swing_6.log","3131","4e1b36e99d485e3202bc42fad861c2ebf2c63d4820bc63d57533e6dd7dc38d1c","build_log","2026-07-23T05:45:58.7451829+00:00"
"logs/build/4597349_maven_swt_1.log","2706","6a52cf6722624479502418b5e3c83b5fa514b28b64a5a8cee503a1449fb149f5","build_log","2026-07-23T05:45:58.7451829+00:00"
"logs/build/4597349_maven_swt_2.log","3030","0d3f57a5f731891398ac278f625f6fa044fb5901cb3198c4be7106c4047a5c72","build_log","2026-07-23T05:45:58.7451829+00:00"
"logs/build/4597349_maven_swt_3.log","2707","9826543bb6767ce714163952e9e2332f0eba1944f7ccf6775e4f4d9aa164e580","build_log","2026-07-23T05:45:58.7451829+00:00"
"logs/build/4597349_maven_swt_4.log","3031","d3adff30126953cf35983dc6042e88f54a16a96549ccca7606dfbd231bdd1709","build_log","2026-07-23T05:45:58.7451829+00:00"
"logs/build/4597349_maven_swt_5.log","3128","45c7e51fdf2cd4bb7754ac532d2278d8aaf47ff8640701b9e3eb7fb30c08d90a","build_log","2026-07-23T05:45:58.7451829+00:00"
"logs/build/4597349_maven_swt_6.log","3129","8ddfaf7113f2c92f9a1a870916b5e7eccd43c5685b2b24872c105b75f604fcfa","build_log","2026-07-23T05:45:58.7451829+00:00"
"logs/build/45997449_maven_WebRex_1.log","3805","799248ea5a55c0a2081bc5fed30089cc528e64efc66558a98dd4cf9e92291a5f","build_log","2026-07-23T05:45:58.7451829+00:00"
"logs/build/46396068_maven_hbase0.98_hbase-common-0.98_1.log","4765","750b60aeec989ea0ded7dc26ec0cd96db1127ec528c0b20498af79c8163cfcd9","build_log","2026-07-23T05:45:58.7451829+00:00"
"logs/build/46396068_maven_hbase0.98_hbase-manager-0.98_1.log","106407","9a7854dd62ab02c7828cb25676c7bbfa2eb843b3134f3288acef9bbda5379db1","build_log","2026-07-23T05:45:58.7451829+00:00"
"logs/build/46396068_maven_hbase0.98_hbase-manager-0.98_2.log","5223","4aecb36e8daf1311c88a6a45616d9371610667143e7e6ba698becb0f798f99c9","build_log","2026-07-23T05:45:58.7451829+00:00"
"logs/build/46396068_maven_hbase0.98_hbase-manager-0.98_3.log","9146","59ef4575d3ccf008d76cf16369993f9563863d745a9cf46c828a637ab367c0a3","build_log","2026-07-23T05:45:58.7451829+00:00"
"logs/build/46396068_maven_hbase0.98_hbase-snapshot-0.98_1.log","4094","f1077cfd601a4a3b42c051b9ecbb44682c8e3415f2981514fbab827b435fc35b","build_log","2026-07-23T05:45:58.7451829+00:00"
"logs/build/46396068_maven_hbase0.98_hbase-snapshot-0.98_2.log","4418","cb6208149f85dc041e956159482d2b35e06ee1276c62e11de06d1ce4d14abcfd","build_log","2026-07-23T05:45:58.7451829+00:00"
"logs/build/46396068_maven_hbase0.98_hbase-snapshot-0.98_3.log","7730","b9e8a08c733c1348d3bc927cae5b7a7b25cf41f9ddf2d40ebff8c98ec65a3b44","build_log","2026-07-23T05:45:58.7451829+00:00"
"logs/build/46396068_maven_hbase0.98_hbase-table-stat-0.98_1.log","4104","0a40f7cd18fb71bfe8db0272e6ca3f6802a95910359e352adb2543e83c1353a2","build_log","2026-07-23T05:45:58.7451829+00:00"
"logs/build/46396068_maven_hbase0.98_hbase-table-stat-0.98_2.log","4428","b83fa454250cd3508077e39e406fa572ab4b5af32525cc240448d7bdd8f9d77a","build_log","2026-07-23T05:45:58.7451829+00:00"
"logs/build/46396068_maven_hbase0.98_hbase-table-stat-0.98_3.log","7784","f55161523f873d4780d66924f42e277f2ca93318e6b978bc14f014363c3db9b5","build_log","2026-07-23T05:45:58.7451829+00:00"
"logs/build/46450575_maven_contrib_flo-bigquery_1.log","2375","8f53cc7f1a7867dcfbfa66eb6df7ea3b1ac7e1921d1e4061f7176519ac3636e2","build_log","2026-07-23T05:45:58.7451829+00:00"
"logs/build/46450575_maven_contrib_flo-bigquery_2.log","2699","e9783ef7c6a83a8feb150f44dbb5725da104e52927ea833ea22cc27b11257273","build_log","2026-07-23T05:45:58.7451829+00:00"
"logs/build/46450575_maven_contrib_flo-bigquery_3.log","21402","7842eca35fc0e2792ba92a1ebf1e924af65874f5c8729b022c804d6119dc9e0f","build_log","2026-07-23T05:45:58.7451829+00:00"
"logs/build/46450575_maven_contrib_flo-styx_1.log","2094","4e40b0a4df8ee3abcd34ba27c173ccced9b419a4828226831b28fd262bb40c75","build_log","2026-07-23T05:45:58.7451829+00:00"
"logs/build/46450575_maven_contrib_flo-styx_2.log","2418","8e62e0330249697663eb96769c5e01751a0935b624eff23d08ebf0c3806173ba","build_log","2026-07-23T05:45:58.7451829+00:00"
"logs/build/46450575_maven_contrib_flo-styx_3.log","19298","b988d0a2a97a0064cfa47713b9b5325057ea242c51fe2bc8a03ba5fa23c89e78","build_log","2026-07-23T05:45:58.7451829+00:00"
"logs/build/46450575_maven_flo-workflow_1.log","2135","44c5b07590fda3a9c51232e2225927ac18f7cc43b40568acd522439ef79565b5","build_log","2026-07-23T05:45:58.7451829+00:00"
"logs/build/46450575_maven_flo-workflow_2.log","2459","3b2a35de091f976604db563dd0320c6ff94649cdd9d5a527dfca505e772fa3af","build_log","2026-07-23T05:45:58.7451829+00:00"
"logs/build/46450575_maven_flo-workflow_3.log","9013","e16319016acd11b07e5d2c8a410125fb7396c77f2769b80a085be660012d5222","build_log","2026-07-23T05:45:58.7451829+00:00"
"logs/build/47184968_maven_bundles_core_1.log","6025","4ed50ebe27f45e30fad0408d144bfb507d4eba600dff5f975a183b4978f5df0f","build_log","2026-07-23T05:45:58.7451829+00:00"
"logs/build/47184968_maven_bundles_core_2.log","3109","dc00bc2f8c2c0772f79ba904fc06e5524c8038bc64158b1dd296563d6d745786","build_log","2026-07-23T05:45:58.7451829+00:00"
"logs/build/47184968_maven_bundles_core_3.log","3069","4c83e6af6294a46e814e6eaba9d097149aa702b31c8db61ddfb80426c951f49e","build_log","2026-07-23T05:45:58.7451829+00:00"
"logs/build/47184968_maven_bundles_core_4.log","3391","25d5d30b0bb3d372b7f91f0756b1d5b9b75a6fcefc066c25d77f6f0cd591a689","build_log","2026-07-23T05:45:58.7451829+00:00"
"logs/build/47184968_maven_bundles_core_5.log","3966","f759b139e9fa3b5dbba64c3005b6a109b84d296d2102816605f30b3ab9b9bd72","build_log","2026-07-23T05:45:58.7451829+00:00"
"logs/build/47184968_maven_bundles_core_6.log","3489","0840cb81e06a218650a44165ba89708b1b4c5c502b9c67a6cf12ffd14a6d21be","build_log","2026-07-23T05:45:58.7451829+00:00"
"logs/build/47184968_maven_extensions_amp_bundle_1.log","3351","4a0cc7f68a9143d9a6bf93695107e0a1073fcecb5f4881c68960d9b5bbb3145a","build_log","2026-07-23T05:45:58.7451829+00:00"
"logs/build/47184968_maven_extensions_amp_bundle_2.log","3995","603cf136aaee2a9da90da48f66beff597c60b380f4b676cbff185453975aeea0","build_log","2026-07-23T05:45:58.7451829+00:00"
"logs/build/47184968_maven_extensions_amp_bundle_3.log","3239","2837af10118ae2b827ea1f03258b62cdfea5110dd479eaa5ff244524e6f8e34e","build_log","2026-07-23T05:45:58.7451829+00:00"
"logs/build/47184968_maven_extensions_amp_bundle_4.log","3563","07803fddbf8d86ae03a285a85e4d27b1a5130c9d8f78468d6c7effd9b7d70eb2","build_log","2026-07-23T05:45:58.7451829+00:00"
"logs/build/47184968_maven_extensions_amp_bundle_5.log","6379","623945bec7c1fb1f3edd40d9ec53908e9409c01ffcf37235f1a8fff3522ee9d4","build_log","2026-07-23T05:45:58.7451829+00:00"
"logs/build/47184968_maven_extensions_amp_bundle_6.log","3661","4331855ef5e694983737e21799feb506edada4cdc086910fb5df9d570273e53f","build_log","2026-07-23T05:45:58.7451829+00:00"
"logs/build/48046454_maven_hazelcast-jet-core_1.log","6379","9a6d7498069f1d0db75d9416bd7af692ae35a85b3c29eb79beba73542f937de5","build_log","2026-07-23T05:45:58.7451829+00:00"
"logs/build/48175620_gradle_agera_1.log","13259","24430ca46eaae33fb45dae7624c3640402d2e7af5eb64da1dd82cb13ca7aaa67","build_log","2026-07-23T05:45:58.7451829+00:00"
"logs/build/48175620_gradle_agera_2.log","36845","4679208c16869f2d7ddbf0c7904c2b6c622f529c8b2033553c5abdc0639a33f5","build_log","2026-07-23T05:45:58.7451829+00:00"
"logs/build/48175620_gradle_agera_3.log","7533","9912a8c7adb271016123a31edafbb56d8dfe1726d36075f5a8d64193bebf378b","build_log","2026-07-23T05:45:58.7451829+00:00"
"logs/build/48175620_gradle_agera_4.log","102225","6029efe235f6ef58fb55c0e67f3b67be86c899d39b7e505a3424676070101506","build_log","2026-07-23T05:45:58.7451829+00:00"
"logs/build/48175620_gradle_extensions_content_1.log","13285","56c5baa5fba1367730705550c329ae2bc8037b7f27f280463488f92ccef3337f","build_log","2026-07-23T05:45:58.7451829+00:00"
"logs/build/48175620_gradle_extensions_content_2.log","36871","b8691de2d1656103057055ac7dbab165039f2123228875d01fefc6a9012e9213","build_log","2026-07-23T05:45:58.7451829+00:00"
"logs/build/48175620_gradle_extensions_content_3.log","7559","1da96579001b39509e13bc19f86c5d45d8fb41d81ce3fb96086e06ade8b3e9bb","build_log","2026-07-23T05:45:58.7451829+00:00"
"logs/build/48175620_gradle_extensions_content_4.log","102251","634dec21271ac594edeb6b3db11c4de74b730b36556e8b0423333a8b51daa69b","build_log","2026-07-23T05:45:58.7451829+00:00"
"logs/build/48175620_gradle_extensions_database_1.log","13287","7e4463fc111ccc9686bb1308737f57966f9ff2764139050807d69ee01926104b","build_log","2026-07-23T05:45:58.7451829+00:00"
"logs/build/48175620_gradle_extensions_database_2.log","36873","1b76d15260e9cb348fc6ecd5ae17c738c45b926eb93c05dc294de441b8378fe1","build_log","2026-07-23T05:45:58.7451829+00:00"
"logs/build/48175620_gradle_extensions_database_3.log","7560","0e2e49c6a4e5b0ffdbca38196332d359a8ac2de83194406741a484d51b856cbb","build_log","2026-07-23T05:45:58.7451829+00:00"
"logs/build/48175620_gradle_extensions_database_4.log","102253","931c5b95f7c74315f44445d29492a0843fd5b3f51d13571656b214c128adbfe3","build_log","2026-07-23T05:45:58.7451829+00:00"
"logs/build/48175620_gradle_extensions_net_1.log","13277","155a75eb8b3f0e4ebcc85d4c3c89d430b5eb81ad0143678ae1f01db8c6ed8b7f","build_log","2026-07-23T05:45:58.7451829+00:00"
"logs/build/48175620_gradle_extensions_net_2.log","36863","271dd5250244a00060f115e1b6e872c16bf77227cf4fb6ac76af0d0a9a941ce0","build_log","2026-07-23T05:45:58.7451829+00:00"
"logs/build/48175620_gradle_extensions_net_3.log","7551","f2250367320b66d4d1e2af6e5fed73dafebbc734fae64b761d46a94f6c01b251","build_log","2026-07-23T05:45:58.7451829+00:00"
"logs/build/48175620_gradle_extensions_net_4.log","102243","70082e5518f1e17823aea6b21ca25ba74ef8ae9e5677eb776c02a0e9d354121a","build_log","2026-07-23T05:45:58.7451829+00:00"
"logs/build/48175620_gradle_extensions_rvadapter_1.log","13289","29332b22ce7b3184d3f2209ab2eb06694507c7431b931e1851eb126c6cb16a23","build_log","2026-07-23T05:45:58.7451829+00:00"
"logs/build/48175620_gradle_extensions_rvadapter_2.log","36875","d26893e69d9efda3301775cfc8257278b8bcd93ee46809db8cd621d7b72158d0","build_log","2026-07-23T05:45:58.7451829+00:00"
"logs/build/48175620_gradle_extensions_rvadapter_3.log","7562","d946b4d500daac83167d87a9de3192429524381aaf77bae1c67c09cb11f378f0","build_log","2026-07-23T05:45:58.7451829+00:00"
"logs/build/48175620_gradle_extensions_rvadapter_4.log","102255","df70768e25ecc31fe4a30c45767fcae37a401f512cb260ed824826c79439f888","build_log","2026-07-23T05:45:58.7451829+00:00"
"logs/build/48175620_gradle_extensions_rvdatabinding_1.log","13297","8b3d67277c1c6bdd16ced27a0074b0b999c8c4770493a504da3afc179b10fae8","build_log","2026-07-23T05:45:58.7451829+00:00"
"logs/build/48175620_gradle_extensions_rvdatabinding_2.log","36883","b0b5364f57dd8e3c7f3a216cff749c94526063353b8213675a029244cfd3d594","build_log","2026-07-23T05:45:58.7451829+00:00"
"logs/build/48175620_gradle_extensions_rvdatabinding_3.log","7571","0ecec5f5edf808eba84fe84183676b9a1a2412844c788fd0050b004ec181dd85","build_log","2026-07-23T05:45:58.7451829+00:00"
"logs/build/48175620_gradle_extensions_rvdatabinding_4.log","102263","a6f30be2ef6040ba518d8182e34dab8369a596731b5c819aaf37a55782ae1306","build_log","2026-07-23T05:45:58.7451829+00:00"
"logs/build/48175620_pipeline_exception.log","1178","409592ca9d30fcc860aab96c1284cce3f6577c7ce747eee12a4234df6ef61ca7","build_log","2026-07-23T05:45:58.7451829+00:00"
"logs/build/49317403_gradle_app_1.log","12830","b55505693d8a4d58f7d0289e60e3f714a14aa13bad8ddf24ef5a48bc8ae127a3","build_log","2026-07-23T05:45:58.7451829+00:00"
"logs/build/49317403_gradle_app_2.log","35831","7675de1d45d6add50174c29423c4e6ed1adcf5c2500ad665cb8c6ddbcc405c53","build_log","2026-07-23T05:45:58.7451829+00:00"
"logs/build/49317403_gradle_app_3.log","16052","a4140e56f254d25f5a6ed11a13ccc7fee9fe3264c4d65687884602fe66cb21bc","build_log","2026-07-23T05:45:58.7451829+00:00"
"logs/build/49317403_gradle_app_4.log","37107","baa9ece62e2977bb6eb00114dfc9321648ab194d88fbc9f07bf48878975423fd","build_log","2026-07-23T05:45:58.7451829+00:00"
"logs/build/49384652_maven_niubi-job-framework_niubi-job-core_1.log","2175","4e360a009753177d3f94819bc1e1459fcfe5503853de69f48ec19f23f06f3ff0","build_log","2026-07-23T05:45:58.7451829+00:00"
"logs/build/49384652_maven_niubi-job-framework_niubi-job-core_2.log","2499","e2e54c3a1b0e54e403858be232af4b85ee7d6621d110e577c2e8249c13408cc0","build_log","2026-07-23T05:45:58.7451829+00:00"
"logs/build/49384652_maven_niubi-job-framework_niubi-job-core_3.log","5617","0257a4cf58a716e1a4d06aa7b7256400dc232d0ba72c6bf4f332fab0fb959b72","build_log","2026-07-23T05:45:58.7451829+00:00"
"logs/build/49384652_maven_niubi-job-framework_niubi-job-service_1.log","3078","9f6ba628ff229015a39163d9bfee8b9a29a2ba790abd531a19eaab94b5714082","build_log","2026-07-23T05:45:58.7451829+00:00"
"logs/build/49384652_maven_niubi-job-framework_niubi-job-service_2.log","3402","75d1e325f945d30985cb137543e09659a81be2b7cf617d795f5f13afddd4c665","build_log","2026-07-23T05:45:58.7451829+00:00"
"logs/build/49384652_maven_niubi-job-framework_niubi-job-service_3.log","12229","cc4df22a361d2ea5fa7c0930b347873db7e0499bf07826c12d60686d8fc7f8b4","build_log","2026-07-23T05:45:58.7451829+00:00"
"logs/build/4955633_maven_analytics_1.log","2257","804ce6a84b8b99db0dd50f714066557e5a61b1a087f41832b873ef0a251c2022","build_log","2026-07-23T05:45:58.7451829+00:00"
"logs/build/4955633_maven_analytics_2.log","2581","d4784cbbf0be56711c419f9d5d2e37ebc4286d6f2d8f30063892153a4829e8e7","build_log","2026-07-23T05:45:58.7451829+00:00"
"logs/build/4955633_maven_analytics_3.log","6012","ad35fe30ea11cdbfab6a204452101c318a877abb36f2cba08465b1329b55b500","build_log","2026-07-23T05:45:58.7451829+00:00"
"logs/build/4955633_maven_analytics-core_1.log","2999","53a93ef9e448b6883fc2faf95b413551de1928021e517739de844a9999f370d7","build_log","2026-07-23T05:45:58.7451829+00:00"
"logs/build/50056934_maven_distributedlog-client_1.log","6543","6e710ba1ac093f64b336391f318152b739006a279733885929606c7186ed891f","build_log","2026-07-23T05:45:58.7451829+00:00"
"logs/build/50056934_maven_distributedlog-client_2.log","6867","308fba505be8f830125b08fbadb0884515d03dd994763b777a8125296ab57597","build_log","2026-07-23T05:45:58.7451829+00:00"
"logs/build/50056934_maven_distributedlog-client_3.log","3802","ada944a8cca034b4f2e1ffd64b44636550c5952866dbeb56edd042ff864c7588","build_log","2026-07-23T05:45:58.7451829+00:00"
"logs/build/50056934_maven_distributedlog-client_4.log","4126","65c1a746646b2490746b4866b36b4a161d658028b411d9996a7e8bcc2a7f6865","build_log","2026-07-23T05:45:58.7451829+00:00"
"logs/build/50056934_maven_distributedlog-client_5.log","6965","b067a4d1c108af6759519ee76c84b0991f5114b72e139eaaf483c849019952da","build_log","2026-07-23T05:45:58.7451829+00:00"
"logs/build/50056934_maven_distributedlog-client_6.log","4224","48ced26a16b716ac1487a77625e5bb6c3640efabfd5127a6e399a542630bb2fa","build_log","2026-07-23T05:45:58.7451829+00:00"
"logs/build/50056934_maven_distributedlog-core_1.log","5138","2d120561dbae7596fbceea9a737cb41ab7357068f7face2a1788e357a2f067b3","build_log","2026-07-23T05:45:58.7451829+00:00"
"logs/build/50056934_maven_distributedlog-core_2.log","5462","b2606c321d878b4c90c5ec3775b8b5218d2e069acadc513320e5e11b70ca5640","build_log","2026-07-23T05:45:58.7451829+00:00"
"logs/build/50056934_maven_distributedlog-core_3.log","3710","5ab12007924123df1292013ef4905a4815b6c739608b2cc9fb52bcb30569fe6d","build_log","2026-07-23T05:45:58.7451829+00:00"
"logs/build/50056934_maven_distributedlog-core_4.log","4124","a3845a404786763e9d30556bc4d00bf8a347e2079e245f94976f0876f6e32ad4","build_log","2026-07-23T05:45:58.7451829+00:00"
"logs/build/50056934_maven_distributedlog-core_5.log","5560","d8a4c3077baab81a69e0f2b9d817f08b0377eb10bccb3c60cb5f0aa244fd02b1","build_log","2026-07-23T05:45:58.7451829+00:00"
"logs/build/50056934_maven_distributedlog-core_6.log","4222","a93404749f50aaf6ffc1c00dd1de9350cea3abd4e8f5254dc716ba0ac4d77e07","build_log","2026-07-23T05:45:58.7451829+00:00"
"logs/build/50056934_maven_distributedlog-service_1.log","9501","edb273488a69fdf723d8adea919f48b4307f767d80e443d578223108c625df83","build_log","2026-07-23T05:45:58.7451829+00:00"
"logs/build/50056934_maven_distributedlog-service_2.log","9825","fce697adf941a840a4745a741a650ee495cd4f643aacbcecbdda5571b3f9f845","build_log","2026-07-23T05:45:58.7451829+00:00"
"logs/build/50056934_maven_distributedlog-service_3.log","4099","33c89aa3c00bbcade7cfd0476cc68ba5a060ee65d7b0d4915bf1a9072657cd39","build_log","2026-07-23T05:45:58.7451829+00:00"
"logs/build/50056934_maven_distributedlog-service_4.log","4423","cd1b75a678e8e28b1feb88e6eb4a17de3203275d05d63c114941f90ab651e8dd","build_log","2026-07-23T05:45:58.7451829+00:00"
"logs/build/50056934_maven_distributedlog-service_5.log","9923","2a9bc6abcdd2fb8e15f141395f71cc2df03ba56a6a71130506ccedfaa938cd98","build_log","2026-07-23T05:45:58.7451829+00:00"
"logs/build/50056934_maven_distributedlog-service_6.log","4521","e1d9e720befafaf27c9c87f141b954a2c6b4f07c91bd37d7116b42486de14afb","build_log","2026-07-23T05:45:58.7451829+00:00"
"logs/build/50872805_pipeline_exception.log","1178","e85d5365016405a8edcbe4505e7c1389f16777de75af408fc123ed557998c44b","build_log","2026-07-23T05:45:58.7451829+00:00"
"logs/build/52507351_maven_herddb-cli_1.log","2092","32eab48820d344a81a3721869a189b7d1ee3cd195b74d37968f6de2fed38ef26","build_log","2026-07-23T05:45:58.7451829+00:00"
"logs/build/52507351_maven_herddb-cli_2.log","2416","862d18adddec34862dfaa7737169d79d7bbc2a34c49938127490712066597f5a","build_log","2026-07-23T05:45:58.7451829+00:00"
"logs/build/52507351_maven_herddb-cli_3.log","4875","403c3877fea913233ce4f56c9c65d8a128776e7ff3c503bc2ad2441f280df7b8","build_log","2026-07-23T05:45:58.7451829+00:00"
"logs/build/52507351_maven_herddb-cli_4.log","4748","340dbd1710b0e69b6d5b1181b36e7a8e4bb02cbce1b618e1a1eab279205590b2","build_log","2026-07-23T05:45:58.7451829+00:00"
"logs/build/52507351_maven_herddb-cli_5.log","3218","d032fa195f0dadd11587a5a28767dfe5b655df343b049ddbf04eabaf5303d463","build_log","2026-07-23T05:45:58.7451829+00:00"
"logs/build/52507351_maven_herddb-cli_6.log","4846","44adee20b0752bb5316f3ba12d8670debd8c511fad6824dfaeb7ec8b3c30dafc","build_log","2026-07-23T05:45:58.7451829+00:00"
"logs/build/52507351_maven_herddb-core_1.log","3608","2d8d5bf474a8a5f106d1b9323ea9d292edda9390e8b373a783ba547de12a8373","build_log","2026-07-23T05:45:58.7451829+00:00"
"logs/build/52507351_maven_herddb-core_2.log","2944","9f0de3347a3037c1d42a0bf61258603a925d4344016662096118289dce923f06","build_log","2026-07-23T05:45:58.7451829+00:00"
"logs/build/52507351_maven_herddb-core_3.log","4129","0982431b18b493c7403b06d204498ae8cd200442b1e95dfab6c43079e8a3eefb","build_log","2026-07-23T05:45:58.7451829+00:00"
"logs/build/52507351_maven_herddb-core_4.log","4453","5555f0307538392cac31dc9400105b76fe61253c19be3bb48788037393277e1a","build_log","2026-07-23T05:45:58.7451829+00:00"
"logs/build/52507351_maven_herddb-core_5.log","5150","e7059041104247fa3c1b6628e357e46a48bcbe33deec0c38cbf3e3bdbf1efb4a","build_log","2026-07-23T05:45:58.7451829+00:00"
"logs/build/52507351_maven_herddb-core_6.log","4551","a9929bf3fbea42c24b500e90ee79036a472f70c2655798424d3c9f19ae2093b8","build_log","2026-07-23T05:45:58.7451829+00:00"
"logs/build/52507351_maven_herddb-jdbc_1.log","2103","866a79208012d71b3cebcadf47c4c5e6f150f2edab6f7b6f9bc866a50f2fc041","build_log","2026-07-23T05:45:58.7451829+00:00"
"logs/build/52507351_maven_herddb-jdbc_2.log","2427","2f2ed02bce8c863c2f5ebc33c43b9ea899724d9982fd0147286371cc38e984be","build_log","2026-07-23T05:45:58.7451829+00:00"
"logs/build/52507351_maven_herddb-jdbc_3.log","4277","224d49a5069e63447e60c6e08118f4c35b24a245d655bf12eb760a8a3e0a61d3","build_log","2026-07-23T05:45:58.7451829+00:00"
"logs/build/52507351_maven_herddb-jdbc_4.log","4601","b59f50859b61c150a0dd709d1780a5a3838a0217d223aa44e2bf033158064256","build_log","2026-07-23T05:45:58.7451829+00:00"
"logs/build/52507351_maven_herddb-jdbc_5.log","3229","950229c0a8c8c88549813880f4f390d125aab7113528141c29de7da4ac359fbf","build_log","2026-07-23T05:45:58.7451829+00:00"
"logs/build/52507351_maven_herddb-jdbc_6.log","4699","0af8d412ca46fe9c979bd51ba9764a8b7b4957a8e729ec9d556b5c53aef6e240","build_log","2026-07-23T05:45:58.7451829+00:00"
"logs/build/526139_maven_smos-dgg_1.log","4492","3db770bacbd7cb733a7058bce0ba7c18a45e08bbbaaa42a1f21cffa9c4ea69f0","build_log","2026-07-23T05:45:58.7451829+00:00"
"logs/build/526139_maven_smos-dgg_2.log","4816","b0b886902ddb285e856465ca44bc5f14aa12225e515054773f7c567ac4217b5f","build_log","2026-07-23T05:45:58.7451829+00:00"
"logs/build/526139_maven_smos-dgg_3.log","10968","b9124be7a7c3af931c5e507356fb1f6c4b13d86c4da58aa2e6096d08e83af0cd","build_log","2026-07-23T05:45:58.7451829+00:00"
"logs/build/526139_maven_smos-dgg_4.log","11292","104090ab3a2dca198db6cf2024e71a6ecb02724457ba8476ad9a4e1d67ac1635","build_log","2026-07-23T05:45:58.7451829+00:00"
"logs/build/526139_maven_smos-dgg_5.log","4852","fb21fc32afd2a526d374939cfd84e6b2b5d8bfcc79bb66bd6df827f606aab75a","build_log","2026-07-23T05:45:58.7451829+00:00"
"logs/build/526139_maven_smos-dgg_6.log","11266","d5616db44119f2e0f8aec33494e0c8b40cdf809bd3ed37fc2585da0595515815","build_log","2026-07-23T05:45:58.7451829+00:00"
"logs/build/526139_maven_smos-ee2netcdf_1.log","7085","cbdafa1e34bc60b07eec6046527321d3e857e0339200389db23238b04f135fa0","build_log","2026-07-23T05:45:58.7451829+00:00"
"logs/build/526139_maven_smos-ee2netcdf_2.log","7409","8ed3bfe79c96e99bc667bf70f374bf51807386da2adac228e4381e3a89792718","build_log","2026-07-23T05:45:58.7451829+00:00"
"logs/build/526139_maven_smos-ee2netcdf_3.log","11714","335f8effb7ede56d0225b4ccdd945b3bf2ef1cac244aab2e7662185b8acf7e09","build_log","2026-07-23T05:45:58.7451829+00:00"
"logs/build/526139_maven_smos-ee2netcdf_4.log","12038","1078f8eaa20cc2f510909bc0434140ecad160ffe62dc6805bc742a0c591f300b","build_log","2026-07-23T05:45:58.7451829+00:00"
"logs/build/526139_maven_smos-ee2netcdf_5.log","7445","819590595e3642a8fc331ec3a120f894fd6b92c3fd141952089b159213fa8dc6","build_log","2026-07-23T05:45:58.7451829+00:00"
"logs/build/526139_maven_smos-ee2netcdf_6.log","12012","67018ef0f8aba5cade7ce9a271cd7b4e6ce77f6a082f31b7bb3cd0fc0e2d6976","build_log","2026-07-23T05:45:58.7451829+00:00"
"logs/build/526139_maven_smos-gui_1.log","4907","a10f0a6f0956c7150270e449d3ab578d88845b051054df131ea0fc02427ca158","build_log","2026-07-23T05:45:58.7451829+00:00"
"logs/build/526139_maven_smos-gui_2.log","5231","adb89abf04c711ed6cf597e2dfa729700ee98cb9a442a449b577887b9a89244f","build_log","2026-07-23T05:45:58.7451829+00:00"
"logs/build/526139_maven_smos-gui_3.log","11394","1d574c53086bdc97361d535e724c6362859c4967c7f5a933a4edc03401e7e0f2","build_log","2026-07-23T05:45:58.7451829+00:00"
"logs/build/526139_maven_smos-gui_4.log","11718","9026792dfe8f0db5ac98625cf09609d23b3fe6541eb6e26a8afe6d1e26a16fd3","build_log","2026-07-23T05:45:58.7451829+00:00"
"logs/build/526139_maven_smos-gui_5.log","5267","6ed5c4a17bf7bccabdf104ca5f283b1df2c2e1985dfc5ec0ec20f28986502254","build_log","2026-07-23T05:45:58.7451829+00:00"
"logs/build/526139_maven_smos-gui_6.log","11692","b4223fb4d7947f4870530d4647744daa5a9c8507a42a96a1c9c1bb99315beac6","build_log","2026-07-23T05:45:58.7451829+00:00"
"logs/build/526139_maven_smos-reader_1.log","9628","2117977fee0b66b892447e04cc05fd07b1be0069a2025683327ea0564c237204","build_log","2026-07-23T05:45:58.7451829+00:00"
"logs/build/526139_maven_smos-reader_2.log","9952","f9220df939fe309cbbd2b6679f0538d07f412a25a9eb4f3c026d954d52de37fb","build_log","2026-07-23T05:45:58.7451829+00:00"
"logs/build/526139_maven_smos-reader_3.log","11415","dbee14e7482247fab7bfb79ebbf0cdcd14f17a8f11719cd92156e697060d0e15","build_log","2026-07-23T05:45:58.7451829+00:00"
"logs/build/526139_maven_smos-reader_4.log","11739","4ba1abb5e4808e98c31ac6fff42b804c8ba57805598129cc8b6d7b4ec54fd5fc","build_log","2026-07-23T05:45:58.7451829+00:00"
"logs/build/526139_maven_smos-reader_5.log","9988","1be65100d90c12cf3c8507dc31e3a76cd7ecd0ae39469a58b95988be3a4b3618","build_log","2026-07-23T05:45:58.7451829+00:00"
"logs/build/526139_maven_smos-reader_6.log","11713","2e6963923c276aa1dcd03994b2b480c45b75790767c0bccbe5af237333cca536","build_log","2026-07-23T05:45:58.7451829+00:00"
"logs/build/526139_maven_smos-tools_1.log","4484","47c0fb012ec471453da7faebb4e4e38b81f08c6fdd31ac8fc3cb92f4c2a2b88c","build_log","2026-07-23T05:45:58.7451829+00:00"
"logs/build/526139_maven_smos-tools_2.log","4808","e8548e30f1d76959da25bef1a715230ccab155cbddfeb019a0ec79b17415be7f","build_log","2026-07-23T05:45:58.7451829+00:00"
"logs/build/526139_maven_smos-tools_3.log","10969","49db5a89ba31ff0539f99294e46c0b87e7a52bb5f49bbd7b16412298759c23ed","build_log","2026-07-23T05:45:58.7451829+00:00"
"logs/build/526139_maven_smos-tools_4.log","11293","ef160c35198ef31c5bf5262fbd31f9418d70b480e50d583d537ba1aed7b5ea09","build_log","2026-07-23T05:45:58.7451829+00:00"
"logs/build/526139_maven_smos-tools_5.log","4844","03d36e4981914edc3a0fcc9647cd48352bd456c9e2edb5ce9610593ad2657156","build_log","2026-07-23T05:45:58.7451829+00:00"
"logs/build/526139_maven_smos-tools_6.log","11267","95b8561fba6d7854f6bd9996f7e5b9cdfacb0c44d7fc14b448950a6ca15586e8","build_log","2026-07-23T05:45:58.7451829+00:00"
"logs/build/526139_maven_smos-visat_1.log","4023","d3dfd999f2a13bfa2d889a97ca132c386846ead46bea5c51a6cb13df434499d4","build_log","2026-07-23T05:45:58.7451829+00:00"
"logs/build/526139_maven_smos-visat_2.log","4347","53d546a7997bc4d41e8a9ff0166d57b17e6e90bf6930975794f5e33c4dae9c7f","build_log","2026-07-23T05:45:58.7451829+00:00"
"logs/build/526139_maven_smos-visat_3.log","11710","f18942a8f1581044ca04b804e020e8d2314ab2b9d113dc67f19cdcb6da5d2d69","build_log","2026-07-23T05:45:58.7451829+00:00"
"logs/build/526139_maven_smos-visat_4.log","12034","1fc18a0b7aa5d2df745a08af164fc13941042b152ee32aeff01fb565406076e4","build_log","2026-07-23T05:45:58.7451829+00:00"
"logs/build/526139_maven_smos-visat_5.log","4321","b05dfe0be225857947e3b131c91d02e6bb3acc4d58b0c52ddccbdc00bf5be2f7","build_log","2026-07-23T05:45:58.7451829+00:00"
"logs/build/526139_maven_smos-visat_6.log","12008","51fa8171a882770e6d48ac967624a136f15762aab2c69d044a0927cf941a7e36","build_log","2026-07-23T05:45:58.7451829+00:00"
"logs/build/537800_maven_metrics-caffeine_1.log","2386","a6400a57eb89538fa2609a916452ca8c3b6513c0ad23a2fd8527cae4791b6c49","build_log","2026-07-23T05:45:58.7451829+00:00"
"logs/build/537800_maven_metrics-caffeine_10.log","10500","cd260271a4281c44163d2c6eca2f51aff2545442d86e44594fbb6c8a2accc14a","build_log","2026-07-23T05:45:58.7451829+00:00"
"logs/build/537800_maven_metrics-caffeine_11.log","3104","6a225f6abed6a532bc31ad789a591f5b382d699756a5ae124813e3e9933346d4","build_log","2026-07-23T05:45:58.7451829+00:00"
"logs/build/537800_maven_metrics-caffeine_12.log","10376","b24938529015b48cdc433f6d8239faae002b5faf6a6f1c53efbf238d2eb70165","build_log","2026-07-23T05:45:58.7451829+00:00"
"logs/build/537800_maven_metrics-caffeine_2.log","2710","618163191193186bed44bacfcc3fe1e290c4728c8f93caf3ea613d480e5e0b15","build_log","2026-07-23T05:45:58.7451829+00:00"
"logs/build/537800_maven_metrics-caffeine_3.log","10392","8c565828f5e44371951ec29735ba5e03e1fcece50d57ae0c4e10fd70442fedbe","build_log","2026-07-23T05:45:58.7451829+00:00"
"logs/build/537800_maven_metrics-caffeine_4.log","10402","69a3b7635f82a81f1907fa3126e591a5e2dcaeac863cd6f5d3eef1bd162242cf","build_log","2026-07-23T05:45:58.7451829+00:00"
"logs/build/537800_maven_metrics-caffeine_5.log","2262","e5f921f659803eadb24d8f1312a2cee0f2f7edd1aba49b7dd34bffb68e5479c6","build_log","2026-07-23T05:45:58.7451829+00:00"
"logs/build/537800_maven_metrics-caffeine_6.log","2586","ee54316120f81ee3a9447353e00ef05b203faa3e5f91561e2883d1fa9b90f909","build_log","2026-07-23T05:45:58.7451829+00:00"
"logs/build/537800_maven_metrics-caffeine_7.log","10268","19965e707d679603e1fa4a226c4d2437c36aa71d4191e32741ef7582c8047f76","build_log","2026-07-23T05:45:58.7451829+00:00"
"logs/build/537800_maven_metrics-caffeine_8.log","10278","e868a392406f427be46540effe0aa0f382f9e3844dfe751dd872fb85d52d5d71","build_log","2026-07-23T05:45:58.7451829+00:00"
"logs/build/537800_maven_metrics-caffeine_9.log","3228","643042d5039a93d9a44c629deabb4af284910fb3a04ef37f1e2c04de2c9a1dca","build_log","2026-07-23T05:45:58.7451829+00:00"
"logs/build/537800_maven_metrics-collectd_1.log","3766","8378a9174acdb79f180e512305c1e66e4b4c24b736dd147a61fcdc99addfb58e","build_log","2026-07-23T05:45:58.7451829+00:00"
"logs/build/537800_maven_metrics-collectd_10.log","10500","a8f2d22e4690f3822b1906a59ceccc8a83429958d344fd514dd351ab4d65f8f3","build_log","2026-07-23T05:45:58.7451829+00:00"
"logs/build/537800_maven_metrics-collectd_11.log","5786","5178c4ccdfe8a57f97373805852a2ea06c6f9e9d558eba5c6c02b91ca0022d29","build_log","2026-07-23T05:45:58.7451829+00:00"
"logs/build/537800_maven_metrics-collectd_12.log","10376","873fd0e4de963cf4760485c2f93923079cecd737242a4c96c3a4683fe2bddaf3","build_log","2026-07-23T05:45:58.7451829+00:00"
"logs/build/537800_maven_metrics-collectd_2.log","4090","d994317619cf9f174ea116e594e0f9912bebb5def27dec9a080c7f93c8ac3fb9","build_log","2026-07-23T05:45:58.7451829+00:00"
"logs/build/537800_maven_metrics-collectd_3.log","10392","abbc481ad373da29d21188fa67d00e4c865474ec0bf1919fd43b65c63f520a1f","build_log","2026-07-23T05:45:58.7451829+00:00"
"logs/build/537800_maven_metrics-collectd_4.log","10402","2147266ee22c3403780180ad07bc00876b2c95849b4b6c49984202b2c74c0dc0","build_log","2026-07-23T05:45:58.7451829+00:00"
"logs/build/537800_maven_metrics-collectd_5.log","3642","ed621c14def140990d42378940adc40d3d56e69fb1bc35afe37f68a6cf948900","build_log","2026-07-23T05:45:58.7451829+00:00"
"logs/build/537800_maven_metrics-collectd_6.log","3966","074adee33a738dcdbf271d5055d35bfdb51933739a40d0b2d6a4ce0d5dba15e0","build_log","2026-07-23T05:45:58.7451829+00:00"
"logs/build/537800_maven_metrics-collectd_7.log","10268","dc71473ed866831afb0b967058066b269228136e02ed843d2d20aeedae1871cc","build_log","2026-07-23T05:45:58.7451829+00:00"
"logs/build/537800_maven_metrics-collectd_8.log","10278","3e778a3a2afd56f51fa9ca504796e6499811987012123a89059b876b6c123980","build_log","2026-07-23T05:45:58.7451829+00:00"
"logs/build/537800_maven_metrics-collectd_9.log","4952","8cde0119f54effe5d3f50ccbe2c35ec321de399f3c461e62859101cdd9b42419","build_log","2026-07-23T05:45:58.7451829+00:00"
"logs/build/537800_maven_metrics-core_1.log","10300","97c31b29d5bd86464348f79174febb1c43623084c24d4bdadcd7ad3968ec2100","build_log","2026-07-23T05:45:58.7451829+00:00"
"logs/build/537800_maven_metrics-core_10.log","10348","65760f0298ba56e7cd7cebbd24fa0701bee813307b55c1f9ae1c394fda207edd","build_log","2026-07-23T05:45:58.7451829+00:00"
"logs/build/537800_maven_metrics-core_11.log","8769","4687eb93569ef5514963559fa85e1bed942f2a7e9fea37adc5c489ccf41a3a1f","build_log","2026-07-23T05:45:58.7451829+00:00"
"logs/build/537800_maven_metrics-core_12.log","10224","2f90879cf68f1b3f1116bba8768f9e4130153cd82f6858e34f4b61734a82122d","build_log","2026-07-23T05:45:58.7451829+00:00"
"logs/build/537800_maven_metrics-core_2.log","8795","c2031e54bc061443a2a0d3a57bf9c8e84d24028c69f872dc5dd9adca430a751e","build_log","2026-07-23T05:45:58.7451829+00:00"
"logs/build/537800_maven_metrics-core_3.log","10240","178cfc701374ac485b51cec206fe4964bfd8cbf418875497b4b5288dbc591a4d","build_log","2026-07-23T05:45:58.7451829+00:00"
"logs/build/537800_maven_metrics-core_4.log","10250","670fcef810556f08980035d7cb4ea01880703b81e1cb1c41b1d3c049c9d0d214","build_log","2026-07-23T05:45:58.7451829+00:00"
"logs/build/537800_maven_metrics-core_5.log","8511","51271c804881c033c4ce72811d4d6f80fef3131f69c5f77066e07937b7ab45ad","build_log","2026-07-23T05:45:58.7451829+00:00"
"logs/build/537800_maven_metrics-core_6.log","8671","8f42c945266b1a73c46e1ab527b5f45bbe4537642eaacce0d5c5904368092156","build_log","2026-07-23T05:45:58.7451829+00:00"
"logs/build/537800_maven_metrics-core_7.log","10116","3e568d5ba75a4a839ccaf9a5a152510cbdae094cabba23003315fdef3de4aea8","build_log","2026-07-23T05:45:58.7451829+00:00"
"logs/build/537800_maven_metrics-core_8.log","10126","1a3d132e224cb7810ba583dca18415405edd4605b7feb4f7b7ad21e38170bd81","build_log","2026-07-23T05:45:58.7451829+00:00"
"logs/build/537800_maven_metrics-core_9.log","8893","218d2bbcea005f8d9e53ffa78ed216a23d21c29192e4852df6b8cb1bdff770c6","build_log","2026-07-23T05:45:58.7451829+00:00"
"logs/build/537800_maven_metrics-graphite_1.log","2386","deb25c141f3f15604d9817e489a6b0b665d5f4b5da4339fd185bbe2b62444d09","build_log","2026-07-23T05:45:58.7451829+00:00"
"logs/build/537800_maven_metrics-graphite_10.log","10500","4d0279a9539fb0efe6d2679c483d98835a2c5dca90765357b1f1dea40d1b9e6b","build_log","2026-07-23T05:45:58.7451829+00:00"
"logs/build/537800_maven_metrics-graphite_11.log","3104","d02c4d5b1cf286d245e844d32c39387d4a54542cce3ee22826764f7cbde2371a","build_log","2026-07-23T05:45:58.7451829+00:00"
"logs/build/537800_maven_metrics-graphite_12.log","10376","b566baf1f41bf75f40853df6f7aba1c1c38a9d31105b2c6055e3e20df75165b5","build_log","2026-07-23T05:45:58.7451829+00:00"
"logs/build/537800_maven_metrics-graphite_2.log","2710","10a01d6ee315ab4dc3e2ca3efadb9016b4bba989e04d549376f89ac21521bd4d","build_log","2026-07-23T05:45:58.7451829+00:00"
"logs/build/537800_maven_metrics-graphite_3.log","10392","c7c6f3f016d09353961357ddf3f70dad1dae90fdcc2052105edf9239674fcde4","build_log","2026-07-23T05:45:58.7451829+00:00"
"logs/build/537800_maven_metrics-graphite_4.log","10402","93244b40b6250f09b89433bd4e4235963734dc6b87b0c184058848572a3d5ce8","build_log","2026-07-23T05:45:58.7451829+00:00"
"logs/build/537800_maven_metrics-graphite_5.log","2262","df445db9b2a3459be1c981739f9751d40eff2ce994bcaee36b4a85262138e519","build_log","2026-07-23T05:45:58.7451829+00:00"
"logs/build/537800_maven_metrics-graphite_6.log","2586","1f67a7f73d7f47d06ef905399232b9801870c0e96950e4a76b529a64e8318a8f","build_log","2026-07-23T05:45:58.7451829+00:00"
"logs/build/537800_maven_metrics-graphite_7.log","10268","368555a41277350e94afa7e6e816bd592b09e4b0cdd87ee63b196fe66e15fd2b","build_log","2026-07-23T05:45:58.7451829+00:00"
"logs/build/537800_maven_metrics-graphite_8.log","10278","e001509e5cf52a84a5a83c934312f63893638eb6a6a5f2aa7439e3e79beb1990","build_log","2026-07-23T05:45:58.7451829+00:00"
"logs/build/537800_maven_metrics-graphite_9.log","3228","0333c6ff561e9821ac3ed60af95a5ee10582451eec79810f6a742cbc2d87499d","build_log","2026-07-23T05:45:58.7451829+00:00"
"logs/build/537800_maven_metrics-healthchecks_1.log","2636","eb713730961d70e0873419109b8949e2fd53050edcfaecd056c3b7b37240b520","build_log","2026-07-23T05:45:58.7451829+00:00"
"logs/build/537800_maven_metrics-healthchecks_10.log","10652","b88cc18e2c93937d233d47de0bb03095c39de7bb831651d8d375e67e035a0191","build_log","2026-07-23T05:45:58.7451829+00:00"
"logs/build/537800_maven_metrics-healthchecks_11.log","3354","e85c19d3875008b564a02967328b5ad6a3f211dfcc6440a499504d74d3815a0b","build_log","2026-07-23T05:45:58.7451829+00:00"
"logs/build/537800_maven_metrics-healthchecks_12.log","10528","efbeb202930cb38a40c3e5fabaebf766f78bc6c25fd8db58a456ee4c4dee9717","build_log","2026-07-23T05:45:58.7451829+00:00"
"logs/build/537800_maven_metrics-healthchecks_2.log","2960","0a8582800f7156680e8ecc3196d1bfac495d92659815fd66c86f1a419756311a","build_log","2026-07-23T05:45:58.7451829+00:00"
"logs/build/537800_maven_metrics-healthchecks_3.log","10544","b21273be54d81873b5661a5e4add2c60f8852f0e9e2cb12a2f51dbf90097dc97","build_log","2026-07-23T05:45:58.7451829+00:00"
"logs/build/537800_maven_metrics-healthchecks_4.log","10554","438bf333853b221de981b2144c08f2112837ac31e1f2420f7fea99ccb99c2c9e","build_log","2026-07-23T05:45:58.7451829+00:00"
"logs/build/537800_maven_metrics-healthchecks_5.log","2512","31b88a6a820ea476b70a2d044c2632a1a443a9682fa9ed5ad0bf7d66e6c03cc0","build_log","2026-07-23T05:45:58.7451829+00:00"
"logs/build/537800_maven_metrics-healthchecks_6.log","2836","ec90ddc101d9ec54df39660f6a88a8f1e8e5413352a38a6fb36f4b7ea1b20bf2","build_log","2026-07-23T05:45:58.7451829+00:00"
"logs/build/537800_maven_metrics-healthchecks_7.log","10420","52ee8f7afc4184538e019b24537a95ed4fef25ec299a48038251b3ca67cdaea1","build_log","2026-07-23T05:45:58.7451829+00:00"
"logs/build/537800_maven_metrics-healthchecks_8.log","10430","4a870bf622c52f2c55ac1ad123a136c0c16126147aa25f75a5a4cbfc5c5ae757","build_log","2026-07-23T05:45:58.7451829+00:00"
"logs/build/537800_maven_metrics-healthchecks_9.log","3478","1e624bfe8ad690a5b0eba125c319b857bbf76351b3c4afa2b928ac1de4e53116","build_log","2026-07-23T05:45:58.7451829+00:00"
"logs/build/537800_maven_metrics-httpclient_1.log","2392","71bafa57444ca5c2f5ff645ee46cb0cfd71c33bb69fa21658f44b11b4286651f","build_log","2026-07-23T05:45:58.7451829+00:00"
"logs/build/537800_maven_metrics-httpclient_10.log","10502","132f96e8185d10471723af6becb339a9496b4f7be70a4a08b5ec2a0af8dbef3f","build_log","2026-07-23T05:45:58.7451829+00:00"
"logs/build/537800_maven_metrics-httpclient_11.log","3110","c4d1ed4af3fa586165f54b9069c35febc3cfa3441035d99162a37a17cfbb6f54","build_log","2026-07-23T05:45:58.7451829+00:00"
"logs/build/537800_maven_metrics-httpclient_12.log","10378","ba00dd2468595a662aa052d2953fc4f2422a1057b5513b49d83beeb4d964df9e","build_log","2026-07-23T05:45:58.7451829+00:00"
"logs/build/537800_maven_metrics-httpclient_2.log","2716","5ef4632dd92c432f00ba055975f786d5fa28a11b7cd28bae44a19590dd44fc9b","build_log","2026-07-23T05:45:58.7451829+00:00"
"logs/build/537800_maven_metrics-httpclient_3.log","10394","1a2b734f025a5caba28aba0625981fdfff5c18e37687e3b14c73a3e4a732c725","build_log","2026-07-23T05:45:58.7451829+00:00"
"logs/build/537800_maven_metrics-httpclient_4.log","10404","0e0d129094d9b313e425ddfdd86448d15a4b895aff6479e8cf013e73221084cf","build_log","2026-07-23T05:45:58.7451829+00:00"
"logs/build/537800_maven_metrics-httpclient_5.log","2268","ff83db2a9e807ee8aca5c2eb3e9dee42649e39eebb7a61c107f94b34816fff42","build_log","2026-07-23T05:45:58.7451829+00:00"
"logs/build/537800_maven_metrics-httpclient_6.log","2592","2c942e19d3818099e01084afad073f0c56f600aa6f7ba150eb98b05720d82ac7","build_log","2026-07-23T05:45:58.7451829+00:00"
"logs/build/537800_maven_metrics-httpclient_7.log","10270","1fa63e51b9797277072ae2e58a6ade825933465cc8a8b941654f6c01cc7a7565","build_log","2026-07-23T05:45:58.7451829+00:00"
"logs/build/537800_maven_metrics-httpclient_8.log","10280","24b73536e2648151fef433e39a6841a7b15441489109fedab7c6a1f0ee1c9a6a","build_log","2026-07-23T05:45:58.7451829+00:00"
"logs/build/537800_maven_metrics-httpclient_9.log","3234","ab901ca675efd9b89874a595f194fe8edab808013df1a336b3c1daaa0f9e17c2","build_log","2026-07-23T05:45:58.7451829+00:00"
"logs/build/537800_maven_metrics-jdbi_1.log","2374","10df4f980b1e74e0ff1c4374e062cb7dd8c212462f29779582746e2c58c930be","build_log","2026-07-23T05:45:58.7451829+00:00"
"logs/build/537800_maven_metrics-jdbi_10.log","10496","dddfa5452c0922253f02da9a213b6f103c51da7c02fb28c64efd796f14299d1d","build_log","2026-07-23T05:45:58.7451829+00:00"
"logs/build/537800_maven_metrics-jdbi_11.log","3092","b87ad6407dd7ffa9f00d95e7988c869003f5633903520090b9648ae7f44f6938","build_log","2026-07-23T05:45:58.7451829+00:00"
"logs/build/537800_maven_metrics-jdbi_12.log","10372","4b38f38406c252f1402ca7748eaf6d39081f248240bcb7da6d9bc48c262fee88","build_log","2026-07-23T05:45:58.7451829+00:00"
"logs/build/537800_maven_metrics-jdbi_2.log","2698","408b2095ef602ccbf86b5e38fdbf5cb6341e93285145cc128ba7a4cee05ba710","build_log","2026-07-23T05:45:58.7451829+00:00"
"logs/build/537800_maven_metrics-jdbi_3.log","10388","58adb707f58deb721bd8a21bc832090abf8137c55a3a79a861cb737e191b0840","build_log","2026-07-23T05:45:58.7451829+00:00"
"logs/build/537800_maven_metrics-jdbi_4.log","10398","d8ab96c8db436815270a6c96d7c7b856675c3d0301a18f1cc70b797379d6da76","build_log","2026-07-23T05:45:58.7451829+00:00"
"logs/build/537800_maven_metrics-jdbi_5.log","2250","707c7cbcc261992088a62623721420e8a626aaaf8fe4c29b56f58f784ecd755d","build_log","2026-07-23T05:45:58.7451829+00:00"
"logs/build/537800_maven_metrics-jdbi_6.log","2574","b300d1ce5f37c21f9ddf187aecdea2340e9116741bc37a056173d5c999d25d5a","build_log","2026-07-23T05:45:58.7451829+00:00"
"logs/build/537800_maven_metrics-jdbi_7.log","10264","45ec5653d1bc336780f7e5fe113cfdf11020f7192562c6ad2758b4da0afa78a8","build_log","2026-07-23T05:45:58.7451829+00:00"
"logs/build/537800_maven_metrics-jdbi_8.log","10274","364ba9a857a5141c62a9f4470232de9b5666a857817085d60387f1d52dcc442d","build_log","2026-07-23T05:45:58.7451829+00:00"
"logs/build/537800_maven_metrics-jdbi_9.log","3216","fc1ce6fe88554a264ca1c59cde66e8c946dab6c9ebd07e2f55824746fd0a1e81","build_log","2026-07-23T05:45:58.7451829+00:00"
"logs/build/537800_maven_metrics-jdbi3_1.log","2629","104036bd8358678046c7d595c58c87543b0087d455d91b9538856bab633587d2","build_log","2026-07-23T05:45:58.7451829+00:00"
"logs/build/537800_maven_metrics-jdbi3_10.log","10704","2d6d72c78e2c8a96a28c29b44c2ca44c2bce0d26126243e4bb946aea195f551f","build_log","2026-07-23T05:45:58.7451829+00:00"
"logs/build/537800_maven_metrics-jdbi3_11.log","3347","7be3ccbb56ef7373cf31d31e11deac88390d6e1a1e053ceaf3b2a48bd10aa5aa","build_log","2026-07-23T05:45:58.7451829+00:00"
"logs/build/537800_maven_metrics-jdbi3_12.log","10580","6e8791e935e886546c27aef9cefa70ff2102926548e03524a5c6e38835eb40d9","build_log","2026-07-23T05:45:58.7451829+00:00"
"logs/build/537800_maven_metrics-jdbi3_2.log","2953","8e51dc9b35c875210fe22584d9586b0a840d8741d2af709aeb84894ae8f4b8ec","build_log","2026-07-23T05:45:58.7451829+00:00"
"logs/build/537800_maven_metrics-jdbi3_3.log","10495","a07e73a06cbeea260501dd1b08d2b328147406ece0aaf666aa6ef487cde2c8d6","build_log","2026-07-23T05:45:58.7451829+00:00"
"logs/build/537800_maven_metrics-jdbi3_4.log","10606","10d034df4b46d7eb1f9b5ce85af14bd541f2d615408643888f8587456dffa956","build_log","2026-07-23T05:45:58.7451829+00:00"
"logs/build/537800_maven_metrics-jdbi3_5.log","2505","fbf7c36646194f7832e77a9502d41a818aa8c1a06e94ea68ae4ac2d57a7fc2bb","build_log","2026-07-23T05:45:58.7451829+00:00"
"logs/build/537800_maven_metrics-jdbi3_6.log","2829","a31d57f9dca8924b643bc19da7471b9932400eb20bf55a9ee61ac636d6c19011","build_log","2026-07-23T05:45:58.7451829+00:00"
"logs/build/537800_maven_metrics-jdbi3_7.log","10478","70883e703c2903b7880dd4fb13c9578f5f2cd47e74ba7399e5335875784576e6","build_log","2026-07-23T05:45:58.7451829+00:00"
"logs/build/537800_maven_metrics-jdbi3_8.log","10482","92eb8f448713bdb46b521b947d4385be7c6913a582ea9fae441b4480959ecdae","build_log","2026-07-23T05:45:58.7451829+00:00"
"logs/build/537800_maven_metrics-jdbi3_9.log","3471","2d17f148974a895b29b53498bd44c7b4dce7549f658293de2dccb24e26bb96ac","build_log","2026-07-23T05:45:58.7451829+00:00"
"logs/build/537800_maven_metrics-jetty9_1.log","2632","4af054c8ccebae374e5d286cb947b58e0ce7eb44c417bb63074a00a292bc8488","build_log","2026-07-23T05:45:58.7451829+00:00"
"logs/build/537800_maven_metrics-jetty9_10.log","10705","f1de1d30e03dac29d0e0a96d3a4f3375224a822530f2f490779a08ff2a4f187f","build_log","2026-07-23T05:45:58.7451829+00:00"
"logs/build/537800_maven_metrics-jetty9_11.log","3350","968bc70745496a54e8c6e18bda7bfdefcde61a8a39abbd610a5a18b511a485df","build_log","2026-07-23T05:45:58.7451829+00:00"
"logs/build/537800_maven_metrics-jetty9_12.log","10581","7427de221622e34bfde75cf6409018a92aeca5f84b649ec942d5de8e8cf27fec","build_log","2026-07-23T05:45:58.7451829+00:00"
"logs/build/537800_maven_metrics-jetty9_2.log","2956","70dc6beb08d866a7948026c2f19286ffa5db39950923d304a7bb0106163805c9","build_log","2026-07-23T05:45:58.7451829+00:00"
"logs/build/537800_maven_metrics-jetty9_3.log","10603","e04ff3681ca6b6f81ad6987e2ea1a27d304ef9390792ea0580bd620508ab908f","build_log","2026-07-23T05:45:58.7451829+00:00"
"logs/build/537800_maven_metrics-jetty9_4.log","10607","97668b41931ae3993d2eced5f6bb626a492e503d5721955f23313fdf2266b3e9","build_log","2026-07-23T05:45:58.7451829+00:00"
"logs/build/537800_maven_metrics-jetty9_5.log","2508","5aa8bc24f5f52b5b14f5d5a759e0495d01eca072117fceeaa59cf7328c200918","build_log","2026-07-23T05:45:58.7451829+00:00"
"logs/build/537800_maven_metrics-jetty9_6.log","2832","92c4e70c988f75bbb8b85f3a62fa4ae661a574f7200b615356cc97bb632e2801","build_log","2026-07-23T05:45:58.7451829+00:00"
"logs/build/537800_maven_metrics-jetty9_7.log","10479","c890545cb09bbdaa614c92414bb2f498e7f18179f59de7c872019d322b5f5810","build_log","2026-07-23T05:45:58.7451829+00:00"
"logs/build/537800_maven_metrics-jetty9_8.log","10483","9cd1019ee4a0333ef28ee6ea53c948322b09524b98a5050a704af89af91778a2","build_log","2026-07-23T05:45:58.7451829+00:00"
"logs/build/537800_maven_metrics-jetty9_9.log","3474","f467563904839adffb82d32f5bfc17526d25d593c366c0fc80de2247d6c2b637","build_log","2026-07-23T05:45:58.7451829+00:00"
"logs/build/537800_maven_metrics-jmx_1.log","2371","18e3f19d5e400ad4aded357c7926ff38b2e8545548c161f43a5537d6712240e5","build_log","2026-07-23T05:45:58.7451829+00:00"
"logs/build/537800_maven_metrics-jmx_10.log","10495","ee86a053eac10d25d5f934d016685a31293d8c62f9e4c90f81259cf54d914f54","build_log","2026-07-23T05:45:58.7451829+00:00"
"logs/build/537800_maven_metrics-jmx_11.log","3089","57974b67ab5b033fed9b839a4f2f272265875d8c77a0921cc730a194ce5674bb","build_log","2026-07-23T05:45:58.7451829+00:00"
"logs/build/537800_maven_metrics-jmx_12.log","10371","c1c6e70f3a69cebb187da752e880b04498c7ec1ce9328acbab2c48e05138796d","build_log","2026-07-23T05:45:58.7451829+00:00"
"logs/build/537800_maven_metrics-jmx_2.log","2695","7895a204df708d37b6d2fe108a5eb7bb12bf3eb746942f4c7fa4aae67cb7aac6","build_log","2026-07-23T05:45:58.7451829+00:00"
"logs/build/537800_maven_metrics-jmx_3.log","10387","9b249c71307fa831a425e1c6dfefe06f52b31ebacb4e50cf4a55dcd38fc6954c","build_log","2026-07-23T05:45:58.7451829+00:00"
"logs/build/537800_maven_metrics-jmx_4.log","10397","22092f5afa8a7587b4c58c91cb23a90a36f534f2d3d1ca18ed1fd30b2d524d2f","build_log","2026-07-23T05:45:58.7451829+00:00"
"logs/build/537800_maven_metrics-jmx_5.log","2247","dd06d6dde7d4479ab0d446cdc6f4c3dbaed7ebcf0a081f1dad5354cbf85e045c","build_log","2026-07-23T05:45:58.7451829+00:00"
"logs/build/537800_maven_metrics-jmx_6.log","2571","15b3c8ed2547d7624ce7ce725d61345d3fe7b80b03926c13825aaffaaeb01891","build_log","2026-07-23T05:45:58.7451829+00:00"
"logs/build/537800_maven_metrics-jmx_7.log","10263","b686d1ddb652c121f5330b6b7ff6b661b5e11ac00454babcf94a01712c067693","build_log","2026-07-23T05:45:58.7451829+00:00"
"logs/build/537800_maven_metrics-jmx_8.log","10273","37a5c9483d28fb53c4952769abb5124bb97d96d4b6e3eb553bc5aebb90c5cd97","build_log","2026-07-23T05:45:58.7451829+00:00"
"logs/build/537800_maven_metrics-jmx_9.log","3213","a0e6f844b1a9037d62a9b974dfc67b603f206b6727f7daf1f4fa45c6acc7afeb","build_log","2026-07-23T05:45:58.7451829+00:00"
"logs/build/537800_maven_metrics-jvm_1.log","2371","54bbf73913d0d456955cc30ea1228a859920817d611f05709e614d9e66b4f271","build_log","2026-07-23T05:45:58.7451829+00:00"
"logs/build/537800_maven_metrics-jvm_10.log","10495","43ec9d15dff4a388de8e020de1041a82bfcba939e6785247f9e4bd5ee36b71cc","build_log","2026-07-23T05:45:58.7451829+00:00"
"logs/build/537800_maven_metrics-jvm_11.log","3089","b21392813128f867e6cd231c460e4a1797951181d9e36ab02e34980b5194d801","build_log","2026-07-23T05:45:58.7451829+00:00"
"logs/build/537800_maven_metrics-jvm_12.log","10371","ceda190633712fb3267c3b4843dc677721ca5fc04a1a8a88093e2077171dac75","build_log","2026-07-23T05:45:58.7451829+00:00"
"logs/build/537800_maven_metrics-jvm_2.log","2695","683be6cd4bb8606871ccac1d847f4eaf10abe05528321490b12de4fc10f2a7ef","build_log","2026-07-23T05:45:58.7451829+00:00"
"logs/build/537800_maven_metrics-jvm_3.log","10387","95d40cccca21312ce4c50a7e5a2ba9ed87329b9fc4b30cd376d4daac848f5387","build_log","2026-07-23T05:45:58.7451829+00:00"
"logs/build/537800_maven_metrics-jvm_4.log","10397","24eaf0349d5b6a0fb9a058437c9cc7a0f6481d2300cb2477cbebc145a69f4642","build_log","2026-07-23T05:45:58.7451829+00:00"
"logs/build/537800_maven_metrics-jvm_5.log","2247","63a046a7bd00dc68a43eb7c6d3d5f42cf09706a34eb5c60d0b64c2ab833913f6","build_log","2026-07-23T05:45:58.7451829+00:00"
"logs/build/537800_maven_metrics-jvm_6.log","2571","e5c7c15a1064abeec00f6c5a0433491d9c1ea0a703f8a97c245c858818d43bbd","build_log","2026-07-23T05:45:58.7451829+00:00"
"logs/build/537800_maven_metrics-jvm_7.log","10263","e8b9ca3f5bb574708136810ec907567d986f1f46ad7a3c839d2ea3c8731fa200","build_log","2026-07-23T05:45:58.7451829+00:00"
"logs/build/537800_maven_metrics-jvm_8.log","10273","44de7abdd5f151a9af8376e77c37303d4157822bf7315f5378be3198e29b44ed","build_log","2026-07-23T05:45:58.7451829+00:00"
"logs/build/537800_maven_metrics-jvm_9.log","2893","631cff6308fc205f2c304b9fed26be440b6b69781ea6a6b5a6e9bffa7df94572","build_log","2026-07-23T05:45:58.7451829+00:00"
"logs/build/537800_maven_metrics-log4j2_1.log","2380","0647a343935e2c8c079638bc02bb3338568e0c44dd15eba25a3381acb51a604f","build_log","2026-07-23T05:45:58.7451829+00:00"
"logs/build/537800_maven_metrics-log4j2_10.log","10498","2bbe4c3f41bbd6fe56c514863db83aebca25dc77abefe9e4d5c95aee9c384867","build_log","2026-07-23T05:45:58.7451829+00:00"
"logs/build/537800_maven_metrics-log4j2_11.log","3098","1269e34471d58a702e9c26c79de2de768e1672e0ab5044056b2b0e493fa3a1ea","build_log","2026-07-23T05:45:58.7451829+00:00"
"logs/build/537800_maven_metrics-log4j2_12.log","10374","30168075b55837991b68a885f5c740dde4a81a93331f2e444cda2f95aa8877ae","build_log","2026-07-23T05:45:58.7451829+00:00"
"logs/build/537800_maven_metrics-log4j2_2.log","2704","9d9440b473bf661c822fce21dba8ce883b6c563fa43f2ba4333cc8ec9f516528","build_log","2026-07-23T05:45:58.7451829+00:00"
"logs/build/537800_maven_metrics-log4j2_3.log","10390","7212075e09fa61c9dd0252161c3e8bed9561ff7be39d035c72745e78dbf9dd42","build_log","2026-07-23T05:45:58.7451829+00:00"
"logs/build/537800_maven_metrics-log4j2_4.log","10400","db2645b12feeed5dadbdf1f424c79fb8ddab665e97cd132f6cbdab7b6f5fbf5e","build_log","2026-07-23T05:45:58.7451829+00:00"
"logs/build/537800_maven_metrics-log4j2_5.log","2256","842f67c1ac06ae97e9685a98ccf3eb7737b9614a08e86010e1df1ee7cb88da72","build_log","2026-07-23T05:45:58.7451829+00:00"
"logs/build/537800_maven_metrics-log4j2_6.log","2580","90046c6dc019ce3bb6e029516c804737bef33d1261e879081afe39abf4e60ebf","build_log","2026-07-23T05:45:58.7451829+00:00"
"logs/build/537800_maven_metrics-log4j2_7.log","10266","8f52ae65915e6d3c4755b0b19fe2b1bfa7fbe5f84dc1064dc94c9d34411cc196","build_log","2026-07-23T05:45:58.7451829+00:00"
"logs/build/537800_maven_metrics-log4j2_8.log","10276","a848fd687fa9ac9e7dcf4c1b47852d8a862af2a2d169a905436a6f758bb61900","build_log","2026-07-23T05:45:58.7451829+00:00"
"logs/build/537800_maven_metrics-log4j2_9.log","3222","74dbb0e2691a8e54890068210cb1efcdcde664654d913552013cc1a90b8c8943","build_log","2026-07-23T05:45:58.7451829+00:00"
"logs/build/537800_maven_metrics-logback_1.log","2383","70fa1d37531f627b86cb8d474e9815256c8dcf6789048a717f63337607b31155","build_log","2026-07-23T05:45:58.7451829+00:00"
"logs/build/537800_maven_metrics-logback_10.log","10499","b181bfcad32caa073d150118072a4f4c939426c0e749a47905315c50d8604fbb","build_log","2026-07-23T05:45:58.7451829+00:00"
"logs/build/537800_maven_metrics-logback_11.log","3101","8a9dea7d2e51339f5f9439a6ea2b441ce9d2f43e7305578f35b6ae94f0f02945","build_log","2026-07-23T05:45:58.7451829+00:00"
"logs/build/537800_maven_metrics-logback_12.log","10375","4805ded28fb861c3fc10cf09bb00772f44c48a0785ed1b80e9a1652b8b9d84a0","build_log","2026-07-23T05:45:58.7451829+00:00"
"logs/build/537800_maven_metrics-logback_2.log","2707","d4a9c9ad2be8c1e7d90290f12f72847760fce4973375b3df08e6da17073c329c","build_log","2026-07-23T05:45:58.7451829+00:00"
"logs/build/537800_maven_metrics-logback_3.log","10391","302dac59da55795cb095aa086f274011f7c53264bc90eb179a650786bb25abf1","build_log","2026-07-23T05:45:58.7451829+00:00"
"logs/build/537800_maven_metrics-logback_4.log","10401","92f6fcce31cfb413bafb2dea1c0f2a8bc923bb48dbe1d3015c3a872746a8655f","build_log","2026-07-23T05:45:58.7451829+00:00"
"logs/build/537800_maven_metrics-logback_5.log","2259","6f9963a994ae9b672a0d9a1e9973c79c767e778e675eb56ef7f02cc76ffd0cc8","build_log","2026-07-23T05:45:58.7451829+00:00"
"logs/build/537800_maven_metrics-logback_6.log","2583","540638b38194cacfaa05b3c7bb1ef648b09c631605e69cccf30ce2c92c502cd1","build_log","2026-07-23T05:45:58.7451829+00:00"
"logs/build/537800_maven_metrics-logback_7.log","10267","c410c4cc58146090547e2356065bc9b66c9ff337fd10cf6df7e8df449e5b9bc1","build_log","2026-07-23T05:45:58.7451829+00:00"
"logs/build/537800_maven_metrics-logback_8.log","10277","11cc2bebde1eec68ee0bc2b3b94e0cf3eef8941a36c50a89c2fcf5c7bc914ada","build_log","2026-07-23T05:45:58.7451829+00:00"
"logs/build/537800_maven_metrics-logback_9.log","3225","624c2468407b112351d20d2b4424b980c83f06c2b77931b95563cf7aa43aad75","build_log","2026-07-23T05:45:58.7451829+00:00"
"logs/build/537800_maven_metrics-servlet_1.log","2383","6943bbf5dae222682ac952006602692391b940468a270fde15cf3b17c352aaae","build_log","2026-07-23T05:45:58.7451829+00:00"
"logs/build/537800_maven_metrics-servlet_10.log","10499","9f0e09fab09e1a28d5456322843fd362c914ab62934bff4752561bca08424141","build_log","2026-07-23T05:45:58.7451829+00:00"
"logs/build/537800_maven_metrics-servlet_11.log","3101","907cf4206069e3a24e3bda9ebb72b79b80da5f7ce09dc897198be840c298ba63","build_log","2026-07-23T05:45:58.7451829+00:00"
"logs/build/537800_maven_metrics-servlet_12.log","10375","cb6536199489cf9ab34c85b5c48003ee763851e4a2072837d64dc48345508a6f","build_log","2026-07-23T05:45:58.7451829+00:00"
"logs/build/537800_maven_metrics-servlet_2.log","2707","b201088d6fc11d2d22c9b54633aca531cce60fae44b731ce9cfa7447be3a7e61","build_log","2026-07-23T05:45:58.7451829+00:00"
"logs/build/537800_maven_metrics-servlet_3.log","10391","290af19592c6856ff6cc2582277fb11aa3c4b4f9b0aa10233da9017298de0632","build_log","2026-07-23T05:45:58.7451829+00:00"
"logs/build/537800_maven_metrics-servlet_4.log","10401","17d1b89a266e6c81733fdd69dac92f2c4c6ac8afc9128eaa6d86d29b5820be51","build_log","2026-07-23T05:45:58.7451829+00:00"
"logs/build/537800_maven_metrics-servlet_5.log","2259","3d453ac69b9158aef84797b49d3696c1bd68896345690a88309f3020e268f2eb","build_log","2026-07-23T05:45:58.7451829+00:00"
"logs/build/537800_maven_metrics-servlet_6.log","2583","ae85a5cdc056f5d3b5529d9cf0d528ea6ecd0b7f113d9c24599509157dbf0976","build_log","2026-07-23T05:45:58.7451829+00:00"
"logs/build/537800_maven_metrics-servlet_7.log","10267","62d7fe93734eac1eaa6953474552d37e89a3a11971e8aecb3bd0535d426755e3","build_log","2026-07-23T05:45:58.7451829+00:00"
"logs/build/537800_maven_metrics-servlet_8.log","10277","9e03f760fc5570eb5c8fcc1d305e21efa11f782032a18da147e5c95dbc3a44b4","build_log","2026-07-23T05:45:58.7451829+00:00"
"logs/build/537800_maven_metrics-servlet_9.log","3225","f701ed52cb95c8b127760235f30df1c16e6379745b442609d0991dfb0faa391e","build_log","2026-07-23T05:45:58.7451829+00:00"
"logs/build/537800_maven_metrics-servlets_1.log","3366","a4eac5ca6cd76c80a3ba8d0e8b181c7f684f7b6d926d2a6bc343a96fc5df9ecd","build_log","2026-07-23T05:45:58.7451829+00:00"
"logs/build/537800_maven_metrics-servlets_10.log","11299","d7f634fe506f5dd7fea2e338632e7db070751f1a255d0531f53d29f8ae17bb45","build_log","2026-07-23T05:45:58.7451829+00:00"
"logs/build/537800_maven_metrics-servlets_11.log","4084","6b7e2f9c014045c0ce74ae963a9116dc7af898471dbe172c255594a5d7cc77c1","build_log","2026-07-23T05:45:58.7451829+00:00"
"logs/build/537800_maven_metrics-servlets_12.log","11175","d0a4ab214ebf65b85feed4cdda626d1edff541095e8ae939d734f02a97099df6","build_log","2026-07-23T05:45:58.7451829+00:00"
"logs/build/537800_maven_metrics-servlets_2.log","3690","93c83602178436dac7d00da4707ef8d6e1b1006fef4fb132a07b0da5105811fa","build_log","2026-07-23T05:45:58.7451829+00:00"
"logs/build/537800_maven_metrics-servlets_3.log","11197","7515eb9e2559ade3ba7a63c0caf7afae31178075a4e8aa3a1b5a924ebd5dadd3","build_log","2026-07-23T05:45:58.7451829+00:00"
"logs/build/537800_maven_metrics-servlets_4.log","11201","02ef9b1e02f9f420d5b931b7d86bc12cb6170cf54daba43b58d003f4671e33af","build_log","2026-07-23T05:45:58.7451829+00:00"
"logs/build/537800_maven_metrics-servlets_5.log","3242","2fc69638c2cc324eb2b377a8c3b3552d9d3de8bea5f56f8605e763777fef98c5","build_log","2026-07-23T05:45:58.7451829+00:00"
"logs/build/537800_maven_metrics-servlets_6.log","3566","e112f1b43067ef35a06afce446ede513a966b8b915c00f6d4d8efcf04c5281f9","build_log","2026-07-23T05:45:58.7451829+00:00"
"logs/build/537800_maven_metrics-servlets_7.log","11073","6c8f21fd823e849d6d65b7a3c73f0d9111cca07a0320596c82be0226a22053d4","build_log","2026-07-23T05:45:58.7451829+00:00"
"logs/build/537800_maven_metrics-servlets_8.log","11077","32f57c8a487b97c839660c3d52001af2bf15de91d38f613228a42e8fc99dbdce","build_log","2026-07-23T05:45:58.7451829+00:00"
"logs/build/537800_maven_metrics-servlets_9.log","4208","6d2368e03cc0ac8d5ef15567a3e1268ab93b97e87a7d49b862e6a9a95cfa6c55","build_log","2026-07-23T05:45:58.7451829+00:00"
"logs/build/558963_maven_httpcache4j-api_1.log","2697","4a1d7362f7a73083136716e68239d1e70860662b8740a609d8417e9388bdc92d","build_log","2026-07-23T05:45:58.7451829+00:00"
"logs/build/58086354_gradle_demo_gRPC_core_1.log","8784","8574a0f0dee94b2c38902d740258ea5a86a1d5e43277c3c351653d1c810f606d","build_log","2026-07-23T05:45:58.7451829+00:00"
"logs/build/58086354_gradle_demo_gRPC_core_2.log","23025","d2e88d9c1233b7dc192cf4dec048846b2148fea17e7c2ee5e2e79367e34c0909","build_log","2026-07-23T05:45:58.7451829+00:00"
"logs/build/58086354_gradle_demo_gRPC_core_3.log","6977","236cc88da2102c5a65a5a9650c82a16cda8bf56dcd2efd93c46cd5379e44fa28","build_log","2026-07-23T05:45:58.7451829+00:00"
"logs/build/58086354_gradle_demo_gRPC_core_4.log","23142","0992a1bfcbc83f14813eae09f5d21109dff6eb1ba8801e31a20cd50298259806","build_log","2026-07-23T05:45:58.7451829+00:00"
"logs/build/58086354_gradle_demo_gRPC_grpclb_1.log","6932","19f12496674699081aacfc4c32c80ef5b6679110aad06d1eafab20c0744466fe","build_log","2026-07-23T05:45:58.7451829+00:00"
"logs/build/58086354_gradle_demo_gRPC_grpclb_2.log","23029","e2902509ae18590a7d75fe2226bac0d8425cee7a89208c43d6110ea683d52415","build_log","2026-07-23T05:45:58.7451829+00:00"
"logs/build/58086354_gradle_demo_gRPC_grpclb_3.log","7049","53d42640a02a5888faeb44db64bb1089065094fd124137a89d6cb160ae70089b","build_log","2026-07-23T05:45:58.7451829+00:00"
"logs/build/58086354_gradle_demo_gRPC_grpclb_4.log","23146","c4433d673ab5746f854f0f58eeb4b9468eefedf64784aead5320d52ba8b1e908","build_log","2026-07-23T05:45:58.7451829+00:00"
"logs/build/58086354_gradle_demo_gRPC_netty_1.log","6862","16c0cde8cd7a9df5ef3efc9397401b8c35c25131263fd5410403229e0ac93176","build_log","2026-07-23T05:45:58.7451829+00:00"
"logs/build/58086354_gradle_demo_gRPC_netty_2.log","23027","9ffc1af4ce92f6d9140856557b9519eaa7ba75cb20c7fa1176c0418f0ad7732d","build_log","2026-07-23T05:45:58.7451829+00:00"
"logs/build/58086354_gradle_demo_gRPC_netty_3.log","6979","c455f62c7d295eadb5f0d7e1c5dd2f3086cd65427a58b64a0ea23a4e20aadc1a","build_log","2026-07-23T05:45:58.7451829+00:00"
"logs/build/58086354_gradle_demo_gRPC_netty_4.log","23144","086736ec4c765e1d4f39649253c328a9f831c70fa0dfd04458f39626da14cf58","build_log","2026-07-23T05:45:58.7451829+00:00"
"logs/build/58086354_gradle_demo_gRPC_okhttp_1.log","6866","a14ab8898117373cee1fde183d7a2799f87b3ebeac484b3cf12ff0f6321e25c6","build_log","2026-07-23T05:45:58.7451829+00:00"
"logs/build/58086354_gradle_demo_gRPC_okhttp_2.log","23029","755395919f23942d736ce2a13596478d9b2b50f72f6d089129c7851fa1623c59","build_log","2026-07-23T05:45:58.7451829+00:00"
"logs/build/58086354_gradle_demo_gRPC_okhttp_3.log","6983","1e8040320be5c634d87cd14be2fc0ce25b1b149da9ae2919c8600339289e9670","build_log","2026-07-23T05:45:58.7451829+00:00"
"logs/build/58086354_gradle_demo_gRPC_okhttp_4.log","23146","4e7acee7f6c439f2f08dbc25ab67335b24114ddc1257eb1fd7f5a55ad3e34677","build_log","2026-07-23T05:45:58.7451829+00:00"
"logs/build/58086354_gradle_demo_gRPC_protobuf_1.log","6874","40cc7b94107496b5429a4a6d6ede31dc91555c1502c9d4d6bbdaecef76379440","build_log","2026-07-23T05:45:58.7451829+00:00"
"logs/build/58086354_gradle_demo_gRPC_protobuf_2.log","23033","86f6c13886407f9c54f6854e4548ab9c86a71197f4a7df64571b5045c71a766f","build_log","2026-07-23T05:45:58.7451829+00:00"
"logs/build/58086354_gradle_demo_gRPC_protobuf_3.log","6991","1683f77c309ba399e2d094ab7574e907907d9c5c5f0c8d56e87e0f5bece9451a","build_log","2026-07-23T05:45:58.7451829+00:00"
"logs/build/58086354_gradle_demo_gRPC_protobuf_4.log","23150","2ac37dbf9d5bd16d9bba8938db9a426994007896ffbc5912595808e135ee9a1b","build_log","2026-07-23T05:45:58.7451829+00:00"
"logs/build/58086354_gradle_demo_gRPC_protobuf-lite_1.log","6894","fe26f0f6306905644d62766a6d177f56ea020ccb7c1ff76d186fdaf25433c1f2","build_log","2026-07-23T05:45:58.7451829+00:00"
"logs/build/58086354_gradle_demo_gRPC_protobuf-lite_2.log","23043","45fdf735ba9e74a0f1f5eec8fc279f650170d01efced13507b4d976a1c6fb487","build_log","2026-07-23T05:45:58.7451829+00:00"
"logs/build/58086354_gradle_demo_gRPC_protobuf-lite_3.log","7011","f48e25e042b1b1720ff88a84f0bf4b929c7cfedbc88cdd1a3f65688ebe1ffb52","build_log","2026-07-23T05:45:58.7451829+00:00"
"logs/build/58086354_gradle_demo_gRPC_protobuf-lite_4.log","23160","5359bf9d4f1ae72ac50db1df3b7a3b2c7c593fe33860b34e2eb2dc03fb52738c","build_log","2026-07-23T05:45:58.7451829+00:00"
"logs/build/58086354_gradle_demo_gRPC_stub_1.log","6858","ca535afd39499d01ece744e2b50a31784bc636eb4d17227345e92071fd389e12","build_log","2026-07-23T05:45:58.7451829+00:00"
"logs/build/58086354_gradle_demo_gRPC_stub_2.log","23025","90cfc3b1f06a36613767a11f6e2f086cfbf7c742f8b89b2fc212933f57846f38","build_log","2026-07-23T05:45:58.7451829+00:00"
"logs/build/58086354_gradle_demo_gRPC_stub_3.log","6975","a5d0168fc82a745e5d64ab079c4ef51112233b21fadffb137acf464424bfa579","build_log","2026-07-23T05:45:58.7451829+00:00"
"logs/build/58086354_gradle_demo_gRPC_stub_4.log","23142","963871fcb414567e40e3c98fa7a84d4f9df823419d8f489ee69cc50907b51fc7","build_log","2026-07-23T05:45:58.7451829+00:00"
"logs/build/58591901_pipeline_exception.log","1178","3a46143073772689ae1b7ed200d3fa8bee493faa8b4c20663a1b7568578f42e5","build_log","2026-07-23T05:45:58.7451829+00:00"
"logs/build/597631_maven_biojava3-alignment_1.log","6317","d88571c61daf624f1ab592f5ae688df417130ffae406155d62140ad7a8e153dc","build_log","2026-07-23T05:45:58.7451829+00:00"
"logs/build/597631_maven_biojava3-alignment_2.log","6641","05ba2f6729dfb1fa69848686c341049d79b9bfb052e59f115500fe99641cf4dc","build_log","2026-07-23T05:45:58.7451829+00:00"
"logs/build/597631_maven_biojava3-alignment_3.log","4993","cd68ff11d6c1f8836ad244c2617ceef0bc5481150a1e024701f51fb22f1aba01","build_log","2026-07-23T05:45:58.7451829+00:00"
"logs/build/597631_maven_biojava3-alignment_4.log","5419","06b9641563507201ffff109c4618d209698742717430c9715cdd5c931cc47043","build_log","2026-07-23T05:45:58.7451829+00:00"
"logs/build/597631_maven_biojava3-alignment_5.log","6741","ce15a1598c1203cce9bed8d5d72f2eebf05e241119cc42befd6647b9a1bca96a","build_log","2026-07-23T05:45:58.7451829+00:00"
"logs/build/597631_maven_biojava3-alignment_6.log","5517","720b1930379c0edf729efea56a628af429622efe94cfe2f4bf0c5e5c469efbfe","build_log","2026-07-23T05:45:58.7451829+00:00"
"logs/build/597631_maven_biojava3-core_1.log","2224","04bd2fcddf63068c57f377ae3c566fa92b10ea0a3427c97b2fe9fd581f16c61a","build_log","2026-07-23T05:45:58.7451829+00:00"
"logs/build/597631_maven_biojava3-protein-disorder_1.log","3796","81819fda6bf7462a78b2099688be24a045dbfc72318ef1b1c1003e9d466189d4","build_log","2026-07-23T05:45:58.7451829+00:00"
"logs/build/597631_maven_biojava3-protein-disorder_2.log","4120","1872459816dd07ff26aad1a1a32d046be48d02b77b6d1e5401fa7a9c3591fd16","build_log","2026-07-23T05:45:58.7451829+00:00"
"logs/build/597631_maven_biojava3-protein-disorder_3.log","4568","6ee1863bbb8d8d0befc90ff9c5bb00aaa24f0a2f2ac9b93d107c0bd5cd3b50dd","build_log","2026-07-23T05:45:58.7451829+00:00"
"logs/build/597631_maven_biojava3-structure_1.log","5709","49099c366a54d915de6a35faa0a707bbd1d0df8d63a8731e3eadf4f3dcea8c78","build_log","2026-07-23T05:45:58.7451829+00:00"
"logs/build/597631_maven_biojava3-structure_2.log","6033","392621bd5bf73efa01958e0393972a2e297f4fa9f5be60ede6b878a3b233dbcc","build_log","2026-07-23T05:45:58.7451829+00:00"
"logs/build/597631_maven_biojava3-structure_3.log","5243","6891c8796ff7bfa5e3debc39fbef2339abb650715a51cea137e8d469d6f6faa5","build_log","2026-07-23T05:45:58.7451829+00:00"
"logs/build/597631_maven_biojava3-structure_4.log","5567","ccc2cad16c94eb69dbd4f3f9588856a3b325e98271ed3d89ce7f02c6f8640f70","build_log","2026-07-23T05:45:58.7451829+00:00"
"logs/build/597631_maven_biojava3-structure_5.log","6131","92883d98a81aace1d584439c17ba1116ed2690c466d652837d59d12fee9ec8b6","build_log","2026-07-23T05:45:58.7451829+00:00"
"logs/build/597631_maven_biojava3-structure_6.log","5665","0c4fbf7fc9a4f5d6a132da9206f3f8efe1f57f353d223f1ba8478cd5494aed48","build_log","2026-07-23T05:45:58.7451829+00:00"
"logs/build/60377070_maven_abi-check-plugin_1.log","3152","563ce9adea8eae99d934c41622d83026436798a7b6e9f58a1a5f5d6df369fd99","build_log","2026-07-23T05:45:58.7451829+00:00"
"logs/build/60377070_maven_abi-check-plugin_2.log","3583","70678dee0e812e642d76317a69587ddae59bd6de98961cd553934b807265ce88","build_log","2026-07-23T05:45:58.7451829+00:00"
"logs/build/60377070_maven_abi-check-plugin_3.log","41096","b8bb671205223ed9af60e58bc9cda5aa618bbdc5760794f8e00f8a578c416707","build_log","2026-07-23T05:45:58.7451829+00:00"
"logs/build/60377070_maven_abi-check-plugin_4.log","41420","443d59a44f3d296584e382bebfe12d61539e0979d247c8fa81c942da98df8e8b","build_log","2026-07-23T05:45:58.7451829+00:00"
"logs/build/60377070_maven_abi-check-plugin_5.log","3681","b7b2e9ae7e89cafb31842a1e11d6c97d79816084d6b6e4cc9fd754ee3a731203","build_log","2026-07-23T05:45:58.7451829+00:00"
"logs/build/60377070_maven_abi-check-plugin_6.log","211042","450b4ad6557767cc01ad4e5033f5bf139f1d32bf978ed04bd5b4e0c7efb802b7","build_log","2026-07-23T05:45:58.7451829+00:00"
"logs/build/60377070_maven_application_1.log","2007","ac75bcf674fe12c6c3f379c40279dad31d7aebdde14467b73b431d284ad87092","build_log","2026-07-23T05:45:58.7451829+00:00"
"logs/build/60377070_maven_application_2.log","2331","7f002bced5cfa9fb7c6688e07609b6769f0e01f210304b80a33a092ba6fe1ca6","build_log","2026-07-23T05:45:58.7451829+00:00"
"logs/build/60377070_maven_application_3.log","41091","b4043ca82f42a322da918863bd16588a16fd4eb3faeb12da6952d9fb3165fe1c","build_log","2026-07-23T05:45:58.7451829+00:00"
"logs/build/60377070_maven_application_4.log","41415","770f6791a0e0c8094ea0f694f16964db484eb9df6ef775edcddfdafca1d2f00f","build_log","2026-07-23T05:45:58.7451829+00:00"
"logs/build/60377070_maven_application_5.log","4131","6d758f3e4c5fa8e82e5c97e9ed341216219b466e9b2aefc04dce96eba7b2ef11","build_log","2026-07-23T05:45:58.7451829+00:00"
"logs/build/60377070_maven_application_6.log","211037","eaca6be26bb3c9231774d8bccdd2cba8ca9b1fa88139337709969d771a9592fb","build_log","2026-07-23T05:45:58.7451829+00:00"
"logs/build/60377070_maven_bundle-plugin_1.log","2114","eee83ce069867c053095cc2747f9a23863da9abc2e1429829b88d8c928b602ba","build_log","2026-07-23T05:45:58.7451829+00:00"
"logs/build/60377070_maven_bundle-plugin_2.log","2438","78d08df86ad145a8d7d708f7b4d6fb7d2f2b53cd49af5b13c4003399c753e04b","build_log","2026-07-23T05:45:58.7451829+00:00"
"logs/build/60377070_maven_bundle-plugin_3.log","41093","392fa8cf123e6c3be753b2cd4c4447fa17a9d2faacd59d1d68f69f25ca003325","build_log","2026-07-23T05:45:58.7451829+00:00"
"logs/build/60377070_maven_bundle-plugin_4.log","41417","cadb434852beeffcef72e1fcf4b4a7dde4445833c5cbf7834d117896ada429d5","build_log","2026-07-23T05:45:58.7451829+00:00"
"logs/build/60377070_maven_bundle-plugin_5.log","4198","005ce65168b5099c891544e0f4fe9d6ceb6e61d3487e21cb83ff4c72fadd7e62","build_log","2026-07-23T05:45:58.7451829+00:00"
"logs/build/60377070_maven_bundle-plugin_6.log","211039","d3ff8eab53556fd29fd8a682a9750cf62aef69719a43a87621bd4decc5e5492b","build_log","2026-07-23T05:45:58.7451829+00:00"
"logs/build/60377070_maven_clustercontroller-apps_1.log","2241","bd9598455cd3072a5e2be954760eeb104a34ae7804462e259a1a20512813d555","build_log","2026-07-23T05:45:58.7451829+00:00"
"logs/build/60377070_maven_clustercontroller-apps_2.log","2565","fc6b8594f79828a907584b14491fe87a3aca383ce17dee7e0e5c845f011a38b1","build_log","2026-07-23T05:45:58.7451829+00:00"
"logs/build/60377070_maven_clustercontroller-apps_3.log","41102","e773311505ee0c38a7ab968c3a81231c73564b76cc5425f216c3adabdd1ffdf0","build_log","2026-07-23T05:45:58.7451829+00:00"
"logs/build/60377070_maven_clustercontroller-apps_4.log","41426","e0cfb80c0ac8977c61c6886f55ca63b9717ba8ac076acbc3c0c55a20ee7c9d86","build_log","2026-07-23T05:45:58.7451829+00:00"
"logs/build/60377070_maven_clustercontroller-apps_5.log","5987","43c90f70c02594a259440f357b3f7165d551fc56dbd85a54028f779bb7bbc173","build_log","2026-07-23T05:45:58.7451829+00:00"
"logs/build/60377070_maven_clustercontroller-apps_6.log","211048","033ab041fe300c9a7cdf553ee25eb2227037fc287889e9ab7e9b03fc791ce6a1","build_log","2026-07-23T05:45:58.7451829+00:00"
"logs/build/60377070_maven_clustercontroller-core_1.log","2241","d24a50f6c98bb419dbd854c618d220789eec90d6ac564c053e5256b8ad54e661","build_log","2026-07-23T05:45:58.7451829+00:00"
"logs/build/60377070_maven_clustercontroller-core_2.log","2565","5e761449982e0e2f0d19a0000db68dfe8a6a8426fec160244d07a4e6be383a73","build_log","2026-07-23T05:45:58.7451829+00:00"
"logs/build/60377070_maven_clustercontroller-core_3.log","41102","dd5e89ca7cc899b667ffccc7aea74ca3ac8ab890391904152c1c4792e1b6fa2c","build_log","2026-07-23T05:45:58.7451829+00:00"
"logs/build/60377070_maven_clustercontroller-core_4.log","41426","5dc772b30bd2b34146734d9180b535ddc5463b1c6fe42dc08e9c643916cdc01f","build_log","2026-07-23T05:45:58.7451829+00:00"
"logs/build/60377070_maven_clustercontroller-core_5.log","5987","039fecc85edc50b3d2da2c4d6ea72928a526e2da9f9aeb3192802e68934e9845","build_log","2026-07-23T05:45:58.7451829+00:00"
"logs/build/60377070_maven_clustercontroller-core_6.log","211048","003256d9c8ffad3c0feb12d16d0ed07f7ec9347f4333d861982ac96b9a26ae71","build_log","2026-07-23T05:45:58.7451829+00:00"
"logs/build/60377070_maven_clustercontroller-utils_1.log","2244","8c52a880e3ad8565afee99db0b24ea988f7a86dc32d07fc57eec2b23bd09b1d6","build_log","2026-07-23T05:45:58.7451829+00:00"
"logs/build/60377070_maven_clustercontroller-utils_2.log","2568","18a87f543e15e45ae3191b7050a86e536956708a4b61c9806c9f8826f6c5abe4","build_log","2026-07-23T05:45:58.7451829+00:00"
"logs/build/60377070_maven_clustercontroller-utils_3.log","41103","cbf8346642e2bb22152141832e810d9c284c0bb26c71ae327187fcebeb854419","build_log","2026-07-23T05:45:58.7451829+00:00"
"logs/build/60377070_maven_clustercontroller-utils_4.log","41427","ad01950016d1fc1b9805a8d015bf628c6f07b7d9ece41f576514b6340b9075fb","build_log","2026-07-23T05:45:58.7451829+00:00"
"logs/build/60377070_maven_clustercontroller-utils_5.log","5990","dcb10e85951a3fc2f14540e11619b9f6c1142b6dd5fc8d3a8b13739f374e03bf","build_log","2026-07-23T05:45:58.7451829+00:00"
"logs/build/60377070_maven_clustercontroller-utils_6.log","211049","ceeefa3beb4fc704eddf32ae5fec4d5b9837a1490e2f3a545a3cac6e58ee5c7d","build_log","2026-07-23T05:45:58.7451829+00:00"
"logs/build/60377070_maven_config_1.log","2193","446be4c58dd48997107c7f42b3d487fadd56c139383e687177a07a50d8af48a7","build_log","2026-07-23T05:45:58.7451829+00:00"
"logs/build/60377070_maven_config_2.log","2517","1068ef0cc9810af0024c80ea4a409d80ee583520c1044be1f02cc971baa804b6","build_log","2026-07-23T05:45:58.7451829+00:00"
"logs/build/60377070_maven_config_3.log","41086","8a68095919cf44b883a0cb04d633a888b1c42d2b053606141084b4d16897a2bd","build_log","2026-07-23T05:45:58.7451829+00:00"
"logs/build/60377070_maven_config_4.log","41410","01dc786b14476f941b7b7a2dfd086bb41795d5fe3740df5b7396bc8bc8531bee","build_log","2026-07-23T05:45:58.7451829+00:00"
"logs/build/60377070_maven_config_5.log","5939","4613e32f1bb12ed37062d1344ad3f079deb534e4c435068d8d99893dd89a3f67","build_log","2026-07-23T05:45:58.7451829+00:00"
"logs/build/60377070_maven_config_6.log","211032","74390c9016c1b2219c6e0c6290dbccda08c641d84230fbfe7f37d445efec02af","build_log","2026-07-23T05:45:58.7451829+00:00"
"logs/build/60377070_maven_config-application-package_1.log","2253","026dcd9dd113f27b379db14a5828e396a56d2b434132731f7acf745c9fe08a4a","build_log","2026-07-23T05:45:58.7451829+00:00"
"logs/build/60377070_maven_config-application-package_2.log","2577","00aa5021d0614ad828a80ac621e8f06f2ff8fafc9e88e68c593c5939ed56d6af","build_log","2026-07-23T05:45:58.7451829+00:00"
"logs/build/60377070_maven_config-application-package_3.log","41106","a81d25dc0084c980e27c5147d54629c5370de370c61fc15be66caef27aa182a8","build_log","2026-07-23T05:45:58.7451829+00:00"
"logs/build/60377070_maven_config-application-package_4.log","41430","c7b32ed844e81892192b31b1ecafc7f0ff94248c0883c9fce59a51b0cd35162a","build_log","2026-07-23T05:45:58.7451829+00:00"
"logs/build/60377070_maven_config-application-package_5.log","5999","5cfd476efe7d9ec8fc2b16b52249057636b5079907fc34f9279434e2ceb7fd90","build_log","2026-07-23T05:45:58.7451829+00:00"
"logs/build/60377070_maven_config-application-package_6.log","211052","ed41cf6c026045b09bb15982f78c0f9fb7289c54c7872f288d6cfd7461e290bc","build_log","2026-07-23T05:45:58.7451829+00:00"
"logs/build/60377070_maven_configgen_1.log","27268","2b9be80fff61354d6d05debc2c94f6c5e33eacae95a193ad5178112202b55f07","build_log","2026-07-23T05:45:58.7451829+00:00"
"logs/build/60377070_maven_configgen_2.log","27692","a69ecefaea3815b0ba3a7b753e6d6a4dd34333642f5eeab31889647ac229b570","build_log","2026-07-23T05:45:58.7451829+00:00"
"logs/build/60377070_maven_configgen_3.log","41089","4ce2fce1ef3e64a0928f52e8f8d170ba15afe496cea6f66bbe83cbc029bfe421","build_log","2026-07-23T05:45:58.7451829+00:00"
"logs/build/60377070_maven_configgen_4.log","41413","d6a5c232d791bb44c267973c5d789311a142909af34c60687c9b8156043e7286","build_log","2026-07-23T05:45:58.7451829+00:00"
"logs/build/60377070_maven_configgen_5.log","27790","ce360e1d0d04c707b3469e54590dbf28c31afe88dbf8371758ebcbf04dffbe40","build_log","2026-07-23T05:45:58.7451829+00:00"
"logs/build/60377070_maven_configgen_6.log","211035","354517e0510f3769910b03c9ad25f119716600707af33637691528ee4154a884","build_log","2026-07-23T05:45:58.7451829+00:00"
"logs/build/60377070_maven_config-lib_1.log","2205","f624cfcc7863aaaebd5d70deb5feb5bf33979ff7d55de8cd34b0268e5777b9e8","build_log","2026-07-23T05:45:58.7451829+00:00"
"logs/build/60377070_maven_config-lib_2.log","2529","14b529a27a2bda120b873214da6667e247dfb6a062c6ca8f61f90c1e1d82db30","build_log","2026-07-23T05:45:58.7451829+00:00"
"logs/build/60377070_maven_config-lib_3.log","41090","4a02e60e812dbed665efdbe89dced07904111b48d0e7bbdf458323b3b85671de","build_log","2026-07-23T05:45:58.7451829+00:00"
"logs/build/60377070_maven_config-lib_4.log","41414","8679face989d64937a5a9a5dafb92d95b8baeee8f5ce64085133d42e0fdad4e3","build_log","2026-07-23T05:45:58.7451829+00:00"
"logs/build/60377070_maven_config-lib_5.log","5951","ecb95c695ff30ce99e25dcc5324dceedfe9eda70ade7ef95173ea5e5e5a652da","build_log","2026-07-23T05:45:58.7451829+00:00"
"logs/build/60377070_maven_config-lib_6.log","211036","9183bcce0304df3435b91d43088a09ab86922097430c25a14c2ebd0272ff57d9","build_log","2026-07-23T05:45:58.7451829+00:00"
"logs/build/60377070_maven_config-model_1.log","2211","68d4e50f8a76ba071ae93a9c6803b3b99a3ca1c5d980dd5e0680149eb6e746b2","build_log","2026-07-23T05:45:58.7451829+00:00"
"logs/build/60377070_maven_config-model_2.log","2535","1407d0a7bc76d0e6f73a5fcacd604a46bc47e569d0002ce5a36bb85ed62ca22b","build_log","2026-07-23T05:45:58.7451829+00:00"
"logs/build/60377070_maven_config-model_3.log","41092","567d201d7313fef5fcdb02d15b00e09beb0a4d8c61950c6ec7fa2ebf6157686d","build_log","2026-07-23T05:45:58.7451829+00:00"
"logs/build/60377070_maven_config-model_4.log","41416","f6d3791a4ac8b5cd56fda0b846b330ca36b2ddc94334319c97d6ccebc7629995","build_log","2026-07-23T05:45:58.7451829+00:00"
"logs/build/60377070_maven_config-model_5.log","5957","605f0fed46c28099ec3ca24acbdb7c4d98e9c9b188fe3d2f4b1bd345ccfe1b27","build_log","2026-07-23T05:45:58.7451829+00:00"
"logs/build/60377070_maven_config-model_6.log","211038","bb8a7d183a4cb44ba95366af7e2ee6eeba9c1b008a20aea2172a995684bc0d94","build_log","2026-07-23T05:45:58.7451829+00:00"
"logs/build/60377070_maven_config-model-api_1.log","2223","98a85b71ab8c786ae07a00cc0712f9c746cbdf1147f3c47e8e1b14bb576e86e7","build_log","2026-07-23T05:45:58.7451829+00:00"
"logs/build/60377070_maven_config-model-api_2.log","2547","e827870bf645a080b92e1b7bbad2ad6db2588de46fd3c9983d67a85ad2a9b8c6","build_log","2026-07-23T05:45:58.7451829+00:00"
"logs/build/60377070_maven_config-model-api_3.log","41096","4d1e2d4733557b616454c12b2bbee151b7cff42a744f914eeba28984f6fe167a","build_log","2026-07-23T05:45:58.7451829+00:00"
"logs/build/60377070_maven_config-model-api_4.log","41420","da47a2dcc904e4bebd0709ee10eeacedfab2572894d91ff2085f487dd4284a9e","build_log","2026-07-23T05:45:58.7451829+00:00"
"logs/build/60377070_maven_config-model-api_5.log","5969","b36412f9e87ecc05d962527213bca10c4970a9f6a9b52bfeec3d9aac01238313","build_log","2026-07-23T05:45:58.7451829+00:00"
"logs/build/60377070_maven_config-model-api_6.log","211042","06faf2706b11e8f552ac99658434173f501543334f970a302a9a690f4a0fe30f","build_log","2026-07-23T05:45:58.7451829+00:00"
"logs/build/60377070_maven_config-provisioning_1.log","2232","eb32de0c359c0215e5997fdafa944f837f7057e59d7265dc55291631837d0f8d","build_log","2026-07-23T05:45:58.7451829+00:00"
"logs/build/60377070_maven_config-provisioning_2.log","2556","6807fb736f5cca7458a33cf6139a58154934d9c4e2d751f06730ed4e7c1204b3","build_log","2026-07-23T05:45:58.7451829+00:00"
"logs/build/60377070_maven_config-provisioning_3.log","41099","f3e6f17f388e8816b33e03fdef9effbe99e092be025894c86f9956300df7edf2","build_log","2026-07-23T05:45:58.7451829+00:00"
"logs/build/60377070_maven_config-provisioning_4.log","41423","cd16c002cb2e37bf3953b59f63894a8e497e1d0d70d73a3028b075acd45d0d2a","build_log","2026-07-23T05:45:58.7451829+00:00"
"logs/build/60377070_maven_config-provisioning_5.log","5978","86a91a3a8674955788125df15acf95f485f620e5f4ff46111a04d2e47361978c","build_log","2026-07-23T05:45:58.7451829+00:00"
"logs/build/60377070_maven_config-provisioning_6.log","211045","ede5a95c5a90af4e019e820c370fe0ee3b820057302e20736814f26ee713cccd","build_log","2026-07-23T05:45:58.7451829+00:00"
"logs/build/60377070_maven_config-proxy_1.log","3622","5e741d7126a9a041f5595321c5530c9870ed4dc078e4684b206465d3cc9a11c0","build_log","2026-07-23T05:45:58.7451829+00:00"
"logs/build/60377070_maven_config-proxy_2.log","3946","d174c878def764c1a68bd056644633e8e6a83f98aeb36619d6fb9e29aac00412","build_log","2026-07-23T05:45:58.7451829+00:00"
"logs/build/60377070_maven_config-proxy_3.log","41092","628c670711de6aff3d1de5412b17cb937830f71c745f364ebda87a42c5a086d1","build_log","2026-07-23T05:45:58.7451829+00:00"
"logs/build/60377070_maven_config-proxy_4.log","41416","75f6580e0528a51e9243e0a3b508320e06880e02e462c00de549e666eff91856","build_log","2026-07-23T05:45:58.7451829+00:00"
"logs/build/60377070_maven_config-proxy_5.log","10795","db8503e593f6a1aa38998519095435f41522742a94d2e2f3c58cc1a364030955","build_log","2026-07-23T05:45:58.7451829+00:00"
"logs/build/60377070_maven_config-proxy_6.log","211038","03ed081ca8681c1971b53bcea77187ff18f697060f4f01e830d7b9e795a56514","build_log","2026-07-23T05:45:58.7451829+00:00"
"logs/build/60377070_maven_configserver_1.log","2211","3dcb9264746fdcf258ebb95307482e26afa8cfd825b0194d9ae90da806795318","build_log","2026-07-23T05:45:58.7451829+00:00"
"logs/build/60377070_maven_configserver_2.log","2535","f73cb2f75e288aa652c1b145ee3e687238291119328ccc1d4e22c0b5cc4d76d0","build_log","2026-07-23T05:45:58.7451829+00:00"
"logs/build/60377070_maven_configserver_3.log","42576","2716ee16d1eff781608046c7324b0cde716313524e69bc1d38c9f7e0c4d44423","build_log","2026-07-23T05:45:58.7451829+00:00"
"logs/build/60377070_maven_configserver_4.log","41416","a0a848f45e6f7b89b24a5c9fcb64766a2c67cd2d43a89326f3e31c4aceb4e170","build_log","2026-07-23T05:45:58.7451829+00:00"
"logs/build/60377070_maven_configserver_5.log","4038","f707fb6006a440f1bf3734cf6356b3e0a56d6dab664f1c028e3a179b811dc41f","build_log","2026-07-23T05:45:58.7451829+00:00"
"logs/build/60377070_maven_configserver_6.log","211038","f27dec67d581ff65c6e5f12be023d446b7b6f27145b1922b64de6feb3ee6d153","build_log","2026-07-23T05:45:58.7451829+00:00"
"logs/build/60377070_maven_configserver-flags_1.log","2229","4c9527c208e02942d75e4b6e35f2ed8c43f37a54a9b5c38ad22e923273a72425","build_log","2026-07-23T05:45:58.7451829+00:00"
"logs/build/60377070_maven_configserver-flags_2.log","2553","a3a817896ccaa624c8c952d0d3536fc56ba8ca7ccf087eb1a4a126326cf649cb","build_log","2026-07-23T05:45:58.7451829+00:00"
"logs/build/60377070_maven_configserver-flags_3.log","41098","c131053f7bff795c0865e60f0c5a2004182744bee77b687ff7c6b20e7c1e2aae","build_log","2026-07-23T05:45:58.7451829+00:00"
"logs/build/60377070_maven_configserver-flags_4.log","41422","6f5b6e15c2364138bc37d4983aa88dba5782d736d604b26504aabd0e01be9098","build_log","2026-07-23T05:45:58.7451829+00:00"
"logs/build/60377070_maven_configserver-flags_5.log","5975","33f45bdfd1141bf1a25c23b3bb6fc91820abc5765f78e897a9abde1002b90305","build_log","2026-07-23T05:45:58.7451829+00:00"
"logs/build/60377070_maven_configserver-flags_6.log","211044","ff2d5974e76160d7bdea0ac643156d154c5b04dfac5078269d4f080c0469f2c7","build_log","2026-07-23T05:45:58.7451829+00:00"
"logs/build/60377070_maven_container-disc_1.log","2217","2a743445a1e176b93b6ed634f211715ce5cd3c529a17c91336a4ab090c49511b","build_log","2026-07-23T05:45:58.7451829+00:00"
"logs/build/60377070_maven_container-disc_2.log","2541","d23b24f2e0f3a31ce4aa074de483b3e7dd93366fe280a09995cd41f6d660646b","build_log","2026-07-23T05:45:58.7451829+00:00"
"logs/build/60377070_maven_container-disc_3.log","41094","d8eadd817cc40a0ebb85a95852925f1c967327eb0c0f6f0bbfba7cb79b33350b","build_log","2026-07-23T05:45:58.7451829+00:00"
"logs/build/60377070_maven_container-disc_4.log","41418","312a20acd8b802a701c91a10c6be44fb234a27d7b84b9b37c90b8f738280bdc1","build_log","2026-07-23T05:45:58.7451829+00:00"
"logs/build/60377070_maven_container-disc_5.log","5963","920fc8c471db0c40c36fc8852c9eb1eaf8acf7e46ac77ee7e5be43d3ce5bba8b","build_log","2026-07-23T05:45:58.7451829+00:00"
"logs/build/60377070_maven_container-disc_6.log","211040","f88825dbf511d01405a1273c59758126521d5214ea176aeab9a7ed1a7ce786c6","build_log","2026-07-23T05:45:58.7451829+00:00"
"logs/build/60377070_maven_container-search_1.log","2017","949dea92d0ccbfb37fb40d5bdb22806c5713d0d4e64e55dbfbfcb4ce76504ecf","build_log","2026-07-23T05:45:58.7451829+00:00"
"logs/build/60377070_maven_container-search_2.log","2341","b40430d088d90b980d8cdba2732a99a1ec3068ef62b924d360709e843f3236e4","build_log","2026-07-23T05:45:58.7451829+00:00"
"logs/build/60377070_maven_container-search_3.log","41096","d32a6dc2ff2fd82c32daf32eb297d893d6b3bc79eb2b9c2b199f72a32137345b","build_log","2026-07-23T05:45:58.7451829+00:00"
"logs/build/60377070_maven_container-search_4.log","41420","8050fce9e172c098f5e7f6226df5d3342bc136c7157548a72ed86406c15ef492","build_log","2026-07-23T05:45:58.7451829+00:00"
"logs/build/60377070_maven_container-search_5.log","3183","86ebafec11215c4346186f2d524f88cb45017a968766faa0b3a164e3f2c32224","build_log","2026-07-23T05:45:58.7451829+00:00"
"logs/build/60377070_maven_container-search_6.log","211042","56e82cf3fe6e95b3519f52b0fcf0277355978cd523d1b6c9659833bfc66f2150","build_log","2026-07-23T05:45:58.7451829+00:00"
"logs/build/60377070_maven_document_1.log","2001","d4f168219b8463bec3ee9322db03c8f51c683fa30051d0e2e771f9b7b059623d","build_log","2026-07-23T05:45:58.7451829+00:00"
"logs/build/60377070_maven_document_2.log","2325","b80f78ba65a164a56a32bbab6774bd6d367cb9302f9f198bc9687d03e5aec3e3","build_log","2026-07-23T05:45:58.7451829+00:00"
"logs/build/60377070_maven_document_3.log","41088","bb650dc8b79f5e99360a4eb16da70cdf94303d8f580011e7a18a49c4d5aaabd2","build_log","2026-07-23T05:45:58.7451829+00:00"
"logs/build/60377070_maven_document_4.log","41412","40da3bdeb38c4cbe697bc839dda234049b8f71b12d5748d3b90d88c3d6baa984","build_log","2026-07-23T05:45:58.7451829+00:00"
"logs/build/60377070_maven_document_5.log","4125","e7290eba975670c429a29afcbfab7cf18e5e372775394653a993ece758fac19f","build_log","2026-07-23T05:45:58.7451829+00:00"
"logs/build/60377070_maven_document_6.log","211034","2f361dca1a0201457192f1e14b32feaf015d575dddbc09f9566d4fe2533baf03","build_log","2026-07-23T05:45:58.7451829+00:00"
"logs/build/60377070_maven_documentapi_1.log","2007","e73deb98616201482771dfea2f92f4584903c851c490b20dec555cec6a5ab9b3","build_log","2026-07-23T05:45:58.7451829+00:00"
"logs/build/60377070_maven_documentapi_2.log","2331","82a57bdde2b1f2146fdf3f1154bbc14a3419f54bcf3788796c0cb78f01021cf7","build_log","2026-07-23T05:45:58.7451829+00:00"
"logs/build/60377070_maven_documentapi_3.log","41091","b18746e8b0a09fa3f01b06695c37e71df850b0f18190b4b1a2f745bc7a945c2a","build_log","2026-07-23T05:45:58.7451829+00:00"
"logs/build/60377070_maven_documentapi_4.log","41415","f2de98a2366bccbdd0a652411b77adaa2a05f582f2578d2c6dfce800055e38b4","build_log","2026-07-23T05:45:58.7451829+00:00"
"logs/build/60377070_maven_documentapi_5.log","4131","456f9e88ad07304be7b2385dd38b3c5090addffbd74e3049db9fc2a714fd4fad","build_log","2026-07-23T05:45:58.7451829+00:00"
"logs/build/60377070_maven_documentapi_6.log","211037","8dfefa1969354e147c8c78dda76e788677895ecf76184ec6ec2748869b14a123","build_log","2026-07-23T05:45:58.7451829+00:00"
"logs/build/60377070_maven_filedistribution_1.log","2859","b8b05022011d7ea7dd8072c13ebe7faf9d3e879c00d7742b7bfc4f709934e032","build_log","2026-07-23T05:45:58.7451829+00:00"
"logs/build/60377070_maven_filedistribution_2.log","3183","5b71ee169a0338a48b2d07076585d71068177f849acfbf9cac7f93518dbb112d","build_log","2026-07-23T05:45:58.7451829+00:00"
"logs/build/60377070_maven_filedistribution_3.log","41096","28591db50611ca6b680c98d1f71851ad84714afde7f059a7e790d8c0a41e2c0b","build_log","2026-07-23T05:45:58.7451829+00:00"
"logs/build/60377070_maven_filedistribution_4.log","41420","7f50fffa03d6dc774220915308ae6f9f89cf2af644c01b2139c70020a33e263f","build_log","2026-07-23T05:45:58.7451829+00:00"
"logs/build/60377070_maven_filedistribution_5.log","9849","6dc8048423596a26bc801605205522d85925e286d2e56a852feea6d898c28187","build_log","2026-07-23T05:45:58.7451829+00:00"
"logs/build/60377070_maven_filedistribution_6.log","211042","151bff3d7d4700302efb665c2c65ad6cd42f76c2fc79db664958c2abc7a72cad","build_log","2026-07-23T05:45:58.7451829+00:00"
"logs/build/60377070_maven_flags_1.log","2190","a39fcbe3aa82aee0321b46dd430c0f29ba367a4f760e79d3de96c9ee5f46cf93","build_log","2026-07-23T05:45:58.7451829+00:00"
"logs/build/60377070_maven_flags_2.log","2514","9b48098bda9870c60ffcbd02824e31a5dbb549fb210585173239df528aa8108d","build_log","2026-07-23T05:45:58.7451829+00:00"
"logs/build/60377070_maven_flags_3.log","41085","8c2aa84cb0a0045eccb8f79d7335c941795e11d69be84dc4efc65f3740e760af","build_log","2026-07-23T05:45:58.7451829+00:00"
"logs/build/60377070_maven_flags_4.log","41409","987c412d134deccf5cfb9e330977fe30b3d289771dbf32a15eca968df7a84560","build_log","2026-07-23T05:45:58.7451829+00:00"
"logs/build/60377070_maven_flags_5.log","5936","faeb98e236bf88c89dd534991d64c855ae8b584231bb86e1f06cc7f559f38950","build_log","2026-07-23T05:45:58.7451829+00:00"
"logs/build/60377070_maven_flags_6.log","211031","507de764030efe67e1e46207b573fda009215c417c09d3342b93358f6ecc8ffb","build_log","2026-07-23T05:45:58.7451829+00:00"
"logs/build/60377070_maven_hosted-zone-api_1.log","2220","faa8e803f2e8e83d3d1b8544e6836f2f34b14ead116134cba6df4773714eecfb","build_log","2026-07-23T05:45:58.7451829+00:00"
"logs/build/60377070_maven_hosted-zone-api_2.log","2544","126c7117257e3c8af129d15b920384eddc37bf0e7bba71b78a5283bc8c955271","build_log","2026-07-23T05:45:58.7451829+00:00"
"logs/build/60377070_maven_hosted-zone-api_3.log","41095","bddde7dd1d17d007a729f6722128be65bceb81ff49e2cafd23ecbea1f4589704","build_log","2026-07-23T05:45:58.7451829+00:00"
"logs/build/60377070_maven_hosted-zone-api_4.log","41419","0f6117d70c4849b11c2f0a034026be91f74f62a3c9c7a1034c5dca110275a153","build_log","2026-07-23T05:45:58.7451829+00:00"
"logs/build/60377070_maven_hosted-zone-api_5.log","5966","613a650ef45edd71b89a117720830da47b8d458e5ef3a0dcf52e8da1b2b39188","build_log","2026-07-23T05:45:58.7451829+00:00"
"logs/build/60377070_maven_hosted-zone-api_6.log","211041","7d897e7f70c91560ebc661e9ea894d6b7c24dc370bf7d5064451071443e47eb1","build_log","2026-07-23T05:45:58.7451829+00:00"
"logs/build/60377070_maven_logserver_1.log","2827","64480da42f87e5ea8681c91cffe6710e4051c36821e91596bab13704f7e0a002","build_log","2026-07-23T05:45:58.7451829+00:00"
"logs/build/60377070_maven_logserver_2.log","3151","5d6d5df451b005cff6734508b19506705ec51d828cbc2be9e33022c63f2f5307","build_log","2026-07-23T05:45:58.7451829+00:00"
"logs/build/60377070_maven_logserver_3.log","41089","db9f4dcd371e718ce1652ae60b277d5c6cf711ee5cb804640e5a329b2c2ed5af","build_log","2026-07-23T05:45:58.7451829+00:00"
"logs/build/60377070_maven_logserver_4.log","41413","19efb791a1d04927c7ed3133f6fc276a34c9e9b3b14faf821cce906bbd05bf00","build_log","2026-07-23T05:45:58.7451829+00:00"
"logs/build/60377070_maven_logserver_5.log","9817","6d37e05040a407deca2d0d23eda2b4b638f376e95cc033f262629c63d83483a1","build_log","2026-07-23T05:45:58.7451829+00:00"
"logs/build/60377070_maven_logserver_6.log","211035","2e810c0315c2267a33470128d2f36df11ac35fb523c7c909af6b72ed1c6e568b","build_log","2026-07-23T05:45:58.7451829+00:00"
"logs/build/60377070_maven_messagebus_1.log","2005","b0008bbf1223a0e9a4bdd0bc48ab200bf6c5f4bf6abaa4085436a235541daf28","build_log","2026-07-23T05:45:58.7451829+00:00"
"logs/build/60377070_maven_messagebus_2.log","2329","649db5b39a227e9b30e5543a145e18a9a5e74e012e119c9b295f3a190ed315e1","build_log","2026-07-23T05:45:58.7451829+00:00"
"logs/build/60377070_maven_messagebus_3.log","41090","46a886c337e49bdf5707583b9c08f5b21fcf643c147abcd94e6fd7967c7dc586","build_log","2026-07-23T05:45:58.7451829+00:00"
"logs/build/60377070_maven_messagebus_4.log","41414","4f25613de8ac3501b158f1fef4e6c5b59517c16a6c90f9e1063024c795516c45","build_log","2026-07-23T05:45:58.7451829+00:00"
"logs/build/60377070_maven_messagebus_5.log","4129","660bbe209d39799e08259833157ab7d1699641c3c9c9bdddf31539005d3232db","build_log","2026-07-23T05:45:58.7451829+00:00"
"logs/build/60377070_maven_messagebus_6.log","211036","ec8c38bfbe628a7f56290b11c5b8b052f65faa035eb291ea7da0184186d194ec","build_log","2026-07-23T05:45:58.7451829+00:00"
"logs/build/60377070_maven_metrics-proxy_1.log","2214","4c75fd762ad466e76504d2e1845f19f50a4ffa5f77f296b129414c4804f6415e","build_log","2026-07-23T05:45:58.7451829+00:00"
"logs/build/60377070_maven_metrics-proxy_2.log","2538","747d45ff81eb7b770e954cf7ae7669a5a12d21e17e648be42f3ff7be21a76510","build_log","2026-07-23T05:45:58.7451829+00:00"
"logs/build/60377070_maven_metrics-proxy_3.log","41093","6c6c97c368918cfcf750dcc4a60ef5904b2eb7952541a13a43a7d464eacca851","build_log","2026-07-23T05:45:58.7451829+00:00"
"logs/build/60377070_maven_metrics-proxy_4.log","41417","fe6531328cf088f36c6d8187feddd1ce3567d6e16de35c9eb437e3061786d9d4","build_log","2026-07-23T05:45:58.7451829+00:00"
"logs/build/60377070_maven_metrics-proxy_5.log","5960","7f736a7b2ff535a3fc02b3b595150d42a719035d3a07b0d931beb854454a6aa2","build_log","2026-07-23T05:45:58.7451829+00:00"
"logs/build/60377070_maven_metrics-proxy_6.log","211039","ce75e9345bbf64367bede718f509ec3bc4aa151f03e4dd591f046f97004a7891","build_log","2026-07-23T05:45:58.7451829+00:00"
"logs/build/60377070_maven_model-evaluation_1.log","2223","d2f469ef190b18e7ae3113b156a78c1b996ba0fdec9e1c8fcce6261e48f9ed82","build_log","2026-07-23T05:45:58.7451829+00:00"
"logs/build/60377070_maven_model-evaluation_2.log","2547","515815f055c10e968109716cd1913531c265f27604e56bb22e76fe736cef29ed","build_log","2026-07-23T05:45:58.7451829+00:00"
"logs/build/60377070_maven_model-evaluation_3.log","41096","ea784577f0c43e0a9a7075df8e44365a8dc7070c323cff1101b577c648ebd4fd","build_log","2026-07-23T05:45:58.7451829+00:00"
"logs/build/60377070_maven_model-evaluation_4.log","41420","6d127d80dce1f3d98f7af7a3d82cf4f8abc0713cb269047cfbdc61c1a5e3b975","build_log","2026-07-23T05:45:58.7451829+00:00"
"logs/build/60377070_maven_model-evaluation_5.log","5969","6f50c5cba9a26e1796624ae8ab649e4f41a30541f20c9771cecab56e4814d359","build_log","2026-07-23T05:45:58.7451829+00:00"
"logs/build/60377070_maven_model-evaluation_6.log","211042","cb2fdf71286b17f7b3eb184f0357f7775966fa3ea2b079b0c16dbdc30de63097","build_log","2026-07-23T05:45:58.7451829+00:00"
"logs/build/60377070_maven_predicate-search_1.log","2410","26dce78f0d6f35c537a7465dfcf7c4971fee4a5657eb772aa7f453fcdd719d49","build_log","2026-07-23T05:45:58.7451829+00:00"
"logs/build/60377070_maven_predicate-search_2.log","2734","03d91fe161231e05fadb29d110c46aa2505e1a9d8bbd2183ce894bc0e45a0b52","build_log","2026-07-23T05:45:58.7451829+00:00"
"logs/build/60377070_maven_predicate-search_3.log","41096","82ed74577ac9437bdd64945891def564e233223e3f5edb6aad09595aec29e676","build_log","2026-07-23T05:45:58.7451829+00:00"
"logs/build/60377070_maven_predicate-search_4.log","41420","6cb152c0c7e1f9a07caf8fa5b16f498322ffe0d4aa5fa4aacd1a76200a4eef95","build_log","2026-07-23T05:45:58.7451829+00:00"
"logs/build/60377070_maven_predicate-search_5.log","4288","f091a8dace722ba9fa768f21d29556835e84cd554db86d34d1b3bd154fa0b84d","build_log","2026-07-23T05:45:58.7451829+00:00"
"logs/build/60377070_maven_predicate-search_6.log","211042","9a34cf08494c27997ccd67328a882dcdb9cafdfbd28974e4f2f8ac4ec853438b","build_log","2026-07-23T05:45:58.7451829+00:00"
"logs/build/60377070_maven_predicate-search-core_1.log","2394","dd0c9b45f0a4679bb32705f3767c4eb6bf323661047ebbbd1526f8d6c2afabf2","build_log","2026-07-23T05:45:58.7451829+00:00"
"logs/build/60377070_maven_predicate-search-core_2.log","2718","da85e33005c04c6be8318391a8eb0b8585a2baca9f073c29aae4ef0948a123d8","build_log","2026-07-23T05:45:58.7451829+00:00"
"logs/build/60377070_maven_predicate-search-core_3.log","41101","8bee4f320610ca3f0954f2dfe9203c2cb2d8c8f45b48a713bff01883f834591a","build_log","2026-07-23T05:45:58.7451829+00:00"
"logs/build/60377070_maven_predicate-search-core_4.log","41425","d9362dccace844c5e72085ab6a09bbd91cffb24dc4229a29d07f52fccc153a62","build_log","2026-07-23T05:45:58.7451829+00:00"
"logs/build/60377070_maven_predicate-search-core_5.log","5172","6d8201b6279dc0281624c5d9bd73410af44f5a7858a842b36a8987403d6342d3","build_log","2026-07-23T05:45:58.7451829+00:00"
"logs/build/60377070_maven_predicate-search-core_6.log","211047","228901b5f51de5054d95a467341889006f87b26745d5fb901fb4fe7b84a7558b","build_log","2026-07-23T05:45:58.7451829+00:00"
"logs/build/60377070_maven_searchlib_1.log","2202","7a65e364427784e138301c96e42eb8f9c5ba1b03528cbc8c159ffe2fc5de0d97","build_log","2026-07-23T05:45:58.7451829+00:00"
"logs/build/60377070_maven_searchlib_2.log","2526","6c4ee1293c7b4f40a4a8031c4d4221c0c547b826efb99022c2cba47491dcd7c5","build_log","2026-07-23T05:45:58.7451829+00:00"
"logs/build/60377070_maven_searchlib_3.log","41089","c62acb38b429534967c961ccc2244f2016c2d3cc7ee99840782ef8cbaa4bc4ce","build_log","2026-07-23T05:45:58.7451829+00:00"
"logs/build/60377070_maven_searchlib_4.log","41413","2d2776eecf8082c090e630cec48c6b431314aa958644a26ed8deaed58e1ac4e7","build_log","2026-07-23T05:45:58.7451829+00:00"
"logs/build/60377070_maven_searchlib_5.log","5948","7da4cd5b7f2d54d2a3097f3a208951a4f163601e0d14d53508c2c1dc897ca55c","build_log","2026-07-23T05:45:58.7451829+00:00"
"logs/build/60377070_maven_searchlib_6.log","211035","c54e7a87869eb2703bc8f5746fb7b5bdea94dfe2af989039376c1837775f3b86","build_log","2026-07-23T05:45:58.7451829+00:00"
"logs/build/60377070_maven_security-utils_1.log","2113","15dbbe19b2ca7eecabf26ba6349058da2ac42171c4287d4b044c6102bf82d245","build_log","2026-07-23T05:45:58.7451829+00:00"
"logs/build/60377070_maven_security-utils_2.log","2437","50a53d25ae7b04c77547648d35489ccaf202873f889ff1990556893c94bb0be5","build_log","2026-07-23T05:45:58.7451829+00:00"
"logs/build/60377070_maven_security-utils_3.log","41094","16f3be5828f567c830bbcda94b200239f8d4d4ddae53e4561d11788bf4d38c9d","build_log","2026-07-23T05:45:58.7451829+00:00"
"logs/build/60377070_maven_security-utils_4.log","41418","93a5725bd0bd9468dd753ac5446b1460f131cf9ec66dab48125f16f30dbc20d4","build_log","2026-07-23T05:45:58.7451829+00:00"
"logs/build/60377070_maven_security-utils_5.log","4197","a11611f7d70c35e0809ac06c62b1ae4a20e9b7e27ed953a1f77ecf290bcba4dc","build_log","2026-07-23T05:45:58.7451829+00:00"
"logs/build/60377070_maven_security-utils_6.log","211040","851cfb1d32e2179fbd8c1098186d53173e4095a00af15f7718e99043e8de459a","build_log","2026-07-23T05:45:58.7451829+00:00"
"logs/build/60377070_maven_vdslib_1.log","2193","c9c462ffd60f815c8f47d5cc416d5b86e82923a731a9ae77c8bb6ff4c2d01b5f","build_log","2026-07-23T05:45:58.7451829+00:00"
"logs/build/60377070_maven_vdslib_2.log","2517","2d688370f4cfb5c89bf30d39340a17d1a7c8297542ad6f454a1adbd33924a055","build_log","2026-07-23T05:45:58.7451829+00:00"
"logs/build/60377070_maven_vdslib_3.log","41086","af7ad94b5485bea4a3d5fbf1f7b859fd87f18f226af84a1ede4cd08a8b4de9cd","build_log","2026-07-23T05:45:58.7451829+00:00"
"logs/build/60377070_maven_vdslib_4.log","41410","ab831f995d1c33aa3652f37f4e0e0c30d42754fbe58e4c86130df196bfa2c5a4","build_log","2026-07-23T05:45:58.7451829+00:00"
"logs/build/60377070_maven_vdslib_5.log","5939","723e87775e14163261e55cf9b7adb3d71c3af8faf67d97cd106d3459c911d47f","build_log","2026-07-23T05:45:58.7451829+00:00"
"logs/build/60377070_maven_vdslib_6.log","211032","6de27af0f1d04db210e20fd3559954f91965b7d1e0f3fa823b04c60ce46a3412","build_log","2026-07-23T05:45:58.7451829+00:00"
"logs/build/60377070_maven_vespaclient-container-plugin_1.log","2259","904f84e36203467fc394809269a29f5d195b7479b609f915b38da5eaa154a94a","build_log","2026-07-23T05:45:58.7451829+00:00"
"logs/build/60377070_maven_vespaclient-container-plugin_2.log","2583","0821dd6cd63e89162cd7228c76dd883a64d67c20841be28da2018b6a81222822","build_log","2026-07-23T05:45:58.7451829+00:00"
"logs/build/60377070_maven_vespaclient-container-plugin_3.log","41108","0726f326e694ca2b95fe5a89e353304d66c0ab18a39bf525fa21304433dbc77a","build_log","2026-07-23T05:45:58.7451829+00:00"
"logs/build/60377070_maven_vespaclient-container-plugin_4.log","41432","b700a837160de0811e2415ac42fc5f188263f8acafa4b261708e3e809aa70a6e","build_log","2026-07-23T05:45:58.7451829+00:00"
"logs/build/60377070_maven_vespaclient-container-plugin_5.log","6005","79c71c6294ba8091b7a940312ad71c58d25ac5b98fc61b73713668d2fd7aae53","build_log","2026-07-23T05:45:58.7451829+00:00"
"logs/build/60377070_maven_vespaclient-container-plugin_6.log","211054","66fbdaaec128de503f95c3821881a3e77af45046bdc0840bd8f45f611299f40b","build_log","2026-07-23T05:45:58.7451829+00:00"
"logs/build/60377070_maven_vespaclient-java_1.log","4355","598b416909a4ba5988fe5647529e6b8089e424c26454cc57262f464cfaabff61","build_log","2026-07-23T05:45:58.7451829+00:00"
"logs/build/60377070_maven_vespaclient-java_2.log","4679","5e20710125b3234517fd73867aa2b20fcf5ad0e0b9b2647b1288490c62aa22bb","build_log","2026-07-23T05:45:58.7451829+00:00"
"logs/build/60377070_maven_vespaclient-java_3.log","41096","91a879f77b43d2bda4a423470f9c6ba8a180f764e2c90040ce9f9751bba0660a","build_log","2026-07-23T05:45:58.7451829+00:00"
"logs/build/60377070_maven_vespaclient-java_4.log","41420","26cd132d80226c2f9f808d58085d2d26878b8c878914f67c5c6f20a9863771d7","build_log","2026-07-23T05:45:58.7451829+00:00"
"logs/build/60377070_maven_vespaclient-java_5.log","13252","fed43a5d3909287f43b050f70645a4053b7926c9333440e761fe74c5ef77c1ae","build_log","2026-07-23T05:45:58.7451829+00:00"
"logs/build/60377070_maven_vespaclient-java_6.log","211042","77ad819c062be4cbc006de326782e717bfdf6583fe2cdd8eedb1acfcbc1999e9","build_log","2026-07-23T05:45:58.7451829+00:00"
"logs/build/60377070_maven_vespajlib_1.log","2202","ebe7a6990341c984255a842fdc391c8928342a9ec3ba37e58061343cc500c7ae","build_log","2026-07-23T05:45:58.7451829+00:00"
"logs/build/60377070_maven_vespajlib_2.log","2526","c7f5a72e2841fe7ff2224a5badecc7178dd14617a7d9c74a36b9e091945d686f","build_log","2026-07-23T05:45:58.7451829+00:00"
"logs/build/60377070_maven_vespajlib_3.log","41089","df8a557b8d2c8e7f601b3fd5f90a11e9ab6c823845fce3586635528d78b65a0f","build_log","2026-07-23T05:45:58.7451829+00:00"
"logs/build/60377070_maven_vespajlib_4.log","41413","29edda1e3d86134f49072c548612ea9dcfd6125d57ae198f2300edd44b0e719e","build_log","2026-07-23T05:45:58.7451829+00:00"
"logs/build/60377070_maven_vespajlib_5.log","5948","32f33794fc6d3ee46221f3a107caebe7c549c29b8c736d7ad91f2f738089ac0f","build_log","2026-07-23T05:45:58.7451829+00:00"
"logs/build/60377070_maven_vespajlib_6.log","211035","0c1a439adfc0a18cf128c2258322a04233db6983870325eac04a1df1fd75527d","build_log","2026-07-23T05:45:58.7451829+00:00"
"logs/build/60377070_maven_vespalog_1.log","2199","2ee84d6ba240d28ffb79471ad16cfb9ec51bc97bf782820cbd04bef34f6f9a33","build_log","2026-07-23T05:45:58.7451829+00:00"
"logs/build/60377070_maven_vespalog_2.log","2523","b8bfdf03514f31cefbdabc29357aca6c0eb61f2aa58deeaf2998a230ebefb4d1","build_log","2026-07-23T05:45:58.7451829+00:00"
"logs/build/60377070_maven_vespalog_3.log","41088","5cc6939cd12063c5875336becf5b41d77702f10c8f244a26e238a92622876b4a","build_log","2026-07-23T05:45:58.7451829+00:00"
"logs/build/60377070_maven_vespalog_4.log","41412","d70afb07e0ae99650c1155743f95958c26da75bf3d2d3755e2b7b756f1b07542","build_log","2026-07-23T05:45:58.7451829+00:00"
"logs/build/60377070_maven_vespalog_5.log","5945","94307489adef2acf8f3df4d57473177f88ddc917abf2dc7adf1ab9056edfb867","build_log","2026-07-23T05:45:58.7451829+00:00"
"logs/build/60377070_maven_vespalog_6.log","211034","010e806dee361699f61033a04368cd485c49bae59f4e25087c7bed14622505d7","build_log","2026-07-23T05:45:58.7451829+00:00"
"logs/build/60377070_maven_zkfacade_1.log","2199","177c137a1714f695f1e080fdd82030c47e24058d36090bd8fbe6d17b6af316fe","build_log","2026-07-23T05:45:58.7451829+00:00"
"logs/build/60377070_maven_zkfacade_2.log","2523","4a0601689f66ab06d3e379d5fcaf0e8db9664dfef95cc0d4866eb67734f17f07","build_log","2026-07-23T05:45:58.7451829+00:00"
"logs/build/60377070_maven_zkfacade_3.log","41088","552f99f8932b669e64b004b5ef59fa247d271d9f8a4adcad82628f7ba1f06b37","build_log","2026-07-23T05:45:58.7451829+00:00"
"logs/build/60377070_maven_zkfacade_4.log","41412","1d80f9e3e7f82860bcced812894d3193256b77f1c6a16387a2477580484431f1","build_log","2026-07-23T05:45:58.7451829+00:00"
"logs/build/60377070_maven_zkfacade_5.log","5945","ec171d0f347ba7a8727ed745197cda2cd559201e7f511fcf8463a511e88dffd5","build_log","2026-07-23T05:45:58.7451829+00:00"
"logs/build/60377070_maven_zkfacade_6.log","211034","6e674cafd556373a59408eb1ba3996908c3e46a451168e7e111710978ef27c13","build_log","2026-07-23T05:45:58.7451829+00:00"
"logs/build/60377070_maven_zookeeper-server_zookeeper-server-common_1.log","2278","f3163102e45b57437739aaec4e501ea0ab4c09e2f5cc051a7156799981584d32","build_log","2026-07-23T05:45:58.7451829+00:00"
"logs/build/60377070_maven_zookeeper-server_zookeeper-server-common_2.log","2602","373595b8dc3645d817a4e7ede4edfb5723192477d1b4bb8dfdfbbdd0d233325c","build_log","2026-07-23T05:45:58.7451829+00:00"
"logs/build/60377070_maven_zookeeper-server_zookeeper-server-common_3.log","41120","d096fa16f3dcc87afaa3862a9217eebab606a5e62250d22e965924a94c3d949e","build_log","2026-07-23T05:45:58.7451829+00:00"
"logs/build/60377070_maven_zookeeper-server_zookeeper-server-common_4.log","41444","e5c728ccd09c6a1875f9a16ee4bf067a69bb58fe541d57a4e1208424cd566ae4","build_log","2026-07-23T05:45:58.7451829+00:00"
"logs/build/60377070_maven_zookeeper-server_zookeeper-server-common_5.log","6024","1e6555c71f226ed747b67ac43e9b9354de5ffd7a6df1a4efa7ffa2e57a506fae","build_log","2026-07-23T05:45:58.7451829+00:00"
"logs/build/60377070_maven_zookeeper-server_zookeeper-server-common_6.log","211066","7d4e89bf15c3d6fb99327d80b5e24447a79d4ec6a5778d489234b52010fe70c4","build_log","2026-07-23T05:45:58.7451829+00:00"
"logs/build/60578004_maven_elastic-jobx-core_1.log","2495","4ec40a7f9575386848def2b75f353a9c7ea57d97a3a663572d4864e4ff4f1f14","build_log","2026-07-23T05:45:58.7451829+00:00"
"logs/build/61565876_maven_injector_1.log","5253","a85efefbf3e71f3b5d840d1278ea6c222cb726cc8ec62247b242efa59a68a057","build_log","2026-07-23T05:45:58.7451829+00:00"
"logs/build/62117812_gradle_managed-ledger_1.log","4723","a7864a290a0ff6555ef95cb50519b4e20c00a9726fb2d13b85b2d6ea294b9745","build_log","2026-07-23T05:45:58.7451829+00:00"
"logs/build/62117812_gradle_managed-ledger_2.log","28851","d51e7a605f1afa17f47aa1a141e360a890db3897068473d58cd11ece6ebe2bac","build_log","2026-07-23T05:45:58.7451829+00:00"
"logs/build/62117812_gradle_managed-ledger_3.log","4840","2ddf47299bd2872d07579900ac029d42cfe7049d229e1a8a9c5d83974d808a26","build_log","2026-07-23T05:45:58.7451829+00:00"
"logs/build/62117812_gradle_managed-ledger_4.log","28968","4c81d7eb304ebaa107ba5eb37dabaa9fdd7eb106ed404dec996f926124f25ae3","build_log","2026-07-23T05:45:58.7451829+00:00"
"logs/build/62117812_gradle_pulsar-broker_1.log","4721","25ff3a415c34af50e575a3d9014bca688180f7bd0437778cace15ef2ae51035d","build_log","2026-07-23T05:45:58.7451829+00:00"
"logs/build/62117812_gradle_pulsar-broker_2.log","28849","a2a643ed392286edd2289de9c5f52d013f7d5de430bb57db6f625b10f6695b7d","build_log","2026-07-23T05:45:58.7451829+00:00"
"logs/build/62117812_gradle_pulsar-broker_3.log","4838","49eb235838acaa005d933b7773fc0c7ba2eedaf30a6089a3159eff395a40cbcd","build_log","2026-07-23T05:45:58.7451829+00:00"
"logs/build/62117812_gradle_pulsar-broker_4.log","28966","ab44c9c6254618d9598a212f0e944dd1f64f36ad7b156c4da460f9a66b7d984e","build_log","2026-07-23T05:45:58.7451829+00:00"
"logs/build/62117812_gradle_pulsar-broker-auth-athenz_1.log","4745","b138b1266f5553c9e7b72da25b2597e711c7b2dc64d2a66b6ddaef6046efbf77","build_log","2026-07-23T05:45:58.7451829+00:00"
"logs/build/62117812_gradle_pulsar-broker-auth-athenz_2.log","28873","7145ef5c09c3a1f75b89dc822afccdf6be480e7cd58e52c47b741883a4bca92c","build_log","2026-07-23T05:45:58.7451829+00:00"
"logs/build/62117812_gradle_pulsar-broker-auth-athenz_3.log","4862","7874318764d478306191ef4382cb4e4631c2997f1c01e54f7257ce8bfe4e53d9","build_log","2026-07-23T05:45:58.7451829+00:00"
"logs/build/62117812_gradle_pulsar-broker-auth-athenz_4.log","28990","48f991162612b87b899dfee5c861ef295a5b95f05c33d97fe0ed042067896a32","build_log","2026-07-23T05:45:58.7451829+00:00"
"logs/build/62117812_gradle_pulsar-broker-common_1.log","4735","6daca753c73426d9d61974dffd284d643e67493b1098c6d1caacf447723452be","build_log","2026-07-23T05:45:58.7451829+00:00"
"logs/build/62117812_gradle_pulsar-broker-common_2.log","28863","4439f6d0b9f24b2b59a19a3737724227186b8c03d15f1cb7a682a1dea61c9fd9","build_log","2026-07-23T05:45:58.7451829+00:00"
"logs/build/62117812_gradle_pulsar-broker-common_3.log","4852","3188a73acf2d66561c07c33826f1195d5dadb3f7901241333516617549d853ae","build_log","2026-07-23T05:45:58.7451829+00:00"
"logs/build/62117812_gradle_pulsar-broker-common_4.log","28980","ef0e96e54c0b019a337e5ec0d0b0551fe8800eddba6d2533e36663d7b0709f89","build_log","2026-07-23T05:45:58.7451829+00:00"
"logs/build/62117812_gradle_pulsar-client_1.log","5295","dfa1b544527211aa6ad9ecebb12fa7042b751c9087b4bec6a8f02d7b70794d8f","build_log","2026-07-23T05:45:58.7451829+00:00"
"logs/build/62117812_gradle_pulsar-client_2.log","28849","55e6c6c8ea828cbb1822f66d4b8ff8ddef14d287c415444a747d666d220ebb5f","build_log","2026-07-23T05:45:58.7451829+00:00"
"logs/build/62117812_gradle_pulsar-client_3.log","4838","19461f28fdeebb38395c6db4ad19561835b5dace8fc3c84c8765beb875414b1b","build_log","2026-07-23T05:45:58.7451829+00:00"
"logs/build/62117812_gradle_pulsar-client_4.log","28966","0a66b60580e2f336f17e5537fb3139737000ca68785fd4d6ff68892108e28bf6","build_log","2026-07-23T05:45:58.7451829+00:00"
"logs/build/62117812_gradle_pulsar-client-auth-athenz_1.log","4745","ca5a8af9c8a2b92e714bb025a3fa97d3f6ec572fee15406c2f42b20d135c70c7","build_log","2026-07-23T05:45:58.7451829+00:00"
"logs/build/62117812_gradle_pulsar-client-auth-athenz_2.log","28873","069f26dc708e2d9042d68a48ebde32f7c1fef1c94c9825c2ca637cfa4a88a1c2","build_log","2026-07-23T05:45:58.7451829+00:00"
"logs/build/62117812_gradle_pulsar-client-auth-athenz_3.log","4862","3a24a0fc3b923b796f5e96eeaf5f12f57292f15d5a9315e14f42c6c4cc83f4ec","build_log","2026-07-23T05:45:58.7451829+00:00"
"logs/build/62117812_gradle_pulsar-client-auth-athenz_4.log","28990","3ab4596b89fe11e4655eb595b7aa6dadf4a8d6cfeaa47a31b999c73a51e04f29","build_log","2026-07-23T05:45:58.7451829+00:00"
"logs/build/62117812_gradle_pulsar-client-tools_1.log","4733","973b3262c771e87c7a68a566743fcc53fd7428a352d720bfbeaeae7c224d983e","build_log","2026-07-23T05:45:58.7451829+00:00"
"logs/build/62117812_gradle_pulsar-client-tools_2.log","28861","b5a1dda9297fa26e046be696ea8ea156ddefddd162e2b67291530c9afe5b1f20","build_log","2026-07-23T05:45:58.7451829+00:00"
"logs/build/62117812_gradle_pulsar-client-tools_3.log","4850","bc4cf995dd2f2e537b8c677f820fdba9ec59b24ce0231a08abd1e55dd349fd4a","build_log","2026-07-23T05:45:58.7451829+00:00"
"logs/build/62117812_gradle_pulsar-client-tools_4.log","28978","97f9e2ab700cf395a037115db202eeda02e69d0f463d05123c30ffa70bc834d1","build_log","2026-07-23T05:45:58.7451829+00:00"
"logs/build/62117812_gradle_pulsar-common_1.log","4721","dea52e3ed614a4d2f51e0ebe25efeac1592b8303a9c6d08d92181405b8012b02","build_log","2026-07-23T05:45:58.7451829+00:00"
"logs/build/62117812_gradle_pulsar-common_2.log","28849","7b274d8f8cd745f7487190ce9bbf96d9eb5de38b42fed0cfc5fda409dcd42d66","build_log","2026-07-23T05:45:58.7451829+00:00"
"logs/build/62117812_gradle_pulsar-common_3.log","4838","185d899c53712e749569dc7c33efbf86e7990406297d3738d2c055874efe37b9","build_log","2026-07-23T05:45:58.7451829+00:00"
"logs/build/62117812_gradle_pulsar-common_4.log","28966","c5a296d9d19fcf9d6a13ab2155736cef1ab52359a2ad99882b63e08738c38039","build_log","2026-07-23T05:45:58.7451829+00:00"
"logs/build/62117812_gradle_pulsar-config-validation_1.log","4743","7d25d5a12301ce080e4c6be0371a0bca802d95bc4ea091bac759df849aae8dad","build_log","2026-07-23T05:45:58.7451829+00:00"
"logs/build/62117812_gradle_pulsar-config-validation_2.log","28871","ba9ef064e317a3a25d92a0b1f7945a8df062a36530f8a5934df23c89b965e30f","build_log","2026-07-23T05:45:58.7451829+00:00"
"logs/build/62117812_gradle_pulsar-config-validation_3.log","4860","706eba3e9078f131dbf5402897dfc4b2b16b8344ba7985099ec27facd081a572","build_log","2026-07-23T05:45:58.7451829+00:00"
"logs/build/62117812_gradle_pulsar-config-validation_4.log","28988","7006f1c608a4e454cee818a0181456b74e00ca1da1e18c48b6a11f7a5d35146f","build_log","2026-07-23T05:45:58.7451829+00:00"
"logs/build/62117812_gradle_pulsar-functions_instance_1.log","4745","4d657a1a5616ae0229ee45331976efa206a597cd2907a970d2a13131ef9af437","build_log","2026-07-23T05:45:58.7451829+00:00"
"logs/build/62117812_gradle_pulsar-functions_instance_2.log","28873","97e8ecba3420e070e62c104caa034c1eec5d4c96eb1341f19b75ecb4e3d8032f","build_log","2026-07-23T05:45:58.7451829+00:00"
"logs/build/62117812_gradle_pulsar-functions_instance_3.log","4862","49c82088e487269d4e6ebcac001fa4c615f41606b7bcfe3024cb35b568cedec4","build_log","2026-07-23T05:45:58.7451829+00:00"
"logs/build/62117812_gradle_pulsar-functions_instance_4.log","28990","6fdd7e029c173a95f11f5c4ffcbb1cc82bbd781ae7ea3a58bd7530f59aad8aa7","build_log","2026-07-23T05:45:58.7451829+00:00"
"logs/build/62117812_gradle_pulsar-functions_runtime_1.log","4743","ed2c0aafbb0b9ff5418cfa5a123206d031141d8bd63a2bbee489c0b7b7cd26b2","build_log","2026-07-23T05:45:58.7451829+00:00"
"logs/build/62117812_gradle_pulsar-functions_runtime_2.log","28871","e353ce5bea5f223ed7c93dee8c1174f39072602d34b21ba30b2c642a764eb8bf","build_log","2026-07-23T05:45:58.7451829+00:00"
"logs/build/62117812_gradle_pulsar-functions_runtime_3.log","4860","bb450dca634e682c8be80d3247bf7568dce1df804db0224f1992df770c4b8c6d","build_log","2026-07-23T05:45:58.7451829+00:00"
"logs/build/62117812_gradle_pulsar-functions_runtime_4.log","28986","4556a13ccb922bea88e453dadefcdca09ae9cc06f844bc7976d0c7555d282f68","build_log","2026-07-23T05:45:58.7451829+00:00"
"logs/build/62117812_gradle_pulsar-functions_secrets_1.log","4743","c6e238a389f4e63e117d84297c008e34e227a452d1d78074d0849d086d357599","build_log","2026-07-23T05:45:58.7451829+00:00"
"logs/build/62117812_gradle_pulsar-functions_secrets_2.log","28871","0edfc400dd3f884d57d3eaddb86f3ea5c1fe09e99289c4e656c9e82fddd80af8","build_log","2026-07-23T05:45:58.7451829+00:00"
"logs/build/62117812_gradle_pulsar-functions_secrets_3.log","4860","6e15d9bfb2af11a9126e076dd16d67590ac4c1667bb32bd22f72f0f9495997bc","build_log","2026-07-23T05:45:58.7451829+00:00"
"logs/build/62117812_gradle_pulsar-functions_secrets_4.log","28988","4a6164f905da5b4442d83c35455d2c8a36c0defd6701e31ae9295a638c25a7c0","build_log","2026-07-23T05:45:58.7451829+00:00"
"logs/build/62117812_gradle_pulsar-functions_utils_1.log","4739","754fb85ee0c7fe95a5ae21e9d74bb3189f959683dfb181b3994954d05202bf03","build_log","2026-07-23T05:45:58.7451829+00:00"
"logs/build/62117812_gradle_pulsar-functions_utils_2.log","28867","66fd08cacc34206f115c29717cff041838913f454d666c0a0650e868ee0c9cea","build_log","2026-07-23T05:45:58.7451829+00:00"
"logs/build/62117812_gradle_pulsar-functions_utils_3.log","4856","4b36112cc4aedb1f5346d4cdf09c7c7db0be3b19207ef1e1225866014a53c909","build_log","2026-07-23T05:45:58.7451829+00:00"
"logs/build/62117812_gradle_pulsar-functions_utils_4.log","28984","1ef1e76428fa8c876a065da24fe727824b98bbd303616170012c65422e3109ae","build_log","2026-07-23T05:45:58.7451829+00:00"
"logs/build/62117812_gradle_pulsar-functions_worker_1.log","4741","2419d4e3efbd95337aafe65efb856fdd63158a05c65922d18ed349a5191ce840","build_log","2026-07-23T05:45:58.7451829+00:00"
"logs/build/62117812_gradle_pulsar-functions_worker_2.log","28869","6efff33e030c214ac3c071e23e428b65b0dc7bb6a8d411c7b7666bf53aa841a2","build_log","2026-07-23T05:45:58.7451829+00:00"
"logs/build/62117812_gradle_pulsar-functions_worker_3.log","4858","835d28aa937a8917abacd76a14af7d140099919c326b281de63d4538026ab671","build_log","2026-07-23T05:45:58.7451829+00:00"
"logs/build/62117812_gradle_pulsar-functions_worker_4.log","28986","dfc87b4612f304af5cb5f5f3326d2325861227e5fb36b1abf6369303c9ed99f9","build_log","2026-07-23T05:45:58.7451829+00:00"
"logs/build/62117812_gradle_pulsar-io_common_1.log","4727","4c17f747ec112bbe885e5a0fa7d1fd37ab9c2a939a6c2ca01b47e13c9ecd9874","build_log","2026-07-23T05:45:58.7451829+00:00"
"logs/build/62117812_gradle_pulsar-io_common_2.log","28855","c5cc1266313a1578eef172de5a906127fe8590e7b31a1cfee8fd1c4242a352db","build_log","2026-07-23T05:45:58.7451829+00:00"
"logs/build/62117812_gradle_pulsar-io_common_3.log","4844","b2ee8626e7bb9748bf61357e61b6a41b3b69a99535587808c8c58bb0090f086d","build_log","2026-07-23T05:45:58.7451829+00:00"
"logs/build/62117812_gradle_pulsar-io_common_4.log","28972","9dbe8b17f4ed003331d78c125a9f0287f635f8328fa8334eba676d7de1cba650","build_log","2026-07-23T05:45:58.7451829+00:00"
"logs/build/62117812_gradle_tiered-storage_jcloud_1.log","4737","72c06788c14919170f9d0b8845dbb2442c7d23940ea25abb738152bce976414b","build_log","2026-07-23T05:45:58.7451829+00:00"
"logs/build/62117812_gradle_tiered-storage_jcloud_2.log","28865","94bd1ddb0adf01d83f4e2d0c05d6ccefc448df9159bb9c94bc8e6ec010514249","build_log","2026-07-23T05:45:58.7451829+00:00"
"logs/build/62117812_gradle_tiered-storage_jcloud_3.log","4854","6774bdbd414da631af74e356d6e96b8750cc7c18e606d00f0a673fe7add7d582","build_log","2026-07-23T05:45:58.7451829+00:00"
"logs/build/62117812_gradle_tiered-storage_jcloud_4.log","28982","2c5d3b954f046386838e80af6c5c5a9298ead04f641dd0070573c7e03170583c","build_log","2026-07-23T05:45:58.7451829+00:00"
"logs/build/6293402_maven_server_1.log","5488","5a4e370d610b94c9af75383787d7980b2f8e52f9338c946e055f34774eb22a3f","build_log","2026-07-23T05:45:58.7451829+00:00"
"logs/build/6437134_maven_enav-model_1.log","2146","f33d62783c3053867a00b3fc9bffddc3148f3fc5901d6e7aabf821b60c67e80c","build_log","2026-07-23T05:45:58.7451829+00:00"
"logs/build/6437134_maven_enav-model_2.log","2630","beabfa2404e179b6339ed9237ebd87c2c19cba917b0bff26d0dfcc5c8009b70b","build_log","2026-07-23T05:45:58.7451829+00:00"
"logs/build/6437134_maven_enav-model_3.log","4938","e590c852c1baa9d2fb9101bd42868a270cf9eec672a58f5296eada4e69ab7cb0","build_log","2026-07-23T05:45:58.7451829+00:00"
"logs/build/6437134_maven_enav-serialization_1.log","2181","a1e5e8a1804fce535adea5def46f4435eee958d8e41e49ebd987a9b5c0a04f72","build_log","2026-07-23T05:45:58.7451829+00:00"
"logs/build/6437134_maven_enav-serialization_2.log","2665","0bc7e1fee0a040ea4153cc09ec812b6dace6e810104ae0a00c6ebcbd0ce8371f","build_log","2026-07-23T05:45:58.7451829+00:00"
"logs/build/6437134_maven_enav-serialization_3.log","6714","1fe86b4b5ef26be590c388b7b33663c1e8f5fbe46419942a51a400e7e60ca7e9","build_log","2026-07-23T05:45:58.7451829+00:00"
"logs/build/6437134_maven_enav-util_1.log","2497","9b6f12ab8743195d53d060abeedd86360e13f09e710a923a562621f1c8f23fa1","build_log","2026-07-23T05:45:58.7451829+00:00"
"logs/build/64487983_maven_bridge_1.log","3916","fbc0c29f7bc88909b32a2128803c6fc04d60e7ccc2d81096fbd78206c6e35557","build_log","2026-07-23T05:45:58.7451829+00:00"
"logs/build/64487983_maven_dependency-injection_1.log","4154","15c1b41cd372b2dcdc9fbd4bc5ea56c086e890b94d5f0f88655b7f2f48be3939","build_log","2026-07-23T05:45:58.7451829+00:00"
"logs/build/64487983_maven_hexagonal_1.log","3967","e35a5cc4a09ea82f63b90252a05fd76bdf20efffa64e14484bd96515c4a4a75f","build_log","2026-07-23T05:45:58.7451829+00:00"
"logs/build/66030306_gradle_reactor-netty-core_1.log","4729","ee8a653baa26aef9dd6352fcf674ade8ff62485762b7bfa7f6e132f44590b237","build_log","2026-07-23T05:45:58.7451829+00:00"
"logs/build/66030306_gradle_reactor-netty-core_2.log","120417","693aecdd3c1df5ce0469a16def7edd911c956ccabebb0a5893e21ea0787f3489","build_log","2026-07-23T05:45:58.7451829+00:00"
"logs/build/66030306_gradle_reactor-netty-core_3.log","4846","3b271eb616cf8a10944e9c03a8c7d73a36c5981fa649a5c6bd00ef4b92953501","build_log","2026-07-23T05:45:58.7451829+00:00"
"logs/build/66030306_gradle_reactor-netty-core_4.log","120534","97d8eee78fc39cc40b28a86a019657029ee09d8349c0b45b5d9a25be45dfd22c","build_log","2026-07-23T05:45:58.7451829+00:00"
"logs/build/66030306_gradle_reactor-netty-http_1.log","4729","38e80e00784dcb1471fa9114457019518757969e16ed2b0d52a4f5e1df6e9a48","build_log","2026-07-23T05:45:58.7451829+00:00"
"logs/build/66030306_gradle_reactor-netty-http_2.log","120415","e2da6bf3e90feb38a9cd95202042b5f1c5f73a263638cea874ae7460f2f7e387","build_log","2026-07-23T05:45:58.7451829+00:00"
"logs/build/66030306_gradle_reactor-netty-http_3.log","4846","bc96e935bfc3ff34d1242d7bcdc71d89fa07ac0e98df908054d2caa2193bfb89","build_log","2026-07-23T05:45:58.7451829+00:00"
"logs/build/66030306_gradle_reactor-netty-http_4.log","120532","97281d8ec75035415a40b2e92df2daea6d69eba3baa4a5a11c07460ceb91c038","build_log","2026-07-23T05:45:58.7451829+00:00"
"logs/build/66062805_maven_zebra-cat-client_1.log","2908","502c0e12cf2c89870c4e6fc53c41d55725ad268245989bbcb25824277789f5fd","build_log","2026-07-23T05:45:58.7451829+00:00"
"logs/build/66062805_maven_zebra-cat-client_2.log","3232","e963b629b7fb0e6e41cf6d52b1af4f54e68f49acd1f68613bb4913d20f167958","build_log","2026-07-23T05:45:58.7451829+00:00"
"logs/build/66062805_maven_zebra-cat-client_3.log","6482","611830de6b1146b517a5c25dec1bd686c0234c7751bc8454f617f9c2beb9686d","build_log","2026-07-23T05:45:58.7451829+00:00"
"logs/build/66062805_maven_zebra-cat-client_4.log","6806","abad056c785ae22893f9e17e2c2ef9d32f78b80c236284411c6dc671f991918d","build_log","2026-07-23T05:45:58.7451829+00:00"
"logs/build/66062805_maven_zebra-cat-client_5.log","3190","e32aa2977bab2db5ab9734a2ad32d47db9b951be094ea8f079130a7f3ed7ff6f","build_log","2026-07-23T05:45:58.7451829+00:00"
"logs/build/66062805_maven_zebra-cat-client_6.log","6835","ce8903bfef548d5158586b608d84d930a0f373ff80388b23086e11b2857f0a99","build_log","2026-07-23T05:45:58.7451829+00:00"
"logs/build/66062805_maven_zebra-client_1.log","3076","3f3baa6bcb4c54dba71bed036db1811633f3aa7febc326dc2cb267a93c85b4ec","build_log","2026-07-23T05:45:58.7451829+00:00"
"logs/build/66303306_maven_event_1.log","4507","f2a52c10d28c1a9e16062a5bd10b9ccbffcd7da210d28e30fd0826f763326b3b","build_log","2026-07-23T05:45:58.7451829+00:00"
"logs/build/66303306_maven_event_2.log","5629","efe4ec797baeee90eb8a39e6972b10565299c05ee2d7335a4a2c62c006240c9d","build_log","2026-07-23T05:45:58.7451829+00:00"
"logs/build/66303306_maven_event_3.log","52987","0c775a1a56ab5cef86a34940d6cbb6e3b7683c7720eeea88845053911cca82c7","build_log","2026-07-23T05:45:58.7451829+00:00"
"logs/build/66303306_maven_web_1.log","18658","09609d98f46225a461793a67ee1f2d1546ec816a7c66195d2c0ba0f897a1d6d2","build_log","2026-07-23T05:45:58.7451829+00:00"
"logs/build/66303306_maven_web_2.log","24580","1d6e75e0c644dc5056ef4645985c75519c167c9a820923a537472671c56194aa","build_log","2026-07-23T05:45:58.7451829+00:00"
"logs/build/66303306_maven_web_3.log","258673","d2ec6ab5a2a37db137d3905de8d4607caa74859a5fb6cc46fc50961fb3d02394","build_log","2026-07-23T05:45:58.7451829+00:00"
"logs/build/67436705_maven_org.openhab.binding.zigbee_1.log","23833","eed7f10608528c163658931f6c0f9c042516367e7c07e207069eb17784e24b40","build_log","2026-07-23T05:45:58.7451829+00:00"
"logs/build/67436705_maven_org.openhab.binding.zigbee_10.log","24263","8f6a62118774b1152e315c759dd54ece2908779ea0481c10cd1b4c80468a5cba","build_log","2026-07-23T05:45:58.7451829+00:00"
"logs/build/67436705_maven_org.openhab.binding.zigbee_11.log","24128","12189677fb3934bd6e839d60f7834aa9dd6b94ae5e5588d574d97f3e4ecc86f1","build_log","2026-07-23T05:45:58.7451829+00:00"
"logs/build/67436705_maven_org.openhab.binding.zigbee_12.log","24137","2240fa026194d60c1e69213f2d71ef2714c618072326b479c99809580ed6064f","build_log","2026-07-23T05:45:58.7451829+00:00"
"logs/build/67436705_maven_org.openhab.binding.zigbee_2.log","24156","78017548463fe4890399430b04d51ee1b12ec494a9e4033dd4e0d867d6a185d9","build_log","2026-07-23T05:45:58.7451829+00:00"
"logs/build/67436705_maven_org.openhab.binding.zigbee_3.log","23842","45b80ce1fd0a1bc121c9a07a96c61d36dca1c1ad5604f1ca46b89423f7308abf","build_log","2026-07-23T05:45:58.7451829+00:00"
"logs/build/67436705_maven_org.openhab.binding.zigbee_4.log","24165","bc5104429fcaeb06e6c5f6d0317b25a21727d11d1a570a42ae91106c8cafea80","build_log","2026-07-23T05:45:58.7451829+00:00"
"logs/build/67436705_maven_org.openhab.binding.zigbee_5.log","23706","73308e7095742987139c6339fc1305f1b44dd081633b476f11cf6b8f0863be35","build_log","2026-07-23T05:45:58.7451829+00:00"
"logs/build/67436705_maven_org.openhab.binding.zigbee_6.log","24030","86002f9bd4b1b7625259e956062759eece0a066fd42b95714874d3f54ef33371","build_log","2026-07-23T05:45:58.7451829+00:00"
"logs/build/67436705_maven_org.openhab.binding.zigbee_7.log","23715","736e354bde01ba1258b367709c0e0949e24716dc1aafad0ef7ce18e587771d7f","build_log","2026-07-23T05:45:58.7451829+00:00"
"logs/build/67436705_maven_org.openhab.binding.zigbee_8.log","24039","67313e55db56cb8cacf6477a2bc0e3d757a591a37db057d39076ed641054566d","build_log","2026-07-23T05:45:58.7451829+00:00"
"logs/build/67436705_maven_org.openhab.binding.zigbee_9.log","24254","13cee547960c5a3050aa43c4e279abba45b4414ab60a5ff478bb2f561164922d","build_log","2026-07-23T05:45:58.7451829+00:00"
"logs/build/67934497_maven_middleware-performance_endpoint-source_1.log","2961","edb989a472cdd1b0459f1d0372a3a1db82127135381d0216fc5b966f7bd3f9e3","build_log","2026-07-23T05:45:58.7451829+00:00"
"logs/build/67934497_maven_middleware-performance_endpoint-source_2.log","3412","2aeb2b51d70d0941657cd7bc13dea698d0428a78bb5e7784fc2ec1bef6983ee9","build_log","2026-07-23T05:45:58.7451829+00:00"
"logs/build/67934497_maven_middleware-performance_endpoint-source_3.log","3510","9f1167a5929ad61dda28800a0126990e48164eceece1e7af455c6a53843dc28a","build_log","2026-07-23T05:45:58.7451829+00:00"
"logs/build/67934497_maven_rest_openapi_ms-aggregate_aa_https_1.log","2954","9b615ddf88001f80fed50b46d13b9056ad4e6c69f81108274c6d2d0abfa7ad2b","build_log","2026-07-23T05:45:58.7451829+00:00"
"logs/build/67934497_maven_rest_openapi_ms-aggregate_aa_https_2.log","3403","7bd7f937e9588215ef6ea8dee96c9d1f1e2e7590031f71f8fd7ce56783b9fea3","build_log","2026-07-23T05:45:58.7451829+00:00"
"logs/build/67934497_maven_rest_openapi_ms-aggregate_aa_https_3.log","3501","f102e7972ad03ccec11c322c0466c8cc496efebe7b7a9cd71f91b97f60a533eb","build_log","2026-07-23T05:45:58.7451829+00:00"
"logs/build/67934497_maven_rest_swagger_ms_chain_api_a_metrics_1.log","2956","0bdd2e11e0187384f780a9966b4359ca4036f9e19925d6b6ce6d8a9c8164150c","build_log","2026-07-23T05:45:58.7451829+00:00"
"logs/build/67934497_maven_rest_swagger_ms_chain_api_a_metrics_2.log","3404","b497a46c1abc3d6471288e83bdcd29882188fb51af6462364bab03e710770ce3","build_log","2026-07-23T05:45:58.7451829+00:00"
"logs/build/67934497_maven_rest_swagger_ms_chain_api_a_metrics_3.log","3502","9f3de8d1bc7d81a1ed10b9c03e6491d441727f8e2277c9e7c22f34dd56fec0ef","build_log","2026-07-23T05:45:58.7451829+00:00"
"logs/build/67934497_maven_rest_swagger_ms_chain_api_b_metrics_1.log","2954","c365379faf12501a784771145e94ea496831ecded3a64f77e74a1c8644b1e8ea","build_log","2026-07-23T05:45:58.7451829+00:00"
"logs/build/67934497_maven_rest_swagger_ms_chain_api_b_metrics_2.log","3404","9e855dff5519cb18597a40eeb698f1918c2b08f31cab8386a0ad1fc8ae64465f","build_log","2026-07-23T05:45:58.7451829+00:00"
"logs/build/67934497_maven_rest_swagger_ms_chain_api_b_metrics_3.log","3502","8aed7d46c980ffbde49a349cd25910a231ce78bc39a96d0b599237b7f546ff9c","build_log","2026-07-23T05:45:58.7451829+00:00"
"logs/build/67934497_maven_rest_swagger_ms_chain_api_c_metrics_1.log","2954","4819d5a1afdaa5da6d1e81f899fbe578ed806d9a7dc623e770ee85c0c369f315","build_log","2026-07-23T05:45:58.7451829+00:00"
"logs/build/67934497_maven_rest_swagger_ms_chain_api_c_metrics_2.log","3404","f1ea523445f716cb49254a2e3ddcf7ba2f9e574c59863739c8ad7525014f09d5","build_log","2026-07-23T05:45:58.7451829+00:00"
"logs/build/67934497_maven_rest_swagger_ms_chain_api_c_metrics_3.log","3502","5b2d2e73bf8226cf8f90356717da1446ba0f20b55b6004d099ee2269cbd8d0a2","build_log","2026-07-23T05:45:58.7451829+00:00"
"logs/build/6944525_gradle_d2_1.log","19484","a6e141a631910e3fa582d5931ae7e3630269579bb672b5df03c8f483b4b334b4","build_log","2026-07-23T05:45:58.7451829+00:00"
"logs/build/6944525_gradle_restli-server_1.log","17443","b05e22d41af930ec30276e98db70a6241d7dd371f49dbf2ae5326a4cfd3d7042","build_log","2026-07-23T05:45:58.7451829+00:00"
"logs/build/6944525_gradle_restli-server_2.log","27722","7d7d037097a8121b948dd7d6384699c6f07e089d44f7a098022113b0204f796b","build_log","2026-07-23T05:45:58.7451829+00:00"
"logs/build/6944525_gradle_restli-server_3.log","15173","8cb015ceccfe9fb2e394f4532418ed55189fa5fa7eeab320a537a688bc13987d","build_log","2026-07-23T05:45:58.7451829+00:00"
"logs/build/6944525_gradle_restli-server_4.log","27839","cfbed56722f7228119a172c536dd0c0ba81bf57f791458ab76db8282fbcc526b","build_log","2026-07-23T05:45:58.7451829+00:00"
"logs/build/69595482_pipeline_exception.log","1178","338543dd4d593166d41a6367f36aaea04ff2850b34a1e891927288a3203efb65","build_log","2026-07-23T05:45:58.7451829+00:00"
"logs/build/712229_maven_flume-core_1.log","2326","c69f6d583463ed6f089bd94155e89f5919a005a4108b634dd68b54b6afc6d221","build_log","2026-07-23T05:45:58.7451829+00:00"
"logs/build/712229_maven_flume-core_2.log","2650","ea055f945f400ba774e4d11ec5aca1755fdeaee9f76e34c2d60fbf757e85894f","build_log","2026-07-23T05:45:58.7451829+00:00"
"logs/build/712229_maven_flume-core_3.log","3292","54c0ec3585108d212c9ef9bf606d7a5d915cd36f9b09679cafdc5c3a542a9bc9","build_log","2026-07-23T05:45:58.7451829+00:00"
"logs/build/712229_maven_flume-core_4.log","3616","613741cb1d54ab374b443f44aaf9386a5afb229cc668a4cf4b55b0bf26ccc1a6","build_log","2026-07-23T05:45:58.7451829+00:00"
"logs/build/712229_maven_flume-core_5.log","2748","1fb57b9a00ae51d5beb5956d4c99e194f0ab8ae456c0e23d5fbffdd9905ef51b","build_log","2026-07-23T05:45:58.7451829+00:00"
"logs/build/712229_maven_flume-core_6.log","3714","4f217bb8d2294de2221cb152eb45542f08d54ace045148734e25efd000ee7cc2","build_log","2026-07-23T05:45:58.7451829+00:00"
"logs/build/712229_maven_flume-log4j-appender_1.log","3471","bd84b3a4b1ac776ab9c2c1431502295f2dda3c7cf7da646a680d4d4c4cd91b1a","build_log","2026-07-23T05:45:58.7451829+00:00"
"logs/build/712229_maven_flume-log4j-appender_2.log","4080","3c2922314c7efc117572738139f36f9ea5cfd36c1cf3983e1ef46f838fdd6304","build_log","2026-07-23T05:45:58.7451829+00:00"
"logs/build/712229_maven_flume-log4j-appender_3.log","3450","1de356d4c7a7978b4089c591219c5a7ad241241818176a93c36b9ed37d42d440","build_log","2026-07-23T05:45:58.7451829+00:00"
"logs/build/712229_maven_flume-log4j-appender_4.log","3774","c4c6cee1f12dada9134f036d8fb641509c8b3cc7ac0bd6661562ff6fc04253b6","build_log","2026-07-23T05:45:58.7451829+00:00"
"logs/build/712229_maven_flume-log4j-appender_5.log","3260","7bc7b6420b97ea51f2d878887405ae09c98d92709ed73ee6430fa1b8722d3244","build_log","2026-07-23T05:45:58.7451829+00:00"
"logs/build/712229_maven_flume-log4j-appender_6.log","3872","ddc0195336692ed5a82bf4fd083c8b013b5a2cc41afb95f21b7e3765b5fce59b","build_log","2026-07-23T05:45:58.7451829+00:00"
"logs/build/712229_maven_plugins_flume-plugin-hbasesink_1.log","4125","c762fdf3a1878ff1ac2f4fcc5ed50e9ffb793e0e8e0c9f16068ca0f3b0ebfb1d","build_log","2026-07-23T05:45:58.7451829+00:00"
"logs/build/712229_maven_plugins_flume-plugin-hbasesink_2.log","4449","aa4eb5e53035643531c663c0e7cb471fa5cbbc961706948a1d88d94a18045343","build_log","2026-07-23T05:45:58.7451829+00:00"
"logs/build/712229_maven_plugins_flume-plugin-hbasesink_3.log","3460","32b588050a24f38719dcbb0b3967e73cb39d655c6b759dbfbea3cf3423246db7","build_log","2026-07-23T05:45:58.7451829+00:00"
"logs/build/712229_maven_plugins_flume-plugin-hbasesink_4.log","3784","f186c4702b16799a1d0f33f6a7240a50e45a5e7043b316363388b6a21de83ce9","build_log","2026-07-23T05:45:58.7451829+00:00"
"logs/build/712229_maven_plugins_flume-plugin-hbasesink_5.log","4548","26628c870af2089cc6865d3229a22f3869ce4dd6f2f06de473686fee99058070","build_log","2026-07-23T05:45:58.7451829+00:00"
"logs/build/712229_maven_plugins_flume-plugin-hbasesink_6.log","3882","dbba0eb487ef75413b902642c21e48b6156f66e8b049e483770feacc57831621","build_log","2026-07-23T05:45:58.7451829+00:00"
"logs/build/73420810_maven_chapter10_java_problem-reports-full_1.log","2415","d6d8227ab7b88c00dc5b890c62401d44b8d3bda77de86bd2533b375b18f96c02","build_log","2026-07-23T05:45:58.7451829+00:00"
"logs/build/73420810_maven_chapter11_java_load-profile-generator_1.log","3624","626243a732773df096858f79a11e3a697f0272a4dc5a795522f62e12bbff6a59","build_log","2026-07-23T05:45:58.7451829+00:00"
"logs/build/73420810_maven_chapter12_java_load-profile-classifier-kafka_1.log","3316","a56e84ed12d4a9f728e2771533300ba7c3f38604409a0f7a10d7f4538c8e251c","build_log","2026-07-23T05:45:58.7451829+00:00"
"logs/build/73420810_maven_chapter13_java_load-profile-classifier-full_1.log","3302","ceb81d97b786c015603a84a9dd62886fa074565e63b8f6bbab0072929884df77","build_log","2026-07-23T05:45:58.7451829+00:00"
"logs/build/73420810_maven_chapter2_java_modular-integral_provider-directsummation_1.log","4560","98f0b54a9f71886cc105203117f7c3b7d213faf56937ad1edd79a1e159fc48ab","build_log","2026-07-23T05:45:58.7451829+00:00"
"logs/build/73420810_maven_chapter2_java_modular-integral_provider-directsummation_2.log","5044","ddaad10da2a5973244c0fe1d73ba2c196f4a509d746fb0f7570d78f15f53c83b","build_log","2026-07-23T05:45:58.7451829+00:00"
"logs/build/73420810_maven_chapter2_java_modular-integral_provider-directsummation_3.log","7440","0b468ab0f63eacffc7a202236662d4c5fb704bca08baa413749964678bfb0f39","build_log","2026-07-23T05:45:58.7451829+00:00"
"logs/build/73420810_maven_chapter3_java_randomized-queue_1.log","2496","4371161cf855f433b3624f311242dffcfa06fd4a8b09889357e93a9c128aa33d","build_log","2026-07-23T05:45:58.7451829+00:00"
"logs/build/73420810_maven_chapter3_java_version-I_1.log","2412","de060696927828d2e0ff1f2f22f7443e291026bb2d087395d69d681b0c99c485","build_log","2026-07-23T05:45:58.7451829+00:00"
"logs/build/73420810_maven_chapter3_java_version-II_1.log","2423","dfb137f9987eaaf41a834aa3c3407cccbe6600a5291758bad1d1f31e66bf5806","build_log","2026-07-23T05:45:58.7451829+00:00"
"logs/build/73420810_maven_chapter4_java_client-of-randomized-queue_1.log","2276","2a9b5381d7c1a25e7bb692443c7cbadb8643389e7af27b1a3403e1cd5ba62e6a","build_log","2026-07-23T05:45:58.7451829+00:00"
"logs/build/73420810_maven_chapter4_java_client-of-randomized-queue_2.log","2760","688f479cd76caf39b54991d4c96afac53690ae24f1981d1cf8fdddb2205dcacf","build_log","2026-07-23T05:45:58.7451829+00:00"
"logs/build/73420810_maven_chapter4_java_client-of-randomized-queue_3.log","3577","16c1ca57921b3f9609546a2939716ecefe358939950e600c68ede57d38e46d85","build_log","2026-07-23T05:45:58.7451829+00:00"
"logs/build/73420810_maven_chapter4_java_randomized-queue-correct-api_1.log","4553","ca5d065a2293debb01676f1325211783f60fc70b6a49c1246575455f15566ad7","build_log","2026-07-23T05:45:58.7451829+00:00"
"logs/build/73420810_maven_chapter4_java_randomized-queue-correct-impl_1.log","2639","7222b79d3ca03fb02d781379ecf5137894097ea29a85adb04fa646c8c45cbb17","build_log","2026-07-23T05:45:58.7451829+00:00"
"logs/build/73420810_maven_chapter7_java_problem-reports_1.log","2494","2ea56040b7051a6a8df5d94ada483dba74f54d6578bf574efb5d191d3cce9a44","build_log","2026-07-23T05:45:58.7451829+00:00"
"logs/build/74059585_maven_apache-http_1.log","2233","cbb3908eba74bbc71e12487b858b063d4293edc1ad9129300c0ec4fa6491ab4d","build_log","2026-07-23T05:45:58.7451829+00:00"
"logs/build/74059585_maven_apache-http_2.log","2557","50d9669f0ea35dbdcb477d93e6b71a194b4f6747ba83dbd5123fee775960b91e","build_log","2026-07-23T05:45:58.7451829+00:00"
"logs/build/74059585_maven_apache-http_3.log","5398","1dd5cace9469c47e3fcb3a9d327a75c4ad33891056dcdf3a735cddfae4299ebe","build_log","2026-07-23T05:45:58.7451829+00:00"
"logs/build/74059585_maven_core-http_1.log","2588","6ef409a42c06c7ca5cab6ee3118245ccd7ad1b860066eef6ccbe7d2b28a5bff8","build_log","2026-07-23T05:45:58.7451829+00:00"
"logs/build/74059585_maven_jdbc_driver_1.log","2271","bf0367965dfbb3bb0e0144b9575b630240205f86dfb564a807d00e32372744eb","build_log","2026-07-23T05:45:58.7451829+00:00"
"logs/build/74059585_maven_jdbc_driver_2.log","2595","8e2a8b63d8783453d674af192dcc43ed2c1a11009439c21e821f1931fc0b5777","build_log","2026-07-23T05:45:58.7451829+00:00"
"logs/build/74059585_maven_jdbc_driver_3.log","6597","3e4c4eaff2279f658f83841bd6c146f628ee326c6e4d18dee5e23f430f84114e","build_log","2026-07-23T05:45:58.7451829+00:00"
"logs/build/74059585_maven_jdbc_driver-appengine-standard_1.log","2343","e8d2ed33c2051306b576cb4664900013f2849f93114a15fe9645dbea0061d059","build_log","2026-07-23T05:45:58.7451829+00:00"
"logs/build/74059585_maven_jdbc_driver-appengine-standard_2.log","2667","057ab205108bfab04aac4a6d4a6db614a48c8bf91b39419cc2f6344d1713e530","build_log","2026-07-23T05:45:58.7451829+00:00"
"logs/build/74059585_maven_jdbc_driver-appengine-standard_3.log","6833","6b801a6ae285f09930eefd8008d72e683622aba888e13ee8f4a2c36f39c1de6b","build_log","2026-07-23T05:45:58.7451829+00:00"
"logs/build/74059585_maven_jdbc_driver-common_1.log","3066","56a91ecac2a0858caf3f7f574b47ab34e67e028e3b43cb14da88fd7b4aaf7a50","build_log","2026-07-23T05:45:58.7451829+00:00"
"logs/build/74059585_maven_mongodb_1.log","2451","b5f7101c44184af8572862f6aa6906e1cde850795c3e9e89a9dafed49260679a","build_log","2026-07-23T05:45:58.7451829+00:00"
"logs/build/7416235_gradle_rosjava_1.log","23737","83ed6f03173cc61522898eef36d094d53536ac716a8c00170389df79c35bb20a","build_log","2026-07-23T05:45:58.7451829+00:00"
"logs/build/7416235_gradle_rosjava_2.log","23255","31b55b77746f65f24126a4ea37b243acbc0d0b27964a00b44832f8aa23aa7832","build_log","2026-07-23T05:45:58.7451829+00:00"
"logs/build/7416235_gradle_rosjava_3.log","23255","807c08077e327e2dc534c87e56aaafb1d7698a3d2c32275e9d53b6250a3fecfa","build_log","2026-07-23T05:45:58.7451829+00:00"
"logs/build/7416235_gradle_rosjava_4.log","59990","643d5c05f2365eb1a2e88db714e814b2ac91b5e0ea957556fcd70566fd665b30","build_log","2026-07-23T05:45:58.7451829+00:00"
"logs/build/7416235_gradle_rosjava_5.log","26220","68784a5330db47c8ec26a7bb39f35cfa56222bfc9e4a41f81066c9a20bb30000","build_log","2026-07-23T05:45:58.7451829+00:00"
"logs/build/7416235_gradle_rosjava_6.log","26220","9f412f2896e72b92ddf09322af25df6d059167849452027e4241141d52f8124c","build_log","2026-07-23T05:45:58.7451829+00:00"
"logs/build/7416235_gradle_rosjava_7.log","26220","a0603970db2371aae35cddaa68a97ede1c1e9ce4d00ea89bb10e233d94a46b9f","build_log","2026-07-23T05:45:58.7451829+00:00"
"logs/build/7416235_gradle_rosjava_8.log","60109","853196039fb8ad4d8d4d6c5c6ac3918e33b53d5ffe55ac0e475f051f250430a6","build_log","2026-07-23T05:45:58.7451829+00:00"
"logs/build/7416235_gradle_rosjava_geometry_1.log","23282","8245da95af89d5a90daa82ff6d07309e4445fafb3059cfb38a4a0ef643c2d9c3","build_log","2026-07-23T05:45:58.7451829+00:00"
"logs/build/7416235_gradle_rosjava_geometry_2.log","30559","6a6d5e1230516d1ee9abc2fcb7cfc85d2d3835bc48f6e93b27cde085a3461d93","build_log","2026-07-23T05:45:58.7451829+00:00"
"logs/build/7416235_gradle_rosjava_geometry_3.log","30559","8a4658ae478aa4caf6e4eebb6e8f85dfc89ab823ed31bf0df755579677e38aec","build_log","2026-07-23T05:45:58.7451829+00:00"
"logs/build/7416235_gradle_rosjava_geometry_4.log","60008","487e30a4e0587aff51618b095d69939022ec6895efee5681c92ac76413a1c429","build_log","2026-07-23T05:45:58.7451829+00:00"
"logs/build/7416235_gradle_rosjava_geometry_5.log","26247","b4489c305fe990095c6a2b75d3acf527df65e6b2f41a04d4ef81dcc2b60fab41","build_log","2026-07-23T05:45:58.7451829+00:00"
"logs/build/7416235_gradle_rosjava_geometry_6.log","26247","cba77c97e1fb158356f4a60a57aa58fe2f20e83977259ec8c0e9961a2a855797","build_log","2026-07-23T05:45:58.7451829+00:00"
"logs/build/7416235_gradle_rosjava_geometry_7.log","26247","99df746e16aadadc41d701d4bd2e5f6aeaef02083e62e517df7a6251222ceb18","build_log","2026-07-23T05:45:58.7451829+00:00"
"logs/build/7416235_gradle_rosjava_geometry_8.log","60127","3858fcaa23b819f9cd381fede2bde266688e18ebbdfffac6e1fdc9dfb877720b","build_log","2026-07-23T05:45:58.7451829+00:00"
"logs/build/74999474_gradle_parsec-clients_1.log","2197","7da3547bdfc6ccb27e3cf26975c69d7efaf7b3975fd28a40d8d097c2fa88a432","build_log","2026-07-23T05:45:58.7451829+00:00"
"logs/build/76278501_gradle_app_1.log","92224","4a327c264833ff5dde6988a95fc57d0fc2b50dd2dbe3379ada0f4c5d59211c5d","build_log","2026-07-23T05:45:58.7451829+00:00"
"logs/build/76278501_gradle_app_2.log","93377","0418923c923ee6d03d518ebd5c4bc58d292e6bf56a4714921c2b0b4e3e1e9808","build_log","2026-07-23T05:45:58.7451829+00:00"
"logs/build/76278501_gradle_app_3.log","90876","a9e0b6ed3d463c2e2204315157586843dfa305a899c5f0bb76a3f4ddacd7eaaa","build_log","2026-07-23T05:45:58.7451829+00:00"
"logs/build/76278501_gradle_app_4.log","93495","1cffff377f973f859f0cb249644687c9bc042e0a814139f6e6cd7a5d3e661b21","build_log","2026-07-23T05:45:58.7451829+00:00"
"logs/build/77030088_gradle_apksig_1.log","2155","ae1e7e9733aed73c74c6cff1c9dab362ae0557805753e901aa242b0c2ae26186","build_log","2026-07-23T05:45:58.7451829+00:00"
"logs/build/77030088_gradle_apksig_2.log","21029","c08fd96f6aef8bd6c3a35b77368217a1ef853b3059d6700a6210605fe65e84ba","build_log","2026-07-23T05:45:58.7451829+00:00"
"logs/build/77030088_gradle_apksig_3.log","2272","ad5778672d64bb7cb446e1486167c49ae58854aa8462c99d0a192db2b04313ac","build_log","2026-07-23T05:45:58.7451829+00:00"
"logs/build/77030088_gradle_apksig_4.log","21144","1dafe40e446bd099072d9cd35694bee13639a9cf167c2d444b5fdf4daf0925c6","build_log","2026-07-23T05:45:58.7451829+00:00"
"logs/build/77481567_maven_core_1.log","2988","362198395166961e941c7cd6fa15164a00b0f966b5908dcde4d03df5d500dd79","build_log","2026-07-23T05:45:58.7451829+00:00"
"logs/build/7826526_maven_kraken-dclass_1.log","2996","a43b5086adc2d88bf683d865a6d12b0ea77232e46172966dbca3e1df318564d6","build_log","2026-07-23T05:45:58.7451829+00:00"
"logs/build/7826526_maven_kraken-generic_1.log","4060","77c6c73086a15290bf89c8bff7e106727d965822d692474f7c65cc336530d240","build_log","2026-07-23T05:45:58.7451829+00:00"
"logs/build/7826526_maven_kraken-generic_2.log","4384","1b8cbd477f2179c105192cb7b7dd6bc7b7f1fc178c39dcb3b179b5504e6984b8","build_log","2026-07-23T05:45:58.7451829+00:00"
"logs/build/7826526_maven_kraken-generic_3.log","6762","8bd04b06192752e3aa7b88ea5559582ff3efd3c5ed5cc4fd9fdcb7f8ff1d4379","build_log","2026-07-23T05:45:58.7451829+00:00"
"logs/build/7826526_maven_kraken-pig_1.log","8933","aea6e9ea15a08464818bfc390c668d0d95736d5805a284cf7c66832f12847d80","build_log","2026-07-23T05:45:58.7451829+00:00"
"logs/build/7826526_maven_kraken-pig_2.log","9257","5026ef445308b24ad3779f19e254a8fdad2d0c74bf15e99b93230351215fe2de","build_log","2026-07-23T05:45:58.7451829+00:00"
"logs/build/7826526_maven_kraken-pig_3.log","10909","386308b0af600441fa93760d1ba46877c8600b2955fdff2299d45b85e675bd46","build_log","2026-07-23T05:45:58.7451829+00:00"
"logs/build/7826526_maven_kraken-pig_4.log","11440","38718b58fa6a0cee11c08abb794030a25d956b48461e0826af542fa0d1019fb9","build_log","2026-07-23T05:45:58.7451829+00:00"
"logs/build/7826526_maven_kraken-pig_5.log","8635","e0960452d1e3786faa8431c34621817192db1d2ffd6062fc2e7313bfd3389c28","build_log","2026-07-23T05:45:58.7451829+00:00"
"logs/build/7826526_maven_kraken-pig_6.log","11178","f15ab74cddab97374542a75f838bc399e9e1b5957d6b63d010d12b0a71b4bbc7","build_log","2026-07-23T05:45:58.7451829+00:00"
"logs/build/7826526_pipeline_exception.log","1177","539ab62bf47d50aabff02308e9f08f565eb3a7c90fcb217602e51817d433010e","build_log","2026-07-23T05:45:58.7451829+00:00"
"logs/build/78444970_maven_examples_graph_1.log","2778","2d32b8ab0e6e6f8ca9c9e6b0ee4ca01a74cebaec92fdb53a9ec2d2e0fea18051","build_log","2026-07-23T05:45:58.7451829+00:00"
"logs/build/78444970_maven_examples_random_1.log","2339","764e1f9417411c05124ffc41ae49b2294ca9f5a83cebe4cf6bb29014acb67b53","build_log","2026-07-23T05:45:58.7451829+00:00"
"logs/build/78444970_maven_examples_structures_1.log","2753","7824eab7a71651fb091047e97cefc4021d47cb54f8880bdec15ecd7c20b6e550","build_log","2026-07-23T05:45:58.7451829+00:00"
"logs/build/79112912_maven_search-services_alfresco-search_1.log","11344","ccc8bd005c4219ca338ca211a50f745929fa2f415c03aa84361541b417faaf5f","build_log","2026-07-23T05:45:58.7451829+00:00"
"logs/build/79112912_maven_search-services_alfresco-search_10.log","9146","4537be5f30ed0cbb53869775d61ddeed01c5400a5a96978af0c9d916818deeb6","build_log","2026-07-23T05:45:58.7451829+00:00"
"logs/build/79112912_maven_search-services_alfresco-search_11.log","9146","e6979191888f6535844c2d23bcb00a5d98017e743b5e6a3f629502c30348d9a8","build_log","2026-07-23T05:45:58.7451829+00:00"
"logs/build/79112912_maven_search-services_alfresco-search_12.log","2278","c6b1f7765ae73d68ce7a5fcc27ba9d913f18269957f51cbcd40a66377beb45dd","build_log","2026-07-23T05:45:58.7451829+00:00"
"logs/build/79112912_maven_search-services_alfresco-search_2.log","8724","4d6cee06fb0d703fa152309c1d4ea95e901ca40f20b603aab968149f2b9685f0","build_log","2026-07-23T05:45:58.7451829+00:00"
"logs/build/79112912_maven_search-services_alfresco-search_3.log","8724","4f4f901364233a9b61d08579ed0afa5357cb6876dc2be14fd0a7136d2111282f","build_log","2026-07-23T05:45:58.7451829+00:00"
"logs/build/79112912_maven_search-services_alfresco-search_4.log","9048","137049d91a6a06694e202204c0d719ef896b786c4c541c4fede1e3b88eef00ba","build_log","2026-07-23T05:45:58.7451829+00:00"
"logs/build/79112912_maven_search-services_alfresco-search_5.log","9048","9102499d3c669f89547627d1695d4ba726a9ff7e556b83724987e4bc65a7fb14","build_log","2026-07-23T05:45:58.7451829+00:00"
"logs/build/79112912_maven_search-services_alfresco-search_6.log","9048","05e5c180897cfc75ec6dd6b993dbf47cdd79c2ef71e08aaad05771b41e24bd9a","build_log","2026-07-23T05:45:58.7451829+00:00"
"logs/build/79112912_maven_search-services_alfresco-search_7.log","1856","fafac37c0a06c7462359208a54f5bd79ebbd941b548115b43373d724688b0d0c","build_log","2026-07-23T05:45:58.7451829+00:00"
"logs/build/79112912_maven_search-services_alfresco-search_8.log","2180","42054e97e851fcc84f7c1877a3824e0df5f6aa6a4e45e81d39244adb48537823","build_log","2026-07-23T05:45:58.7451829+00:00"
"logs/build/79112912_maven_search-services_alfresco-search_9.log","9148","1fcc14fd712a90ef385230b4c05db16c6a158a93fca80c48e2ece5dc7d797cf5","build_log","2026-07-23T05:45:58.7451829+00:00"
"logs/build/79112912_maven_search-services_alfresco-solrclient-lib_1.log","2468","91a255356c3a3135cbc059f40b68da4f9f01e59be51b02d75490ddce4c456630","build_log","2026-07-23T05:45:58.7451829+00:00"
"logs/build/79112912_maven_search-services_alfresco-solrclient-lib_10.log","2890","a1ff70dd0f808f3d5fa62714c56d1aa68652612640b02f0405c806a33e7e4902","build_log","2026-07-23T05:45:58.7451829+00:00"
"logs/build/79112912_maven_search-services_alfresco-solrclient-lib_11.log","2890","cbd7705acbc1ab38da54f780ae02d8b906bbc0d08dfa1505212757a9b5078be4","build_log","2026-07-23T05:45:58.7451829+00:00"
"logs/build/79112912_maven_search-services_alfresco-solrclient-lib_12.log","2286","71f57a63efec6874b655e5c0a99e30f3f1aa8a01d17107aa96e6d139af8c162d","build_log","2026-07-23T05:45:58.7451829+00:00"
"logs/build/79112912_maven_search-services_alfresco-solrclient-lib_2.log","2468","e874c3b0d2fd686e068eccc7f78ea985459aea014aaa6b07d5760ff4cce5132e","build_log","2026-07-23T05:45:58.7451829+00:00"
"logs/build/79112912_maven_search-services_alfresco-solrclient-lib_3.log","2468","524983d06e75246aefab9452a63ba9e15e61ed973d047922ff55d35465a72f99","build_log","2026-07-23T05:45:58.7451829+00:00"
"logs/build/79112912_maven_search-services_alfresco-solrclient-lib_4.log","2792","99825485288d609b29459af8e20bc41e35c32b284007e32a1900f312f0c815e4","build_log","2026-07-23T05:45:58.7451829+00:00"
"logs/build/79112912_maven_search-services_alfresco-solrclient-lib_5.log","2792","5d95808ff1a04ed61bbf28eae8e5945c512980ebb6c3c002be914839771211d6","build_log","2026-07-23T05:45:58.7451829+00:00"
"logs/build/79112912_maven_search-services_alfresco-solrclient-lib_6.log","2792","a52a1509dd513e6b23a61c446b1fec1808d98a19c2cd8ee3771bb4516cd3d260","build_log","2026-07-23T05:45:58.7451829+00:00"
"logs/build/79112912_maven_search-services_alfresco-solrclient-lib_7.log","1864","052bfe4fe8cee697451b517ad538b0494f8da1c3278791e663bc8ba9dc010eeb","build_log","2026-07-23T05:45:58.7451829+00:00"
"logs/build/79112912_maven_search-services_alfresco-solrclient-lib_8.log","2188","e7654eb937095f8076f6d1e4677b5b43e9c06568903a6b74b6cb91bbeb0132e9","build_log","2026-07-23T05:45:58.7451829+00:00"
"logs/build/79112912_maven_search-services_alfresco-solrclient-lib_9.log","2890","646ef1eba2b68344e003aecdad261914f05bcd9ece68a6d0b0eaa5e42c38add6","build_log","2026-07-23T05:45:58.7451829+00:00"
"logs/build/81384608_maven_integrations_spark_spark-catalog_spark-catalog-core_1.log","4292","7b2818f4b7cde6a1204d599530c5a6f5e8848d98e4acaab8e8b8616ce502ec7e","build_log","2026-07-23T05:45:58.7451829+00:00"
"logs/build/81384608_maven_integrations_spark_spark-catalog_spark-catalog-core_2.log","4614","44e2949836d18950b028154087a2a0805e0116b9f9c1729ed7fd84b007e02421","build_log","2026-07-23T05:45:58.7451829+00:00"
"logs/build/81384608_maven_integrations_spark_spark-catalog_spark-catalog-core_3.log","130193","497f39abf7a1802e07966b33d7086a9911bf3111286fcf136d80c6db4cc2d9bf","build_log","2026-07-23T05:45:58.7451829+00:00"
"logs/build/8328088_gradle_algorithms_1.log","14071","e5311e19a036f4de9ff290799895528b1264434a14fd1ac77067036d70e9fabb","build_log","2026-07-23T05:45:58.7451829+00:00"
"logs/build/8328088_gradle_algorithms_2.log","20987","d5c1148e86f0a14eb67d5e89ced96f7fab10a53e0120b9b8ec992b4db1a74727","build_log","2026-07-23T05:45:58.7451829+00:00"
"logs/build/8328088_gradle_algorithms_3.log","12571","65fb678580a80d2e815f802a38f1e48fe74f7db8b880f20044c627def4546313","build_log","2026-07-23T05:45:58.7451829+00:00"
"logs/build/8328088_gradle_algorithms_4.log","21104","5742aeb643613bc92ff29bec2e500ee20a16a87a6d3fb401ece1fbdde401237a","build_log","2026-07-23T05:45:58.7451829+00:00"
"logs/build/8328088_gradle_connection-pool-learning_1.log","5169","7458d864ee9953f48d0166b53d6ead662ed3613b126eb66d6747f00ae21a1d6f","build_log","2026-07-23T05:45:58.7451829+00:00"
"logs/build/8328088_gradle_lucene-learning_maven-repo-mgr_1.log","22168","55a71421f1b8e115572e977ee8d07250be98a6ee2762d23a4b657e8ef9c53be3","build_log","2026-07-23T05:45:58.7451829+00:00"
"logs/build/8328088_gradle_lucene-learning_maven-repo-mgr_2.log","22285","9921f1ee122163520d84fac843ecd1bed2096ddb8c72bb3bb72572bcd6899eb1","build_log","2026-07-23T05:45:58.7451829+00:00"
"logs/build/8328088_maven_algorithms-core_1.log","2643","b041cbd25a6f7f46a3028257fa67c250c58b10d46403848b6bcdc6b1b40ec84b","build_log","2026-07-23T05:45:58.7451829+00:00"
"logs/build/8328088_maven_algorithms-core_2.log","2967","76b49e311c391b6b0989a995405ead2e76bcc037db9c8554b603910a6557e3e4","build_log","2026-07-23T05:45:58.7451829+00:00"
"logs/build/8328088_maven_algorithms-core_3.log","3065","93f8d09c10ee67460bc4d9ee279b5654fdcc733f6196c0083574736049428a45","build_log","2026-07-23T05:45:58.7451829+00:00"
"logs/build/8328088_maven_algorithms-misc_1.log","2616","90e0cebfdb094fbd2f090ac004c37b6134ec0ba0966a5b6f959a3c75969a0a5a","build_log","2026-07-23T05:45:58.7451829+00:00"
"logs/build/8328088_maven_algorithms-misc_2.log","2940","55e3cde9ffef712b5adf4aebda586360b6f15669b15095671ae2ecd6d38cfe67","build_log","2026-07-23T05:45:58.7451829+00:00"
"logs/build/8328088_maven_algorithms-misc_3.log","3038","8e494415dcd6b24762b143484201e8c168e1ac91c93f8670d475d8f260aae159","build_log","2026-07-23T05:45:58.7451829+00:00"
"logs/build/8328088_maven_bingo_1.log","2523","e160267e0ad6aa3483301b789a3240f11e719a8614526c387f954ec9f216f61c","build_log","2026-07-23T05:45:58.7451829+00:00"
"logs/build/8328088_maven_bingo_2.log","2847","fc2562a684888ac6373709960b2c43e35270d3ef8dc4fb65c8a91c2cd58f90d6","build_log","2026-07-23T05:45:58.7451829+00:00"
"logs/build/8328088_maven_bingo_3.log","2945","e472e2eca1bf8749fc0fb2d0423d4db2b186bd2e2da81e40198d2bc696bb37e3","build_log","2026-07-23T05:45:58.7451829+00:00"
"logs/build/8328088_maven_coding-interview-5e_1.log","2643","2e65f2dc5011ad2dd278eb4dfda26778e6d77c329ac09ba23c6cf88897748f8f","build_log","2026-07-23T05:45:58.7451829+00:00"
"logs/build/8328088_maven_coding-interview-5e_2.log","2967","7aea39b4689ae7a93799ddacb0130a3facd3af2d2c0e1eb2c9f5e9ac5f433fb5","build_log","2026-07-23T05:45:58.7451829+00:00"
"logs/build/8328088_maven_coding-interview-5e_3.log","3065","258fd5a2ea365c8be2332c834a107a41ec3df75e4c7e298c6f46b68d5d87b43c","build_log","2026-07-23T05:45:58.7451829+00:00"
"logs/build/8328088_maven_coding-interview-practice_1.log","2691","c734574ce67c7bb24ea9ba91985314a8fd48682989b25c7b957254afa39f86aa","build_log","2026-07-23T05:45:58.7451829+00:00"
"logs/build/8328088_maven_coding-interview-practice_2.log","3015","a7380aad5bee26ae72d1e7deb80e5a3e655831b8ab6e55ba977485c10d221154","build_log","2026-07-23T05:45:58.7451829+00:00"
"logs/build/8328088_maven_coding-interview-practice_3.log","3113","a27e1c99d283cdbbf60f2faa8f2763ff1684d0f332ef5761cbaababc03ec146e","build_log","2026-07-23T05:45:58.7451829+00:00"
"logs/build/8328088_maven_hadoop-learning_1.log","2279","c410ef26908232d268acbac85f6df00a91ee579023023fd1d4c8a8208333761a","build_log","2026-07-23T05:45:58.7451829+00:00"
"logs/build/8328088_maven_hadoop-learning_2.log","2603","11472299305bdf3b4f7f43d249a4338e0394987c598a8928c10ed99803bcc88c","build_log","2026-07-23T05:45:58.7451829+00:00"
"logs/build/8328088_maven_hadoop-learning_3.log","2801","e507a061209d1bd993ac94da71bfe8b29a5112266cb4148e47fd604530f26144","build_log","2026-07-23T05:45:58.7451829+00:00"
"logs/build/8328088_maven_json_jackson-map_1.log","2646","67c93a6f3827785c7ed11e49b69cacb931cbdfd7dfce64546d656d51a607a41f","build_log","2026-07-23T05:45:58.7451829+00:00"
"logs/build/8328088_maven_json_jackson-map_2.log","2970","c4b26776b36b3530d0269b9325fbf99f642d1853e1fd2e7499902c564b8f5b1c","build_log","2026-07-23T05:45:58.7451829+00:00"
"logs/build/8328088_maven_json_jackson-map_3.log","3068","1399e5d8aa17021ba72546aa0ede2d4134aae121dda831198e71620e58f8228a","build_log","2026-07-23T05:45:58.7451829+00:00"
"logs/build/8328088_maven_log-miner-hadoop_1.log","2283","52feb9df1040af33f4caea98f77d162348110328641859d21c093417dd490605","build_log","2026-07-23T05:45:58.7451829+00:00"
"logs/build/8328088_maven_longest-prefix_1.log","2489","a1b41e64da347d490e2ae014c239ba9b22a7792389a20669eca1f7060d0b7bc1","build_log","2026-07-23T05:45:58.7451829+00:00"
"logs/build/8328088_maven_moviedatabase-api-client_1.log","2637","882cdb983089ef64d3e052f4d974cff23d3e4c210f236796c7ed6a06ac80632f","build_log","2026-07-23T05:45:58.7451829+00:00"
"logs/build/8328088_maven_moviedatabase-api-client_2.log","2961","0c6c48410ecbecb9afb564f1d8c77821aede7c4231b17845226fc57ce54368fa","build_log","2026-07-23T05:45:58.7451829+00:00"
"logs/build/8328088_maven_moviedatabase-api-client_3.log","3059","ec167c793247b4df04a7c2188127cdb3477aa9a5b0c4a9908bffa022c56cee8f","build_log","2026-07-23T05:45:58.7451829+00:00"
"logs/build/8328088_maven_movie-manager_movie-manager-businesslogic_1.log","2575","edba0e21d79863a8472efbc918b1516c13a11634b3d87f6a563ddf77c0413c82","build_log","2026-07-23T05:45:58.7451829+00:00"
"logs/build/8328088_maven_movie-manager_movie-manager-businesslogic_2.log","3219","d96cc32154164cdaeac3b7f04f1a6bad7cef6593954f8e9f4c583bb523c5ac96","build_log","2026-07-23T05:45:58.7451829+00:00"
"logs/build/8328088_maven_movie-manager_movie-manager-businesslogic_3.log","2608","9de67f26bf24a54c0cde97a48699d70ac8488eebd2646a48b7700421c071d475","build_log","2026-07-23T05:45:58.7451829+00:00"
"logs/build/8328088_maven_movie-manager_movie-manager-businesslogic_4.log","2932","bd4a7480cd26a31f46fd09bee46abff2e605008583ea4aefd61ccfed0a54e887","build_log","2026-07-23T05:45:58.7451829+00:00"
"logs/build/8328088_maven_movie-manager_movie-manager-businesslogic_5.log","3317","9a0683dc7f5909912a8704177707d09dad0fc43b6c0f87eb09613486f69f4352","build_log","2026-07-23T05:45:58.7451829+00:00"
"logs/build/8328088_maven_movie-manager_movie-manager-businesslogic_6.log","3030","0fff19af5deda03f751cd6dedde59f5b48bcaa6c5ed5670fb7227f8908de9240","build_log","2026-07-23T05:45:58.7451829+00:00"
"logs/build/8328088_maven_programming-interviews_1.log","2350","c130e415b47f9e07f87702258f5ebcc4cb5475bee81a1bf551f37155dfd94818","build_log","2026-07-23T05:45:58.7451829+00:00"
"logs/build/8328088_maven_programming-interviews_2.log","2994","b8663b84e9e92e72b76e0cc4a795ccf871e75014f3647a3177247f956cb97f4a","build_log","2026-07-23T05:45:58.7451829+00:00"
"logs/build/8328088_maven_programming-interviews_3.log","3092","bb49599221d333967f6bf26e6be83c025f9207942f3519062e73a68b7ab95a80","build_log","2026-07-23T05:45:58.7451829+00:00"
"logs/build/8328088_maven_refactoring_1.log","2592","36973784838eb980323867a50c70116fa983ab79815068ce9057cad330945e77","build_log","2026-07-23T05:45:58.7451829+00:00"
"logs/build/8328088_maven_refactoring_2.log","2916","3635d26ba18c254fe2cafc7eea3545fb4d39ba9ff896a35b68d9466e5d484684","build_log","2026-07-23T05:45:58.7451829+00:00"
"logs/build/8328088_maven_refactoring_3.log","3014","6420d5c18899230d42f0e03bd4a09d08f05e1bec3372d3b454c25385a3a35553","build_log","2026-07-23T05:45:58.7451829+00:00"
"logs/build/8328088_maven_roman_1.log","2230","1a01e1563ff8ed330b3f898499828d30e10d302c449f431a36602ac6f5d4da90","build_log","2026-07-23T05:45:58.7451829+00:00"
"logs/build/8328088_maven_xml_xml-security_1.log","2616","9ca5367a33f6e074c2c8b45b34d1d0ddbcfd9b42d7629cd1340490b69937fcc7","build_log","2026-07-23T05:45:58.7451829+00:00"
"logs/build/8328088_maven_xml_xml-security_2.log","2940","40e5c69d4593da45f59df1ac3c6b353e8e8f3dd181e4e82a2627cccf25cb4a17","build_log","2026-07-23T05:45:58.7451829+00:00"
"logs/build/8328088_maven_xml_xml-security_3.log","3038","21e870ec3bc9d9419ab8d7b926b734462d8eea1d6392f54e227d1227a4fd1980","build_log","2026-07-23T05:45:58.7451829+00:00"
"logs/build/854893_maven_preon-binding_1.log","4329","9fd2bb483338dc9c34294d404be336f496b20fa996c5d5a045e539271c3beff3","build_log","2026-07-23T05:45:58.7451829+00:00"
"logs/build/854893_maven_preon-binding_2.log","4653","9320bd8f354742429781c0c707b70d39aadad261e1cd7b6515ec51d97e78b412","build_log","2026-07-23T05:45:58.7451829+00:00"
"logs/build/854893_maven_preon-binding_3.log","29466","253fc4c01b18aa417b583a15fb383c49cb863e4f51aa2b91420a4484f2c0af4e","build_log","2026-07-23T05:45:58.7451829+00:00"
"logs/build/854893_maven_preon-binding_4.log","29984","2d310c8f608321a8b8234afcc19f721b2f1120808f34204ffa7624ff3993810e","build_log","2026-07-23T05:45:58.7451829+00:00"
"logs/build/854893_maven_preon-binding_5.log","4753","4e33a9ed0072222262ac0646eff571202b60993889741a201e9a1fe3bf13bed8","build_log","2026-07-23T05:45:58.7451829+00:00"
"logs/build/854893_maven_preon-binding_6.log","30082","799ba0f69283cde3f1dddcb01885deacafd3d4fbde66c2a84284e79bcff4e52e","build_log","2026-07-23T05:45:58.7451829+00:00"
"logs/build/854893_maven_preon-el_1.log","14993","2774df81ad61e1203f98c737744d9d25cabee5406ddef4811aef9c3cf4233c95","build_log","2026-07-23T05:45:58.7451829+00:00"
"logs/build/854893_maven_preon-el_2.log","15317","ccd60b47cb79a8c4b0acd72bdf29f9472d4f02761f93ab64e3c7ea4db1b8cd94","build_log","2026-07-23T05:45:58.7451829+00:00"
"logs/build/854893_maven_preon-el_3.log","27079","bb780ae4d18db54c97c2278c0f947a431d1648ea5e6faf831df30e34dcc0fccd","build_log","2026-07-23T05:45:58.7451829+00:00"
"logs/build/854893_maven_preon-el_4.log","27403","0c3f183f9b58846fb111c92e7b923f06f41036860f5089fa2f56bd7eaa552eb5","build_log","2026-07-23T05:45:58.7451829+00:00"
"logs/build/854893_maven_preon-el_5.log","15415","9d7c3b9c98d4b538efd00c6acf1bc523920aead7ba3c0152f8be978cac19e13a","build_log","2026-07-23T05:45:58.7451829+00:00"
"logs/build/854893_maven_preon-el_6.log","27501","618b76b4265eaafed4a52627eda7782a73bd2c07f333d34ba5494f45dc609c9d","build_log","2026-07-23T05:45:58.7451829+00:00"
"logs/build/854893_maven_preon-emitter_1.log","3654","9216c4fcfff89e52c814e8e46385feb4cc8a5e342f4416ba4edb1995b3f7511c","build_log","2026-07-23T05:45:58.7451829+00:00"
"logs/build/854893_maven_preon-emitter_2.log","3978","db34c374d3d2cdfbc0d09305a38f98af5aeb3aac455b2b5b815474c6f3b49428","build_log","2026-07-23T05:45:58.7451829+00:00"
"logs/build/854893_maven_preon-emitter_3.log","29808","041d26375007ffdbf1c38a54fa6266948658b35cc1142980d857aa01a13267d8","build_log","2026-07-23T05:45:58.7451829+00:00"
"logs/build/854893_maven_preon-emitter_4.log","30132","046f4e66133f7480c566c547d00bbd9957cb68b91c73c6bbb631a27358af1bcb","build_log","2026-07-23T05:45:58.7451829+00:00"
"logs/build/854893_maven_preon-emitter_5.log","4814","afe42267ae76bf17516b76bf7d6285d89d1fc88f4d5512314f0d94c8ad788490","build_log","2026-07-23T05:45:58.7451829+00:00"
"logs/build/854893_maven_preon-emitter_6.log","30230","345018c62813371cc493fe6a0943a901c88b8e509a93536865ee3dc0b2c2342e","build_log","2026-07-23T05:45:58.7451829+00:00"
"logs/build/854893_maven_preon-io_1.log","4800","76db1988244ea6cdfbc60bcfa228cb761a66577f0b81f9c655f083350e826c36","build_log","2026-07-23T05:45:58.7451829+00:00"
"logs/build/854893_maven_preon-samples_preon-sample-varlength-encoding_1.log","4323","8b55224cd6302331e8986e2a3960372c48e378f9fede6062e0295471d7aedad0","build_log","2026-07-23T05:45:58.7451829+00:00"
"logs/build/854893_maven_preon-samples_preon-sample-varlength-encoding_2.log","4647","cf87bed915b2ee9c11215fdc506e34c6d58d1d3cb7d797ad8627cc78c6a33714","build_log","2026-07-23T05:45:58.7451829+00:00"
"logs/build/854893_maven_preon-samples_preon-sample-varlength-encoding_3.log","29988","115c01991a3f5ee8da09fa2dd9b3c2ee2e4d59bf99b7a631b2155448faf1cad9","build_log","2026-07-23T05:45:58.7451829+00:00"
"logs/build/854893_maven_preon-samples_preon-sample-varlength-encoding_4.log","30312","9fadd0b23324ab0f7df2b86811fd6721df6844b248cee156c5b59da40b0f4975","build_log","2026-07-23T05:45:58.7451829+00:00"
"logs/build/854893_maven_preon-samples_preon-sample-varlength-encoding_5.log","4745","2e19d5dac03063f56187bae8211cf958164dda45cde5124380360a2d0a9bb0a7","build_log","2026-07-23T05:45:58.7451829+00:00"
"logs/build/854893_maven_preon-samples_preon-sample-varlength-encoding_6.log","30410","85b34ae628313f87923fb1b9bfd5889ac706f2fa5abe90ba7af60d1e76b84886","build_log","2026-07-23T05:45:58.7451829+00:00"
"logs/build/85795396_gradle_core_1.log","3134","87a82c6f658d436bb2cb42d00c77376cbfaf8b39f1797c59906f53c19915c0df","build_log","2026-07-23T05:45:58.7451829+00:00"
"logs/build/85795396_gradle_metrics-dropwizardmetrics_1.log","2332","8df312614959a9318514142f5842e6f08771bf737a10c26e0c7604c7cd7d7dd8","build_log","2026-07-23T05:45:58.7451829+00:00"
"logs/build/860937_maven_commons_1.log","3521","7e3f91cc45dc52e2ae3c12185b2a829af5fbd86e7f3d95ce3999c429fe80d530","build_log","2026-07-23T05:45:58.7451829+00:00"
"logs/build/860937_maven_core_1.log","3975","886e0729929ed7bbc9d0ae18ee65e4a521c2febb0ca899a05158c0dc8bdffe53","build_log","2026-07-23T05:45:58.7451829+00:00"
"logs/build/860937_maven_core_2.log","4299","d0f68fa3b406e6687f8f71c126f79a273d57940461a5240b937f85e6bd32b8f3","build_log","2026-07-23T05:45:58.7451829+00:00"
"logs/build/860937_maven_core_3.log","8685","c1d3eec047f475a0f18503c29aab3c40c45a5afde876c2a4f79e9b24afb033c3","build_log","2026-07-23T05:45:58.7451829+00:00"
"logs/build/860937_maven_core_4.log","9009","9b44c8ca2960ba64e0e7bbf188a9e35cd09601ece99fb81d23710d2bee1c558a","build_log","2026-07-23T05:45:58.7451829+00:00"
"logs/build/860937_maven_core_5.log","4397","98fe5d2ac24c35a3d45af899fcb7d6fd6b2563d4237fff4e69cd7258b47b2ca5","build_log","2026-07-23T05:45:58.7451829+00:00"
"logs/build/860937_maven_core_6.log","9107","1fc3d1a9cdd18bf50b3c4ad4d853736295b6a6664f9e1c0fc58420f99ed070b5","build_log","2026-07-23T05:45:58.7451829+00:00"
"logs/build/860937_maven_examples_1.log","8530","259b4a9212403f333c0fce6daa450d576db010257e154b42f08d77f895afbcb1","build_log","2026-07-23T05:45:58.7451829+00:00"
"logs/build/860937_maven_examples_2.log","8854","e06d0d9505d8c3c0c7b68ad093c1ac46a90fd7944cea3d241734ff93c65307c4","build_log","2026-07-23T05:45:58.7451829+00:00"
"logs/build/860937_maven_examples_3.log","9687","7d15c8ae42305316bf091aaa604e52f220c069a44577789a1218a3fbce67ffa6","build_log","2026-07-23T05:45:58.7451829+00:00"
"logs/build/860937_maven_examples_4.log","9457","6ed7810840f4684bdb50bd1192db5a1ad7bd863417d096ab5ec13589929896ac","build_log","2026-07-23T05:45:58.7451829+00:00"
"logs/build/860937_maven_examples_5.log","8954","2aa0383c1d10bd3ce319b46a79352eab687cf065532e9ebfac31ed0cad8abf5c","build_log","2026-07-23T05:45:58.7451829+00:00"
"logs/build/860937_maven_examples_6.log","9928","194cf0651e742cacaa99c39f343544f0d567b478eaf5e07880a5474c0492ce26","build_log","2026-07-23T05:45:58.7451829+00:00"
"logs/build/860937_maven_graph_1.log","6981","507abaf019a75b69eff32591f589545fac9caf372bc35cb75dea34cb3f6855d1","build_log","2026-07-23T05:45:58.7451829+00:00"
"logs/build/860937_maven_graph_2.log","7305","32bc1f64c4fc2b666c0f4b246d27ecb4aaaf8a75e91836395613f2f7b1c34b22","build_log","2026-07-23T05:45:58.7451829+00:00"
"logs/build/860937_maven_graph_3.log","8834","cd1d2595d3212fe0e544543469b5b1cdb01bb939d6f1700b59cd2e86ec2c8efe","build_log","2026-07-23T05:45:58.7451829+00:00"
"logs/build/860937_maven_graph_4.log","9158","7271de010fb9bb0db7f8f22db9103b5cadf6174a9cfd9eb143576726978d1e90","build_log","2026-07-23T05:45:58.7451829+00:00"
"logs/build/860937_maven_graph_5.log","7403","78e8bf36f6fc084674144c29d3108c9132427d46fc777867cbeed4df612827a6","build_log","2026-07-23T05:45:58.7451829+00:00"
"logs/build/860937_maven_graph_6.log","9256","d61cfaae3025dfd797e7958233b1bae4d9d9a0c4c8f0b57e8206e7a197e06a79","build_log","2026-07-23T05:45:58.7451829+00:00"
"logs/build/860937_maven_ml_1.log","7017","f16f70ca818c8c9efe7251fa5adff9153e27866b8021cf1d7fe9602fe80340b7","build_log","2026-07-23T05:45:58.7451829+00:00"
"logs/build/860937_maven_ml_2.log","7341","ca0321e32a53d6d1cacf88947389d204dbacb504d4499d80d01c5305fc6e29ca","build_log","2026-07-23T05:45:58.7451829+00:00"
"logs/build/860937_maven_ml_3.log","8979","729cf589896392a49cf1fe2b5572d6204af069f1133c6b075f258efed3fb49e3","build_log","2026-07-23T05:45:58.7451829+00:00"
"logs/build/860937_maven_ml_4.log","9303","20a9575040902ad2e393dc8fa0707aa139252241926e744b3e476158c066f21b","build_log","2026-07-23T05:45:58.7451829+00:00"
"logs/build/860937_maven_ml_5.log","7439","3957bf9261296489fc81cd6dfb60f4b6fe26b70bf235339d8eef7d44c278419b","build_log","2026-07-23T05:45:58.7451829+00:00"
"logs/build/860937_maven_ml_6.log","9401","bea904a4082e6cf32d7d8fbdb4a3f19e6f4de2fa65027f26c10a4ab6b9d33e04","build_log","2026-07-23T05:45:58.7451829+00:00"
"logs/build/905232_maven_pax-runner_1.log","5083","8b84b5f8be4a1d76f2bd819410223e5aa6c5eef555c1f57c325376542820134a","build_log","2026-07-23T05:45:58.7451829+00:00"
"logs/build/905232_maven_pax-runner_2.log","6205","161ece74e8e04da44ea93a86585945daa9f6db8b54acd0a63dfe92b8c03b3b06","build_log","2026-07-23T05:45:58.7451829+00:00"
"logs/build/905232_maven_pax-runner_3.log","26168","f27a2f73a481542f1379be017da8b79cbb17410457fc0282f1f2ca456b14a4b4","build_log","2026-07-23T05:45:58.7451829+00:00"
"logs/build/905232_maven_pax-runner_4.log","27060","b6a1b1494f0d334ee9128c4727375107a16d4d0fee331053e2b77861413e63fc","build_log","2026-07-23T05:45:58.7451829+00:00"
"logs/build/905232_maven_pax-runner_5.log","12675","ce49a6ba5489b72bfc3e04892e9b34aa485a70936bb5e8035defcb9c1e86f350","build_log","2026-07-23T05:45:58.7451829+00:00"
"logs/build/905232_maven_pax-runner_6.log","27158","879682dea6b9b043ce4e1347a807d658378781da9c1346333193ec769fcd3216","build_log","2026-07-23T05:45:58.7451829+00:00"
"logs/build/905232_maven_pax-runner-handler_1.log","2439","42f333ef12623dbe9b357a06fe40cc5d7a8e5545d094ae377b5dffae8992a139","build_log","2026-07-23T05:45:58.7451829+00:00"
"logs/build/905232_maven_pax-runner-handler_2.log","2763","04524bcb88ba36352231d090f7955fefa9281e15ebaabc2824107296f240030b","build_log","2026-07-23T05:45:58.7451829+00:00"
"logs/build/905232_maven_pax-runner-handler_3.log","6615","b907b28a2479c4b252435f8871d461f77fa8e07b6277df0c3c323cd8067cb1cc","build_log","2026-07-23T05:45:58.7451829+00:00"
"logs/build/905232_maven_pax-runner-platform_1.log","4225","c22d184560379b3d10ece6db0f54fd8df11b5963242a0dfcd3cc8381bf75aef8","build_log","2026-07-23T05:45:58.7451829+00:00"
"logs/build/905232_maven_pax-runner-platform_2.log","3333","68bd74f2f530eb9cf038bbfd9493aa0c67658fd12f14f5b3039ec5d179116741","build_log","2026-07-23T05:45:58.7451829+00:00"
"logs/build/905232_maven_pax-runner-platform_3.log","9879","274464473fb720b30981de339022bd38817bffc1f2111e0ade0d5c002cf9589f","build_log","2026-07-23T05:45:58.7451829+00:00"
"logs/build/905232_maven_pax-runner-platform-concierge_1.log","3051","24c6f64de9e823c95de5367820436de70888d2537218e43311a07ebc2815115d","build_log","2026-07-23T05:45:58.7451829+00:00"
"logs/build/905232_maven_pax-runner-platform-concierge_2.log","3375","47005eb4615ec4f53b9380946ff6ab25e624735b5897a2baefa9cce63ebc7a98","build_log","2026-07-23T05:45:58.7451829+00:00"
"logs/build/905232_maven_pax-runner-platform-concierge_3.log","12620","98509a3089140099f3084626a959ee74dbbbc18481135405146b8459cc743735","build_log","2026-07-23T05:45:58.7451829+00:00"
"logs/build/905232_maven_pax-runner-platform-felix_1.log","3035","df3e946516c575ea6457b452e0b291b5dff3dd29d200721e9574209deae906a6","build_log","2026-07-23T05:45:58.7451829+00:00"
"logs/build/905232_maven_pax-runner-platform-felix_2.log","3359","24285c761ee5d670e6fe7934fd9a1021be998d9fdb31833b385e36bd1d2183de","build_log","2026-07-23T05:45:58.7451829+00:00"
"logs/build/905232_maven_pax-runner-platform-felix_3.log","13026","0da17a2f7b940741dbcc00aefac9808877760636dc8c7c6f2689c0d05276b608","build_log","2026-07-23T05:45:58.7451829+00:00"
"logs/build/905232_maven_pax-runner-platform-knopflerfish_1.log","3063","23d5a72cc3130e2eca9c031e50aca9814a095103850c5420ce448dac1b3bcae0","build_log","2026-07-23T05:45:58.7451829+00:00"
"logs/build/905232_maven_pax-runner-platform-knopflerfish_2.log","3387","dafdd437e977bd090b07908d51c056cacca37ee02183d94aca2d92b4f9230271","build_log","2026-07-23T05:45:58.7451829+00:00"
"logs/build/905232_maven_pax-runner-platform-knopflerfish_3.log","13031","0fda10fc678ea136be3d490fa707232d87b7af193dc4a19d9fe4960c26437dd9","build_log","2026-07-23T05:45:58.7451829+00:00"
"logs/build/9294731_maven_sensorwebclient-ags_1.log","3720","e1afbf5d383b6664ff35527665e45591fe15b465a041f4ecd1d1561e72dd2032","build_log","2026-07-23T05:45:58.7451829+00:00"
"logs/build/9294731_maven_sensorwebclient-ags_2.log","4044","ff5d8e2f0a779c7a789701189c9277f2e4143ce85ade9bcc52d742812603ee14","build_log","2026-07-23T05:45:58.7451829+00:00"
"logs/build/9294731_maven_sensorwebclient-ags_3.log","3463","702131730ae99c8ad3986993cc7a33dea3eee1e14372293accbd51a9cc4b0bbd","build_log","2026-07-23T05:45:58.7451829+00:00"
"logs/build/9294731_maven_sensorwebclient-ags_4.log","3787","dc64744ce5e4981476b60b0f30c6a865cf7c227fbf5b50ec7b4587fe8dfea999","build_log","2026-07-23T05:45:58.7451829+00:00"
"logs/build/9294731_maven_sensorwebclient-ags_5.log","4142","8e4a481c5a5254189b18798fee43ddb506d99b2d226860a2a5294cf899e40164","build_log","2026-07-23T05:45:58.7451829+00:00"
"logs/build/9294731_maven_sensorwebclient-ags_6.log","3885","e88d26035f0ca7fc99e7f40bd71592da7a09e75df05f6869aaf2e658de625ee3","build_log","2026-07-23T05:45:58.7451829+00:00"
"logs/build/9294731_maven_sensorwebclient-api_1.log","3720","6dfaa8b64045728bf013e8c3fdc6f0c0a99d258e02e74915725e0a83d9248984","build_log","2026-07-23T05:45:58.7451829+00:00"
"logs/build/9294731_maven_sensorwebclient-api_2.log","4044","16eaa5923055018b6e3497838a98c1f281afe42f938d48948f36413697449205","build_log","2026-07-23T05:45:58.7451829+00:00"
"logs/build/9294731_maven_sensorwebclient-api_3.log","3463","e64053734bc18b8c089f6ab07836fa3607cc7f09e445289554f50582adb5c155","build_log","2026-07-23T05:45:58.7451829+00:00"
"logs/build/9294731_maven_sensorwebclient-api_4.log","3787","862921c3002c8c4e44f964386e45f6ffffdd21197838019287e0f422f7d1a456","build_log","2026-07-23T05:45:58.7451829+00:00"
"logs/build/9294731_maven_sensorwebclient-api_5.log","4142","c4ee29d87d039fb40bd070e71a154be102e462866c96920b2f652f0f07e8fd9b","build_log","2026-07-23T05:45:58.7451829+00:00"
"logs/build/9294731_maven_sensorwebclient-api_6.log","3885","b356843e858354b9abbaf76513b2f591541e68a0629f5bf6eb3fb94de3c997d1","build_log","2026-07-23T05:45:58.7451829+00:00"
"logs/build/9294731_maven_sensorwebclient-eea_1.log","2278","a9b1736e9e5ee7c1981231487af8030aa33d21e6c27f35f2724b36019a6de0bb","build_log","2026-07-23T05:45:58.7451829+00:00"
"logs/build/9294731_maven_sensorwebclient-eea_2.log","2602","a5ec653d74640efa1e3407a34aba22fe90c06918b3cb0a7de98b0ac8002652bb","build_log","2026-07-23T05:45:58.7451829+00:00"
"logs/build/9294731_maven_sensorwebclient-eea_3.log","3463","2ae110edb2d78d399bf5b60fb167fc68059bb7baeafd21c957e28d7de2d648cf","build_log","2026-07-23T05:45:58.7451829+00:00"
"logs/build/9294731_maven_sensorwebclient-eea_4.log","3787","21637f9de42c7fd205f630af3fb9696ce190150b4a5bb6f3424cf39800f4e8a5","build_log","2026-07-23T05:45:58.7451829+00:00"
"logs/build/9294731_maven_sensorwebclient-eea_5.log","2800","432c9533cf2592189e46f0acd2cc611a1a9f874763536fc05d82344e2504d184","build_log","2026-07-23T05:45:58.7451829+00:00"
"logs/build/9294731_maven_sensorwebclient-eea_6.log","3885","e4e5ac983e8e32357d94f282e797e01ccee7d2f70c71671da427b9f671c3e5c4","build_log","2026-07-23T05:45:58.7451829+00:00"
"logs/build/9294731_maven_sensorwebclient-ext_1.log","3720","1ea79397c2a8fbb7d4dcc694b53abbb02ba210e335ada61b96b5a5ff225f4e16","build_log","2026-07-23T05:45:58.7451829+00:00"
"logs/build/9294731_maven_sensorwebclient-ext_2.log","4044","709a0036cb2ca6df2a890403bda48fd6ce9ef8f1b621f2c607647e28b67a34a8","build_log","2026-07-23T05:45:58.7451829+00:00"
"logs/build/9294731_maven_sensorwebclient-ext_3.log","3463","8e308a0dc668224ae7c42257a5698e0e52f828be46c66232e9f1b2239f9388d9","build_log","2026-07-23T05:45:58.7451829+00:00"
"logs/build/9294731_maven_sensorwebclient-ext_4.log","3787","1b0c0541c54e2e8f1b834708b8125c5831fd43f8521a42ada3914b61f552d10d","build_log","2026-07-23T05:45:58.7451829+00:00"
"logs/build/9294731_maven_sensorwebclient-ext_5.log","4142","cb168b5a90b77fb0144b0433a9862aa0fe8e35e9cde142e15e1240a0e02b5840","build_log","2026-07-23T05:45:58.7451829+00:00"
"logs/build/9294731_maven_sensorwebclient-ext_6.log","3885","3da55ba5acd0af99492910a3ecb3bd95de8f7674a4b5bf08d0a6c8dcb5f7a91b","build_log","2026-07-23T05:45:58.7451829+00:00"
"logs/build/9294731_maven_sensorwebclient-hydro_1.log","3726","be6ae337ade3ff8f950d087f9c1de052de79f88fab9469e88bf93c81e81e40ff","build_log","2026-07-23T05:45:58.7451829+00:00"
"logs/build/9294731_maven_sensorwebclient-hydro_2.log","4050","0a8ebf3cda6da1de65c23d03e21c0f8fe95a99e930d8f059dddab6b56300ba83","build_log","2026-07-23T05:45:58.7451829+00:00"
"logs/build/9294731_maven_sensorwebclient-hydro_3.log","3465","c899b061303730bb6cb96b044d3a2b7c37202e22adc289e6c6714bf1c6a01a63","build_log","2026-07-23T05:45:58.7451829+00:00"
"logs/build/9294731_maven_sensorwebclient-hydro_4.log","3789","e8e074e1c0adb3176a508c9cdc928a445e1cc0598e83a84471b81690905125b2","build_log","2026-07-23T05:45:58.7451829+00:00"
"logs/build/9294731_maven_sensorwebclient-hydro_5.log","4148","d029329cbb11b2afa962c85cd7b3e0044b1487dc7756c3598226dcb28aa2a8f5","build_log","2026-07-23T05:45:58.7451829+00:00"
"logs/build/9294731_maven_sensorwebclient-hydro_6.log","3887","d3d719cfd0ee7043e2281f18b50654e445a0d9d8f63e74a2357a41cffc2bb902","build_log","2026-07-23T05:45:58.7451829+00:00"
"logs/build/9294731_maven_sensorwebclient-ses-server_1.log","3741","71c64f80ea9f9c81f555f0e8a9f7aa4d398a4a28f9b8cd580f08134926433001","build_log","2026-07-23T05:45:58.7451829+00:00"
"logs/build/9294731_maven_sensorwebclient-ses-server_2.log","4065","4397c29070b6f34663f6a43e916443a7e942261d33eeb8ae13f02e40487bf13f","build_log","2026-07-23T05:45:58.7451829+00:00"
"logs/build/9294731_maven_sensorwebclient-ses-server_3.log","3470","a885205bf3049a53a414c57a2daf0dd8b19a765327def541a0806c4780e70039","build_log","2026-07-23T05:45:58.7451829+00:00"
"logs/build/9294731_maven_sensorwebclient-ses-server_4.log","3794","7614847c5e993cdce6b20b7ea8da209f3937b82fb44be4c2469f6273e27fcbca","build_log","2026-07-23T05:45:58.7451829+00:00"
"logs/build/9294731_maven_sensorwebclient-ses-server_5.log","4163","5af06f1e0a53c48ede8d935b9b1688912b0bd41c71f6c13b51a88d6c172a76fd","build_log","2026-07-23T05:45:58.7451829+00:00"
"logs/build/9294731_maven_sensorwebclient-ses-server_6.log","3892","7045fbf4878a1d04e0273fbd5cfc843169202c907d320bb74ae306140a2fe96a","build_log","2026-07-23T05:45:58.7451829+00:00"
"logs/build/9294731_maven_sensorwebclient-sos-shared_1.log","3741","9b3af781602586fd4deb349ec9d08797f510eabc50e816520de282e3584a2404","build_log","2026-07-23T05:45:58.7451829+00:00"
"logs/build/9294731_maven_sensorwebclient-sos-shared_2.log","4065","324e45f3bbd4b0871c19d2c26f02d9bb213a7085d707131b1722d73e415501e4","build_log","2026-07-23T05:45:58.7451829+00:00"
"logs/build/9294731_maven_sensorwebclient-sos-shared_3.log","3470","e3f1854abfae261eee0945b59ffdf82facb73bfc4cba071989cb3aee2c95db25","build_log","2026-07-23T05:45:58.7451829+00:00"
"logs/build/9294731_maven_sensorwebclient-sos-shared_4.log","3794","ca4bd0e237fa6df8c8c5945f0fc80339ae158bbe52d9bd3c21cd4bdb13ae9f5f","build_log","2026-07-23T05:45:58.7451829+00:00"
"logs/build/9294731_maven_sensorwebclient-sos-shared_5.log","4163","8573542dbd0901749fd052f47956dfdcc87ba04108ac657e61172af0617ba49c","build_log","2026-07-23T05:45:58.7451829+00:00"
"logs/build/9294731_maven_sensorwebclient-sos-shared_6.log","3892","7a56e5719c174ada42c97e35f16a35caa97914087245a31d7d3d1f1177bd0df6","build_log","2026-07-23T05:45:58.7451829+00:00"
"logs/build/9294731_maven_sensorwebclient-ui_1.log","3717","199ec0782cc86ae5219ae5f472baa4754682fc437c4a0a3c4c711c55e5944e0b","build_log","2026-07-23T05:45:58.7451829+00:00"
"logs/build/9294731_maven_sensorwebclient-ui_2.log","4041","b4e5e38984338b914a6a4485ff73fb817abf617bc9b0a022152f184fb253552c","build_log","2026-07-23T05:45:58.7451829+00:00"
"logs/build/9294731_maven_sensorwebclient-ui_3.log","3462","d74c9f1480194d455c2ea940dfd2f161a81e9a0ae9df21c34f00ceaa208afaf0","build_log","2026-07-23T05:45:58.7451829+00:00"
"logs/build/9294731_maven_sensorwebclient-ui_4.log","3786","ddd2ee33182d5d7f6f69dbd2655acd7ec82234b1df0da3b552ff6cc67f15e1fc","build_log","2026-07-23T05:45:58.7451829+00:00"
"logs/build/9294731_maven_sensorwebclient-ui_5.log","4139","4109e1787880501e30fa48e09066fd03f283b59ecb0b3b9e865bf7f089d5fd27","build_log","2026-07-23T05:45:58.7451829+00:00"
"logs/build/9294731_maven_sensorwebclient-ui_6.log","3884","50f46100195d4d3e2bd7a20b53894a7be40b746c67e80c0917d3c7ade7d73411","build_log","2026-07-23T05:45:58.7451829+00:00"
"logs/build/92980167_maven_core_1.log","8066","e38188489ef772d60544d5de7e3849e17bed2e91da45088b41eb1c9d83588411","build_log","2026-07-23T05:45:58.7451829+00:00"
"logs/build/92980167_pipeline_exception.log","1178","7a48952f4e8e5e06db9f5f1066a377f3c15b623471d78a7d7a132f29ee23b7a3","build_log","2026-07-23T05:45:58.7451829+00:00"
"logs/build/95005676_gradle_core_1.log","18067","1fb63be1026f65150aa005f078d3c6dd31748f891994bde6ed25861fea761db8","build_log","2026-07-23T05:45:58.7451829+00:00"
"logs/build/95005676_gradle_core_2.log","17634","eaaaf37c130d9e0555b0d1cfd1a5f64d337a1c0a8d1dec6e07d408544c245bed","build_log","2026-07-23T05:45:58.7451829+00:00"
"logs/build/95005676_gradle_core_3.log","17887","74aa79779436a4d275c86e1532a91fd2a6ef4042746abc6d48321de059602f35","build_log","2026-07-23T05:45:58.7451829+00:00"
"logs/build/95005676_gradle_core_4.log","17748","3cfbd99d4122cdba42b92e6af6997a91cbff7971e061f5cb7e111853d6bd7727","build_log","2026-07-23T05:45:58.7451829+00:00"
"logs/build/95005676_gradle_httpclient_1.log","17794","d37cbdd2267e527d4b396a621bafdcc31a92d4ce029081a70ad2b6e0c622eb64","build_log","2026-07-23T05:45:58.7451829+00:00"
"logs/build/95005676_gradle_httpclient_2.log","17655","9f60e089d4383819c52501796ccf3e3ec38036808915a77d6a2697c27094f62a","build_log","2026-07-23T05:45:58.7451829+00:00"
"logs/build/95005676_gradle_httpclient_3.log","17911","06de8c4b8257ea4d25ffcf89794fe24359d57bd40292c41b15dc8113ddef0c5d","build_log","2026-07-23T05:45:58.7451829+00:00"
"logs/build/95005676_gradle_httpclient_4.log","17772","8bc6aa765dcf757ac5fec9ca54532a7a24b1c82a7cb84d7d8e1c305db059b5e6","build_log","2026-07-23T05:45:58.7451829+00:00"
"logs/build/95247959_maven_http-clients_netty-nio-client_1.log","8263","556ca1bab40637b73553fd68e88983159d69158731cfe807af316153014b3c81","build_log","2026-07-23T05:45:58.7451829+00:00"
"logs/build/95247959_maven_http-clients_netty-nio-client_2.log","8587","38acc338c87c29611eafa219a47c0f928d39ae47d9fb5f7f14858e14b47cd236","build_log","2026-07-23T05:45:58.7451829+00:00"
"logs/build/95247959_maven_http-clients_netty-nio-client_3.log","38455","d1d5dc24e89a376be23e0328273cf07163a0d3ad1dbc6caee2018605e88bff99","build_log","2026-07-23T05:45:58.7451829+00:00"
"logs/build/95247959_maven_services-custom_dynamodb-enhanced_1.log","8032","3be13106f4dbab75a9cb25b2e99315f763edd597a7a68228b3399f85968a0013","build_log","2026-07-23T05:45:58.7451829+00:00"
"logs/build/95247959_maven_services-custom_dynamodb-enhanced_10.log","129280","bc907be53c12667928a9eac1d24c54f56ed523f9e51e0a6b8cb2a40877c1fcb0","build_log","2026-07-23T05:45:58.7451829+00:00"
"logs/build/95247959_maven_services-custom_dynamodb-enhanced_11.log","8751","3c46caf32564461be31974da31d5b16f17e86f113694100fb7a69daf25c81c10","build_log","2026-07-23T05:45:58.7451829+00:00"
"logs/build/95247959_maven_services-custom_dynamodb-enhanced_12.log","129157","27f4ae5b2cc5398b6d8faaa87ab0be27c6a35733a1ace71120ecfb8fe20008b9","build_log","2026-07-23T05:45:58.7451829+00:00"
"logs/build/95247959_maven_services-custom_dynamodb-enhanced_2.log","8356","ce53db8eda9916994e0fd2a2be7182624333f0d3afaa3a973accc98011146469","build_log","2026-07-23T05:45:58.7451829+00:00"
"logs/build/95247959_maven_services-custom_dynamodb-enhanced_3.log","145811","ce619796ae2947af4771f1681b7fd78f01caa9dace748523db6599e31ab220f6","build_log","2026-07-23T05:45:58.7451829+00:00"
"logs/build/95247959_maven_services-custom_dynamodb-enhanced_4.log","129572","5d9598a493ac032f7f276d21169e65926ce0d356aebca204a0d2b55ffd79de6c","build_log","2026-07-23T05:45:58.7451829+00:00"
"logs/build/95247959_maven_services-custom_dynamodb-enhanced_5.log","7909","6625326418825f905244d1b083969dfc3c17c7d7ae70480337fb4e8448db7858","build_log","2026-07-23T05:45:58.7451829+00:00"
"logs/build/95247959_maven_services-custom_dynamodb-enhanced_6.log","8233","b5697db56b75cb1f65d757a49606802c56a21d27eb7470a6398573cf71f5a14c","build_log","2026-07-23T05:45:58.7451829+00:00"
"logs/build/95247959_maven_services-custom_dynamodb-enhanced_7.log","141526","428bbe0bf9abbde78f40bdabd3b10cd525880e49117fe5bcb25cd798962e0805","build_log","2026-07-23T05:45:58.7451829+00:00"
"logs/build/95247959_maven_services-custom_dynamodb-enhanced_8.log","129449","ecbd1d12bcf46f62530edabf20711719594f76614bbbbdec12e2da3c3e170e8f","build_log","2026-07-23T05:45:58.7451829+00:00"
"logs/build/95247959_maven_services-custom_dynamodb-enhanced_9.log","8554","80ba08cc02ef22420c7cce48f3d4a5c592c89c6df6dc79603b032f0691b62665","build_log","2026-07-23T05:45:58.7451829+00:00"
"logs/build/9619226_maven_spring-data-simpledb-impl_1.log","3652","674382069a62d4554378994faebccb8a67062996e281d8ec4b95fff58b05d19c","build_log","2026-07-23T05:45:58.7451829+00:00"
"logs/build/97822421_maven_infrastructure_1.log","839","cfc1f2f195b40fb1d3727c4797134fb91838b5dd5c3e74fd65eca6f190e581ae","build_log","2026-07-23T05:45:58.7451829+00:00"
"logs/build/97822421_maven_infrastructure_2.log","1163","1e7989b6157f13007d1365f991117b556f965dea3d32bac848edf0b179b280f5","build_log","2026-07-23T05:45:58.7451829+00:00"
"logs/build/97822421_maven_infrastructure_3.log","848","f90c1be5d2ab41f3b33c36a06d95b6543d6a0ecd72bfb2e6c8fcdb3179764a65","build_log","2026-07-23T05:45:58.7451829+00:00"
"logs/build/97822421_maven_infrastructure_4.log","1172","72c6295e2720b6d299ee5bce130afb8c3ea39b47f5973f5afaea809d7b1409bc","build_log","2026-07-23T05:45:58.7451829+00:00"
"logs/build/97822421_maven_infrastructure_5.log","4284","1222cf21cc82093febe97296d0b7b4775e3e2b0c2b2941b9eab47d9e6017e2f5","build_log","2026-07-23T05:45:58.7451829+00:00"
"logs/build/98013453_pipeline_exception.log","1178","d8edc96a450065f52b639600b9133f3860510955a56020fc17881e603f8e68ff","build_log","2026-07-23T05:45:58.7451829+00:00"
"logs/build/9812178_maven_cobra_commons_1.log","2601","0ed44875b151b6c9ac6fb3eda683b1f82d58be52157360e73331f655849c6d04","build_log","2026-07-23T05:45:58.7451829+00:00"
"logs/build/9812178_maven_cobra_commons_2.log","3245","d44d103cca60bfaffde3147335dbbfde5f1aa27a1848752c6821411345fe1391","build_log","2026-07-23T05:45:58.7451829+00:00"
"logs/build/9812178_maven_cobra_commons_3.log","2585","bb848b89281cb9d6940adf67413ae02cd32f287dc99281c6e259d445cc090a21","build_log","2026-07-23T05:45:58.7451829+00:00"
"logs/build/9812178_maven_cobra_commons_4.log","2909","4b6f76c192e47459e12416305ecc864eed684711a2977d388fb810e44fca8e28","build_log","2026-07-23T05:45:58.7451829+00:00"
"logs/build/9812178_maven_cobra_commons_5.log","3343","4dbb8208cf633dc7712459059fcd1f2667a7699b70a51a00a30da8bf36e4de3f","build_log","2026-07-23T05:45:58.7451829+00:00"
"logs/build/9812178_maven_cobra_commons_6.log","3007","ab712f3fb8ce4a89e5bab4bd37602b73cb1d5f271df9596e0ac2eba90e5100ea","build_log","2026-07-23T05:45:58.7451829+00:00"
"logs/build/9812178_maven_cobra_hibernate_1.log","2834","d144fa08469ec17acc5a27d81c4b83f728ebc9589063f3e6ec11f031bf585679","build_log","2026-07-23T05:45:58.7451829+00:00"
"logs/build/9812178_maven_cobra_hibernate_2.log","3158","1ee048e726e6af85160fb78069494e35ca9ef4c3595741a95744eb843fc190b4","build_log","2026-07-23T05:45:58.7451829+00:00"
"logs/build/9812178_maven_cobra_hibernate_3.log","2587","4d220413d6548700ed4297f296e169a6a3518afc2497eb44290baac87b4143bb","build_log","2026-07-23T05:45:58.7451829+00:00"
"logs/build/9812178_maven_cobra_hibernate_4.log","2911","614a5409238de89f348aae90a8854055bee9cca2ebb623c6f85e3277de4feef9","build_log","2026-07-23T05:45:58.7451829+00:00"
"logs/build/9812178_maven_cobra_hibernate_5.log","3256","b8fbb2cca06325bb1bd66337e2de9abe515f1e1381d4bee25e82d93811442a59","build_log","2026-07-23T05:45:58.7451829+00:00"
"logs/build/9812178_maven_cobra_hibernate_6.log","3009","75b633e95aea6b87aada977f91419b2327cd4047c88c4c871f87df8492cd9384","build_log","2026-07-23T05:45:58.7451829+00:00"
"logs/build/9812178_maven_eduarte_core_1.log","2581","d594a67faa198a80ff8fb7f7e13c3f38c69b8756b9d19d8d23ce9a5680a0e7b3","build_log","2026-07-23T05:45:58.7451829+00:00"
"logs/build/9812178_maven_eduarte_core_2.log","3225","64f37592d13dcb3bdb345015e16b2ee778ee1ed800e9b2fb12cc8aa662741388","build_log","2026-07-23T05:45:58.7451829+00:00"
"logs/build/9812178_maven_eduarte_core_3.log","2644","02a176c751fe9ba9ee06e2cd8b3ae761b33d432dc6c6be19aad88582b31a8c65","build_log","2026-07-23T05:45:58.7451829+00:00"
"logs/build/9812178_maven_eduarte_core_4.log","2968","68d3afedf67de661512196d2af2f563c6196e31134ef20ad563321a7a0a48fcb","build_log","2026-07-23T05:45:58.7451829+00:00"
"logs/build/9812178_maven_eduarte_core_5.log","3323","9ff1dd9d6e865a49c02e159d3c30308d11e5d2b725ab8b498d8955c909384e7a","build_log","2026-07-23T05:45:58.7451829+00:00"
"logs/build/9812178_maven_eduarte_core_6.log","3066","366091d0d1daadf9c1dc12109faafbd0abcd357771599a50da9122b11bfb2327","build_log","2026-07-23T05:45:58.7451829+00:00"
"logs/build/9812178_maven_eduarte_module-krd_1.log","2919","e107b9bcc4384b30ecbb6d107e5164bb7e6c6b7af5fb646ef385e800573c0ca3","build_log","2026-07-23T05:45:58.7451829+00:00"
"logs/build/9812178_maven_eduarte_module-krd_2.log","3243","8c64a030c2a807d46df9e75767df065939a90cc03170b7c96531368e53b8e817","build_log","2026-07-23T05:45:58.7451829+00:00"
"logs/build/9812178_maven_eduarte_module-krd_3.log","2650","af74bdb6cdff8a9d1f86c8bf6f05d34fd45c96395d636c6337d80194885441fe","build_log","2026-07-23T05:45:58.7451829+00:00"
"logs/build/9812178_maven_eduarte_module-krd_4.log","2974","ba437260152dd424893a4f249e781fd5f557f2a9c8253164fad1bc454ac908ac","build_log","2026-07-23T05:45:58.7451829+00:00"
"logs/build/9812178_maven_eduarte_module-krd_5.log","3341","39b43c92e31d9ac8d5de2c4e17359fbdd1cabd99f902aea0fb69d938e9b8ed4a","build_log","2026-07-23T05:45:58.7451829+00:00"
"logs/build/9812178_maven_eduarte_module-krd_6.log","3072","0fdd813fef6950d37531d3f28106222620804a2adb6674d91550d287a8ab370d","build_log","2026-07-23T05:45:58.7451829+00:00"
"logs/build/98410891_maven_applications_demo_1.log","2205","9b7304a0f7353165b5353885a0db55e9ad3c27633fd058b3d75d5f357a1a2f12","build_log","2026-07-23T05:45:58.7451829+00:00"
"logs/build/98410891_maven_applications_demo_2.log","2529","d477296038a2731d1804cc7d6c420d3cc47506c350fb0b6058242699c60c364d","build_log","2026-07-23T05:45:58.7451829+00:00"
"logs/build/98410891_maven_applications_demo_3.log","20724","af03e8c201184ebffb9722e3184cb5cf3524f52b1caba5bd745e004bf9ed8f73","build_log","2026-07-23T05:45:58.7451829+00:00"
"logs/build/98410891_maven_core_1.log","2195","f942a79b09850f44cc34f03a472c00b0a31ebd1bb0f0aba3cdd39e7f8a6680c8","build_log","2026-07-23T05:45:58.7451829+00:00"
"logs/build/98410891_maven_core_2.log","2519","7df311f445f19bb58c9e7d4944407747cbbe251a42bb3eff94dad25d3a087821","build_log","2026-07-23T05:45:58.7451829+00:00"
"logs/build/98410891_maven_core_3.log","15473","dc8a3e02c6f25e8a1da669083212053ace42c2b571e4eb06d85ea4955c307b13","build_log","2026-07-23T05:45:58.7451829+00:00"
"logs/build/98410891_maven_core-interface_1.log","2229","90d6724a819466e6d053fe30bdf8a5672429e66d39f6f75949b1c80b691c50f7","build_log","2026-07-23T05:45:58.7451829+00:00"
"logs/build/98410891_maven_core-interface_2.log","2553","d4e1260829e567021f9b06485d45c9606271b38158aa21c3b6bbfb888b5bbaac","build_log","2026-07-23T05:45:58.7451829+00:00"
"logs/build/98410891_maven_core-interface_3.log","7675","c00bc6596a558d5d6faca8cb4ad000f49c5450f5e16ee099f06405fcfa4658a0","build_log","2026-07-23T05:45:58.7451829+00:00"
"logs/build/9884445_maven_minnal-jaxrs_minnal-instrumentation-jaxrs_1.log","2430","fb263b25917e89c1774177ab8bf96d2dd79e28761809b17d7671dce118ecbe6d","build_log","2026-07-23T05:45:58.7451829+00:00"
"logs/build/9884445_maven_minnal-jaxrs_minnal-instrumentation-jaxrs_2.log","3070","666d46d9043e0d603b3833f9e7c107744939b09b332ed0aa6d95fbe77182e54b","build_log","2026-07-23T05:45:58.7451829+00:00"
"logs/build/9884445_maven_minnal-jaxrs_minnal-instrumentation-jaxrs_3.log","5204","cbefacaf17ed48142aac260859ea535452901b558fefda3e0aeb0d9269fca693","build_log","2026-07-23T05:45:58.7451829+00:00"
"logs/clone/32377028.log","323","9bfd12a70d19e48d2de77732ae8e41f8d1cd5d2928545b56099b46a2706eae3a","clone_log","2026-07-23T05:45:58.7451829+00:00"
"logs/clone/35126129.log","316","5f177490a3a7a0c3d256ac610642c03e6467ce6df3759c5ac4ba0b47222ea0dc","clone_log","2026-07-23T05:45:58.7451829+00:00"
"logs/clone/3513261.log","326","1900dc1572f09038bd1e09b340317a8107c75af6f939bc3491108424700bd9d5","clone_log","2026-07-23T05:45:58.7451829+00:00"
"logs/clone/35532096.log","756","0b83a7cc5c3290133a81a3d96e8e4ca729ec5ccfbd5e4f85b4a625ba1fc36f5c","clone_log","2026-07-23T05:45:58.7451829+00:00"
"logs/clone/35627039.log","318","d670f771bb7443886746346f525246b2a3104b6ffa6a4b9e969b79a2ec019ae7","clone_log","2026-07-23T05:45:58.7451829+00:00"
"logs/clone/3580492.log","309","de1ee42ae4b07287fb8cb6fa950ed42f239d8dca3659d86500aa5df1fd0cb618","clone_log","2026-07-23T05:45:58.7451829+00:00"
"logs/clone/3713233.log","312","1133d19561b6cf7e3e4cff64a5db65f83c1b99cd06ced251f2a3663e54ac5a39","clone_log","2026-07-23T05:45:58.7451829+00:00"
"logs/clone/3847504.log","1481","f8f3fc0ff0327d3a905ef1d318fc59113534e82f5d493310918d4a565628cf8d","clone_log","2026-07-23T05:45:58.7451829+00:00"
"logs/clone/39195736.log","328","32526a417ddef619a98cf6f6da5765daf160e9394558cf10a79a386519d49590","clone_log","2026-07-23T05:45:58.7451829+00:00"
"logs/clone/39285768.log","323","fcd9e1b4087b197435ac18b837c9acedaf822bd530973493525a57f620351f0d","clone_log","2026-07-23T05:45:58.7451829+00:00"
"logs/clone/40111808.log","407","7cff38930495b818c2718fbe0cd7e3eeea820abd67e00a56f855b1a614690631","clone_log","2026-07-23T05:45:58.7451829+00:00"
"logs/clone/41547678.log","333","08c02c307f0e3b068df0b9a03698594736c30dcbbf08e6d0a259cd9c01999380","clone_log","2026-07-23T05:45:58.7451829+00:00"
"logs/clone/4159017.log","309","cd2eaba8ef3cc54cf67250c6b3c1c19f26af41607915184e6c284bc6224406e1","clone_log","2026-07-23T05:45:58.7451829+00:00"
"logs/clone/41627638.log","313","5a4d48c4e10b4ab8e0950a81d1da5436238812c984823828073487c3dec7f734","clone_log","2026-07-23T05:45:58.7451829+00:00"
"logs/clone/42109069.log","320","a63fbacafff5d18cc1417699a1c8a83c6c5ca377cb6437796df047565f3765df","clone_log","2026-07-23T05:45:58.7451829+00:00"
"logs/clone/42751554.log","309","25cbdc2629bc82be6da86fbcd68e741730dd1e608f9e6eebbb668f63cb0e0456","clone_log","2026-07-23T05:45:58.7451829+00:00"
"logs/clone/43105609.log","313","3c79fc59307efe5e635970e74b370a76751c9ad802d6842dd1ae9bc3d676efad","clone_log","2026-07-23T05:45:58.7451829+00:00"
"logs/clone/4368712.log","306","1b68e35a3dd083e65fc2d807e9984df8559286c478acf3199dd830d6023464d1","clone_log","2026-07-23T05:45:58.7451829+00:00"
"logs/clone/44308560.log","2655","0c4af8f8da410e2c6b358360ef968ef1ed3b122fffe0c4aacea4fa6cbc75338a","clone_log","2026-07-23T05:45:58.7451829+00:00"
"logs/clone/4514536.log","317","3c13c29c99beacaaa139d8f374e1dbec18ad7cce2605df60fd8d904044de0e7f","clone_log","2026-07-23T05:45:58.7451829+00:00"
"logs/clone/45755430.log","315","bf3f2528383aa81def45d5844cccb5166c92e9d019d82566af805ca58951026b","clone_log","2026-07-23T05:45:58.7451829+00:00"
"logs/clone/4597349.log","321","79fe8ba15027d2efb08bf9170c919c1cf279418c2f6f4ce1e779cc9ad0a0257c","clone_log","2026-07-23T05:45:58.7451829+00:00"
"logs/clone/45997449.log","306","7ae1b9993ae6a7fa9416b8fd1e478b3c060ec8996c44f8fe4ed68cc7e5eac154","clone_log","2026-07-23T05:45:58.7451829+00:00"
"logs/clone/46396068.log","312","1ab56c504d12c3c0c990cfad0f23472688f56a3ee7a18e652ac3dcbc53cd99e3","clone_log","2026-07-23T05:45:58.7451829+00:00"
"logs/clone/46413020.log","602","525f73130a2815e58b11d70cddfa076e6dc402cc545285a93ae91904270315f3","clone_log","2026-07-23T05:45:58.7451829+00:00"
"logs/clone/46450575.log","306","546765eb0f339d85d90b457448fb7e3119460edbf2bcd8d53fc63315fcdfb9df","clone_log","2026-07-23T05:45:58.7451829+00:00"
"logs/clone/47184968.log","1619","30ff16bcc121f3a983ba11d6b961618954f8b818ef8d8f43373984e650951bd9","clone_log","2026-07-23T05:45:58.7451829+00:00"
"logs/clone/48046454.log","1217","5525a4dc76f03f2fcad1b40506dbb82f1b8c592404dcb69dc06ab61fe63f6cc4","clone_log","2026-07-23T05:45:58.7451829+00:00"
"logs/clone/48175620.log","307","892ce3b0d4d1e225e7c8839f8e7b7b6cc705ef88c3eb76babc74349be4ffcd3a","clone_log","2026-07-23T05:45:58.7451829+00:00"
"logs/clone/49057615.log","310","3c567f9ba96ced2f317ed4afd0ee5c733381586aed7c8b8eb7286aa03b5de51a","clone_log","2026-07-23T05:45:58.7451829+00:00"
"logs/clone/49317403.log","318","6d5678c024bbb39b73d34b850cbf964fd815ea20054f3130e785dc0bdc5b1e4f","clone_log","2026-07-23T05:45:58.7451829+00:00"
"logs/clone/49384652.log","317","91f1fb43dd251bf48883b9cbb8a816ead577891c69a9381b8920d9a490455074","clone_log","2026-07-23T05:45:58.7451829+00:00"
"logs/clone/4955633.log","317","3d9309e04a0f7a3ab1e8613abdfd19e6f5aa2be82c8860002be5ce73a21238fb","clone_log","2026-07-23T05:45:58.7451829+00:00"
"logs/clone/50056934.log","317","6ca9e064b34fcc90958f6011e9d4ee92f8f92aa31776ebdb5add155bd23da928","clone_log","2026-07-23T05:45:58.7451829+00:00"
"logs/clone/50872805.log","314","e229d5be761f1290b6fbd7c286f3c921f2bbf0cdb7d0d7b7f03559554da6ba90","clone_log","2026-07-23T05:45:58.7451829+00:00"
"logs/clone/52507351.log","309","6d8bbde4802daf22c1d5d83c27b1c96dab237444f91910bcc74489704c26ba0a","clone_log","2026-07-23T05:45:58.7451829+00:00"
"logs/clone/526139.log","1468","7ccd3990ece5b9d3cb59d85d27945f462100ef1260cfad6b0bdcd30efa2f01a6","clone_log","2026-07-23T05:45:58.7451829+00:00"
"logs/clone/52972024.log","1881","55132b2f43bbf4994a08c4e48a5a3f77f34af715586ed3808e1ff23a67aa721c","clone_log","2026-07-23T05:45:58.7451829+00:00"
"logs/clone/537800.log","309","fb9153d6e834326b3d9e544d26d89012078e01a745b052a0ad4d74fe0b5c9c6b","clone_log","2026-07-23T05:45:58.7451829+00:00"
"logs/clone/558963.log","314","3cbcdd1fa373339e3923f248765a952e92dc9255d01c03789573375e80816dc0","clone_log","2026-07-23T05:45:58.7451829+00:00"
"logs/clone/5601676.log","311","5ce28b650343c875ca9acb76c4a37e6e7170980641b543fed052c4c9efbc3786","clone_log","2026-07-23T05:45:58.7451829+00:00"
"logs/clone/58086354.log","321","5c64d3e44a3ba56a97b3a34559f8d2772d12aa804405a279f0f10e6102401623","clone_log","2026-07-23T05:45:58.7451829+00:00"
"logs/clone/58555246.log","413","bc6a191d6482da8a8c2e6c9847248ddfc4b71d724d8a8163ebff803e16613b21","clone_log","2026-07-23T05:45:58.7451829+00:00"
"logs/clone/58591901.log","319","f8598c43004f104b9e523b77306f2517b5654da1893a25b673b1348519c76849","clone_log","2026-07-23T05:45:58.7451829+00:00"
"logs/clone/597631.log","307","66346915423079a662c17f403585ec150039fc1fb15491b7d24dc6092205ca9b","clone_log","2026-07-23T05:45:58.7451829+00:00"
"logs/clone/60377070.log","3749","3de79ab7a687fbabebd40af205a84cff9e348371f5283773a44dcab3a78e7e56","clone_log","2026-07-23T05:45:58.7451829+00:00"
"logs/clone/60578004.log","316","3d99c6cbc86499256f05542566074e9378aa7abadf2564e22561d5d44829cd18","clone_log","2026-07-23T05:45:58.7451829+00:00"
"logs/clone/61565876.log","320","504aa82836f3fe90d715b2a5cc99f54579e7ad2206a2c9f62b00ce07ee52557a","clone_log","2026-07-23T05:45:58.7451829+00:00"
"logs/clone/62117812.log","2263","f147b60b665d692dde4f8645f6ab96fe7450c6be852b842a0aebe4321cdc5021","clone_log","2026-07-23T05:45:58.7451829+00:00"
"logs/clone/6293402.log","3619","1c7eeda857a819db27f4da4561fd121a6183a570f4547baa0ead80c15667ddaa","clone_log","2026-07-23T05:45:58.7451829+00:00"
"logs/clone/6437134.log","314","2e6701bca96f5ffb0db4bd21043da79b05f1fb4f5f25327609bef1f6f84e63a3","clone_log","2026-07-23T05:45:58.7451829+00:00"
"logs/clone/64487983.log","328","58140066613cf8be5e8811a1b484a57e9c41abc659fe29a2856e806ca42a00f9","clone_log","2026-07-23T05:45:58.7451829+00:00"
"logs/clone/65356302.log","326","ee95a08aaa5b9a87c4ed79520897e855e91ddc0d10c5ac3b3f2957cb329f9830","clone_log","2026-07-23T05:45:58.7451829+00:00"
"logs/clone/66030306.log","317","999371568f8d9acdc3c9376cd1dead716d185743f56ea40b963a9a9579f5ef26","clone_log","2026-07-23T05:45:58.7451829+00:00"
"logs/clone/66062805.log","317","5683574bcd38a5acc1e717697dd7c4914f832c51a20b25bc14e71bcb1ee1ab5b","clone_log","2026-07-23T05:45:58.7451829+00:00"
"logs/clone/66303306.log","1965","8aa1a7c8c214beb712cb92c56f25783f51a24492b8088ffb7c47c016f2025d4d","clone_log","2026-07-23T05:45:58.7451829+00:00"
"logs/clone/67436705.log","329","1ec4f25c0d7d5350f9ce448ae0ea30960e6ed0f2857cf902e8565086399eebb7","clone_log","2026-07-23T05:45:58.7451829+00:00"
"logs/clone/67934497.log","2638","6b072b986486c90f936790830d436c8538aa6556383854c479e02edac71f3b48","clone_log","2026-07-23T05:45:58.7451829+00:00"
"logs/clone/6944525.log","2726","d47ae4dff531b8aa6628e455b28462fc1a9eb587bc44fa5f3b09f1d9a68d2284","clone_log","2026-07-23T05:45:58.7451829+00:00"
"logs/clone/69571507.log","316","4d633e96b34e1e28e9cfce9d6673958f7b85a55d8b36e95d12e67271758b0752","clone_log","2026-07-23T05:45:58.7451829+00:00"
"logs/clone/69595482.log","319","557a80809af3e6b32a500a5db16b8c28d85c8fb81683cefc25bf75d23e9ae390","clone_log","2026-07-23T05:45:58.7451829+00:00"
"logs/clone/7095532.log","594","ce9d39180a1c27d672666961dfa1bec2b74a2288dacd402bb00c50913fdf268b","clone_log","2026-07-23T05:45:58.7451829+00:00"
"logs/clone/712229.log","306","bac40c102fb5db8f4b01fdc0ef96b5b77d28acfef5adf076a747b5fac714954e","clone_log","2026-07-23T05:45:58.7451829+00:00"
"logs/clone/73420810.log","328","18b0d4e4c10e8a84957b89c0b13f4eda0a988ac8f00b8b0c12384893be207d23","clone_log","2026-07-23T05:45:58.7451829+00:00"
"logs/clone/74059585.log","347","d132c3c91fe94ecfe75f2cd06fc92aec036fc581deae2dce0039cb99b63fb337","clone_log","2026-07-23T05:45:58.7451829+00:00"
"logs/clone/7416235.log","314","37ddec7bb07cb9ffaba04a36acf44fb407f14b88415cd13a898d1a3a137d4a4f","clone_log","2026-07-23T05:45:58.7451829+00:00"
"logs/clone/7481569.log","310","d81fd08354a3768114e65ec55168591f009f2d9d5db12cc997dd09ed385892b5","clone_log","2026-07-23T05:45:58.7451829+00:00"
"logs/clone/74999474.log","317","4411606ec13a64440f597f980a1254badcb525d8f6c191841ca951c445dc0a74","clone_log","2026-07-23T05:45:58.7451829+00:00"
"logs/clone/76278501.log","319","53b5282246a1e8da73e5d163bb4680ff94d316374e58f7a25d3fdc9b0c8132c6","clone_log","2026-07-23T05:45:58.7451829+00:00"
"logs/clone/76604873.log","417","612d25588966b85489fb72a1c3c85ef9461217a0dce8d629640581cbcc478192","clone_log","2026-07-23T05:45:58.7451829+00:00"
"logs/clone/76684197.log","413","46f84303ba41a1ad3173894a6a716957c4b59e6647e3a5433a3b18d953bb329b","clone_log","2026-07-23T05:45:58.7451829+00:00"
"logs/clone/77030088.log","322","2a9f90c6477b86c25577eac49a917ce08fce4d1fdea2006959954a25cc3ad263","clone_log","2026-07-23T05:45:58.7451829+00:00"
"logs/clone/77481567.log","308","7e4426ad4cd6cc6d2cd254c0a0ca188c49e7e5ee1686c94658c15b16d7e336c9","clone_log","2026-07-23T05:45:58.7451829+00:00"
"logs/clone/7826526.log","309","fd1265ae93749423aef962a0ccbaed6f9dc46ecd926262f76b5fc4281253885c","clone_log","2026-07-23T05:45:58.7451829+00:00"
"logs/clone/78444970.log","303","d3b15ad864f216b261bb092874278800a67c4fcc22423f847579d583aee9e6f5","clone_log","2026-07-23T05:45:58.7451829+00:00"
"logs/clone/79112912.log","318","72a7ca9058bd523cf4809adbcdae12d31714e43a5c99e07a1f076c382a519e38","clone_log","2026-07-23T05:45:58.7451829+00:00"
"logs/clone/81384608.log","2956","2d14a3e62788883a0da009896cfe6c10c816bbb05ea04429559888439619c776","clone_log","2026-07-23T05:45:58.7451829+00:00"
"logs/clone/8328088.log","305","559b9845e1e22b291c2d20a85928baf49edf10feaae023ab0234361a1e90686a","clone_log","2026-07-23T05:45:58.7451829+00:00"
"logs/clone/854893.log","302","dc0e2e4872c0225e9d04e095aec1da35e63f5fdce61289279092d0550e2b69f1","clone_log","2026-07-23T05:45:58.7451829+00:00"
"logs/clone/85795396.log","318","99c78bc6295e1b5cc76f57971a4ded6178df04ab6118e2d3b5f7fa3399982892","clone_log","2026-07-23T05:45:58.7451829+00:00"
"logs/clone/860937.log","303","9a1d1248cfd327ebcee77b4bcb7af9df940f1db236f144e96c245575858390e7","clone_log","2026-07-23T05:45:58.7451829+00:00"
"logs/clone/87849739.log","2626","73d443c2eaef74a313e5afbc26fa51e603d06638c57c36f78b779b113fa4526e","clone_log","2026-07-23T05:45:58.7451829+00:00"
"logs/clone/904044.log","1938","57c52325ba1a278a063932dcacbaa6b2796cb5c1da3399bda8ebac4ae525714f","clone_log","2026-07-23T05:45:58.7451829+00:00"
"logs/clone/905232.log","317","12f87ff45ab25b2ae722444397a9d845bc757e2d1631ebc76ef800f5b04019a6","clone_log","2026-07-23T05:45:58.7451829+00:00"
"logs/clone/9054533.log","311","a2430ed109ca8f652dd29415071586f92f9cc7e107b9922bc343675f5196977b","clone_log","2026-07-23T05:45:58.7451829+00:00"
"logs/clone/9294731.log","423","8348b281a6e5cfc27412900b0ccb6bc7d10564482b830725f1d463b7468d101e","clone_log","2026-07-23T05:45:58.7451829+00:00"
"logs/clone/92980167.log","306","cccb12f64d1d59efc0e407bec6181de4ed6c1a03781fcf8f7a031cdba7b8a4ea","clone_log","2026-07-23T05:45:58.7451829+00:00"
"logs/clone/95005676.log","316","522a1c27632b4769b656ef04f9f2af5de1923055aa7fdb119bc72473fe252b3b","clone_log","2026-07-23T05:45:58.7451829+00:00"
"logs/clone/95247959.log","3124","e3bbf79d0b4b4966e0c2ce33834f142493bda85fb98ed2e26ae65b544417f624","clone_log","2026-07-23T05:45:58.7451829+00:00"
"logs/clone/952585.log","314","feaee2f005bbf1b5ea00ae1920c03039e3954cd1c9cffa1bd92f025dea811f59","clone_log","2026-07-23T05:45:58.7451829+00:00"
"logs/clone/9619226.log","325","245ab1c00d14d5a42b256ff6c03838cf5c3c193183c855963f2528fc7f7c14c4","clone_log","2026-07-23T05:45:58.7451829+00:00"
"logs/clone/97518356.log","583","ef88c736919f7e736b4db022f1ee1e453a8a67867a8b9c74d2a92b1186fe3372","clone_log","2026-07-23T05:45:58.7451829+00:00"
"logs/clone/97822421.log","314","36520ea41962dc9d5c0fbd0ed5ad7f8b4bc6ca6d1a4a7d29b2bfa588243de5ff","clone_log","2026-07-23T05:45:58.7451829+00:00"
"logs/clone/98013453.log","2180","d87d71f4458ac1604b2f782fa33c8945b977f13c7fa0e083ac25c57548ed1d9d","clone_log","2026-07-23T05:45:58.7451829+00:00"
"logs/clone/9812178.log","2086","406b14c15773594176cdda0032f51051337d83491058016889f5f074dbec046e","clone_log","2026-07-23T05:45:58.7451829+00:00"
"logs/clone/9836833.log","304","a7a6a5e98f06a46e520b2c7934e577a580dd737fcd5cee6f118e9fdf4287bfc0","clone_log","2026-07-23T05:45:58.7451829+00:00"
"logs/clone/98410891.log","313","3d38a0c408b5c2aab4a3bbcd00784bbf256f768202ca386bd7c8ef45edd58d14","clone_log","2026-07-23T05:45:58.7451829+00:00"
"logs/clone/9884445.log","307","25fd2e4b84de74879bba08ab6304d258822dce21fa104f02e1ab90b05c151d7d","clone_log","2026-07-23T05:45:58.7451829+00:00"
"logs/pipeline_audit-v2-logs_20260720_190803.log","202","f31390ed2be74bb2d9cf685cb7c8e78d73cb2f961f71cf98cf7b56fa3dac0171","pipeline_step_log","2026-07-23T05:45:58.7451829+00:00"
"logs/pipeline_audit-v2-logs_20260720_191030.log","201","60f59443f3600c1e65ec25dcb41b5f117fb1c90acad07683b0b9e7a4ec3e4d26","pipeline_step_log","2026-07-23T05:45:58.7451829+00:00"
"logs/pipeline_build-smoke_20260720_191634.log","327","0727a8024b92b8b1a4e0d6e7c91ff066176c142f862abddd7b226d976b1e27f6","pipeline_step_log","2026-07-23T05:45:58.7451829+00:00"
"logs/pipeline_preflight_20260720_190142.log","178","ca05ff56149dc75a9aa194b8b76e6c8829b33bc700baf94591ba82b5fda6e702","pipeline_step_log","2026-07-23T05:45:58.7451829+00:00"
"logs/pipeline_preflight_20260720_191248.log","58","92ac496a34b7deb5a2324382482d20edcb37fa1acaa1e80f3204cbb34cc58681","pipeline_step_log","2026-07-23T05:45:58.7451829+00:00"
"logs/pipeline_preflight_20260720_191327.log","178","a7ab5d7a303c1b30879e9c16f633cbf9d8d47618ab484c407be544e5d2701add","pipeline_step_log","2026-07-23T05:45:58.7451829+00:00"
"logs/pipeline_preflight_20260720_191415.log","178","a904e21541acc90f3ed278a4120e00e399d61af8441187fd61409807a12a73e1","pipeline_step_log","2026-07-23T05:45:58.7451829+00:00"
"logs/pipeline_self-test_20260720_190111.log","277","230ec52ee669340ca49e9c7e76ae2777284826dfe6b5c5645a00d593f93b9ff8","pipeline_step_log","2026-07-23T05:45:58.7451829+00:00"
"logs/pipeline_self-test_20260720_190750.log","277","d30aa402c01b10d41086ff47269ef2477317323d2c78314e44d7133a534beafc","pipeline_step_log","2026-07-23T05:45:58.7451829+00:00"
"logs/pipeline_self-test_20260720_191029.log","277","65d8fb83960ce0970ac0399b8db05a82b7f5ea551c85bd02ec7158e2d37982aa","pipeline_step_log","2026-07-23T05:45:58.7451829+00:00"
"logs/pipeline_self-test_20260720_191247.log","277","257062961281a32d6611dae87397ddd88850797b497d8cbce46703fb250dcaa2","pipeline_step_log","2026-07-23T05:45:58.7451829+00:00"
"logs/pipeline_self-test_20260720_191634.log","277","7030dc1b81b9d29736154f4d0bdc63790b3086bbe055206a12276cd65da01da7","pipeline_step_log","2026-07-23T05:45:58.7451829+00:00"
"logs/pipeline_self-test_20260720_193531.log","429","816ccee4b5ea78d2286d1a29ced74831fa6ec80123f61cf8d18be2fdaa01fbb7","pipeline_step_log","2026-07-23T05:45:58.7451829+00:00"
"logs/pipeline_smoke_20260720_190125.log","458","a771306462044e756d9242d0f3c46a0a352e0cc9eff14fede3f3f68e78f5a091","pipeline_step_log","2026-07-23T05:45:58.7451829+00:00"
"logs/pipeline_step001_20260720_191703.log","56","f02bc8041febd38512b127e02a5d2058ea4e07094f2afe2153fccb38337caf32","pipeline_step_log","2026-07-23T05:45:58.7451829+00:00"
"logs/pipeline_step001_20260720_192936.log","133","df06a2abde1af9437d17d3c79c5ba798df976e3161f524a896c38a5962e06d3c","pipeline_step_log","2026-07-23T05:45:58.7451829+00:00"
"logs/pipeline_step001_20260720_193532.log","216","3c29fa1b56b0f943fb4bd076b547f10fe12cf7e0d3ff5e114d132a94b9aeaea8","pipeline_step_log","2026-07-23T05:45:58.7451829+00:00"
"logs/step000_20260723_031927.log","178","da993d3bb3f1c9447c9b1f285c00bacca3bca05bf29955c79b75bf5a0c73b984","pipeline_step_log","2026-07-23T05:45:58.7451829+00:00"
"logs/step000_20260723_032516.log","340","4db6f4216a873fd2273870599e0892372c11dc511f776cd54b5ed5ec9768dcd0","pipeline_step_log","2026-07-23T05:45:58.7451829+00:00"
"logs/step000_20260723_034032.log","214","d38c53ba05ef3426637f2bb847f668fe3339375f69b76d6e838ec6e6b76dbfc6","pipeline_step_log","2026-07-23T05:45:58.7451829+00:00"
"logs/step001_20260723_034043.log","148","50498713cb0ed1584d8a7cf12deb2a8ace5a5185752e0dda172d39d8e7405c40","pipeline_step_log","2026-07-23T05:45:58.7451829+00:00"
"logs/step002_20260723_052518.log","72","a5fe01df9b11d6f93d5e9391d83e0d8fbd46c8e74e15bf7c977e206b91ebb069","pipeline_step_log","2026-07-23T05:45:58.7451829+00:00"
"logs/step003_20260723_052603.log","3552","dbf14b75d3f690ce949d16547706eeceffee2ff38f7aaf2925e8ef92958f8509","pipeline_step_log","2026-07-23T05:45:58.7451829+00:00"
"logs/step003_20260723_055900.log","2298","a0cccfe71569370fa1327b777238a5812490775b7c3d68b7dea517a8a1d9272a","pipeline_step_log","2026-07-23T05:45:58.7451829+00:00"
"logs/step003_20260723_062054.log","13058","bee95ab35d350468c01fed95a81bfe72ca55dc2dcec8031ac4eee018c29be429","pipeline_step_log","2026-07-23T05:45:58.7451829+00:00"
"logs/step003_20260723_104824.log","360","65a949d5c3498ce7ce7ca04ba7ee9f8714fa214a3c3dd92c247cba35ce158839","pipeline_step_log","2026-07-23T05:45:58.7451829+00:00"
"logs/step003_20260723_104941.log","4140","e54ed6e59397b417e757198ee65ebf65149204fb8a45cbb999a4cf7f8487fbe0","pipeline_step_log","2026-07-23T05:45:58.7451829+00:00"
"logs/submodules/32377028.log","1","01ba4719c80b6fe911b091a7c05124b64eeece964e09c058ef8f9805daca546b","submodule_log","2026-07-23T05:45:58.7451829+00:00"
"logs/submodules/35126129.log","1","01ba4719c80b6fe911b091a7c05124b64eeece964e09c058ef8f9805daca546b","submodule_log","2026-07-23T05:45:58.7451829+00:00"
"logs/submodules/3513261.log","1","01ba4719c80b6fe911b091a7c05124b64eeece964e09c058ef8f9805daca546b","submodule_log","2026-07-23T05:45:58.7451829+00:00"
"logs/submodules/35532096.log","1","01ba4719c80b6fe911b091a7c05124b64eeece964e09c058ef8f9805daca546b","submodule_log","2026-07-23T05:45:58.7451829+00:00"
"logs/submodules/35627039.log","1","01ba4719c80b6fe911b091a7c05124b64eeece964e09c058ef8f9805daca546b","submodule_log","2026-07-23T05:45:58.7451829+00:00"
"logs/submodules/3580492.log","1","01ba4719c80b6fe911b091a7c05124b64eeece964e09c058ef8f9805daca546b","submodule_log","2026-07-23T05:45:58.7451829+00:00"
"logs/submodules/3713233.log","1","01ba4719c80b6fe911b091a7c05124b64eeece964e09c058ef8f9805daca546b","submodule_log","2026-07-23T05:45:58.7451829+00:00"
"logs/submodules/3847504.log","1","01ba4719c80b6fe911b091a7c05124b64eeece964e09c058ef8f9805daca546b","submodule_log","2026-07-23T05:45:58.7451829+00:00"
"logs/submodules/39195736.log","1","01ba4719c80b6fe911b091a7c05124b64eeece964e09c058ef8f9805daca546b","submodule_log","2026-07-23T05:45:58.7451829+00:00"
"logs/submodules/39285768.log","1","01ba4719c80b6fe911b091a7c05124b64eeece964e09c058ef8f9805daca546b","submodule_log","2026-07-23T05:45:58.7451829+00:00"
"logs/submodules/41547678.log","1","01ba4719c80b6fe911b091a7c05124b64eeece964e09c058ef8f9805daca546b","submodule_log","2026-07-23T05:45:58.7451829+00:00"
"logs/submodules/4159017.log","1","01ba4719c80b6fe911b091a7c05124b64eeece964e09c058ef8f9805daca546b","submodule_log","2026-07-23T05:45:58.7451829+00:00"
"logs/submodules/41627638.log","1","01ba4719c80b6fe911b091a7c05124b64eeece964e09c058ef8f9805daca546b","submodule_log","2026-07-23T05:45:58.7451829+00:00"
"logs/submodules/42109069.log","1","01ba4719c80b6fe911b091a7c05124b64eeece964e09c058ef8f9805daca546b","submodule_log","2026-07-23T05:45:58.7451829+00:00"
"logs/submodules/42751554.log","1","01ba4719c80b6fe911b091a7c05124b64eeece964e09c058ef8f9805daca546b","submodule_log","2026-07-23T05:45:58.7451829+00:00"
"logs/submodules/43105609.log","1","01ba4719c80b6fe911b091a7c05124b64eeece964e09c058ef8f9805daca546b","submodule_log","2026-07-23T05:45:58.7451829+00:00"
"logs/submodules/4368712.log","1","01ba4719c80b6fe911b091a7c05124b64eeece964e09c058ef8f9805daca546b","submodule_log","2026-07-23T05:45:58.7451829+00:00"
"logs/submodules/44308560.log","1","01ba4719c80b6fe911b091a7c05124b64eeece964e09c058ef8f9805daca546b","submodule_log","2026-07-23T05:45:58.7451829+00:00"
"logs/submodules/4514536.log","1","01ba4719c80b6fe911b091a7c05124b64eeece964e09c058ef8f9805daca546b","submodule_log","2026-07-23T05:45:58.7451829+00:00"
"logs/submodules/45755430.log","1","01ba4719c80b6fe911b091a7c05124b64eeece964e09c058ef8f9805daca546b","submodule_log","2026-07-23T05:45:58.7451829+00:00"
"logs/submodules/4597349.log","1","01ba4719c80b6fe911b091a7c05124b64eeece964e09c058ef8f9805daca546b","submodule_log","2026-07-23T05:45:58.7451829+00:00"
"logs/submodules/45997449.log","1","01ba4719c80b6fe911b091a7c05124b64eeece964e09c058ef8f9805daca546b","submodule_log","2026-07-23T05:45:58.7451829+00:00"
"logs/submodules/46396068.log","1","01ba4719c80b6fe911b091a7c05124b64eeece964e09c058ef8f9805daca546b","submodule_log","2026-07-23T05:45:58.7451829+00:00"
"logs/submodules/46450575.log","1","01ba4719c80b6fe911b091a7c05124b64eeece964e09c058ef8f9805daca546b","submodule_log","2026-07-23T05:45:58.7451829+00:00"
"logs/submodules/47184968.log","1","01ba4719c80b6fe911b091a7c05124b64eeece964e09c058ef8f9805daca546b","submodule_log","2026-07-23T05:45:58.7451829+00:00"
"logs/submodules/48046454.log","1","01ba4719c80b6fe911b091a7c05124b64eeece964e09c058ef8f9805daca546b","submodule_log","2026-07-23T05:45:58.7451829+00:00"
"logs/submodules/48175620.log","1","01ba4719c80b6fe911b091a7c05124b64eeece964e09c058ef8f9805daca546b","submodule_log","2026-07-23T05:45:58.7451829+00:00"
"logs/submodules/49057615.log","1","01ba4719c80b6fe911b091a7c05124b64eeece964e09c058ef8f9805daca546b","submodule_log","2026-07-23T05:45:58.7451829+00:00"
"logs/submodules/49317403.log","1","01ba4719c80b6fe911b091a7c05124b64eeece964e09c058ef8f9805daca546b","submodule_log","2026-07-23T05:45:58.7451829+00:00"
"logs/submodules/49384652.log","1","01ba4719c80b6fe911b091a7c05124b64eeece964e09c058ef8f9805daca546b","submodule_log","2026-07-23T05:45:58.7451829+00:00"
"logs/submodules/4955633.log","1","01ba4719c80b6fe911b091a7c05124b64eeece964e09c058ef8f9805daca546b","submodule_log","2026-07-23T05:45:58.7451829+00:00"
"logs/submodules/50056934.log","1","01ba4719c80b6fe911b091a7c05124b64eeece964e09c058ef8f9805daca546b","submodule_log","2026-07-23T05:45:58.7451829+00:00"
"logs/submodules/50872805.log","1","01ba4719c80b6fe911b091a7c05124b64eeece964e09c058ef8f9805daca546b","submodule_log","2026-07-23T05:45:58.7451829+00:00"
"logs/submodules/52507351.log","1","01ba4719c80b6fe911b091a7c05124b64eeece964e09c058ef8f9805daca546b","submodule_log","2026-07-23T05:45:58.7451829+00:00"
"logs/submodules/526139.log","1","01ba4719c80b6fe911b091a7c05124b64eeece964e09c058ef8f9805daca546b","submodule_log","2026-07-23T05:45:58.7451829+00:00"
"logs/submodules/52972024.log","1","01ba4719c80b6fe911b091a7c05124b64eeece964e09c058ef8f9805daca546b","submodule_log","2026-07-23T05:45:58.7451829+00:00"
"logs/submodules/537800.log","1","01ba4719c80b6fe911b091a7c05124b64eeece964e09c058ef8f9805daca546b","submodule_log","2026-07-23T05:45:58.7451829+00:00"
"logs/submodules/558963.log","1","01ba4719c80b6fe911b091a7c05124b64eeece964e09c058ef8f9805daca546b","submodule_log","2026-07-23T05:45:58.7451829+00:00"
"logs/submodules/5601676.log","1","01ba4719c80b6fe911b091a7c05124b64eeece964e09c058ef8f9805daca546b","submodule_log","2026-07-23T05:45:58.7451829+00:00"
"logs/submodules/58086354.log","1","01ba4719c80b6fe911b091a7c05124b64eeece964e09c058ef8f9805daca546b","submodule_log","2026-07-23T05:45:58.7451829+00:00"
"logs/submodules/58591901.log","1","01ba4719c80b6fe911b091a7c05124b64eeece964e09c058ef8f9805daca546b","submodule_log","2026-07-23T05:45:58.7451829+00:00"
"logs/submodules/597631.log","1","01ba4719c80b6fe911b091a7c05124b64eeece964e09c058ef8f9805daca546b","submodule_log","2026-07-23T05:45:58.7451829+00:00"
"logs/submodules/60377070.log","1","01ba4719c80b6fe911b091a7c05124b64eeece964e09c058ef8f9805daca546b","submodule_log","2026-07-23T05:45:58.7451829+00:00"
"logs/submodules/60578004.log","1","01ba4719c80b6fe911b091a7c05124b64eeece964e09c058ef8f9805daca546b","submodule_log","2026-07-23T05:45:58.7451829+00:00"
"logs/submodules/61565876.log","1","01ba4719c80b6fe911b091a7c05124b64eeece964e09c058ef8f9805daca546b","submodule_log","2026-07-23T05:45:58.7451829+00:00"
"logs/submodules/62117812.log","1","01ba4719c80b6fe911b091a7c05124b64eeece964e09c058ef8f9805daca546b","submodule_log","2026-07-23T05:45:58.7451829+00:00"
"logs/submodules/6293402.log","1","01ba4719c80b6fe911b091a7c05124b64eeece964e09c058ef8f9805daca546b","submodule_log","2026-07-23T05:45:58.7451829+00:00"
"logs/submodules/6437134.log","1","01ba4719c80b6fe911b091a7c05124b64eeece964e09c058ef8f9805daca546b","submodule_log","2026-07-23T05:45:58.7451829+00:00"
"logs/submodules/64487983.log","1","01ba4719c80b6fe911b091a7c05124b64eeece964e09c058ef8f9805daca546b","submodule_log","2026-07-23T05:45:58.7451829+00:00"
"logs/submodules/65356302.log","1","01ba4719c80b6fe911b091a7c05124b64eeece964e09c058ef8f9805daca546b","submodule_log","2026-07-23T05:45:58.7451829+00:00"
"logs/submodules/66030306.log","1","01ba4719c80b6fe911b091a7c05124b64eeece964e09c058ef8f9805daca546b","submodule_log","2026-07-23T05:45:58.7451829+00:00"
"logs/submodules/66062805.log","1","01ba4719c80b6fe911b091a7c05124b64eeece964e09c058ef8f9805daca546b","submodule_log","2026-07-23T05:45:58.7451829+00:00"
"logs/submodules/66303306.log","1","01ba4719c80b6fe911b091a7c05124b64eeece964e09c058ef8f9805daca546b","submodule_log","2026-07-23T05:45:58.7451829+00:00"
"logs/submodules/67436705.log","1","01ba4719c80b6fe911b091a7c05124b64eeece964e09c058ef8f9805daca546b","submodule_log","2026-07-23T05:45:58.7451829+00:00"
"logs/submodules/67934497.log","1","01ba4719c80b6fe911b091a7c05124b64eeece964e09c058ef8f9805daca546b","submodule_log","2026-07-23T05:45:58.7451829+00:00"
"logs/submodules/6944525.log","1","01ba4719c80b6fe911b091a7c05124b64eeece964e09c058ef8f9805daca546b","submodule_log","2026-07-23T05:45:58.7451829+00:00"
"logs/submodules/69571507.log","1","01ba4719c80b6fe911b091a7c05124b64eeece964e09c058ef8f9805daca546b","submodule_log","2026-07-23T05:45:58.7451829+00:00"
"logs/submodules/69595482.log","1","01ba4719c80b6fe911b091a7c05124b64eeece964e09c058ef8f9805daca546b","submodule_log","2026-07-23T05:45:58.7451829+00:00"
"logs/submodules/7095532.log","1","01ba4719c80b6fe911b091a7c05124b64eeece964e09c058ef8f9805daca546b","submodule_log","2026-07-23T05:45:58.7451829+00:00"
"logs/submodules/712229.log","1","01ba4719c80b6fe911b091a7c05124b64eeece964e09c058ef8f9805daca546b","submodule_log","2026-07-23T05:45:58.7451829+00:00"
"logs/submodules/73420810.log","1","01ba4719c80b6fe911b091a7c05124b64eeece964e09c058ef8f9805daca546b","submodule_log","2026-07-23T05:45:58.7451829+00:00"
"logs/submodules/74059585.log","1","01ba4719c80b6fe911b091a7c05124b64eeece964e09c058ef8f9805daca546b","submodule_log","2026-07-23T05:45:58.7451829+00:00"
"logs/submodules/7416235.log","1","01ba4719c80b6fe911b091a7c05124b64eeece964e09c058ef8f9805daca546b","submodule_log","2026-07-23T05:45:58.7451829+00:00"
"logs/submodules/7481569.log","1","01ba4719c80b6fe911b091a7c05124b64eeece964e09c058ef8f9805daca546b","submodule_log","2026-07-23T05:45:58.7451829+00:00"
"logs/submodules/74999474.log","1","01ba4719c80b6fe911b091a7c05124b64eeece964e09c058ef8f9805daca546b","submodule_log","2026-07-23T05:45:58.7451829+00:00"
"logs/submodules/76278501.log","1","01ba4719c80b6fe911b091a7c05124b64eeece964e09c058ef8f9805daca546b","submodule_log","2026-07-23T05:45:58.7451829+00:00"
"logs/submodules/77030088.log","1","01ba4719c80b6fe911b091a7c05124b64eeece964e09c058ef8f9805daca546b","submodule_log","2026-07-23T05:45:58.7451829+00:00"
"logs/submodules/77481567.log","1","01ba4719c80b6fe911b091a7c05124b64eeece964e09c058ef8f9805daca546b","submodule_log","2026-07-23T05:45:58.7451829+00:00"
"logs/submodules/7826526.log","1","01ba4719c80b6fe911b091a7c05124b64eeece964e09c058ef8f9805daca546b","submodule_log","2026-07-23T05:45:58.7451829+00:00"
"logs/submodules/78444970.log","1","01ba4719c80b6fe911b091a7c05124b64eeece964e09c058ef8f9805daca546b","submodule_log","2026-07-23T05:45:58.7451829+00:00"
"logs/submodules/79112912.log","1","01ba4719c80b6fe911b091a7c05124b64eeece964e09c058ef8f9805daca546b","submodule_log","2026-07-23T05:45:58.7451829+00:00"
"logs/submodules/81384608.log","1","01ba4719c80b6fe911b091a7c05124b64eeece964e09c058ef8f9805daca546b","submodule_log","2026-07-23T05:45:58.7451829+00:00"
"logs/submodules/8328088.log","1","01ba4719c80b6fe911b091a7c05124b64eeece964e09c058ef8f9805daca546b","submodule_log","2026-07-23T05:45:58.7451829+00:00"
"logs/submodules/854893.log","1","01ba4719c80b6fe911b091a7c05124b64eeece964e09c058ef8f9805daca546b","submodule_log","2026-07-23T05:45:58.7451829+00:00"
"logs/submodules/85795396.log","1","01ba4719c80b6fe911b091a7c05124b64eeece964e09c058ef8f9805daca546b","submodule_log","2026-07-23T05:45:58.7451829+00:00"
"logs/submodules/860937.log","1","01ba4719c80b6fe911b091a7c05124b64eeece964e09c058ef8f9805daca546b","submodule_log","2026-07-23T05:45:58.7451829+00:00"
"logs/submodules/87849739.log","1","01ba4719c80b6fe911b091a7c05124b64eeece964e09c058ef8f9805daca546b","submodule_log","2026-07-23T05:45:58.7451829+00:00"
"logs/submodules/904044.log","1","01ba4719c80b6fe911b091a7c05124b64eeece964e09c058ef8f9805daca546b","submodule_log","2026-07-23T05:45:58.7451829+00:00"
"logs/submodules/905232.log","1","01ba4719c80b6fe911b091a7c05124b64eeece964e09c058ef8f9805daca546b","submodule_log","2026-07-23T05:45:58.7451829+00:00"
"logs/submodules/9054533.log","1","01ba4719c80b6fe911b091a7c05124b64eeece964e09c058ef8f9805daca546b","submodule_log","2026-07-23T05:45:58.7451829+00:00"
"logs/submodules/9294731.log","1","01ba4719c80b6fe911b091a7c05124b64eeece964e09c058ef8f9805daca546b","submodule_log","2026-07-23T05:45:58.7451829+00:00"
"logs/submodules/92980167.log","1","01ba4719c80b6fe911b091a7c05124b64eeece964e09c058ef8f9805daca546b","submodule_log","2026-07-23T05:45:58.7451829+00:00"
"logs/submodules/95005676.log","1","01ba4719c80b6fe911b091a7c05124b64eeece964e09c058ef8f9805daca546b","submodule_log","2026-07-23T05:45:58.7451829+00:00"
"logs/submodules/95247959.log","1","01ba4719c80b6fe911b091a7c05124b64eeece964e09c058ef8f9805daca546b","submodule_log","2026-07-23T05:45:58.7451829+00:00"
"logs/submodules/952585.log","1","01ba4719c80b6fe911b091a7c05124b64eeece964e09c058ef8f9805daca546b","submodule_log","2026-07-23T05:45:58.7451829+00:00"
"logs/submodules/9619226.log","1","01ba4719c80b6fe911b091a7c05124b64eeece964e09c058ef8f9805daca546b","submodule_log","2026-07-23T05:45:58.7451829+00:00"
"logs/submodules/97822421.log","1","01ba4719c80b6fe911b091a7c05124b64eeece964e09c058ef8f9805daca546b","submodule_log","2026-07-23T05:45:58.7451829+00:00"
"logs/submodules/98013453.log","1","01ba4719c80b6fe911b091a7c05124b64eeece964e09c058ef8f9805daca546b","submodule_log","2026-07-23T05:45:58.7451829+00:00"
"logs/submodules/9812178.log","1","01ba4719c80b6fe911b091a7c05124b64eeece964e09c058ef8f9805daca546b","submodule_log","2026-07-23T05:45:58.7451829+00:00"
"logs/submodules/9836833.log","1","01ba4719c80b6fe911b091a7c05124b64eeece964e09c058ef8f9805daca546b","submodule_log","2026-07-23T05:45:58.7451829+00:00"
"logs/submodules/98410891.log","1","01ba4719c80b6fe911b091a7c05124b64eeece964e09c058ef8f9805daca546b","submodule_log","2026-07-23T05:45:58.7451829+00:00"
"logs/submodules/9884445.log","1","01ba4719c80b6fe911b091a7c05124b64eeece964e09c058ef8f9805daca546b","submodule_log","2026-07-23T05:45:58.7451829+00:00"
"repo_processing_order_seed42.csv","372792","6ea910e8b4b68828c60861af5bb14e8f26a885e1cd5e075a49b9bd8edb92a727","deterministic_repository_queue","2026-07-23T05:45:58.7451829+00:00"
"results/environment_versions.json","3719","c1bbd47dd5d614821c906a02cdf0f8216e7f7d6c8e44f5fba2b109d5006a78d4","environment_versions","2026-07-23T05:45:58.7451829+00:00"
"state/config_snapshots/step000_a05265fe992d.yaml","3079","a05265fe992df1165865c9619b35f6e4f9f5fb90f3ccfb642962c3bb5d7813b5","config_snapshot","2026-07-23T05:45:58.7451829+00:00"
"state/config_snapshots/step001_a05265fe992d.yaml","3079","a05265fe992df1165865c9619b35f6e4f9f5fb90f3ccfb642962c3bb5d7813b5","config_snapshot","2026-07-23T05:45:58.7451829+00:00"
"state/config_snapshots/step002_a05265fe992d.yaml","3079","a05265fe992df1165865c9619b35f6e4f9f5fb90f3ccfb642962c3bb5d7813b5","config_snapshot","2026-07-23T05:45:58.7451829+00:00"
"state/config_snapshots/step003_a05265fe992d.yaml","3079","a05265fe992df1165865c9619b35f6e4f9f5fb90f3ccfb642962c3bb5d7813b5","config_snapshot","2026-07-23T05:45:58.7451829+00:00"
"state/effective_config.json","879","809e4e19a2d38535ebe44bcf137fdf5d514cab9b1f9a80826e062ae21ec41481","effective_configuration","2026-07-23T05:45:58.7451829+00:00"
"state/preflight.json","4254","ab039a857d73be539e242f25a76fef99c3131a1c1162be77cec3c17dbd5966c5","environment_preflight","2026-07-23T05:45:58.7451829+00:00"
"state/source_amendments/step002_to_step003_1f027e28b7bd.json","2239","af5167244f664032fe828479887a2758edb42f2d67d44732401196aa274f06d8","source_amendment","2026-07-23T05:45:58.7451829+00:00"
"state/source_amendments/step002_to_step003_492eebfca7da.json","2250","8bacec47c57a1e8886417ebf340aa60c9328e9e9cb1bf4dc0305d5bb21936108","source_amendment","2026-07-23T05:45:58.7451829+00:00"
"state/source_amendments/step002_to_step003_5eb8beb7c838.json","2251","7fd49dcd721df6b709b72f16bd5075e7b5a04c6f757be235caeaa4dde805cdf9","source_amendment","2026-07-23T05:45:58.7451829+00:00"
"state/step003.done.json","1555","71b38d8f2802bd19860c8408a5930a72b22e2bf259bdd5e0692c146d086d3228","step003_completion_marker","2026-07-23T05:45:58.7451829+00:00"
"successful_repos_manifest.csv","7987","483ac2c6a74198116f237b285f18e0a55ea2cb412c4085d2615ff4acb15a9456","qualified_repository_manifest","2026-07-23T05:45:58.7451829+00:00"
