repo_id,repo_url,commit_sha,class_key,focal_class,focal_path,mapping_count,source_json_files,exact_path_exists,metric_status,metric_error,nloc,token_count,method_count,public_method_count,max_method_cc,sum_method_cc,avg_method_cc,is_interface,is_enum,is_generated,is_test_source,eligible_for_sampling,exclusion_reason,build_tool,build_root,module_dir,module_selector,scope_key,declared_java_version,java_version_source,effective_java_runtime,build_scope_pass,build_recipe,repository_storage_path,promotion_status
41547678,https://github.com/ftomassetti/turin-programming-language,ae4aa23f92727a28479c99c3fd79b6c6d73fdd20,41547678:turin-compiler/src/main/java/me/tomassetti/turin/parser/parsetreetoast.java,ParseTreeToAst,turin-compiler/src/main/java/me/tomassetti/turin/parser/ParseTreeToAst.java,3,41547678_17.json;41547678_18.json;41547678_19.json,true,success,,709,6809,70,1,17,191,2.7285714285714286,false,false,false,false,false,nloc_out_of_bounds,maven,.,turin-compiler,turin-compiler,maven:turin-compiler,,,,false,,repos/successful/41547678,promoted_before_storage_audit
44308560,https://github.com/nokia/RED,ea24ca129c9983f89ace3072fa06dec9292fd945,44308560:src/robotframeworkcore/org.robotframework.ide.core-functions/src/main/java/org/rf/ide/core/execution/agent/event/events.java,Events,src/RobotFrameworkCore/org.robotframework.ide.core-functions/src/main/java/org/rf/ide/core/execution/agent/event/Events.java,11,44308560_176.json;44308560_177.json;44308560_178.json;44308560_179.json;44308560_180.json;44308560_181.json;44308560_182.json;44308560_183.json;44308560_184.json;44308560_185.json;44308560_186.json,true,success,,37,365,5,0,5,9,1.8,false,false,false,false,false,no_public_non_constructor_method,maven,src/RobotFrameworkCore/org.robotframework.ide.core-functions,src/RobotFrameworkCore/org.robotframework.ide.core-functions,.,maven:src/RobotFrameworkCore/org.robotframework.ide.core-functions,,,,false,,repos/successful/44308560,promoted_before_storage_audit
44308560,https://github.com/nokia/RED,ea24ca129c9983f89ace3072fa06dec9292fd945,44308560:src/robotframeworkcore/org.robotframework.ide.core-functions/src/main/java/org/rf/ide/core/execution/debug/contexts/callchecker.java,CallChecker,src/RobotFrameworkCore/org.robotframework.ide.core-functions/src/main/java/org/rf/ide/core/execution/debug/contexts/CallChecker.java,6,44308560_305.json;44308560_306.json;44308560_307.json;44308560_308.json;44308560_309.json;44308560_310.json,true,success,,35,387,3,0,3,5,1.6666666666666667,false,false,false,false,false,no_public_non_constructor_method,maven,src/RobotFrameworkCore/org.robotframework.ide.core-functions,src/RobotFrameworkCore/org.robotframework.ide.core-functions,.,maven:src/RobotFrameworkCore/org.robotframework.ide.core-functions,,,,false,,repos/successful/44308560,promoted_before_storage_audit
44308560,https://github.com/nokia/RED,ea24ca129c9983f89ace3072fa06dec9292fd945,44308560:src/robotframeworkcore/org.robotframework.ide.core-functions/src/main/java/org/rf/ide/core/execution/debug/contexts/commoncontextstransitions.java,CommonContextsTransitions,src/RobotFrameworkCore/org.robotframework.ide.core-functions/src/main/java/org/rf/ide/core/execution/debug/contexts/CommonContextsTransitions.java,2,44308560_300.json;44308560_301.json,true,success,,150,1541,5,0,10,32,6.4,false,false,false,false,false,no_public_non_constructor_method,maven,src/RobotFrameworkCore/org.robotframework.ide.core-functions,src/RobotFrameworkCore/org.robotframework.ide.core-functions,.,maven:src/RobotFrameworkCore/org.robotframework.ide.core-functions,,,,false,,repos/successful/44308560,promoted_before_storage_audit
44308560,https://github.com/nokia/RED,ea24ca129c9983f89ace3072fa06dec9292fd945,44308560:src/robotframeworkcore/org.robotframework.ide.core-functions/src/main/java/org/rf/ide/core/execution/debug/contexts/executablescompiler.java,ExecutablesCompiler,src/RobotFrameworkCore/org.robotframework.ide.core-functions/src/main/java/org/rf/ide/core/execution/debug/contexts/ExecutablesCompiler.java,4,44308560_273.json;44308560_274.json;44308560_275.json;44308560_276.json,true,success,,37,352,1,0,8,8,8.0,false,false,false,false,false,no_public_non_constructor_method,maven,src/RobotFrameworkCore/org.robotframework.ide.core-functions,src/RobotFrameworkCore/org.robotframework.ide.core-functions,.,maven:src/RobotFrameworkCore/org.robotframework.ide.core-functions,,,,false,,repos/successful/44308560,promoted_before_storage_audit
44308560,https://github.com/nokia/RED,ea24ca129c9983f89ace3072fa06dec9292fd945,44308560:src/robotframeworkcore/org.robotframework.ide.core-functions/src/main/java/org/rf/ide/core/execution/debug/contexts/executablewithdescriptor.java,ExecutableWithDescriptor,src/RobotFrameworkCore/org.robotframework.ide.core-functions/src/main/java/org/rf/ide/core/execution/debug/contexts/ExecutableWithDescriptor.java,13,44308560_311.json;44308560_312.json;44308560_313.json;44308560_314.json;44308560_315.json;44308560_316.json;44308560_317.json;44308560_318.json;44308560_319.json;44308560_320.json;44308560_321.json;44308560_322.json;44308560_323.json,true,success,,65,565,11,0,3,16,1.4545454545454546,false,false,false,false,false,no_public_non_constructor_method,maven,src/RobotFrameworkCore/org.robotframework.ide.core-functions,src/RobotFrameworkCore/org.robotframework.ide.core-functions,.,maven:src/RobotFrameworkCore/org.robotframework.ide.core-functions,,,,false,,repos/successful/44308560,promoted_before_storage_audit
44308560,https://github.com/nokia/RED,ea24ca129c9983f89ace3072fa06dec9292fd945,44308560:src/robotframeworkcore/org.robotframework.ide.core-functions/src/main/java/org/rf/ide/core/execution/debug/contexts/forloop.java,ForLoop,src/RobotFrameworkCore/org.robotframework.ide.core-functions/src/main/java/org/rf/ide/core/execution/debug/contexts/ForLoop.java,4,44308560_277.json;44308560_278.json;44308560_279.json;44308560_280.json,true,success,,26,214,5,0,1,5,1.0,false,false,false,false,false,no_public_non_constructor_method,maven,src/RobotFrameworkCore/org.robotframework.ide.core-functions,src/RobotFrameworkCore/org.robotframework.ide.core-functions,.,maven:src/RobotFrameworkCore/org.robotframework.ide.core-functions,,,,false,,repos/successful/44308560,promoted_before_storage_audit
44308560,https://github.com/nokia/RED,ea24ca129c9983f89ace3072fa06dec9292fd945,44308560:src/robotframeworkcore/org.robotframework.ide.core-functions/src/main/java/org/rf/ide/core/execution/runcommandlinecallbuilder.java,RunCommandLineCallBuilder,src/RobotFrameworkCore/org.robotframework.ide.core-functions/src/main/java/org/rf/ide/core/execution/RunCommandLineCallBuilder.java,32,44308560_202.json;44308560_203.json;44308560_204.json;44308560_205.json;44308560_206.json;44308560_207.json;44308560_208.json;44308560_209.json;44308560_210.json;44308560_211.json;44308560_212.json;44308560_213.json;44308560_214.json;44308560_215.json;44308560_216.json;44308560_217.json;44308560_218.json;44308560_219.json;44308560_220.json;44308560_221.json;44308560_222.json;44308560_223.json;44308560_224.json;44308560_225.json;44308560_226.json;44308560_227.json;44308560_228.json;44308560_229.json;44308560_230.json;44308560_231.json;44308560_232.json;44308560_233.json,true,success,,279,2029,28,17,7,51,1.8214285714285714,false,false,true,false,false,is_generated_code,maven,src/RobotFrameworkCore/org.robotframework.ide.core-functions,src/RobotFrameworkCore/org.robotframework.ide.core-functions,.,maven:src/RobotFrameworkCore/org.robotframework.ide.core-functions,,,,false,,repos/successful/44308560,promoted_before_storage_audit
44308560,https://github.com/nokia/RED,ea24ca129c9983f89ace3072fa06dec9292fd945,44308560:src/robotframeworkcore/org.robotframework.ide.core-functions/src/main/java/org/rf/ide/core/execution/server/robotagenteventdispatcher.java,RobotAgentEventDispatcher,src/RobotFrameworkCore/org.robotframework.ide.core-functions/src/main/java/org/rf/ide/core/execution/server/RobotAgentEventDispatcher.java,22,44308560_349.json;44308560_350.json;44308560_351.json;44308560_352.json;44308560_353.json;44308560_354.json;44308560_355.json;44308560_356.json;44308560_357.json;44308560_358.json;44308560_359.json;44308560_360.json;44308560_361.json;44308560_362.json;44308560_363.json;44308560_364.json;44308560_365.json;44308560_366.json;44308560_367.json;44308560_368.json;44308560_369.json;44308560_370.json,true,success,,285,1881,28,0,27,82,2.9285714285714284,false,false,false,false,false,no_public_non_constructor_method,maven,src/RobotFrameworkCore/org.robotframework.ide.core-functions,src/RobotFrameworkCore/org.robotframework.ide.core-functions,.,maven:src/RobotFrameworkCore/org.robotframework.ide.core-functions,,,,false,,repos/successful/44308560,promoted_before_storage_audit
44308560,https://github.com/nokia/RED,ea24ca129c9983f89ace3072fa06dec9292fd945,44308560:src/robotframeworkcore/org.robotframework.ide.core-functions/src/main/java/org/rf/ide/core/project/robotprojectconfig.java,RobotProjectConfig,src/RobotFrameworkCore/org.robotframework.ide.core-functions/src/main/java/org/rf/ide/core/project/RobotProjectConfig.java,17,44308560_46.json;44308560_47.json;44308560_48.json;44308560_49.json;44308560_50.json;44308560_51.json;44308560_52.json;44308560_53.json;44308560_54.json;44308560_55.json;44308560_56.json;44308560_57.json;44308560_58.json;44308560_59.json;44308560_60.json;44308560_61.json;44308560_62.json,true,success,,827,5175,138,132,8,214,1.5507246376811594,false,false,false,false,false,nloc_out_of_bounds,maven,src/RobotFrameworkCore/org.robotframework.ide.core-functions,src/RobotFrameworkCore/org.robotframework.ide.core-functions,.,maven:src/RobotFrameworkCore/org.robotframework.ide.core-functions,,,,false,,repos/successful/44308560,promoted_before_storage_audit
81384608,https://github.com/Teradata/kylo,0ca8cf21e6020ea1fbca51d5da7eead5b2c4827c,81384608:commons/commons-hadoop/src/main/java/com/thinkbiganalytics/kylo/hadoop/filesystemutil.java,FileSystemUtil,commons/commons-hadoop/src/main/java/com/thinkbiganalytics/kylo/hadoop/FileSystemUtil.java,5,81384608_49.json;81384608_50.json;81384608_51.json;81384608_52.json;81384608_53.json,true,success,,79,640,4,3,6,15,3.75,false,false,false,false,true,,maven,.,commons/commons-hadoop,commons/commons-hadoop,maven:commons/commons-hadoop,,,,false,,repos/successful/81384608,promoted_before_storage_audit
81384608,https://github.com/Teradata/kylo,0ca8cf21e6020ea1fbca51d5da7eead5b2c4827c,81384608:commons/commons-hadoop/src/main/java/com/thinkbiganalytics/kylo/protocol/hadoop/handler.java,Handler,commons/commons-hadoop/src/main/java/com/thinkbiganalytics/kylo/protocol/hadoop/Handler.java,2,81384608_46.json;81384608_47.json,true,success,,42,336,3,2,6,10,3.3333333333333335,false,false,false,false,true,,maven,.,commons/commons-hadoop,commons/commons-hadoop,maven:commons/commons-hadoop,,,,false,,repos/successful/81384608,promoted_before_storage_audit
81384608,https://github.com/Teradata/kylo,0ca8cf21e6020ea1fbca51d5da7eead5b2c4827c,81384608:commons/commons-hadoop/src/main/java/com/thinkbiganalytics/kylo/util/isolatedserviceloader.java,IsolatedServiceLoader,commons/commons-hadoop/src/main/java/com/thinkbiganalytics/kylo/util/IsolatedServiceLoader.java,1,81384608_48.json,true,success,,86,557,7,5,4,12,1.7142857142857142,false,false,false,false,true,,maven,.,commons/commons-hadoop,commons/commons-hadoop,maven:commons/commons-hadoop,,,,false,,repos/successful/81384608,promoted_before_storage_audit
81384608,https://github.com/Teradata/kylo,0ca8cf21e6020ea1fbca51d5da7eead5b2c4827c,81384608:commons/commons-hive/src/main/java/com/thinkbiganalytics/hive/util/hiveutils.java,HiveUtils,commons/commons-hive/src/main/java/com/thinkbiganalytics/hive/util/HiveUtils.java,1,81384608_79.json,true,success,,43,286,5,4,2,8,1.6,false,false,false,false,true,,maven,.,commons/commons-hive,commons/commons-hive,maven:commons/commons-hive,,,,false,,repos/successful/81384608,promoted_before_storage_audit
81384608,https://github.com/Teradata/kylo,0ca8cf21e6020ea1fbca51d5da7eead5b2c4827c,81384608:commons/commons-jdbc/src/main/java/com/thinkbiganalytics/jdbc/util/databaseutils.java,DatabaseUtils,commons/commons-jdbc/src/main/java/com/thinkbiganalytics/jdbc/util/DatabaseUtils.java,3,81384608_76.json;81384608_77.json;81384608_78.json,true,success,,26,163,1,1,4,4,4.0,false,false,false,false,true,,maven,.,commons/commons-jdbc,commons/commons-jdbc,maven:commons/commons-jdbc,,,,false,,repos/successful/81384608,promoted_before_storage_audit
81384608,https://github.com/Teradata/kylo,0ca8cf21e6020ea1fbca51d5da7eead5b2c4827c,81384608:commons/commons-security/src/main/java/com/thinkbiganalytics/security/core/encrypt/encryptionservice.java,EncryptionService,commons/commons-security/src/main/java/com/thinkbiganalytics/security/core/encrypt/EncryptionService.java,4,81384608_69.json;81384608_70.json;81384608_71.json;81384608_72.json,true,success,,34,208,3,3,4,8,2.6666666666666665,false,false,false,false,true,,maven,.,commons/commons-security,commons/commons-security,maven:commons/commons-security,,,,false,,repos/successful/81384608,promoted_before_storage_audit
81384608,https://github.com/Teradata/kylo,0ca8cf21e6020ea1fbca51d5da7eead5b2c4827c,81384608:commons/commons-spark/commons-spark-shell-plugin-shared/src/main/java/com/thinkbiganalytics/spark/io/zipstreamingoutput.java,ZipStreamingOutput,commons/commons-spark/commons-spark-shell-plugin-shared/src/main/java/com/thinkbiganalytics/spark/io/ZipStreamingOutput.java,1,81384608_73.json,true,success,,48,335,4,1,2,6,1.5,false,false,false,false,true,,maven,.,commons/commons-spark/commons-spark-shell-plugin-shared,commons/commons-spark/commons-spark-shell-plugin-shared,maven:commons/commons-spark/commons-spark-shell-plugin-shared,,,,false,,repos/successful/81384608,promoted_before_storage_audit
81384608,https://github.com/Teradata/kylo,0ca8cf21e6020ea1fbca51d5da7eead5b2c4827c,81384608:commons/commons-spark/commons-spark-shell-plugin-shared/src/main/java/com/thinkbiganalytics/spark/scala/scalaimportmanager.java,ScalaImportManager,commons/commons-spark/commons-spark-shell-plugin-shared/src/main/java/com/thinkbiganalytics/spark/scala/ScalaImportManager.java,2,81384608_74.json;81384608_75.json,true,success,,39,292,4,3,2,5,1.25,false,false,false,false,true,,maven,.,commons/commons-spark/commons-spark-shell-plugin-shared,commons/commons-spark/commons-spark-shell-plugin-shared,maven:commons/commons-spark/commons-spark-shell-plugin-shared,,,,false,,repos/successful/81384608,promoted_before_storage_audit
81384608,https://github.com/Teradata/kylo,0ca8cf21e6020ea1fbca51d5da7eead5b2c4827c,81384608:commons/commons-util/src/main/java/com/thinkbiganalytics/exceptions/exceptiontransformer.java,ExceptionTransformer,commons/commons-util/src/main/java/com/thinkbiganalytics/exceptions/ExceptionTransformer.java,4,81384608_57.json;81384608_58.json;81384608_59.json;81384608_60.json,true,success,,107,645,11,8,6,24,2.1818181818181817,false,false,false,false,true,,maven,.,commons/commons-util,commons/commons-util,maven:commons/commons-util,,,,false,,repos/successful/81384608,promoted_before_storage_audit
81384608,https://github.com/Teradata/kylo,0ca8cf21e6020ea1fbca51d5da7eead5b2c4827c,81384608:commons/commons-util/src/main/java/com/thinkbiganalytics/hashing/insecurehashingmessageutil.java,InsecureHashingMessageUtil,commons/commons-util/src/main/java/com/thinkbiganalytics/hashing/InsecureHashingMessageUtil.java,3,81384608_54.json;81384608_55.json;81384608_56.json,true,success,,40,267,1,1,5,5,5.0,false,false,false,false,true,,maven,.,commons/commons-util,commons/commons-util,maven:commons/commons-util,,,,false,,repos/successful/81384608,promoted_before_storage_audit
81384608,https://github.com/Teradata/kylo,0ca8cf21e6020ea1fbca51d5da7eead5b2c4827c,81384608:commons/commons-util/src/main/java/com/thinkbiganalytics/logging/loggingutil.java,LoggingUtil,commons/commons-util/src/main/java/com/thinkbiganalytics/logging/LoggingUtil.java,8,81384608_61.json;81384608_62.json;81384608_63.json;81384608_64.json;81384608_65.json;81384608_66.json;81384608_67.json;81384608_68.json,true,success,,77,858,12,11,3,15,1.25,false,false,false,false,true,,maven,.,commons/commons-util,commons/commons-util,maven:commons/commons-util,,,,false,,repos/successful/81384608,promoted_before_storage_audit
81384608,https://github.com/Teradata/kylo,0ca8cf21e6020ea1fbca51d5da7eead5b2c4827c,81384608:commons/commons-util7/src/main/java/com/thinkbiganalytics/datetimeutil.java,DateTimeUtil,commons/commons-util7/src/main/java/com/thinkbiganalytics/DateTimeUtil.java,1,81384608_80.json,true,success,,141,1025,13,9,8,29,2.230769230769231,false,false,false,false,true,,maven,.,commons/commons-util7,commons/commons-util7,maven:commons/commons-util7,,,,false,,repos/successful/81384608,promoted_before_storage_audit
81384608,https://github.com/Teradata/kylo,0ca8cf21e6020ea1fbca51d5da7eead5b2c4827c,81384608:core/alerts/alerts-core/src/main/java/com/thinkbiganalytics/alerts/api/core/aggregatingalertprovider.java,AggregatingAlertProvider,core/alerts/alerts-core/src/main/java/com/thinkbiganalytics/alerts/api/core/AggregatingAlertProvider.java,3,81384608_231.json;81384608_232.json;81384608_233.json,true,success,,468,3382,65,39,5,87,1.3384615384615384,false,false,false,false,true,,maven,.,core/alerts/alerts-core,core/alerts/alerts-core,maven:core/alerts/alerts-core,,,,false,,repos/successful/81384608,promoted_before_storage_audit
81384608,https://github.com/Teradata/kylo,0ca8cf21e6020ea1fbca51d5da7eead5b2c4827c,81384608:core/alerts/alerts-core/src/main/java/com/thinkbiganalytics/alerts/spi/mem/inmemoryalertmanager.java,InMemoryAlertManager,core/alerts/alerts-core/src/main/java/com/thinkbiganalytics/alerts/spi/mem/InMemoryAlertManager.java,6,81384608_234.json;81384608_235.json;81384608_236.json;81384608_237.json;81384608_238.json;81384608_239.json,true,success,,552,3564,84,64,4,101,1.2023809523809523,false,false,false,false,false,nloc_out_of_bounds,maven,.,core/alerts/alerts-core,core/alerts/alerts-core,maven:core/alerts/alerts-core,,,,false,,repos/successful/81384608,promoted_before_storage_audit
81384608,https://github.com/Teradata/kylo,0ca8cf21e6020ea1fbca51d5da7eead5b2c4827c,81384608:core/operational-metadata/operational-metadata-jpa/src/main/java/com/thinkbiganalytics/metadata/jpa/feed/security/jpafeedopsaccesscontrolprovider.java,JpaFeedOpsAccessControlProvider,core/operational-metadata/operational-metadata-jpa/src/main/java/com/thinkbiganalytics/metadata/jpa/feed/security/JpaFeedOpsAccessControlProvider.java,3,81384608_240.json;81384608_241.json;81384608_242.json,true,success,,128,1042,19,15,2,20,1.0526315789473684,false,false,false,false,true,,maven,.,core/operational-metadata/operational-metadata-jpa,core/operational-metadata/operational-metadata-jpa,maven:core/operational-metadata/operational-metadata-jpa,,,,false,,repos/successful/81384608,promoted_before_storage_audit
81384608,https://github.com/Teradata/kylo,0ca8cf21e6020ea1fbca51d5da7eead5b2c4827c,81384608:core/schema-discovery/schema-discovery-api/src/main/java/com/thinkbiganalytics/discovery/util/parserhelper.java,ParserHelper,core/schema-discovery/schema-discovery-api/src/main/java/com/thinkbiganalytics/discovery/util/ParserHelper.java,3,81384608_251.json;81384608_252.json;81384608_253.json,true,success,,166,861,12,12,12,49,4.083333333333333,false,false,false,false,true,,maven,.,core/schema-discovery/schema-discovery-api,core/schema-discovery/schema-discovery-api,maven:core/schema-discovery/schema-discovery-api,,,,false,,repos/successful/81384608,promoted_before_storage_audit
81384608,https://github.com/Teradata/kylo,0ca8cf21e6020ea1fbca51d5da7eead5b2c4827c,81384608:core/schema-discovery/schema-discovery-rdbms/src/main/java/com/thinkbiganalytics/schema/defaultjdbctable.java,DefaultJdbcTable,core/schema-discovery/schema-discovery-rdbms/src/main/java/com/thinkbiganalytics/schema/DefaultJdbcTable.java,2,81384608_249.json;81384608_250.json,true,success,,112,666,16,15,4,21,1.3125,false,false,false,false,true,,maven,.,core/schema-discovery/schema-discovery-rdbms,core/schema-discovery/schema-discovery-rdbms,maven:core/schema-discovery/schema-discovery-rdbms,,,,false,,repos/successful/81384608,promoted_before_storage_audit
81384608,https://github.com/Teradata/kylo,0ca8cf21e6020ea1fbca51d5da7eead5b2c4827c,81384608:core/schema-discovery/schema-discovery-rdbms/src/main/java/com/thinkbiganalytics/schema/parsers/postgresqlschemaparser.java,PostgreSqlSchemaParser,core/schema-discovery/schema-discovery-rdbms/src/main/java/com/thinkbiganalytics/schema/parsers/PostgreSqlSchemaParser.java,6,81384608_243.json;81384608_244.json;81384608_245.json;81384608_246.json;81384608_247.json;81384608_248.json,true,success,,83,675,4,3,10,15,3.75,false,false,false,false,true,,maven,.,core/schema-discovery/schema-discovery-rdbms,core/schema-discovery/schema-discovery-rdbms,maven:core/schema-discovery/schema-discovery-rdbms,,,,false,,repos/successful/81384608,promoted_before_storage_audit
81384608,https://github.com/Teradata/kylo,0ca8cf21e6020ea1fbca51d5da7eead5b2c4827c,81384608:core/sla/sla-core/src/main/java/com/thinkbiganalytics/metadata/sla/spi/core/inmemoryslaprovider.java,InMemorySLAProvider,core/sla/sla-core/src/main/java/com/thinkbiganalytics/metadata/sla/spi/core/InMemorySLAProvider.java,3,81384608_255.json;81384608_256.json;81384608_257.json,true,success,,432,2564,67,46,4,86,1.2835820895522387,false,false,false,false,true,,maven,.,core/sla/sla-core,core/sla/sla-core,maven:core/sla/sla-core,,,,false,,repos/successful/81384608,promoted_before_storage_audit
81384608,https://github.com/Teradata/kylo,0ca8cf21e6020ea1fbca51d5da7eead5b2c4827c,81384608:core/sla/sla-core/src/main/java/com/thinkbiganalytics/metadata/sla/spi/core/simpleservicelevelassessor.java,SimpleServiceLevelAssessor,core/sla/sla-core/src/main/java/com/thinkbiganalytics/metadata/sla/spi/core/SimpleServiceLevelAssessor.java,1,81384608_254.json,true,success,,277,1808,28,18,7,46,1.6428571428571428,false,false,false,false,true,,maven,.,core/sla/sla-core,core/sla/sla-core,maven:core/sla/sla-core,,,,false,,repos/successful/81384608,promoted_before_storage_audit
81384608,https://github.com/Teradata/kylo,0ca8cf21e6020ea1fbca51d5da7eead5b2c4827c,81384608:integrations/nifi/nifi-nar-bundles/nifi-core-bundle/nifi-core-processors/src/main/java/com/thinkbiganalytics/ingest/gettabledatasupport.java,GetTableDataSupport,integrations/nifi/nifi-nar-bundles/nifi-core-bundle/nifi-core-processors/src/main/java/com/thinkbiganalytics/ingest/GetTableDataSupport.java,3,81384608_352.json;81384608_353.json;81384608_354.json,true,success,,114,980,10,5,6,19,1.9,false,false,false,false,true,,maven,.,integrations/nifi/nifi-nar-bundles/nifi-core-bundle/nifi-core-processors,integrations/nifi/nifi-nar-bundles/nifi-core-bundle/nifi-core-processors,maven:integrations/nifi/nifi-nar-bundles/nifi-core-bundle/nifi-core-processors,,,,false,,repos/successful/81384608,promoted_before_storage_audit
81384608,https://github.com/Teradata/kylo,0ca8cf21e6020ea1fbca51d5da7eead5b2c4827c,81384608:integrations/nifi/nifi-nar-bundles/nifi-core-bundle/nifi-core-processors/src/main/java/com/thinkbiganalytics/ingest/stripheadersupport.java,StripHeaderSupport,integrations/nifi/nifi-nar-bundles/nifi-core-bundle/nifi-core-processors/src/main/java/com/thinkbiganalytics/ingest/StripHeaderSupport.java,1,81384608_370.json,true,success,,52,263,2,1,5,9,4.5,false,false,false,false,true,,maven,.,integrations/nifi/nifi-nar-bundles/nifi-core-bundle/nifi-core-processors,integrations/nifi/nifi-nar-bundles/nifi-core-bundle/nifi-core-processors,maven:integrations/nifi/nifi-nar-bundles/nifi-core-bundle/nifi-core-processors,,,,false,,repos/successful/81384608,promoted_before_storage_audit
81384608,https://github.com/Teradata/kylo,0ca8cf21e6020ea1fbca51d5da7eead5b2c4827c,81384608:integrations/nifi/nifi-nar-bundles/nifi-core-bundle/nifi-core-processors/src/main/java/com/thinkbiganalytics/ingest/tablemergesyncsupport.java,TableMergeSyncSupport,integrations/nifi/nifi-nar-bundles/nifi-core-bundle/nifi-core-processors/src/main/java/com/thinkbiganalytics/ingest/TableMergeSyncSupport.java,9,81384608_361.json;81384608_362.json;81384608_363.json;81384608_364.json;81384608_365.json;81384608_366.json;81384608_367.json;81384608_368.json;81384608_369.json,true,success,,466,4962,35,10,6,64,1.8285714285714285,false,false,false,false,true,,maven,.,integrations/nifi/nifi-nar-bundles/nifi-core-bundle/nifi-core-processors,integrations/nifi/nifi-nar-bundles/nifi-core-bundle/nifi-core-processors,maven:integrations/nifi/nifi-nar-bundles/nifi-core-bundle/nifi-core-processors,,,,false,,repos/successful/81384608,promoted_before_storage_audit
81384608,https://github.com/Teradata/kylo,0ca8cf21e6020ea1fbca51d5da7eead5b2c4827c,81384608:integrations/nifi/nifi-nar-bundles/nifi-core-bundle/nifi-core-processors/src/main/java/com/thinkbiganalytics/ingest/tableregistersupport.java,TableRegisterSupport,integrations/nifi/nifi-nar-bundles/nifi-core-bundle/nifi-core-processors/src/main/java/com/thinkbiganalytics/ingest/TableRegisterSupport.java,6,81384608_355.json;81384608_356.json;81384608_357.json;81384608_358.json;81384608_359.json;81384608_360.json,true,success,,216,1776,18,9,7,45,2.5,false,false,false,false,true,,maven,.,integrations/nifi/nifi-nar-bundles/nifi-core-bundle/nifi-core-processors,integrations/nifi/nifi-nar-bundles/nifi-core-bundle/nifi-core-processors,maven:integrations/nifi/nifi-nar-bundles/nifi-core-bundle/nifi-core-processors,,,,false,,repos/successful/81384608,promoted_before_storage_audit
81384608,https://github.com/Teradata/kylo,0ca8cf21e6020ea1fbca51d5da7eead5b2c4827c,81384608:integrations/nifi/nifi-nar-bundles/nifi-core-bundle/nifi-core-processors/src/main/java/com/thinkbiganalytics/nifi/v2/metadata/triggercleanup.java,TriggerCleanup,integrations/nifi/nifi-nar-bundles/nifi-core-bundle/nifi-core-processors/src/main/java/com/thinkbiganalytics/nifi/v2/metadata/TriggerCleanup.java,4,81384608_348.json;81384608_349.json;81384608_350.json;81384608_351.json,true,success,,149,1277,8,5,8,15,1.875,false,false,false,false,true,,maven,.,integrations/nifi/nifi-nar-bundles/nifi-core-bundle/nifi-core-processors,integrations/nifi/nifi-nar-bundles/nifi-core-bundle/nifi-core-processors,maven:integrations/nifi/nifi-nar-bundles/nifi-core-bundle/nifi-core-processors,,,,false,,repos/successful/81384608,promoted_before_storage_audit
81384608,https://github.com/Teradata/kylo,0ca8cf21e6020ea1fbca51d5da7eead5b2c4827c,81384608:integrations/nifi/nifi-nar-bundles/nifi-core-bundle/nifi-core-processors/src/main/java/com/thinkbiganalytics/util/columnspec.java,ColumnSpec,integrations/nifi/nifi-nar-bundles/nifi-core-bundle/nifi-core-processors/src/main/java/com/thinkbiganalytics/util/ColumnSpec.java,4,81384608_339.json;81384608_340.json;81384608_341.json;81384608_342.json,true,success,,168,1138,24,19,12,39,1.625,false,false,false,false,true,,maven,.,integrations/nifi/nifi-nar-bundles/nifi-core-bundle/nifi-core-processors,integrations/nifi/nifi-nar-bundles/nifi-core-bundle/nifi-core-processors,maven:integrations/nifi/nifi-nar-bundles/nifi-core-bundle/nifi-core-processors,,,,false,,repos/successful/81384608,promoted_before_storage_audit
81384608,https://github.com/Teradata/kylo,0ca8cf21e6020ea1fbca51d5da7eead5b2c4827c,81384608:integrations/nifi/nifi-nar-bundles/nifi-core-bundle/nifi-core-processors/src/main/java/com/thinkbiganalytics/util/jdbccommon.java,JdbcCommon,integrations/nifi/nifi-nar-bundles/nifi-core-bundle/nifi-core-processors/src/main/java/com/thinkbiganalytics/util/JdbcCommon.java,5,81384608_343.json;81384608_344.json;81384608_345.json;81384608_346.json;81384608_347.json,true,success,,421,3511,8,5,32,111,13.875,false,false,false,false,true,,maven,.,integrations/nifi/nifi-nar-bundles/nifi-core-bundle/nifi-core-processors,integrations/nifi/nifi-nar-bundles/nifi-core-bundle/nifi-core-processors,maven:integrations/nifi/nifi-nar-bundles/nifi-core-bundle/nifi-core-processors,,,,false,,repos/successful/81384608,promoted_before_storage_audit
81384608,https://github.com/Teradata/kylo,0ca8cf21e6020ea1fbca51d5da7eead5b2c4827c,81384608:integrations/nifi/nifi-rest/nifi-rest-client/nifi-rest-client-api/src/main/java/com/thinkbiganalytics/nifi/rest/client/abstractnificonnectionsrestclient.java,AbstractNiFiConnectionsRestClient,integrations/nifi/nifi-rest/nifi-rest-client/nifi-rest-client-api/src/main/java/com/thinkbiganalytics/nifi/rest/client/AbstractNiFiConnectionsRestClient.java,1,81384608_338.json,true,success,,37,368,2,1,4,6,3.0,false,false,false,false,true,,maven,.,integrations/nifi/nifi-rest/nifi-rest-client/nifi-rest-client-api,integrations/nifi/nifi-rest/nifi-rest-client/nifi-rest-client-api,maven:integrations/nifi/nifi-rest/nifi-rest-client/nifi-rest-client-api,,,,false,,repos/successful/81384608,promoted_before_storage_audit
81384608,https://github.com/Teradata/kylo,0ca8cf21e6020ea1fbca51d5da7eead5b2c4827c,81384608:integrations/nifi/nifi-rest/nifi-rest-client/nifi-rest-client-api/src/main/java/com/thinkbiganalytics/nifi/rest/client/abstractnificontrollerservicesrestclient.java,AbstractNiFiControllerServicesRestClient,integrations/nifi/nifi-rest/nifi-rest-client/nifi-rest-client-api/src/main/java/com/thinkbiganalytics/nifi/rest/client/AbstractNiFiControllerServicesRestClient.java,2,81384608_335.json;81384608_336.json,true,success,,308,2973,12,3,14,57,4.75,false,false,false,false,true,,maven,.,integrations/nifi/nifi-rest/nifi-rest-client/nifi-rest-client-api,integrations/nifi/nifi-rest/nifi-rest-client/nifi-rest-client-api,maven:integrations/nifi/nifi-rest/nifi-rest-client/nifi-rest-client-api,,,,false,,repos/successful/81384608,promoted_before_storage_audit
81384608,https://github.com/Teradata/kylo,0ca8cf21e6020ea1fbca51d5da7eead5b2c4827c,81384608:integrations/nifi/nifi-rest/nifi-rest-client/nifi-rest-client-api/src/main/java/com/thinkbiganalytics/nifi/rest/client/abstractnifiprocessgroupsrestclient.java,AbstractNiFiProcessGroupsRestClient,integrations/nifi/nifi-rest/nifi-rest-client/nifi-rest-client-api/src/main/java/com/thinkbiganalytics/nifi/rest/client/AbstractNiFiProcessGroupsRestClient.java,2,81384608_333.json;81384608_334.json,true,success,,76,540,6,4,4,15,2.5,false,false,false,false,true,,maven,.,integrations/nifi/nifi-rest/nifi-rest-client/nifi-rest-client-api,integrations/nifi/nifi-rest/nifi-rest-client/nifi-rest-client-api,maven:integrations/nifi/nifi-rest/nifi-rest-client/nifi-rest-client-api,,,,false,,repos/successful/81384608,promoted_before_storage_audit
81384608,https://github.com/Teradata/kylo,0ca8cf21e6020ea1fbca51d5da7eead5b2c4827c,81384608:integrations/nifi/nifi-rest/nifi-rest-client/nifi-rest-client-api/src/main/java/com/thinkbiganalytics/nifi/rest/client/abstractnifiprocessorsrestclient.java,AbstractNiFiProcessorsRestClient,integrations/nifi/nifi-rest/nifi-rest-client/nifi-rest-client-api/src/main/java/com/thinkbiganalytics/nifi/rest/client/AbstractNiFiProcessorsRestClient.java,1,81384608_337.json,true,success,,112,1027,7,2,7,20,2.857142857142857,false,false,false,false,true,,maven,.,integrations/nifi/nifi-rest/nifi-rest-client/nifi-rest-client-api,integrations/nifi/nifi-rest/nifi-rest-client/nifi-rest-client-api,maven:integrations/nifi/nifi-rest/nifi-rest-client/nifi-rest-client-api,,,,false,,repos/successful/81384608,promoted_before_storage_audit
81384608,https://github.com/Teradata/kylo,0ca8cf21e6020ea1fbca51d5da7eead5b2c4827c,81384608:integrations/nifi/nifi-rest/nifi-rest-client/nifi-rest-client-api/src/main/java/com/thinkbiganalytics/nifi/rest/client/abstractnifitemplatesrestclient.java,AbstractNiFiTemplatesRestClient,integrations/nifi/nifi-rest/nifi-rest-client/nifi-rest-client-api/src/main/java/com/thinkbiganalytics/nifi/rest/client/AbstractNiFiTemplatesRestClient.java,2,81384608_331.json;81384608_332.json,true,success,,55,464,3,3,2,4,1.3333333333333333,false,false,false,false,true,,maven,.,integrations/nifi/nifi-rest/nifi-rest-client/nifi-rest-client-api,integrations/nifi/nifi-rest/nifi-rest-client/nifi-rest-client-api,maven:integrations/nifi/nifi-rest/nifi-rest-client/nifi-rest-client-api,,,,false,,repos/successful/81384608,promoted_before_storage_audit
81384608,https://github.com/Teradata/kylo,0ca8cf21e6020ea1fbca51d5da7eead5b2c4827c,81384608:integrations/spark/spark-merge-table/spark-merge-table-app/src/main/java/com/thinkbiganalytics/spark/mergetable/tablemergearguments.java,TableMergeArguments,integrations/spark/spark-merge-table/spark-merge-table-app/src/main/java/com/thinkbiganalytics/spark/mergetable/TableMergeArguments.java,2,81384608_329.json;81384608_330.json,true,success,,145,878,18,16,3,23,1.2777777777777777,false,false,false,false,true,,maven,.,integrations/spark/spark-merge-table/spark-merge-table-app,integrations/spark/spark-merge-table/spark-merge-table-app,maven:integrations/spark/spark-merge-table/spark-merge-table-app,,,,false,,repos/successful/81384608,promoted_before_storage_audit
81384608,https://github.com/Teradata/kylo,0ca8cf21e6020ea1fbca51d5da7eead5b2c4827c,81384608:integrations/spark/spark-multi-exec/spark-multi-exec-app/src/main/java/com/thinkbiganalytics/spark/multiexec/multisparkexecarguments.java,MultiSparkExecArguments,integrations/spark/spark-multi-exec/spark-multi-exec-app/src/main/java/com/thinkbiganalytics/spark/multiexec/MultiSparkExecArguments.java,1,81384608_328.json,true,success,,69,567,5,3,3,8,1.6,false,false,false,false,true,,maven,.,integrations/spark/spark-multi-exec/spark-multi-exec-app,integrations/spark/spark-multi-exec/spark-multi-exec-app,maven:integrations/spark/spark-multi-exec/spark-multi-exec-app,,,,false,,repos/successful/81384608,promoted_before_storage_audit
81384608,https://github.com/Teradata/kylo,0ca8cf21e6020ea1fbca51d5da7eead5b2c4827c,81384608:integrations/spark/spark-shell-client/spark-shell-client-app/src/main/java/com/thinkbiganalytics/spark/rest/abstracttransformcontroller.java,AbstractTransformController,integrations/spark/spark-shell-client/spark-shell-client-app/src/main/java/com/thinkbiganalytics/spark/rest/AbstractTransformController.java,1,81384608_324.json,true,success,,164,1328,8,5,6,24,3.0,false,false,false,false,true,,maven,.,integrations/spark/spark-shell-client/spark-shell-client-app,integrations/spark/spark-shell-client/spark-shell-client-app,maven:integrations/spark/spark-shell-client/spark-shell-client-app,,,,false,,repos/successful/81384608,promoted_before_storage_audit
81384608,https://github.com/Teradata/kylo,0ca8cf21e6020ea1fbca51d5da7eead5b2c4827c,81384608:integrations/spark/spark-shell-client/spark-shell-client-app/src/main/java/com/thinkbiganalytics/spark/rest/sparkshelltransformcontroller.java,SparkShellTransformController,integrations/spark/spark-shell-client/spark-shell-client-app/src/main/java/com/thinkbiganalytics/spark/rest/SparkShellTransformController.java,5,81384608_319.json;81384608_320.json;81384608_321.json;81384608_322.json;81384608_323.json,true,success,,96,807,3,3,7,16,5.333333333333333,false,false,false,false,true,,maven,.,integrations/spark/spark-shell-client/spark-shell-client-app,integrations/spark/spark-shell-client/spark-shell-client-app,maven:integrations/spark/spark-shell-client/spark-shell-client-app,,,,false,,repos/successful/81384608,promoted_before_storage_audit
81384608,https://github.com/Teradata/kylo,0ca8cf21e6020ea1fbca51d5da7eead5b2c4827c,81384608:integrations/spark/spark-shell-client/spark-shell-client-app/src/main/java/com/thinkbiganalytics/spark/service/transformservice.java,TransformService,integrations/spark/spark-shell-client/spark-shell-client-app/src/main/java/com/thinkbiganalytics/spark/service/TransformService.java,3,81384608_325.json;81384608_326.json;81384608_327.json,true,success,,436,3785,35,23,16,82,2.342857142857143,false,false,false,false,true,,maven,.,integrations/spark/spark-shell-client/spark-shell-client-app,integrations/spark/spark-shell-client/spark-shell-client-app,maven:integrations/spark/spark-shell-client/spark-shell-client-app,,,,false,,repos/successful/81384608,promoted_before_storage_audit
81384608,https://github.com/Teradata/kylo,0ca8cf21e6020ea1fbca51d5da7eead5b2c4827c,81384608:integrations/spark/spark-validate-cleanse/spark-validate-cleanse-app/src/main/java/com/thinkbiganalytics/spark/datavalidator/validatorconfiguration.java,ValidatorConfiguration,integrations/spark/spark-validate-cleanse/spark-validate-cleanse-app/src/main/java/com/thinkbiganalytics/spark/datavalidator/ValidatorConfiguration.java,6,81384608_306.json;81384608_307.json;81384608_308.json;81384608_309.json;81384608_310.json;81384608_311.json,true,success,,58,344,11,10,2,12,1.0909090909090908,false,false,false,false,true,,maven,.,integrations/spark/spark-validate-cleanse/spark-validate-cleanse-app,integrations/spark/spark-validate-cleanse/spark-validate-cleanse-app,maven:integrations/spark/spark-validate-cleanse/spark-validate-cleanse-app,,,,false,,repos/successful/81384608,promoted_before_storage_audit
81384608,https://github.com/Teradata/kylo,0ca8cf21e6020ea1fbca51d5da7eead5b2c4827c,81384608:integrations/spark/spark-validate-cleanse/spark-validate-cleanse-core/src/main/java/com/thinkbiganalytics/spark/datavalidator/functions/cleanseandvalidaterow.java,CleanseAndValidateRow,integrations/spark/spark-validate-cleanse/spark-validate-cleanse-core/src/main/java/com/thinkbiganalytics/spark/datavalidator/functions/CleanseAndValidateRow.java,7,81384608_312.json;81384608_313.json;81384608_314.json;81384608_315.json;81384608_316.json;81384608_317.json;81384608_318.json,true,success,,314,2552,11,5,27,85,7.7272727272727275,false,false,false,false,true,,maven,.,integrations/spark/spark-validate-cleanse/spark-validate-cleanse-core,integrations/spark/spark-validate-cleanse/spark-validate-cleanse-core,maven:integrations/spark/spark-validate-cleanse/spark-validate-cleanse-core,,,,false,,repos/successful/81384608,promoted_before_storage_audit
81384608,https://github.com/Teradata/kylo,0ca8cf21e6020ea1fbca51d5da7eead5b2c4827c,81384608:metadata/metadata-modeshape/src/main/java/com/thinkbiganalytics/metadata/modeshape/catalog/connector/jcrconnectorprovider.java,JcrConnectorProvider,metadata/metadata-modeshape/src/main/java/com/thinkbiganalytics/metadata/modeshape/catalog/connector/JcrConnectorProvider.java,4,81384608_130.json;81384608_131.json;81384608_132.json;81384608_133.json,true,success,,94,755,10,7,3,13,1.3,false,false,false,false,true,,maven,.,metadata/metadata-modeshape,metadata/metadata-modeshape,maven:metadata/metadata-modeshape,,,,false,,repos/successful/81384608,promoted_before_storage_audit
81384608,https://github.com/Teradata/kylo,0ca8cf21e6020ea1fbca51d5da7eead5b2c4827c,81384608:metadata/metadata-modeshape/src/main/java/com/thinkbiganalytics/metadata/modeshape/catalog/dataset/jcrdatasetprovider.java,JcrDataSetProvider,metadata/metadata-modeshape/src/main/java/com/thinkbiganalytics/metadata/modeshape/catalog/dataset/JcrDataSetProvider.java,4,81384608_126.json;81384608_127.json;81384608_128.json;81384608_129.json,true,success,,257,2149,30,22,5,54,1.8,false,false,false,false,true,,maven,.,metadata/metadata-modeshape,metadata/metadata-modeshape,maven:metadata/metadata-modeshape,,,,false,,repos/successful/81384608,promoted_before_storage_audit
81384608,https://github.com/Teradata/kylo,0ca8cf21e6020ea1fbca51d5da7eead5b2c4827c,81384608:metadata/metadata-modeshape/src/main/java/com/thinkbiganalytics/metadata/modeshape/catalog/datasource/jcrdatasourceprovider.java,JcrDataSourceProvider,metadata/metadata-modeshape/src/main/java/com/thinkbiganalytics/metadata/modeshape/catalog/datasource/JcrDataSourceProvider.java,4,81384608_122.json;81384608_123.json;81384608_124.json;81384608_125.json,true,success,,108,937,9,9,3,11,1.2222222222222223,false,false,true,false,false,is_generated_code,maven,.,metadata/metadata-modeshape,metadata/metadata-modeshape,maven:metadata/metadata-modeshape,,,,false,,repos/successful/81384608,promoted_before_storage_audit
81384608,https://github.com/Teradata/kylo,0ca8cf21e6020ea1fbca51d5da7eead5b2c4827c,81384608:metadata/metadata-modeshape/src/main/java/com/thinkbiganalytics/metadata/modeshape/category/security/jcrcategoryallowedactions.java,JcrCategoryAllowedActions,metadata/metadata-modeshape/src/main/java/com/thinkbiganalytics/metadata/modeshape/category/security/JcrCategoryAllowedActions.java,1,81384608_121.json,true,success,,97,832,9,6,7,18,2.0,false,false,false,false,true,,maven,.,metadata/metadata-modeshape,metadata/metadata-modeshape,maven:metadata/metadata-modeshape,,,,false,,repos/successful/81384608,promoted_before_storage_audit
81384608,https://github.com/Teradata/kylo,0ca8cf21e6020ea1fbca51d5da7eead5b2c4827c,81384608:metadata/metadata-modeshape/src/main/java/com/thinkbiganalytics/metadata/modeshape/extension/jcruserfielddescriptor.java,JcrUserFieldDescriptor,metadata/metadata-modeshape/src/main/java/com/thinkbiganalytics/metadata/modeshape/extension/JcrUserFieldDescriptor.java,7,81384608_114.json;81384608_115.json;81384608_116.json;81384608_117.json;81384608_118.json;81384608_119.json;81384608_120.json,true,success,,88,585,8,7,5,21,2.625,false,false,false,false,true,,maven,.,metadata/metadata-modeshape,metadata/metadata-modeshape,maven:metadata/metadata-modeshape,,,,false,,repos/successful/81384608,promoted_before_storage_audit
81384608,https://github.com/Teradata/kylo,0ca8cf21e6020ea1fbca51d5da7eead5b2c4827c,81384608:metadata/metadata-modeshape/src/main/java/com/thinkbiganalytics/metadata/modeshape/feed/security/jcrfeedallowedactions.java,JcrFeedAllowedActions,metadata/metadata-modeshape/src/main/java/com/thinkbiganalytics/metadata/modeshape/feed/security/JcrFeedAllowedActions.java,1,81384608_147.json,true,success,,122,1179,10,6,7,19,1.9,false,false,false,false,true,,maven,.,metadata/metadata-modeshape,metadata/metadata-modeshape,maven:metadata/metadata-modeshape,,,,false,,repos/successful/81384608,promoted_before_storage_audit
81384608,https://github.com/Teradata/kylo,0ca8cf21e6020ea1fbca51d5da7eead5b2c4827c,81384608:metadata/metadata-modeshape/src/main/java/com/thinkbiganalytics/metadata/modeshape/security/action/jcrallowedactions.java,JcrAllowedActions,metadata/metadata-modeshape/src/main/java/com/thinkbiganalytics/metadata/modeshape/security/action/JcrAllowedActions.java,3,81384608_111.json;81384608_112.json;81384608_113.json,true,success,,279,2338,33,26,7,56,1.696969696969697,false,false,false,false,true,,maven,.,metadata/metadata-modeshape,metadata/metadata-modeshape,maven:metadata/metadata-modeshape,,,,false,,repos/successful/81384608,promoted_before_storage_audit
81384608,https://github.com/Teradata/kylo,0ca8cf21e6020ea1fbca51d5da7eead5b2c4827c,81384608:metadata/metadata-modeshape/src/main/java/com/thinkbiganalytics/metadata/modeshape/security/role/jcrsecurityroleprovider.java,JcrSecurityRoleProvider,metadata/metadata-modeshape/src/main/java/com/thinkbiganalytics/metadata/modeshape/security/role/JcrSecurityRoleProvider.java,3,81384608_108.json;81384608_109.json;81384608_110.json,true,success,,109,984,7,7,4,18,2.5714285714285716,false,false,false,false,true,,maven,.,metadata/metadata-modeshape,metadata/metadata-modeshape,maven:metadata/metadata-modeshape,,,,false,,repos/successful/81384608,promoted_before_storage_audit
81384608,https://github.com/Teradata/kylo,0ca8cf21e6020ea1fbca51d5da7eead5b2c4827c,81384608:metadata/metadata-modeshape/src/main/java/com/thinkbiganalytics/metadata/modeshape/support/jcrpropertyutil.java,JcrPropertyUtil,metadata/metadata-modeshape/src/main/java/com/thinkbiganalytics/metadata/modeshape/support/JcrPropertyUtil.java,3,81384608_144.json;81384608_145.json;81384608_146.json,true,success,,1042,8344,64,58,21,288,4.5,false,false,false,false,false,nloc_out_of_bounds,maven,.,metadata/metadata-modeshape,metadata/metadata-modeshape,maven:metadata/metadata-modeshape,,,,false,,repos/successful/81384608,promoted_before_storage_audit
81384608,https://github.com/Teradata/kylo,0ca8cf21e6020ea1fbca51d5da7eead5b2c4827c,81384608:metadata/metadata-modeshape/src/main/java/com/thinkbiganalytics/metadata/modeshape/support/multivaluepropertylist.java,MultiValuePropertyList,metadata/metadata-modeshape/src/main/java/com/thinkbiganalytics/metadata/modeshape/support/MultiValuePropertyList.java,10,81384608_134.json;81384608_135.json;81384608_136.json;81384608_137.json;81384608_138.json;81384608_139.json;81384608_140.json;81384608_141.json;81384608_142.json;81384608_143.json,true,success,,155,1096,29,16,3,33,1.1379310344827587,false,false,false,false,true,,maven,.,metadata/metadata-modeshape,metadata/metadata-modeshape,maven:metadata/metadata-modeshape,,,,false,,repos/successful/81384608,promoted_before_storage_audit
81384608,https://github.com/Teradata/kylo,0ca8cf21e6020ea1fbca51d5da7eead5b2c4827c,81384608:metadata/metadata-modeshape/src/main/java/com/thinkbiganalytics/metadata/modeshape/user/jcruserprovider.java,JcrUserProvider,metadata/metadata-modeshape/src/main/java/com/thinkbiganalytics/metadata/modeshape/user/JcrUserProvider.java,13,81384608_100.json;81384608_101.json;81384608_102.json;81384608_103.json;81384608_104.json;81384608_105.json;81384608_106.json;81384608_107.json;81384608_95.json;81384608_96.json;81384608_97.json;81384608_98.json;81384608_99.json,true,success,,219,1631,26,21,4,38,1.4615384615384615,false,false,false,false,true,,maven,.,metadata/metadata-modeshape,metadata/metadata-modeshape,maven:metadata/metadata-modeshape,,,,false,,repos/successful/81384608,promoted_before_storage_audit
81384608,https://github.com/Teradata/kylo,0ca8cf21e6020ea1fbca51d5da7eead5b2c4827c,81384608:plugins/catalog-filesystem-aws-hadoop-v2/src/main/java/com/thinkbiganalytics/kylo/catalog/aws/s3filesystemprovider.java,S3FileSystemProvider,plugins/catalog-filesystem-aws-hadoop-v2/src/main/java/com/thinkbiganalytics/kylo/catalog/aws/S3FileSystemProvider.java,3,81384608_225.json;81384608_226.json;81384608_227.json,true,success,,81,754,4,2,7,14,3.5,false,false,false,false,true,,maven,.,plugins/catalog-filesystem-aws-hadoop-v2,plugins/catalog-filesystem-aws-hadoop-v2,maven:plugins/catalog-filesystem-aws-hadoop-v2,,,,false,,repos/successful/81384608,promoted_before_storage_audit
81384608,https://github.com/Teradata/kylo,0ca8cf21e6020ea1fbca51d5da7eead5b2c4827c,81384608:plugins/catalog-filesystem-aws-hadoop-v3/src/main/java/com/thinkbiganalytics/kylo/catalog/aws/s3filesystemprovider.java,S3FileSystemProvider,plugins/catalog-filesystem-aws-hadoop-v3/src/main/java/com/thinkbiganalytics/kylo/catalog/aws/S3FileSystemProvider.java,5,81384608_148.json;81384608_149.json;81384608_150.json;81384608_151.json;81384608_152.json,true,success,,110,1007,5,2,6,18,3.6,false,false,false,false,true,,maven,.,plugins/catalog-filesystem-aws-hadoop-v3,plugins/catalog-filesystem-aws-hadoop-v3,maven:plugins/catalog-filesystem-aws-hadoop-v3,,,,false,,repos/successful/81384608,promoted_before_storage_audit
81384608,https://github.com/Teradata/kylo,0ca8cf21e6020ea1fbca51d5da7eead5b2c4827c,81384608:plugins/catalog-filesystem-azure/src/main/java/com/thinkbiganalytics/kylo/catalog/azure/azurenativefilesystemprovider.java,AzureNativeFileSystemProvider,plugins/catalog-filesystem-azure/src/main/java/com/thinkbiganalytics/kylo/catalog/azure/AzureNativeFileSystemProvider.java,2,81384608_153.json;81384608_154.json,true,success,,92,862,5,2,4,14,2.8,false,false,false,false,true,,maven,.,plugins/catalog-filesystem-azure,plugins/catalog-filesystem-azure,maven:plugins/catalog-filesystem-azure,,,,false,,repos/successful/81384608,promoted_before_storage_audit
81384608,https://github.com/Teradata/kylo,0ca8cf21e6020ea1fbca51d5da7eead5b2c4827c,81384608:plugins/field-policy-default/src/main/java/com/thinkbiganalytics/policy/standardization/datetimestandardizer.java,DateTimeStandardizer,plugins/field-policy-default/src/main/java/com/thinkbiganalytics/policy/standardization/DateTimeStandardizer.java,11,81384608_175.json;81384608_176.json;81384608_177.json;81384608_178.json;81384608_179.json;81384608_180.json;81384608_181.json;81384608_182.json;81384608_183.json;81384608_184.json;81384608_185.json,true,success,,199,1104,12,5,9,31,2.5833333333333335,false,false,false,false,true,,maven,.,plugins/field-policy-default,plugins/field-policy-default,maven:plugins/field-policy-default,,,,false,,repos/successful/81384608,promoted_before_storage_audit
81384608,https://github.com/Teradata/kylo,0ca8cf21e6020ea1fbca51d5da7eead5b2c4827c,81384608:plugins/field-policy-default/src/main/java/com/thinkbiganalytics/policy/standardization/defaultvaluestandardizer.java,DefaultValueStandardizer,plugins/field-policy-default/src/main/java/com/thinkbiganalytics/policy/standardization/DefaultValueStandardizer.java,6,81384608_197.json;81384608_198.json;81384608_199.json;81384608_200.json;81384608_201.json;81384608_202.json,true,success,,33,219,5,4,5,11,2.2,false,false,false,false,true,,maven,.,plugins/field-policy-default,plugins/field-policy-default,maven:plugins/field-policy-default,,,,false,,repos/successful/81384608,promoted_before_storage_audit
81384608,https://github.com/Teradata/kylo,0ca8cf21e6020ea1fbca51d5da7eead5b2c4827c,81384608:plugins/field-policy-default/src/main/java/com/thinkbiganalytics/policy/standardization/maskleavinglastfourdigitstandardizer.java,MaskLeavingLastFourDigitStandardizer,plugins/field-policy-default/src/main/java/com/thinkbiganalytics/policy/standardization/MaskLeavingLastFourDigitStandardizer.java,5,81384608_169.json;81384608_170.json;81384608_171.json;81384608_172.json;81384608_173.json,true,success,,18,124,3,2,2,4,1.3333333333333333,false,false,false,false,true,,maven,.,plugins/field-policy-default,plugins/field-policy-default,maven:plugins/field-policy-default,,,,false,,repos/successful/81384608,promoted_before_storage_audit
81384608,https://github.com/Teradata/kylo,0ca8cf21e6020ea1fbca51d5da7eead5b2c4827c,81384608:plugins/field-policy-default/src/main/java/com/thinkbiganalytics/policy/standardization/removecontrolcharsstandardizer.java,RemoveControlCharsStandardizer,plugins/field-policy-default/src/main/java/com/thinkbiganalytics/policy/standardization/RemoveControlCharsStandardizer.java,6,81384608_203.json;81384608_204.json;81384608_205.json;81384608_206.json;81384608_207.json;81384608_208.json,true,success,,11,62,2,1,1,2,1.0,false,false,false,false,true,,maven,.,plugins/field-policy-default,plugins/field-policy-default,maven:plugins/field-policy-default,,,,false,,repos/successful/81384608,promoted_before_storage_audit
81384608,https://github.com/Teradata/kylo,0ca8cf21e6020ea1fbca51d5da7eead5b2c4827c,81384608:plugins/field-policy-default/src/main/java/com/thinkbiganalytics/policy/standardization/simpleregexreplacer.java,SimpleRegexReplacer,plugins/field-policy-default/src/main/java/com/thinkbiganalytics/policy/standardization/SimpleRegexReplacer.java,6,81384608_186.json;81384608_187.json;81384608_188.json;81384608_189.json;81384608_190.json;81384608_191.json,true,success,,61,355,7,6,3,12,1.7142857142857142,false,false,false,false,true,,maven,.,plugins/field-policy-default,plugins/field-policy-default,maven:plugins/field-policy-default,,,,false,,repos/successful/81384608,promoted_before_storage_audit
81384608,https://github.com/Teradata/kylo,0ca8cf21e6020ea1fbca51d5da7eead5b2c4827c,81384608:plugins/field-policy-default/src/main/java/com/thinkbiganalytics/policy/standardization/stripnonnumeric.java,StripNonNumeric,plugins/field-policy-default/src/main/java/com/thinkbiganalytics/policy/standardization/StripNonNumeric.java,5,81384608_192.json;81384608_193.json;81384608_194.json;81384608_195.json;81384608_196.json,true,success,,15,81,3,2,1,3,1.0,false,false,false,false,true,,maven,.,plugins/field-policy-default,plugins/field-policy-default,maven:plugins/field-policy-default,,,,false,,repos/successful/81384608,promoted_before_storage_audit
81384608,https://github.com/Teradata/kylo,0ca8cf21e6020ea1fbca51d5da7eead5b2c4827c,81384608:plugins/field-policy-default/src/main/java/com/thinkbiganalytics/policy/standardization/uppercasestandardizer.java,UppercaseStandardizer,plugins/field-policy-default/src/main/java/com/thinkbiganalytics/policy/standardization/UppercaseStandardizer.java,1,81384608_174.json,true,success,,24,129,5,4,2,6,1.2,false,false,false,false,true,,maven,.,plugins/field-policy-default,plugins/field-policy-default,maven:plugins/field-policy-default,,,,false,,repos/successful/81384608,promoted_before_storage_audit
81384608,https://github.com/Teradata/kylo,0ca8cf21e6020ea1fbca51d5da7eead5b2c4827c,81384608:plugins/field-policy-default/src/main/java/com/thinkbiganalytics/policy/validation/datevalidator.java,DateValidator,plugins/field-policy-default/src/main/java/com/thinkbiganalytics/policy/validation/DateValidator.java,1,81384608_162.json,true,success,,42,269,4,3,3,7,1.75,false,false,false,false,true,,maven,.,plugins/field-policy-default,plugins/field-policy-default,maven:plugins/field-policy-default,,,,false,,repos/successful/81384608,promoted_before_storage_audit
81384608,https://github.com/Teradata/kylo,0ca8cf21e6020ea1fbca51d5da7eead5b2c4827c,81384608:plugins/field-policy-default/src/main/java/com/thinkbiganalytics/policy/validation/emailvalidator.java,EmailValidator,plugins/field-policy-default/src/main/java/com/thinkbiganalytics/policy/validation/EmailValidator.java,2,81384608_167.json;81384608_168.json,true,success,,12,65,2,1,1,2,1.0,false,false,false,false,true,,maven,.,plugins/field-policy-default,plugins/field-policy-default,maven:plugins/field-policy-default,,,,false,,repos/successful/81384608,promoted_before_storage_audit
81384608,https://github.com/Teradata/kylo,0ca8cf21e6020ea1fbca51d5da7eead5b2c4827c,81384608:plugins/field-policy-default/src/main/java/com/thinkbiganalytics/policy/validation/ipaddressvalidator.java,IPAddressValidator,plugins/field-policy-default/src/main/java/com/thinkbiganalytics/policy/validation/IPAddressValidator.java,2,81384608_160.json;81384608_161.json,true,success,,12,64,2,1,1,2,1.0,false,false,false,false,true,,maven,.,plugins/field-policy-default,plugins/field-policy-default,maven:plugins/field-policy-default,,,,false,,repos/successful/81384608,promoted_before_storage_audit
81384608,https://github.com/Teradata/kylo,0ca8cf21e6020ea1fbca51d5da7eead5b2c4827c,81384608:plugins/field-policy-default/src/main/java/com/thinkbiganalytics/policy/validation/lengthvalidator.java,LengthValidator,plugins/field-policy-default/src/main/java/com/thinkbiganalytics/policy/validation/LengthValidator.java,1,81384608_166.json,true,success,,27,180,4,3,2,5,1.25,false,false,false,false,true,,maven,.,plugins/field-policy-default,plugins/field-policy-default,maven:plugins/field-policy-default,,,,false,,repos/successful/81384608,promoted_before_storage_audit
81384608,https://github.com/Teradata/kylo,0ca8cf21e6020ea1fbca51d5da7eead5b2c4827c,81384608:plugins/field-policy-default/src/main/java/com/thinkbiganalytics/policy/validation/lookupvalidator.java,LookupValidator,plugins/field-policy-default/src/main/java/com/thinkbiganalytics/policy/validation/LookupValidator.java,1,81384608_164.json,true,success,,39,285,5,3,2,6,1.2,false,false,false,false,true,,maven,.,plugins/field-policy-default,plugins/field-policy-default,maven:plugins/field-policy-default,,,,false,,repos/successful/81384608,promoted_before_storage_audit
81384608,https://github.com/Teradata/kylo,0ca8cf21e6020ea1fbca51d5da7eead5b2c4827c,81384608:plugins/field-policy-default/src/main/java/com/thinkbiganalytics/policy/validation/notnullvalidator.java,NotNullValidator,plugins/field-policy-default/src/main/java/com/thinkbiganalytics/policy/validation/NotNullValidator.java,1,81384608_163.json,true,success,,42,322,4,3,5,8,2.0,false,false,false,false,true,,maven,.,plugins/field-policy-default,plugins/field-policy-default,maven:plugins/field-policy-default,,,,false,,repos/successful/81384608,promoted_before_storage_audit
81384608,https://github.com/Teradata/kylo,0ca8cf21e6020ea1fbca51d5da7eead5b2c4827c,81384608:plugins/field-policy-default/src/main/java/com/thinkbiganalytics/policy/validation/rangevalidator.java,RangeValidator,plugins/field-policy-default/src/main/java/com/thinkbiganalytics/policy/validation/RangeValidator.java,1,81384608_158.json,true,success,,44,298,4,3,6,13,3.25,false,false,false,false,true,,maven,.,plugins/field-policy-default,plugins/field-policy-default,maven:plugins/field-policy-default,,,,false,,repos/successful/81384608,promoted_before_storage_audit
81384608,https://github.com/Teradata/kylo,0ca8cf21e6020ea1fbca51d5da7eead5b2c4827c,81384608:plugins/field-policy-default/src/main/java/com/thinkbiganalytics/policy/validation/timestampvalidator.java,TimestampValidator,plugins/field-policy-default/src/main/java/com/thinkbiganalytics/policy/validation/TimestampValidator.java,3,81384608_155.json;81384608_156.json;81384608_157.json,true,success,,75,535,7,5,8,16,2.2857142857142856,false,false,false,false,true,,maven,.,plugins/field-policy-default,plugins/field-policy-default,maven:plugins/field-policy-default,,,,false,,repos/successful/81384608,promoted_before_storage_audit
81384608,https://github.com/Teradata/kylo,0ca8cf21e6020ea1fbca51d5da7eead5b2c4827c,81384608:plugins/field-policy-default/src/main/java/com/thinkbiganalytics/policy/validation/usphonevalidator.java,USPhoneValidator,plugins/field-policy-default/src/main/java/com/thinkbiganalytics/policy/validation/USPhoneValidator.java,1,81384608_165.json,true,success,,11,65,2,1,1,2,1.0,false,false,false,false,true,,maven,.,plugins/field-policy-default,plugins/field-policy-default,maven:plugins/field-policy-default,,,,false,,repos/successful/81384608,promoted_before_storage_audit
81384608,https://github.com/Teradata/kylo,0ca8cf21e6020ea1fbca51d5da7eead5b2c4827c,81384608:plugins/field-policy-default/src/main/java/com/thinkbiganalytics/policy/validation/uszipcodevalidator.java,USZipCodeValidator,plugins/field-policy-default/src/main/java/com/thinkbiganalytics/policy/validation/USZipCodeValidator.java,1,81384608_159.json,true,success,,11,65,2,1,1,2,1.0,false,false,false,false,true,,maven,.,plugins/field-policy-default,plugins/field-policy-default,maven:plugins/field-policy-default,,,,false,,repos/successful/81384608,promoted_before_storage_audit
81384608,https://github.com/Teradata/kylo,0ca8cf21e6020ea1fbca51d5da7eead5b2c4827c,81384608:plugins/hadoop-authorization-ranger-default/hadoop-authorization-ranger/src/main/java/com/thinkbiganalytics/datalake/authorization/rangerauthorizationservice.java,RangerAuthorizationService,plugins/hadoop-authorization-ranger-default/hadoop-authorization-ranger/src/main/java/com/thinkbiganalytics/datalake/authorization/RangerAuthorizationService.java,2,81384608_223.json;81384608_224.json,true,success,,354,2916,19,13,9,56,2.9473684210526314,false,false,false,false,true,,maven,.,plugins/hadoop-authorization-ranger-default/hadoop-authorization-ranger,plugins/hadoop-authorization-ranger-default/hadoop-authorization-ranger,maven:plugins/hadoop-authorization-ranger-default/hadoop-authorization-ranger,,,,false,,repos/successful/81384608,promoted_before_storage_audit
81384608,https://github.com/Teradata/kylo,0ca8cf21e6020ea1fbca51d5da7eead5b2c4827c,81384608:plugins/schema-discovery-default/src/main/java/com/thinkbiganalytics/discovery/parsers/csv/csvfileschemaparser.java,CSVFileSchemaParser,plugins/schema-discovery-default/src/main/java/com/thinkbiganalytics/discovery/parsers/csv/CSVFileSchemaParser.java,14,81384608_209.json;81384608_210.json;81384608_211.json;81384608_212.json;81384608_213.json;81384608_214.json;81384608_215.json;81384608_216.json;81384608_217.json;81384608_218.json;81384608_219.json;81384608_220.json;81384608_221.json;81384608_222.json,true,success,,252,1823,23,14,7,51,2.217391304347826,false,false,false,false,true,,maven,.,plugins/schema-discovery-default,plugins/schema-discovery-default,maven:plugins/schema-discovery-default,,,,false,,repos/successful/81384608,promoted_before_storage_audit
81384608,https://github.com/Teradata/kylo,0ca8cf21e6020ea1fbca51d5da7eead5b2c4827c,81384608:plugins/spark-livy-server/src/main/java/com/thinkbiganalytics/kylo/spark/livy/sparklivyrestclient.java,SparkLivyRestClient,plugins/spark-livy-server/src/main/java/com/thinkbiganalytics/kylo/spark/livy/SparkLivyRestClient.java,1,81384608_228.json,true,success,,294,2633,19,15,4,33,1.736842105263158,false,false,false,false,true,,maven,.,plugins/spark-livy-server,plugins/spark-livy-server,maven:plugins/spark-livy-server,,,,false,,repos/successful/81384608,promoted_before_storage_audit
81384608,https://github.com/Teradata/kylo,0ca8cf21e6020ea1fbca51d5da7eead5b2c4827c,81384608:plugins/spark-livy-server/src/main/java/com/thinkbiganalytics/kylo/utils/kerberosutils.java,KerberosUtils,plugins/spark-livy-server/src/main/java/com/thinkbiganalytics/kylo/utils/KerberosUtils.java,1,81384608_230.json,true,success,,29,183,1,1,5,5,5.0,false,false,false,false,true,,maven,.,plugins/spark-livy-server,plugins/spark-livy-server,maven:plugins/spark-livy-server,,,,false,,repos/successful/81384608,promoted_before_storage_audit
81384608,https://github.com/Teradata/kylo,0ca8cf21e6020ea1fbca51d5da7eead5b2c4827c,81384608:plugins/spark-livy-server/src/main/java/com/thinkbiganalytics/kylo/utils/livyrestmodeltransformer.java,LivyRestModelTransformer,plugins/spark-livy-server/src/main/java/com/thinkbiganalytics/kylo/utils/LivyRestModelTransformer.java,1,81384608_229.json,true,success,,367,3230,14,6,19,60,4.285714285714286,false,false,false,false,true,,maven,.,plugins/spark-livy-server,plugins/spark-livy-server,maven:plugins/spark-livy-server,,,,false,,repos/successful/81384608,promoted_before_storage_audit
81384608,https://github.com/Teradata/kylo,0ca8cf21e6020ea1fbca51d5da7eead5b2c4827c,81384608:security/security-auth-kylo-rest/src/main/java/com/thinkbiganalytics/auth/rest/kylorestloginmodule.java,KyloRestLoginModule,security/security-auth-kylo-rest/src/main/java/com/thinkbiganalytics/auth/rest/KyloRestLoginModule.java,1,81384608_81.json,true,success,,149,1160,10,1,6,23,2.3,false,false,false,false,true,,maven,.,security/security-auth-kylo-rest,security/security-auth-kylo-rest,maven:security/security-auth-kylo-rest,,,,false,,repos/successful/81384608,promoted_before_storage_audit
81384608,https://github.com/Teradata/kylo,0ca8cf21e6020ea1fbca51d5da7eead5b2c4827c,81384608:security/security-auth/src/main/java/com/thinkbiganalytics/auth/jaas/config/defaultloginconfigurationbuilder.java,DefaultLoginConfigurationBuilder,security/security-auth/src/main/java/com/thinkbiganalytics/auth/jaas/config/DefaultLoginConfigurationBuilder.java,1,81384608_94.json,true,success,,127,881,19,13,5,26,1.368421052631579,false,false,false,false,true,,maven,.,security/security-auth,security/security-auth,maven:security/security-auth,,,,false,,repos/successful/81384608,promoted_before_storage_audit
81384608,https://github.com/Teradata/kylo,0ca8cf21e6020ea1fbca51d5da7eead5b2c4827c,81384608:security/security-auth/src/main/java/com/thinkbiganalytics/auth/jaas/http/jaashttpcallbackhandlerfilter.java,JaasHttpCallbackHandlerFilter,security/security-auth/src/main/java/com/thinkbiganalytics/auth/jaas/http/JaasHttpCallbackHandlerFilter.java,5,81384608_89.json;81384608_90.json;81384608_91.json;81384608_92.json;81384608_93.json,true,success,,76,541,7,2,5,14,2.0,false,false,false,false,true,,maven,.,security/security-auth,security/security-auth,maven:security/security-auth,,,,false,,repos/successful/81384608,promoted_before_storage_audit
81384608,https://github.com/Teradata/kylo,0ca8cf21e6020ea1fbca51d5da7eead5b2c4827c,81384608:security/security-auth/src/main/java/com/thinkbiganalytics/auth/jwt/jwtremembermeservices.java,JwtRememberMeServices,security/security-auth/src/main/java/com/thinkbiganalytics/auth/jwt/JwtRememberMeServices.java,7,81384608_82.json;81384608_83.json;81384608_84.json;81384608_85.json;81384608_86.json;81384608_87.json;81384608_88.json,true,success,,263,2114,23,7,4,40,1.7391304347826086,false,false,false,false,true,,maven,.,security/security-auth,security/security-auth,maven:security/security-auth,,,,false,,repos/successful/81384608,promoted_before_storage_audit
81384608,https://github.com/Teradata/kylo,0ca8cf21e6020ea1fbca51d5da7eead5b2c4827c,81384608:services/catalog-service/catalog-controller/src/main/java/com/thinkbiganalytics/kylo/catalog/rest/controller/connectorcontroller.java,ConnectorController,services/catalog-service/catalog-controller/src/main/java/com/thinkbiganalytics/kylo/catalog/rest/controller/ConnectorController.java,2,81384608_38.json;81384608_39.json,true,success,,181,1726,7,7,1,7,1.0,false,false,false,false,true,,maven,.,services/catalog-service/catalog-controller,services/catalog-service/catalog-controller,maven:services/catalog-service/catalog-controller,,,,false,,repos/successful/81384608,promoted_before_storage_audit
81384608,https://github.com/Teradata/kylo,0ca8cf21e6020ea1fbca51d5da7eead5b2c4827c,81384608:services/catalog-service/catalog-controller/src/main/java/com/thinkbiganalytics/kylo/catalog/rest/controller/datasetcontroller.java,DataSetController,services/catalog-service/catalog-controller/src/main/java/com/thinkbiganalytics/kylo/catalog/rest/controller/DataSetController.java,4,81384608_40.json;81384608_41.json;81384608_42.json;81384608_43.json,true,success,,193,1786,7,6,5,16,2.2857142857142856,false,false,false,false,true,,maven,.,services/catalog-service/catalog-controller,services/catalog-service/catalog-controller,maven:services/catalog-service/catalog-controller,,,,false,,repos/successful/81384608,promoted_before_storage_audit
81384608,https://github.com/Teradata/kylo,0ca8cf21e6020ea1fbca51d5da7eead5b2c4827c,81384608:services/catalog-service/catalog-core/src/main/java/com/thinkbiganalytics/kylo/catalog/dataset/datasetutil.java,DataSetUtil,services/catalog-service/catalog-core/src/main/java/com/thinkbiganalytics/kylo/catalog/dataset/DataSetUtil.java,1,81384608_45.json,true,success,,98,1009,5,4,15,30,6.0,false,false,false,false,true,,maven,.,services/catalog-service/catalog-core,services/catalog-service/catalog-core,maven:services/catalog-service/catalog-core,,,,false,,repos/successful/81384608,promoted_before_storage_audit
81384608,https://github.com/Teradata/kylo,0ca8cf21e6020ea1fbca51d5da7eead5b2c4827c,81384608:services/catalog-service/catalog-core/src/main/java/com/thinkbiganalytics/kylo/catalog/datasource/datasourceutil.java,DataSourceUtil,services/catalog-service/catalog-core/src/main/java/com/thinkbiganalytics/kylo/catalog/datasource/DataSourceUtil.java,1,81384608_44.json,true,success,,43,489,3,2,10,15,5.0,false,false,false,false,true,,maven,.,services/catalog-service/catalog-core,services/catalog-service/catalog-core,maven:services/catalog-service/catalog-core,,,,false,,repos/successful/81384608,promoted_before_storage_audit
81384608,https://github.com/Teradata/kylo,0ca8cf21e6020ea1fbca51d5da7eead5b2c4827c,81384608:services/feed-manager-service/feed-manager-controller/src/main/java/com/thinkbiganalytics/feedmgr/nifi/propertyexpressionresolver.java,PropertyExpressionResolver,services/feed-manager-service/feed-manager-controller/src/main/java/com/thinkbiganalytics/feedmgr/nifi/PropertyExpressionResolver.java,5,81384608_32.json;81384608_33.json;81384608_34.json;81384608_35.json;81384608_36.json,true,success,,294,2296,30,17,8,77,2.566666666666667,false,false,false,false,true,,maven,.,services/feed-manager-service/feed-manager-controller,services/feed-manager-service/feed-manager-controller,maven:services/feed-manager-service/feed-manager-controller,,,,false,,repos/successful/81384608,promoted_before_storage_audit
81384608,https://github.com/Teradata/kylo,0ca8cf21e6020ea1fbca51d5da7eead5b2c4827c,81384608:services/feed-manager-service/feed-manager-rest-model/src/main/java/com/thinkbiganalytics/feedmgr/rest/support/systemnamingservice.java,SystemNamingService,services/feed-manager-service/feed-manager-rest-model/src/main/java/com/thinkbiganalytics/feedmgr/rest/support/SystemNamingService.java,1,81384608_37.json,true,success,,52,475,1,1,16,16,16.0,false,false,false,false,true,,maven,.,services/feed-manager-service/feed-manager-rest-model,services/feed-manager-service/feed-manager-rest-model,maven:services/feed-manager-service/feed-manager-rest-model,,,,false,,repos/successful/81384608,promoted_before_storage_audit
81384608,https://github.com/Teradata/kylo,0ca8cf21e6020ea1fbca51d5da7eead5b2c4827c,81384608:services/field-policy-service/field-policy-core/src/main/java/com/thinkbiganalytics/policy/fieldpoliciesjsontransformer.java,FieldPoliciesJsonTransformer,services/field-policy-service/field-policy-core/src/main/java/com/thinkbiganalytics/policy/FieldPoliciesJsonTransformer.java,1,81384608_0.json,true,success,,131,988,7,5,9,19,2.7142857142857144,false,false,false,false,true,,maven,.,services/field-policy-service/field-policy-core,services/field-policy-service/field-policy-core,maven:services/field-policy-service/field-policy-core,,,,false,,repos/successful/81384608,promoted_before_storage_audit
81384608,https://github.com/Teradata/kylo,0ca8cf21e6020ea1fbca51d5da7eead5b2c4827c,81384608:services/operational-metadata-service/operational-metadata-integration-service/src/main/java/com/thinkbiganalytics/alerts/spi/defaults/defaultalertmanager.java,DefaultAlertManager,services/operational-metadata-service/operational-metadata-integration-service/src/main/java/com/thinkbiganalytics/alerts/spi/defaults/DefaultAlertManager.java,1,81384608_29.json,true,success,,557,3774,76,55,6,107,1.4078947368421053,false,false,true,false,false,nloc_out_of_bounds,maven,.,services/operational-metadata-service/operational-metadata-integration-service,services/operational-metadata-service/operational-metadata-integration-service,maven:services/operational-metadata-service/operational-metadata-integration-service,,,,false,,repos/successful/81384608,promoted_before_storage_audit
81384608,https://github.com/Teradata/kylo,0ca8cf21e6020ea1fbca51d5da7eead5b2c4827c,81384608:services/repository-service/src/main/java/com/thinkbiganalytics/repository/filesystem/filesystemrepositoryservice.java,FilesystemRepositoryService,services/repository-service/src/main/java/com/thinkbiganalytics/repository/filesystem/FilesystemRepositoryService.java,2,81384608_30.json;81384608_31.json,true,success,,365,3301,17,10,6,46,2.7058823529411766,false,false,false,false,true,,maven,.,services/repository-service,services/repository-service,maven:services/repository-service,,,,false,,repos/successful/81384608,promoted_before_storage_audit
81384608,https://github.com/Teradata/kylo,0ca8cf21e6020ea1fbca51d5da7eead5b2c4827c,81384608:services/scheduler-service/scheduler-core/src/main/java/com/thinkbiganalytics/scheduler/support/identifierutil.java,IdentifierUtil,services/scheduler-service/scheduler-core/src/main/java/com/thinkbiganalytics/scheduler/support/IdentifierUtil.java,1,81384608_4.json,true,success,,14,152,2,2,1,2,1.0,false,false,false,false,true,,maven,.,services/scheduler-service/scheduler-core,services/scheduler-service/scheduler-core,maven:services/scheduler-service/scheduler-core,,,,false,,repos/successful/81384608,promoted_before_storage_audit
81384608,https://github.com/Teradata/kylo,0ca8cf21e6020ea1fbca51d5da7eead5b2c4827c,81384608:services/scheduler-service/scheduler-quartz/src/main/java/com/thinkbiganalytics/scheduler/autowiringspringbeanjobfactory.java,AutowiringSpringBeanJobFactory,services/scheduler-service/scheduler-quartz/src/main/java/com/thinkbiganalytics/scheduler/AutowiringSpringBeanJobFactory.java,2,81384608_19.json;81384608_20.json,true,success,,20,128,2,1,1,2,1.0,false,false,false,false,true,,maven,.,services/scheduler-service/scheduler-quartz,services/scheduler-service/scheduler-quartz,maven:services/scheduler-service/scheduler-quartz,,,,false,,repos/successful/81384608,promoted_before_storage_audit
81384608,https://github.com/Teradata/kylo,0ca8cf21e6020ea1fbca51d5da7eead5b2c4827c,81384608:services/scheduler-service/scheduler-quartz/src/main/java/com/thinkbiganalytics/scheduler/quartzscheduler.java,QuartzScheduler,services/scheduler-service/scheduler-quartz/src/main/java/com/thinkbiganalytics/scheduler/QuartzScheduler.java,14,81384608_10.json;81384608_11.json;81384608_12.json;81384608_13.json;81384608_14.json;81384608_15.json;81384608_16.json;81384608_17.json;81384608_18.json;81384608_5.json;81384608_6.json;81384608_7.json;81384608_8.json;81384608_9.json,true,success,,505,3694,53,50,6,98,1.849056603773585,false,false,false,false,false,nloc_out_of_bounds,maven,.,services/scheduler-service/scheduler-quartz,services/scheduler-service/scheduler-quartz,maven:services/scheduler-service/scheduler-quartz,,,,false,,repos/successful/81384608,promoted_before_storage_audit
81384608,https://github.com/Teradata/kylo,0ca8cf21e6020ea1fbca51d5da7eead5b2c4827c,81384608:services/schema-discovery-service/schema-discovery-controller/src/main/java/com/thinkbiganalytics/discovery/rest/controller/schemadiscoveryrestcontroller.java,SchemaDiscoveryRestController,services/schema-discovery-service/schema-discovery-controller/src/main/java/com/thinkbiganalytics/discovery/rest/controller/SchemaDiscoveryRestController.java,3,81384608_1.json;81384608_2.json;81384608_3.json,true,success,,242,2006,8,8,6,22,2.75,false,false,false,false,true,,maven,.,services/schema-discovery-service/schema-discovery-controller,services/schema-discovery-service/schema-discovery-controller,maven:services/schema-discovery-service/schema-discovery-controller,,,,false,,repos/successful/81384608,promoted_before_storage_audit
81384608,https://github.com/Teradata/kylo,0ca8cf21e6020ea1fbca51d5da7eead5b2c4827c,81384608:services/spark-shell-service/spark-shell-controller/src/main/java/com/thinkbiganalytics/kylo/reactive/subscriberfactory.java,SubscriberFactory,services/spark-shell-service/spark-shell-controller/src/main/java/com/thinkbiganalytics/kylo/reactive/SubscriberFactory.java,4,81384608_25.json;81384608_26.json;81384608_27.json;81384608_28.json,true,success,,82,519,4,10,4,9,2.25,false,false,false,false,true,,maven,.,services/spark-shell-service/spark-shell-controller,services/spark-shell-service/spark-shell-controller,maven:services/spark-shell-service/spark-shell-controller,,,,false,,repos/successful/81384608,promoted_before_storage_audit
81384608,https://github.com/Teradata/kylo,0ca8cf21e6020ea1fbca51d5da7eead5b2c4827c,81384608:services/spark-shell-service/spark-shell-core/src/main/java/com/thinkbiganalytics/kylo/spark/job/defaultsparkjobcontext.java,DefaultSparkJobContext,services/spark-shell-service/spark-shell-core/src/main/java/com/thinkbiganalytics/kylo/spark/job/DefaultSparkJobContext.java,2,81384608_23.json;81384608_24.json,true,success,,74,504,7,6,3,10,1.4285714285714286,false,false,false,false,true,,maven,.,services/spark-shell-service/spark-shell-core,services/spark-shell-service/spark-shell-core,maven:services/spark-shell-service/spark-shell-core,,,,false,,repos/successful/81384608,promoted_before_storage_audit
81384608,https://github.com/Teradata/kylo,0ca8cf21e6020ea1fbca51d5da7eead5b2c4827c,81384608:services/spark-shell-service/spark-shell-core/src/main/java/com/thinkbiganalytics/kylo/spark/job/tasks/batchjobsupplier.java,BatchJobSupplier,services/spark-shell-service/spark-shell-core/src/main/java/com/thinkbiganalytics/kylo/spark/job/tasks/BatchJobSupplier.java,2,81384608_21.json;81384608_22.json,true,success,,43,312,4,2,2,6,1.5,false,false,false,false,true,,maven,.,services/spark-shell-service/spark-shell-core,services/spark-shell-service/spark-shell-core,maven:services/spark-shell-service/spark-shell-core,,,,false,,repos/successful/81384608,promoted_before_storage_audit
85795396,https://github.com/apache/calcite-avatica,b8bc167268d0900087a24eecd150e8911a6225c0,85795396:core/src/main/java/org/apache/calcite/avatica/avaticaconnection.java,AvaticaConnection,core/src/main/java/org/apache/calcite/avatica/AvaticaConnection.java,2,85795396_67.json;85795396_68.json,true,success,,592,3672,81,70,11,127,1.5679012345679013,false,false,false,false,false,nloc_out_of_bounds,gradle,.,core,core,gradle:core,,,,false,,repos/successful/85795396,promoted_before_storage_audit
85795396,https://github.com/apache/calcite-avatica,b8bc167268d0900087a24eecd150e8911a6225c0,85795396:core/src/main/java/org/apache/calcite/avatica/avaticaresultset.java,AvaticaResultSet,core/src/main/java/org/apache/calcite/avatica/AvaticaResultSet.java,1,85795396_69.json,true,success,,809,5179,200,193,4,211,1.055,false,false,false,false,false,nloc_out_of_bounds,gradle,.,core,core,gradle:core,,,,false,,repos/successful/85795396,promoted_before_storage_audit
85795396,https://github.com/apache/calcite-avatica,b8bc167268d0900087a24eecd150e8911a6225c0,85795396:core/src/main/java/org/apache/calcite/avatica/remote/abstracthandler.java,AbstractHandler,core/src/main/java/org/apache/calcite/avatica/remote/AbstractHandler.java,2,85795396_60.json;85795396_61.json,true,success,,90,658,10,6,5,19,1.9,false,false,true,false,false,is_generated_code,gradle,.,core,core,gradle:core,,,,false,,repos/successful/85795396,promoted_before_storage_audit
85795396,https://github.com/apache/calcite-avatica,b8bc167268d0900087a24eecd150e8911a6225c0,85795396:core/src/main/java/org/apache/calcite/avatica/remote/typedvalue.java,TypedValue,core/src/main/java/org/apache/calcite/avatica/remote/TypedValue.java,15,85795396_45.json;85795396_46.json;85795396_47.json;85795396_48.json;85795396_49.json;85795396_50.json;85795396_51.json;85795396_52.json;85795396_53.json;85795396_54.json;85795396_55.json;85795396_56.json;85795396_57.json;85795396_58.json;85795396_59.json,true,success,,639,4724,25,15,37,202,8.08,false,false,false,false,false,nloc_out_of_bounds,gradle,.,core,core,gradle:core,,,,false,,repos/successful/85795396,promoted_before_storage_audit
85795396,https://github.com/apache/calcite-avatica,b8bc167268d0900087a24eecd150e8911a6225c0,85795396:core/src/main/java/org/apache/calcite/avatica/util/datetimeutils.java,DateTimeUtils,core/src/main/java/org/apache/calcite/avatica/util/DateTimeUtils.java,12,85795396_10.json;85795396_11.json;85795396_12.json;85795396_13.json;85795396_14.json;85795396_15.json;85795396_16.json;85795396_17.json;85795396_6.json;85795396_7.json;85795396_8.json;85795396_9.json,true,success,,1087,7808,89,62,26,246,2.764044943820225,false,false,false,false,false,nloc_out_of_bounds,gradle,.,core,core,gradle:core,,,,false,,repos/successful/85795396,promoted_before_storage_audit
85795396,https://github.com/apache/calcite-avatica,b8bc167268d0900087a24eecd150e8911a6225c0,85795396:metrics/src/main/java/org/apache/calcite/avatica/metrics/noop/noopmetricssystem.java,NoopMetricsSystem,metrics/src/main/java/org/apache/calcite/avatica/metrics/noop/NoopMetricsSystem.java,1,85795396_1.json,true,success,,32,259,7,6,1,7,1.0,false,false,false,false,true,,gradle,.,metrics,metrics,gradle:metrics,,,,false,,repos/successful/85795396,promoted_before_storage_audit
85795396,https://github.com/apache/calcite-avatica,b8bc167268d0900087a24eecd150e8911a6225c0,85795396:metrics/src/main/java/org/apache/calcite/avatica/metrics/noop/noopmetricssystemfactory.java,NoopMetricsSystemFactory,metrics/src/main/java/org/apache/calcite/avatica/metrics/noop/NoopMetricsSystemFactory.java,1,85795396_0.json,true,success,,8,65,1,1,1,1,1.0,false,false,false,false,true,,gradle,.,metrics,metrics,gradle:metrics,,,,false,,repos/successful/85795396,promoted_before_storage_audit
85795396,https://github.com/apache/calcite-avatica,b8bc167268d0900087a24eecd150e8911a6225c0,85795396:server/src/main/java/org/apache/calcite/avatica/jdbc/jdbcmeta.java,JdbcMeta,server/src/main/java/org/apache/calcite/avatica/jdbc/JdbcMeta.java,1,85795396_82.json,true,success,,881,6375,71,52,10,163,2.295774647887324,false,false,false,false,false,nloc_out_of_bounds,gradle,.,server,server,gradle:server,,,,false,,repos/successful/85795396,promoted_before_storage_audit
85795396,https://github.com/apache/calcite-avatica,b8bc167268d0900087a24eecd150e8911a6225c0,85795396:server/src/main/java/org/apache/calcite/avatica/server/abstractavaticahandler.java,AbstractAvaticaHandler,server/src/main/java/org/apache/calcite/avatica/server/AbstractAvaticaHandler.java,3,85795396_88.json;85795396_89.json;85795396_90.json,true,success,,39,304,1,1,5,5,5.0,false,false,false,false,true,,gradle,.,server,server,gradle:server,,,,false,,repos/successful/85795396,promoted_before_storage_audit
85795396,https://github.com/apache/calcite-avatica,b8bc167268d0900087a24eecd150e8911a6225c0,85795396:server/src/main/java/org/apache/calcite/avatica/server/avaticaspnegoauthenticator.java,AvaticaSpnegoAuthenticator,server/src/main/java/org/apache/calcite/avatica/server/AvaticaSpnegoAuthenticator.java,3,85795396_85.json;85795396_86.json;85795396_87.json,true,success,,49,392,2,1,6,8,4.0,false,false,false,false,true,,gradle,.,server,server,gradle:server,,,,false,,repos/successful/85795396,promoted_before_storage_audit
85795396,https://github.com/apache/calcite-avatica,b8bc167268d0900087a24eecd150e8911a6225c0,85795396:server/src/main/java/org/apache/calcite/avatica/server/handlerfactory.java,HandlerFactory,server/src/main/java/org/apache/calcite/avatica/server/HandlerFactory.java,2,85795396_83.json;85795396_84.json,true,success,,70,550,5,4,6,13,2.6,false,false,false,false,true,,gradle,.,server,server,gradle:server,,,,false,,repos/successful/85795396,promoted_before_storage_audit
41627638,https://github.com/cuipengfei/Spikes,3b98b697479020d277bcf69f5651102982d7ba12,41627638:dotnet/dojos/dojo1/jbg/src/main/java/bowling/fifth/frame.java,Frame,dotnet/dojos/dojo1/JBG/src/main/java/bowling/fifth/Frame.java,1,41627638_12.json,true,success,,46,219,10,2,3,14,1.4,false,false,false,false,true,,gradle,dotnet/dojos/dojo1/JBG,dotnet/dojos/dojo1/JBG,.,gradle:dotnet/dojos/dojo1/JBG,,,,false,,repos/successful/41627638,promoted_before_storage_audit
41627638,https://github.com/cuipengfei/Spikes,3b98b697479020d277bcf69f5651102982d7ba12,41627638:dotnet/dojos/dojo1/jbg/src/main/java/bowling/fifth/lastframe.java,LastFrame,dotnet/dojos/dojo1/JBG/src/main/java/bowling/fifth/LastFrame.java,1,41627638_13.json,true,success,,16,82,2,1,1,2,1.0,false,false,false,false,true,,gradle,dotnet/dojos/dojo1/JBG,dotnet/dojos/dojo1/JBG,.,gradle:dotnet/dojos/dojo1/JBG,,,,false,,repos/successful/41627638,promoted_before_storage_audit
41627638,https://github.com/cuipengfei/Spikes,3b98b697479020d277bcf69f5651102982d7ba12,41627638:dotnet/dojos/dojo1/jbg/src/main/java/bowling/first/practice/frame.java,Frame,dotnet/dojos/dojo1/JBG/src/main/java/bowling/first/practice/Frame.java,1,41627638_19.json,true,success,,45,228,8,2,3,13,1.625,false,false,false,false,true,,gradle,dotnet/dojos/dojo1/JBG,dotnet/dojos/dojo1/JBG,.,gradle:dotnet/dojos/dojo1/JBG,,,,false,,repos/successful/41627638,promoted_before_storage_audit
41627638,https://github.com/cuipengfei/Spikes,3b98b697479020d277bcf69f5651102982d7ba12,41627638:dotnet/dojos/dojo1/jbg/src/main/java/bowling/first/practice/lastframe.java,LastFrame,dotnet/dojos/dojo1/JBG/src/main/java/bowling/first/practice/LastFrame.java,3,41627638_20.json;41627638_21.json;41627638_22.json,true,success,,16,81,2,1,1,2,1.0,false,false,false,false,true,,gradle,dotnet/dojos/dojo1/JBG,dotnet/dojos/dojo1/JBG,.,gradle:dotnet/dojos/dojo1/JBG,,,,false,,repos/successful/41627638,promoted_before_storage_audit
41627638,https://github.com/cuipengfei/Spikes,3b98b697479020d277bcf69f5651102982d7ba12,41627638:dotnet/dojos/dojo1/jbg/src/main/java/bowling/fourth/frame.java,Frame,dotnet/dojos/dojo1/JBG/src/main/java/bowling/fourth/Frame.java,1,41627638_6.json,true,success,,46,219,10,2,3,14,1.4,false,false,false,false,true,,gradle,dotnet/dojos/dojo1/JBG,dotnet/dojos/dojo1/JBG,.,gradle:dotnet/dojos/dojo1/JBG,,,,false,,repos/successful/41627638,promoted_before_storage_audit
41627638,https://github.com/cuipengfei/Spikes,3b98b697479020d277bcf69f5651102982d7ba12,41627638:dotnet/dojos/dojo1/jbg/src/main/java/bowling/fourth/lastframe.java,LastFrame,dotnet/dojos/dojo1/JBG/src/main/java/bowling/fourth/LastFrame.java,1,41627638_7.json,true,success,,16,82,2,1,1,2,1.0,false,false,false,false,true,,gradle,dotnet/dojos/dojo1/JBG,dotnet/dojos/dojo1/JBG,.,gradle:dotnet/dojos/dojo1/JBG,,,,false,,repos/successful/41627638,promoted_before_storage_audit
41627638,https://github.com/cuipengfei/Spikes,3b98b697479020d277bcf69f5651102982d7ba12,41627638:dotnet/dojos/dojo1/jbg/src/main/java/bowling/second/practice/frame.java,Frame,dotnet/dojos/dojo1/JBG/src/main/java/bowling/second/practice/Frame.java,1,41627638_14.json,true,success,,45,221,9,2,3,13,1.4444444444444444,false,false,false,false,true,,gradle,dotnet/dojos/dojo1/JBG,dotnet/dojos/dojo1/JBG,.,gradle:dotnet/dojos/dojo1/JBG,,,,false,,repos/successful/41627638,promoted_before_storage_audit
41627638,https://github.com/cuipengfei/Spikes,3b98b697479020d277bcf69f5651102982d7ba12,41627638:dotnet/dojos/dojo1/jbg/src/main/java/bowling/second/practice/lastframe.java,LastFrame,dotnet/dojos/dojo1/JBG/src/main/java/bowling/second/practice/LastFrame.java,2,41627638_15.json;41627638_16.json,true,success,,20,104,3,2,1,3,1.0,false,false,false,false,true,,gradle,dotnet/dojos/dojo1/JBG,dotnet/dojos/dojo1/JBG,.,gradle:dotnet/dojos/dojo1/JBG,,,,false,,repos/successful/41627638,promoted_before_storage_audit
41627638,https://github.com/cuipengfei/Spikes,3b98b697479020d277bcf69f5651102982d7ba12,41627638:dotnet/dojos/dojo1/jbg/src/main/java/bowling/seven/frame.java,Frame,dotnet/dojos/dojo1/JBG/src/main/java/bowling/seven/Frame.java,1,41627638_10.json,true,success,,45,213,9,2,3,13,1.4444444444444444,false,false,false,false,true,,gradle,dotnet/dojos/dojo1/JBG,dotnet/dojos/dojo1/JBG,.,gradle:dotnet/dojos/dojo1/JBG,,,,false,,repos/successful/41627638,promoted_before_storage_audit
41627638,https://github.com/cuipengfei/Spikes,3b98b697479020d277bcf69f5651102982d7ba12,41627638:dotnet/dojos/dojo1/jbg/src/main/java/bowling/seven/lastframe.java,LastFrame,dotnet/dojos/dojo1/JBG/src/main/java/bowling/seven/LastFrame.java,1,41627638_11.json,true,success,,16,82,2,1,1,2,1.0,false,false,false,false,true,,gradle,dotnet/dojos/dojo1/JBG,dotnet/dojos/dojo1/JBG,.,gradle:dotnet/dojos/dojo1/JBG,,,,false,,repos/successful/41627638,promoted_before_storage_audit
41627638,https://github.com/cuipengfei/Spikes,3b98b697479020d277bcf69f5651102982d7ba12,41627638:dotnet/dojos/dojo1/jbg/src/main/java/bowling/sixth/frame.java,Frame,dotnet/dojos/dojo1/JBG/src/main/java/bowling/sixth/Frame.java,1,41627638_17.json,true,success,,45,215,9,2,3,13,1.4444444444444444,false,false,false,false,true,,gradle,dotnet/dojos/dojo1/JBG,dotnet/dojos/dojo1/JBG,.,gradle:dotnet/dojos/dojo1/JBG,,,,false,,repos/successful/41627638,promoted_before_storage_audit
41627638,https://github.com/cuipengfei/Spikes,3b98b697479020d277bcf69f5651102982d7ba12,41627638:dotnet/dojos/dojo1/jbg/src/main/java/bowling/sixth/lastframe.java,LastFrame,dotnet/dojos/dojo1/JBG/src/main/java/bowling/sixth/LastFrame.java,1,41627638_18.json,true,success,,16,82,2,1,1,2,1.0,false,false,false,false,true,,gradle,dotnet/dojos/dojo1/JBG,dotnet/dojos/dojo1/JBG,.,gradle:dotnet/dojos/dojo1/JBG,,,,false,,repos/successful/41627638,promoted_before_storage_audit
41627638,https://github.com/cuipengfei/Spikes,3b98b697479020d277bcf69f5651102982d7ba12,41627638:dotnet/dojos/dojo1/jbg/src/main/java/bowling/third/practice/lastframe.java,LastFrame,dotnet/dojos/dojo1/JBG/src/main/java/bowling/third/practice/LastFrame.java,1,41627638_9.json,true,success,,16,84,2,1,1,2,1.0,false,false,false,false,true,,gradle,dotnet/dojos/dojo1/JBG,dotnet/dojos/dojo1/JBG,.,gradle:dotnet/dojos/dojo1/JBG,,,,false,,repos/successful/41627638,promoted_before_storage_audit
41627638,https://github.com/cuipengfei/Spikes,3b98b697479020d277bcf69f5651102982d7ba12,41627638:dotnet/dojos/dojo1/jbg/src/main/java/bowling2017/livedemo/frame.java,Frame,dotnet/dojos/dojo1/JBG/src/main/java/bowling2017/livedemo/Frame.java,1,41627638_4.json,true,success,,38,192,5,2,3,10,2.0,false,false,false,false,true,,gradle,dotnet/dojos/dojo1/JBG,dotnet/dojos/dojo1/JBG,.,gradle:dotnet/dojos/dojo1/JBG,,,,false,,repos/successful/41627638,promoted_before_storage_audit
41627638,https://github.com/cuipengfei/Spikes,3b98b697479020d277bcf69f5651102982d7ba12,41627638:dotnet/dojos/dojo1/jbg/src/main/java/bowling2017/livedemo/lastframe.java,LastFrame,dotnet/dojos/dojo1/JBG/src/main/java/bowling2017/livedemo/LastFrame.java,1,41627638_5.json,true,success,,16,82,2,1,1,2,1.0,false,false,false,false,true,,gradle,dotnet/dojos/dojo1/JBG,dotnet/dojos/dojo1/JBG,.,gradle:dotnet/dojos/dojo1/JBG,,,,false,,repos/successful/41627638,promoted_before_storage_audit
41627638,https://github.com/cuipengfei/Spikes,3b98b697479020d277bcf69f5651102982d7ba12,41627638:dotnet/dojos/dojo1/jbg/src/main/java/bowling2017/practice1/frame.java,Frame,dotnet/dojos/dojo1/JBG/src/main/java/bowling2017/practice1/Frame.java,1,41627638_0.json,true,success,,42,203,6,2,3,11,1.8333333333333333,false,false,false,false,true,,gradle,dotnet/dojos/dojo1/JBG,dotnet/dojos/dojo1/JBG,.,gradle:dotnet/dojos/dojo1/JBG,,,,false,,repos/successful/41627638,promoted_before_storage_audit
41627638,https://github.com/cuipengfei/Spikes,3b98b697479020d277bcf69f5651102982d7ba12,41627638:dotnet/dojos/dojo1/jbg/src/main/java/bowling2017/practice1/lastframe.java,LastFrame,dotnet/dojos/dojo1/JBG/src/main/java/bowling2017/practice1/LastFrame.java,1,41627638_1.json,true,success,,12,58,2,1,1,2,1.0,false,false,false,false,true,,gradle,dotnet/dojos/dojo1/JBG,dotnet/dojos/dojo1/JBG,.,gradle:dotnet/dojos/dojo1/JBG,,,,false,,repos/successful/41627638,promoted_before_storage_audit
41627638,https://github.com/cuipengfei/Spikes,3b98b697479020d277bcf69f5651102982d7ba12,41627638:dotnet/dojos/dojo1/jbg/src/main/java/bowling2017/practice2/frame.java,Frame,dotnet/dojos/dojo1/JBG/src/main/java/bowling2017/practice2/Frame.java,1,41627638_2.json,true,success,,37,184,5,2,3,10,2.0,false,false,false,false,true,,gradle,dotnet/dojos/dojo1/JBG,dotnet/dojos/dojo1/JBG,.,gradle:dotnet/dojos/dojo1/JBG,,,,false,,repos/successful/41627638,promoted_before_storage_audit
41627638,https://github.com/cuipengfei/Spikes,3b98b697479020d277bcf69f5651102982d7ba12,41627638:dotnet/dojos/dojo1/jbg/src/main/java/bowling2017/practice2/lastframe.java,LastFrame,dotnet/dojos/dojo1/JBG/src/main/java/bowling2017/practice2/LastFrame.java,1,41627638_3.json,true,success,,12,58,2,1,1,2,1.0,false,false,false,false,true,,gradle,dotnet/dojos/dojo1/JBG,dotnet/dojos/dojo1/JBG,.,gradle:dotnet/dojos/dojo1/JBG,,,,false,,repos/successful/41627638,promoted_before_storage_audit
41627638,https://github.com/cuipengfei/Spikes,3b98b697479020d277bcf69f5651102982d7ba12,41627638:kata/cash-register/src/main/java/cashregister/discounts/freegiftdiscount.java,FreeGiftDiscount,kata/cash-register/src/main/java/cashregister/discounts/FreeGiftDiscount.java,2,41627638_27.json;41627638_28.json,true,success,,31,259,3,1,2,4,1.3333333333333333,false,false,false,false,true,,gradle,kata/cash-register,kata/cash-register,.,gradle:kata/cash-register,,,,false,,repos/successful/41627638,promoted_before_storage_audit
41627638,https://github.com/cuipengfei/Spikes,3b98b697479020d277bcf69f5651102982d7ba12,41627638:kata/cash-register/src/main/java/cashregister/discounts/nodiscount.java,NoDiscount,kata/cash-register/src/main/java/cashregister/discounts/NoDiscount.java,1,41627638_26.json,true,success,,20,116,3,2,1,3,1.0,false,false,false,false,true,,gradle,kata/cash-register,kata/cash-register,.,gradle:kata/cash-register,,,,false,,repos/successful/41627638,promoted_before_storage_audit
41627638,https://github.com/cuipengfei/Spikes,3b98b697479020d277bcf69f5651102982d7ba12,41627638:kata/cash-register/src/main/java/cashregister/discounts/percentagediscount.java,PercentageDiscount,kata/cash-register/src/main/java/cashregister/discounts/PercentageDiscount.java,1,41627638_25.json,true,success,,18,129,2,1,1,2,1.0,false,false,false,false,true,,gradle,kata/cash-register,kata/cash-register,.,gradle:kata/cash-register,,,,false,,repos/successful/41627638,promoted_before_storage_audit
41627638,https://github.com/cuipengfei/Spikes,3b98b697479020d277bcf69f5651102982d7ba12,41627638:kata/cash-register/src/main/java/cashregister/io/configreader.java,ConfigReader,kata/cash-register/src/main/java/cashregister/io/ConfigReader.java,1,41627638_23.json,true,success,,66,591,7,1,2,10,1.4285714285714286,false,false,false,false,true,,gradle,kata/cash-register,kata/cash-register,.,gradle:kata/cash-register,,,,false,,repos/successful/41627638,promoted_before_storage_audit
41627638,https://github.com/cuipengfei/Spikes,3b98b697479020d277bcf69f5651102982d7ba12,41627638:kata/cash-register/src/main/java/cashregister/io/inputparser.java,InputParser,kata/cash-register/src/main/java/cashregister/io/InputParser.java,1,41627638_24.json,true,success,,41,440,4,1,2,5,1.25,false,false,false,false,true,,gradle,kata/cash-register,kata/cash-register,.,gradle:kata/cash-register,,,,false,,repos/successful/41627638,promoted_before_storage_audit
41627638,https://github.com/cuipengfei/Spikes,3b98b697479020d277bcf69f5651102982d7ba12,41627638:kata/cash-register/src/main/java/cashregister/models/orderlineitem.java,OrderLineItem,kata/cash-register/src/main/java/cashregister/models/OrderLineItem.java,1,41627638_29.json,true,success,,25,140,5,4,1,5,1.0,false,false,false,false,true,,gradle,kata/cash-register,kata/cash-register,.,gradle:kata/cash-register,,,,false,,repos/successful/41627638,promoted_before_storage_audit
41627638,https://github.com/cuipengfei/Spikes,3b98b697479020d277bcf69f5651102982d7ba12,41627638:rbac/src/main/java/org/openlmis/role.java,Role,RBAC/src/main/java/org/openlmis/Role.java,1,41627638_114.json,true,success,,46,371,7,5,2,11,1.5714285714285714,false,false,false,false,true,,gradle,RBAC,RBAC,.,gradle:RBAC,,,,false,,repos/successful/41627638,promoted_before_storage_audit
41627638,https://github.com/cuipengfei/Spikes,3b98b697479020d277bcf69f5651102982d7ba12,41627638:rbac/src/main/java/org/openlmis/supervisionroleassignment.java,SupervisionRoleAssignment,RBAC/src/main/java/org/openlmis/SupervisionRoleAssignment.java,3,41627638_111.json;41627638_112.json;41627638_113.json,true,success,,33,223,5,1,6,10,2.0,false,false,false,false,true,,gradle,RBAC,RBAC,.,gradle:RBAC,,,,false,,repos/successful/41627638,promoted_before_storage_audit
39195736,https://github.com/racodond/sonar-jproperties-plugin,7a6e8c332e5db8d2a89212fe8defe8b8fdb6c3f6,39195736:jproperties-frontend/src/main/java/org/sonar/jproperties/visitors/metrics/javapropertiescommentanalyser.java,JavaPropertiesCommentAnalyser,jproperties-frontend/src/main/java/org/sonar/jproperties/visitors/metrics/JavaPropertiesCommentAnalyser.java,3,39195736_12.json;39195736_13.json;39195736_14.json,true,success,,21,132,2,2,3,6,3.0,false,false,false,false,true,,maven,.,jproperties-frontend,jproperties-frontend,maven:jproperties-frontend,,,,false,,repos/successful/39195736,promoted_before_storage_audit
39195736,https://github.com/racodond/sonar-jproperties-plugin,7a6e8c332e5db8d2a89212fe8defe8b8fdb6c3f6,39195736:jproperties-frontend/src/main/java/org/sonar/jproperties/visitors/syntaxhighlightervisitor.java,SyntaxHighlighterVisitor,jproperties-frontend/src/main/java/org/sonar/jproperties/visitors/SyntaxHighlighterVisitor.java,10,39195736_15.json;39195736_16.json;39195736_17.json;39195736_18.json;39195736_19.json;39195736_20.json;39195736_21.json;39195736_22.json;39195736_23.json;39195736_24.json,true,success,,61,499,7,4,5,12,1.7142857142857142,false,false,false,false,true,,maven,.,jproperties-frontend,jproperties-frontend,maven:jproperties-frontend,,,,false,,repos/successful/39195736,promoted_before_storage_audit
39195736,https://github.com/racodond/sonar-jproperties-plugin,7a6e8c332e5db8d2a89212fe8defe8b8fdb6c3f6,39195736:jproperties-frontend/src/main/java/org/sonar/plugins/jproperties/api/customjavapropertiesrulesdefinition.java,CustomJavaPropertiesRulesDefinition,jproperties-frontend/src/main/java/org/sonar/plugins/jproperties/api/CustomJavaPropertiesRulesDefinition.java,1,39195736_11.json,true,success,,19,161,1,4,1,1,1.0,false,false,false,false,true,,maven,.,jproperties-frontend,jproperties-frontend,maven:jproperties-frontend,,,,false,,repos/successful/39195736,promoted_before_storage_audit
77481567,https://github.com/rbi/trading4j,996e651004193e4facaec393d00d86f93850f8f5,77481567:core/src/main/java/de/voidnode/trading4j/domain/trades/completedtrade.java,CompletedTrade,core/src/main/java/de/voidnode/trading4j/domain/trades/CompletedTrade.java,1,77481567_129.json,true,success,,85,627,8,7,13,26,3.25,false,false,true,false,false,is_generated_code,maven,.,core,core,maven:core,,,,false,,repos/successful/77481567,promoted_before_storage_audit
77481567,https://github.com/rbi/trading4j,996e651004193e4facaec393d00d86f93850f8f5,77481567:examples/src/main/java/de/voidnode/trading4j/examples/nmovingaveragesexpertadvisor.java,NMovingAveragesExpertAdvisor,examples/src/main/java/de/voidnode/trading4j/examples/NMovingAveragesExpertAdvisor.java,1,77481567_0.json,true,success,,132,1047,12,7,9,32,2.6666666666666665,false,false,false,false,true,,maven,.,examples,examples,maven:examples,,,,false,,repos/successful/77481567,promoted_before_storage_audit
77481567,https://github.com/rbi/trading4j,996e651004193e4facaec393d00d86f93850f8f5,77481567:server/src/main/java/de/voidnode/trading4j/server/protocol/clientcommunicator.java,ClientCommunicator,server/src/main/java/de/voidnode/trading4j/server/protocol/ClientCommunicator.java,4,77481567_193.json;77481567_194.json;77481567_195.json;77481567_196.json,true,success,,37,236,2,1,5,6,3.0,false,false,false,false,true,,maven,.,server,server,maven:server,,,,false,,repos/successful/77481567,promoted_before_storage_audit
77481567,https://github.com/rbi/trading4j,996e651004193e4facaec393d00d86f93850f8f5,77481567:server/src/main/java/de/voidnode/trading4j/server/protocol/exceptionhandler.java,ExceptionHandler,server/src/main/java/de/voidnode/trading4j/server/protocol/ExceptionHandler.java,7,77481567_198.json;77481567_199.json;77481567_200.json;77481567_201.json;77481567_202.json;77481567_203.json;77481567_204.json,true,success,,62,395,4,2,5,9,2.25,false,false,false,false,true,,maven,.,server,server,maven:server,,,,false,,repos/successful/77481567,promoted_before_storage_audit
77481567,https://github.com/rbi/trading4j,996e651004193e4facaec393d00d86f93850f8f5,77481567:server/src/main/java/de/voidnode/trading4j/server/protocol/expertadvisor/expertadvisorprotocol.java,ExpertAdvisorProtocol,server/src/main/java/de/voidnode/trading4j/server/protocol/expertadvisor/ExpertAdvisorProtocol.java,2,77481567_208.json;77481567_209.json,true,success,,47,348,2,1,5,6,3.0,false,false,false,false,true,,maven,.,server,server,maven:server,,,,false,,repos/successful/77481567,promoted_before_storage_audit
77481567,https://github.com/rbi/trading4j,996e651004193e4facaec393d00d86f93850f8f5,77481567:server/src/main/java/de/voidnode/trading4j/server/protocol/expertadvisor/localexpertadvisor.java,LocalExpertAdvisor,server/src/main/java/de/voidnode/trading4j/server/protocol/expertadvisor/LocalExpertAdvisor.java,9,77481567_219.json;77481567_220.json;77481567_221.json;77481567_222.json;77481567_223.json;77481567_224.json;77481567_225.json;77481567_226.json;77481567_227.json,true,success,,76,681,7,1,6,14,2.0,false,false,false,false,true,,maven,.,server,server,maven:server,,,,false,,repos/successful/77481567,promoted_before_storage_audit
77481567,https://github.com/rbi/trading4j,996e651004193e4facaec393d00d86f93850f8f5,77481567:server/src/main/java/de/voidnode/trading4j/server/protocol/expertadvisor/pendingordermapper.java,PendingOrderMapper,server/src/main/java/de/voidnode/trading4j/server/protocol/expertadvisor/PendingOrderMapper.java,3,77481567_205.json;77481567_206.json;77481567_207.json,true,success,,31,221,4,4,2,6,1.5,false,false,false,false,true,,maven,.,server,server,maven:server,,,,false,,repos/successful/77481567,promoted_before_storage_audit
77481567,https://github.com/rbi/trading4j,996e651004193e4facaec393d00d86f93850f8f5,77481567:server/src/main/java/de/voidnode/trading4j/server/protocol/expertadvisor/remotebroker.java,RemoteBroker,server/src/main/java/de/voidnode/trading4j/server/protocol/expertadvisor/RemoteBroker.java,9,77481567_210.json;77481567_211.json;77481567_212.json;77481567_213.json;77481567_214.json;77481567_215.json;77481567_216.json;77481567_217.json;77481567_218.json,true,success,,90,645,7,5,4,14,2.0,false,false,false,false,true,,maven,.,server,server,maven:server,,,,false,,repos/successful/77481567,promoted_before_storage_audit
77481567,https://github.com/rbi/trading4j,996e651004193e4facaec393d00d86f93850f8f5,77481567:server/src/main/java/de/voidnode/trading4j/server/protocol/indicatorprotocol.java,IndicatorProtocol,server/src/main/java/de/voidnode/trading4j/server/protocol/IndicatorProtocol.java,1,77481567_197.json,true,success,,37,302,3,1,2,4,1.3333333333333333,false,false,false,false,true,,maven,.,server,server,maven:server,,,,false,,repos/successful/77481567,promoted_before_storage_audit
77481567,https://github.com/rbi/trading4j,996e651004193e4facaec393d00d86f93850f8f5,77481567:server/src/main/java/de/voidnode/trading4j/server/protocol/messagebasedclientconnection.java,MessageBasedClientConnection,server/src/main/java/de/voidnode/trading4j/server/protocol/MessageBasedClientConnection.java,18,77481567_175.json;77481567_176.json;77481567_177.json;77481567_178.json;77481567_179.json;77481567_180.json;77481567_181.json;77481567_182.json;77481567_183.json;77481567_184.json;77481567_185.json;77481567_186.json;77481567_187.json;77481567_188.json;77481567_189.json;77481567_190.json;77481567_191.json;77481567_192.json,true,success,,221,1987,22,4,11,45,2.0454545454545454,false,false,false,false,true,,maven,.,server,server,maven:server,,,,false,,repos/successful/77481567,promoted_before_storage_audit
77481567,https://github.com/rbi/trading4j,996e651004193e4facaec393d00d86f93850f8f5,77481567:server/src/main/java/de/voidnode/trading4j/server/reporting/implementations/combiningnotifier.java,CombiningNotifier,server/src/main/java/de/voidnode/trading4j/server/reporting/implementations/CombiningNotifier.java,2,77481567_230.json;77481567_231.json,true,success,,53,343,7,6,2,13,1.8571428571428572,false,false,false,false,true,,maven,.,server,server,maven:server,,,,false,,repos/successful/77481567,promoted_before_storage_audit
77481567,https://github.com/rbi/trading4j,996e651004193e4facaec393d00d86f93850f8f5,77481567:server/src/main/java/de/voidnode/trading4j/server/reporting/implementations/mailnotifier.java,MailNotifier,server/src/main/java/de/voidnode/trading4j/server/reporting/implementations/MailNotifier.java,2,77481567_228.json;77481567_229.json,true,success,,38,300,4,2,2,5,1.25,false,false,false,false,true,,maven,.,server,server,maven:server,,,,false,,repos/successful/77481567,promoted_before_storage_audit
60578004,https://github.com/artoderk/elastic-jobx,1431671595cee4222e4445fc80b5b14e6262d7b8,60578004:elastic-jobx-api/elastic-jobx-api-core/src/main/java/com/dangdang/ddframe/job/api/jobapifactory.java,JobAPIFactory,elastic-jobx-api/elastic-jobx-api-core/src/main/java/com/dangdang/ddframe/job/api/JobAPIFactory.java,4,60578004_273.json;60578004_274.json;60578004_275.json;60578004_276.json,true,success,,28,327,5,5,1,5,1.0,false,false,false,false,true,,maven,.,elastic-jobx-api/elastic-jobx-api-core,elastic-jobx-api/elastic-jobx-api-core,maven:elastic-jobx-api/elastic-jobx-api-core,,,,false,,repos/successful/60578004,promoted_before_storage_audit
60578004,https://github.com/artoderk/elastic-jobx,1431671595cee4222e4445fc80b5b14e6262d7b8,60578004:elastic-jobx-api/elastic-jobx-api-core/src/main/java/com/dangdang/ddframe/job/internal/operate/joboperateapiimpl.java,JobOperateAPIImpl,elastic-jobx-api/elastic-jobx-api-core/src/main/java/com/dangdang/ddframe/job/internal/operate/JobOperateAPIImpl.java,14,60578004_289.json;60578004_290.json;60578004_291.json;60578004_292.json;60578004_293.json;60578004_294.json;60578004_295.json;60578004_296.json;60578004_297.json;60578004_298.json;60578004_299.json;60578004_300.json;60578004_301.json;60578004_302.json,true,success,,91,716,15,14,3,17,1.1333333333333333,false,false,false,false,true,,maven,.,elastic-jobx-api/elastic-jobx-api-core,elastic-jobx-api/elastic-jobx-api-core,maven:elastic-jobx-api/elastic-jobx-api-core,,,,false,,repos/successful/60578004,promoted_before_storage_audit
60578004,https://github.com/artoderk/elastic-jobx,1431671595cee4222e4445fc80b5b14e6262d7b8,60578004:elastic-jobx-api/elastic-jobx-api-core/src/main/java/com/dangdang/ddframe/job/internal/reg/registrycenterfactory.java,RegistryCenterFactory,elastic-jobx-api/elastic-jobx-api-core/src/main/java/com/dangdang/ddframe/job/internal/reg/RegistryCenterFactory.java,3,60578004_286.json;60578004_287.json;60578004_288.json,true,success,,62,515,5,3,4,10,2.0,false,false,false,false,true,,maven,.,elastic-jobx-api/elastic-jobx-api-core,elastic-jobx-api/elastic-jobx-api-core,maven:elastic-jobx-api/elastic-jobx-api-core,,,,false,,repos/successful/60578004,promoted_before_storage_audit
60578004,https://github.com/artoderk/elastic-jobx,1431671595cee4222e4445fc80b5b14e6262d7b8,60578004:elastic-jobx-api/elastic-jobx-api-core/src/main/java/com/dangdang/ddframe/job/internal/settings/jobsettingsapiimpl.java,JobSettingsAPIImpl,elastic-jobx-api/elastic-jobx-api-core/src/main/java/com/dangdang/ddframe/job/internal/settings/JobSettingsAPIImpl.java,3,60578004_283.json;60578004_284.json;60578004_285.json,true,success,,110,1286,8,3,3,16,2.0,false,false,false,false,true,,maven,.,elastic-jobx-api/elastic-jobx-api-core,elastic-jobx-api/elastic-jobx-api-core,maven:elastic-jobx-api/elastic-jobx-api-core,,,,false,,repos/successful/60578004,promoted_before_storage_audit
60578004,https://github.com/artoderk/elastic-jobx,1431671595cee4222e4445fc80b5b14e6262d7b8,60578004:elastic-jobx-api/elastic-jobx-api-core/src/main/java/com/dangdang/ddframe/job/internal/statistics/jobstatisticsapiimpl.java,JobStatisticsAPIImpl,elastic-jobx-api/elastic-jobx-api-core/src/main/java/com/dangdang/ddframe/job/internal/statistics/JobStatisticsAPIImpl.java,4,60578004_277.json;60578004_278.json;60578004_279.json;60578004_280.json,true,success,,137,1254,8,3,8,29,3.625,false,false,false,false,true,,maven,.,elastic-jobx-api/elastic-jobx-api-core,elastic-jobx-api/elastic-jobx-api-core,maven:elastic-jobx-api/elastic-jobx-api-core,,,,false,,repos/successful/60578004,promoted_before_storage_audit
60578004,https://github.com/artoderk/elastic-jobx,1431671595cee4222e4445fc80b5b14e6262d7b8,60578004:elastic-jobx-api/elastic-jobx-api-core/src/main/java/com/dangdang/ddframe/job/internal/statistics/serverstatisticsapiimpl.java,ServerStatisticsAPIImpl,elastic-jobx-api/elastic-jobx-api-core/src/main/java/com/dangdang/ddframe/job/internal/statistics/ServerStatisticsAPIImpl.java,2,60578004_281.json;60578004_282.json,true,success,,79,812,4,2,6,13,3.25,false,false,false,false,true,,maven,.,elastic-jobx-api/elastic-jobx-api-core,elastic-jobx-api/elastic-jobx-api-core,maven:elastic-jobx-api/elastic-jobx-api-core,,,,false,,repos/successful/60578004,promoted_before_storage_audit
60578004,https://github.com/artoderk/elastic-jobx,1431671595cee4222e4445fc80b5b14e6262d7b8,60578004:elastic-jobx-spring/src/main/java/com/dangdang/ddframe/reg/spring/placeholder/placeholderresolved.java,PlaceholderResolved,elastic-jobx-spring/src/main/java/com/dangdang/ddframe/reg/spring/placeholder/PlaceholderResolved.java,3,60578004_303.json;60578004_304.json;60578004_305.json,true,success,,61,382,3,1,11,13,4.333333333333333,false,false,false,false,true,,maven,.,elastic-jobx-spring,elastic-jobx-spring,maven:elastic-jobx-spring,,,,false,,repos/successful/60578004,promoted_before_storage_audit
74999474,https://github.com/yahoo/parsec-libraries,142bc4c95a8ca7b8c82f7f95d8144cb6d4bc2096,74999474:parsec-clients/src/main/java/com/yahoo/parsec/clients/parsecequalsutil.java,ParsecEqualsUtil,parsec-clients/src/main/java/com/yahoo/parsec/clients/ParsecEqualsUtil.java,5,74999474_100.json;74999474_101.json;74999474_102.json;74999474_103.json;74999474_99.json,true,success,,106,914,6,0,10,34,5.666666666666667,false,false,false,false,false,no_public_non_constructor_method,gradle,.,parsec-clients,parsec-clients,gradle:parsec-clients,,,,false,,repos/successful/74999474,promoted_before_storage_audit
74999474,https://github.com/yahoo/parsec-libraries,142bc4c95a8ca7b8c82f7f95d8144cb6d4bc2096,74999474:parsec-config/src/main/java/com/yahoo/parsec/config/internal/typesafeconfwrapper.java,TypeSafeConfWrapper,parsec-config/src/main/java/com/yahoo/parsec/config/internal/TypeSafeConfWrapper.java,19,74999474_0.json;74999474_1.json;74999474_10.json;74999474_11.json;74999474_12.json;74999474_13.json;74999474_14.json;74999474_15.json;74999474_16.json;74999474_17.json;74999474_18.json;74999474_2.json;74999474_3.json;74999474_4.json;74999474_5.json;74999474_6.json;74999474_7.json;74999474_8.json;74999474_9.json,true,success,,185,918,22,21,3,43,1.9545454545454546,false,false,false,false,true,,gradle,.,parsec-config,parsec-config,gradle:parsec-config,,,,false,,repos/successful/74999474,promoted_before_storage_audit
74999474,https://github.com/yahoo/parsec-libraries,142bc4c95a8ca7b8c82f7f95d8144cb6d4bc2096,74999474:parsec-validation/src/main/java/com/yahoo/parsec/validation/parsecvalidationexceptionmapper.java,ParsecValidationExceptionMapper,parsec-validation/src/main/java/com/yahoo/parsec/validation/ParsecValidationExceptionMapper.java,1,74999474_19.json,true,success,,46,418,2,1,4,5,2.5,false,false,false,false,true,,gradle,.,parsec-validation,parsec-validation,gradle:parsec-validation,,,,false,,repos/successful/74999474,promoted_before_storage_audit
9884445,https://github.com/minnal/minnal,50989185555e0d8969319bb20ae8e596db4ff545,9884445:minnal-api/src/main/java/org/minnal/api/apibundle.java,ApiBundle,minnal-api/src/main/java/org/minnal/api/ApiBundle.java,2,9884445_56.json;9884445_57.json,true,success,,80,631,8,5,3,11,1.375,false,false,false,false,true,,maven,.,minnal-api,minnal-api,maven:minnal-api,,,,false,,repos/successful/9884445,promoted_before_storage_audit
9884445,https://github.com/minnal/minnal,50989185555e0d8969319bb20ae8e596db4ff545,9884445:minnal-api/src/main/java/org/minnal/api/apiplugin.java,ApiPlugin,minnal-api/src/main/java/org/minnal/api/ApiPlugin.java,4,9884445_44.json;9884445_45.json;9884445_46.json;9884445_47.json,true,success,,26,176,3,2,2,4,1.3333333333333333,false,false,false,false,true,,maven,.,minnal-api,minnal-api,maven:minnal-api,,,,false,,repos/successful/9884445,promoted_before_storage_audit
9884445,https://github.com/minnal/minnal,50989185555e0d8969319bb20ae8e596db4ff545,9884445:minnal-api/src/main/java/org/minnal/api/filter/corsfilter.java,CorsFilter,minnal-api/src/main/java/org/minnal/api/filter/CorsFilter.java,2,9884445_48.json;9884445_49.json,true,success,,16,135,1,1,2,2,2.0,false,false,false,false,true,,maven,.,minnal-api,minnal-api,maven:minnal-api,,,,false,,repos/successful/9884445,promoted_before_storage_audit
9884445,https://github.com/minnal/minnal,50989185555e0d8969319bb20ae8e596db4ff545,9884445:minnal-api/src/main/java/org/minnal/api/filter/excludeannotationsconvertor.java,ExcludeAnnotationsConvertor,minnal-api/src/main/java/org/minnal/api/filter/ExcludeAnnotationsConvertor.java,3,9884445_53.json;9884445_54.json;9884445_55.json,true,success,,34,275,4,2,3,7,1.75,false,false,false,false,true,,maven,.,minnal-api,minnal-api,maven:minnal-api,,,,false,,repos/successful/9884445,promoted_before_storage_audit
9884445,https://github.com/minnal/minnal,50989185555e0d8969319bb20ae8e596db4ff545,9884445:minnal-api/src/main/java/org/minnal/api/filter/minnalapispecfilter.java,MinnalApiSpecFilter,minnal-api/src/main/java/org/minnal/api/filter/MinnalApiSpecFilter.java,3,9884445_50.json;9884445_51.json;9884445_52.json,true,success,,17,172,1,1,2,2,2.0,false,false,false,false,true,,maven,.,minnal-api,minnal-api,maven:minnal-api,,,,false,,repos/successful/9884445,promoted_before_storage_audit
9884445,https://github.com/minnal/minnal,50989185555e0d8969319bb20ae8e596db4ff545,9884445:minnal-core/src/main/java/org/minnal/core/applicationmapping.java,ApplicationMapping,minnal-core/src/main/java/org/minnal/core/ApplicationMapping.java,1,9884445_58.json,true,success,,62,479,8,5,3,13,1.625,false,false,false,false,true,,maven,.,minnal-core,minnal-core,maven:minnal-core,,,,false,,repos/successful/9884445,promoted_before_storage_audit
9884445,https://github.com/minnal/minnal,50989185555e0d8969319bb20ae8e596db4ff545,9884445:minnal-core/src/main/java/org/minnal/core/containermessageobserver.java,ContainerMessageObserver,minnal-core/src/main/java/org/minnal/core/ContainerMessageObserver.java,6,9884445_78.json;9884445_79.json;9884445_80.json;9884445_81.json;9884445_82.json;9884445_83.json,true,success,,88,483,13,12,3,20,1.5384615384615385,false,false,false,false,true,,maven,.,minnal-core,minnal-core,maven:minnal-core,,,,false,,repos/successful/9884445,promoted_before_storage_audit
9884445,https://github.com/minnal/minnal,50989185555e0d8969319bb20ae8e596db4ff545,9884445:minnal-core/src/main/java/org/minnal/core/db/c3p0datasourceprovider.java,C3P0DataSourceProvider,minnal-core/src/main/java/org/minnal/core/db/C3P0DataSourceProvider.java,1,9884445_69.json,true,success,,72,420,9,5,3,13,1.4444444444444444,false,false,false,false,true,,maven,.,minnal-core,minnal-core,maven:minnal-core,,,,false,,repos/successful/9884445,promoted_before_storage_audit
9884445,https://github.com/minnal/minnal,50989185555e0d8969319bb20ae8e596db4ff545,9884445:minnal-core/src/main/java/org/minnal/core/db/c3p0datasourcestatistics.java,C3P0DataSourceStatistics,minnal-core/src/main/java/org/minnal/core/db/C3P0DataSourceStatistics.java,10,9884445_59.json;9884445_60.json;9884445_61.json;9884445_62.json;9884445_63.json;9884445_64.json;9884445_65.json;9884445_66.json;9884445_67.json;9884445_68.json,true,success,,116,539,13,12,7,30,2.3076923076923075,false,false,false,false,true,,maven,.,minnal-core,minnal-core,maven:minnal-core,,,,false,,repos/successful/9884445,promoted_before_storage_audit
9884445,https://github.com/minnal/minnal,50989185555e0d8969319bb20ae8e596db4ff545,9884445:minnal-core/src/main/java/org/minnal/core/router.java,Router,minnal-core/src/main/java/org/minnal/core/Router.java,8,9884445_70.json;9884445_71.json;9884445_72.json;9884445_73.json;9884445_74.json;9884445_75.json;9884445_76.json;9884445_77.json,true,success,,111,1049,7,1,6,18,2.5714285714285716,false,false,false,false,true,,maven,.,minnal-core,minnal-core,maven:minnal-core,,,,false,,repos/successful/9884445,promoted_before_storage_audit
9884445,https://github.com/minnal/minnal,50989185555e0d8969319bb20ae8e596db4ff545,9884445:minnal-core/src/main/java/org/minnal/core/server/server.java,Server,minnal-core/src/main/java/org/minnal/core/server/Server.java,2,9884445_84.json;9884445_85.json,true,success,,56,413,6,4,3,10,1.6666666666666667,false,false,false,false,true,,maven,.,minnal-core,minnal-core,maven:minnal-core,,,,false,,repos/successful/9884445,promoted_before_storage_audit
9884445,https://github.com/minnal/minnal,50989185555e0d8969319bb20ae8e596db4ff545,9884445:minnal-instrumentation/src/main/java/org/minnal/instrument/instrumentationbundle.java,InstrumentationBundle,minnal-instrumentation/src/main/java/org/minnal/instrument/InstrumentationBundle.java,1,9884445_88.json,true,success,,38,268,7,5,2,8,1.1428571428571428,false,false,false,false,true,,maven,.,minnal-instrumentation,minnal-instrumentation,maven:minnal-instrumentation,,,,false,,repos/successful/9884445,promoted_before_storage_audit
9884445,https://github.com/minnal/minnal,50989185555e0d8969319bb20ae8e596db4ff545,9884445:minnal-instrumentation/src/main/java/org/minnal/instrument/minnalapplicationenhancer.java,MinnalApplicationEnhancer,minnal-instrumentation/src/main/java/org/minnal/instrument/MinnalApplicationEnhancer.java,2,9884445_86.json;9884445_87.json,true,success,,15,143,3,0,1,3,1.0,false,false,false,false,false,no_public_non_constructor_method,maven,.,minnal-instrumentation,minnal-instrumentation,maven:minnal-instrumentation,,,,false,,repos/successful/9884445,promoted_before_storage_audit
9884445,https://github.com/minnal/minnal,50989185555e0d8969319bb20ae8e596db4ff545,9884445:minnal-jpa/src/main/java/org/minnal/jpa/jerseyapplicationeventlistener.java,JerseyApplicationEventListener,minnal-jpa/src/main/java/org/minnal/jpa/JerseyApplicationEventListener.java,1,9884445_177.json,true,success,,19,124,3,2,1,3,1.0,false,false,false,false,true,,maven,.,minnal-jpa,minnal-jpa,maven:minnal-jpa,,,,false,,repos/successful/9884445,promoted_before_storage_audit
9884445,https://github.com/minnal/minnal,50989185555e0d8969319bb20ae8e596db4ff545,9884445:minnal-jpa/src/main/java/org/minnal/jpa/jpaplugin.java,JPAPlugin,minnal-jpa/src/main/java/org/minnal/jpa/JPAPlugin.java,1,9884445_179.json,true,success,,34,281,4,2,3,6,1.5,false,false,false,false,true,,maven,.,minnal-jpa,minnal-jpa,maven:minnal-jpa,,,,false,,repos/successful/9884445,promoted_before_storage_audit
9884445,https://github.com/minnal/minnal,50989185555e0d8969319bb20ae8e596db4ff545,9884445:minnal-jpa/src/main/java/org/minnal/jpa/opensessioninviewfilter.java,OpenSessionInViewFilter,minnal-jpa/src/main/java/org/minnal/jpa/OpenSessionInViewFilter.java,1,9884445_178.json,true,success,,56,360,6,2,3,10,1.6666666666666667,false,false,false,false,true,,maven,.,minnal-jpa,minnal-jpa,maven:minnal-jpa,,,,false,,repos/successful/9884445,promoted_before_storage_audit
9884445,https://github.com/minnal/minnal,50989185555e0d8969319bb20ae8e596db4ff545,9884445:minnal-metrics/src/main/java/org/minnal/metrics/metricsbundle.java,MetricsBundle,minnal-metrics/src/main/java/org/minnal/metrics/MetricsBundle.java,1,9884445_167.json,true,success,,70,472,10,6,3,12,1.2,false,false,false,false,true,,maven,.,minnal-metrics,minnal-metrics,maven:minnal-metrics,,,,false,,repos/successful/9884445,promoted_before_storage_audit
9884445,https://github.com/minnal/minnal,50989185555e0d8969319bb20ae8e596db4ff545,9884445:minnal-metrics/src/main/java/org/minnal/metrics/responsemetriccollector.java,ResponseMetricCollector,minnal-metrics/src/main/java/org/minnal/metrics/ResponseMetricCollector.java,5,9884445_162.json;9884445_163.json;9884445_164.json;9884445_165.json;9884445_166.json,true,success,,55,535,5,3,3,8,1.6,false,false,false,false,true,,maven,.,minnal-metrics,minnal-metrics,maven:minnal-metrics,,,,false,,repos/successful/9884445,promoted_before_storage_audit
9884445,https://github.com/minnal/minnal,50989185555e0d8969319bb20ae8e596db4ff545,9884445:minnal-migrations/src/main/java/org/minnal/migrations/plugin/migrationsplugin.java,MigrationsPlugin,minnal-migrations/src/main/java/org/minnal/migrations/plugin/MigrationsPlugin.java,2,9884445_0.json;9884445_1.json,true,success,,63,497,6,2,6,14,2.3333333333333335,false,false,false,false,true,,maven,.,minnal-migrations,minnal-migrations,maven:minnal-migrations,,,,false,,repos/successful/9884445,promoted_before_storage_audit
9884445,https://github.com/minnal/minnal,50989185555e0d8969319bb20ae8e596db4ff545,9884445:minnal-security/src/main/java/org/minnal/security/auth/jaxrswebcontext.java,JaxrsWebContext,minnal-security/src/main/java/org/minnal/security/auth/JaxrsWebContext.java,11,9884445_33.json;9884445_34.json;9884445_35.json;9884445_36.json;9884445_37.json;9884445_38.json;9884445_39.json;9884445_40.json;9884445_41.json;9884445_42.json;9884445_43.json,true,success,,119,787,20,19,2,23,1.15,false,false,false,false,true,,maven,.,minnal-security,minnal-security,maven:minnal-security,,,,false,,repos/successful/9884445,promoted_before_storage_audit
9884445,https://github.com/minnal/minnal,50989185555e0d8969319bb20ae8e596db4ff545,9884445:minnal-security/src/main/java/org/minnal/security/auth/simpleauthorizer.java,SimpleAuthorizer,minnal-security/src/main/java/org/minnal/security/auth/SimpleAuthorizer.java,6,9884445_27.json;9884445_28.json;9884445_29.json;9884445_30.json;9884445_31.json;9884445_32.json,true,success,,53,336,8,6,9,16,2.0,false,false,false,false,true,,maven,.,minnal-security,minnal-security,maven:minnal-security,,,,false,,repos/successful/9884445,promoted_before_storage_audit
9884445,https://github.com/minnal/minnal,50989185555e0d8969319bb20ae8e596db4ff545,9884445:minnal-security/src/main/java/org/minnal/security/auth/simplerolepermissionmapper.java,SimpleRolePermissionMapper,minnal-security/src/main/java/org/minnal/security/auth/SimpleRolePermissionMapper.java,3,9884445_21.json;9884445_22.json;9884445_23.json,true,success,,63,428,6,3,6,12,2.0,false,false,false,false,true,,maven,.,minnal-security,minnal-security,maven:minnal-security,,,,false,,repos/successful/9884445,promoted_before_storage_audit
9884445,https://github.com/minnal/minnal,50989185555e0d8969319bb20ae8e596db4ff545,9884445:minnal-security/src/main/java/org/minnal/security/auth/simpleuserrolemapper.java,SimpleUserRoleMapper,minnal-security/src/main/java/org/minnal/security/auth/SimpleUserRoleMapper.java,3,9884445_24.json;9884445_25.json;9884445_26.json,true,success,,63,432,6,3,6,12,2.0,false,false,false,false,true,,maven,.,minnal-security,minnal-security,maven:minnal-security,,,,false,,repos/successful/9884445,promoted_before_storage_audit
9884445,https://github.com/minnal/minnal,50989185555e0d8969319bb20ae8e596db4ff545,9884445:minnal-security/src/main/java/org/minnal/security/filter/authenticationfilter.java,AuthenticationFilter,minnal-security/src/main/java/org/minnal/security/filter/AuthenticationFilter.java,10,9884445_10.json;9884445_11.json;9884445_12.json;9884445_13.json;9884445_4.json;9884445_5.json;9884445_6.json;9884445_7.json;9884445_8.json;9884445_9.json,true,success,,130,990,12,4,5,23,1.9166666666666667,false,false,false,false,true,,maven,.,minnal-security,minnal-security,maven:minnal-security,,,,false,,repos/successful/9884445,promoted_before_storage_audit
9884445,https://github.com/minnal/minnal,50989185555e0d8969319bb20ae8e596db4ff545,9884445:minnal-security/src/main/java/org/minnal/security/filter/callbackfilter.java,CallbackFilter,minnal-security/src/main/java/org/minnal/security/filter/CallbackFilter.java,3,9884445_14.json;9884445_15.json;9884445_16.json,true,success,,69,550,3,2,8,10,3.3333333333333335,false,false,false,false,true,,maven,.,minnal-security,minnal-security,maven:minnal-security,,,,false,,repos/successful/9884445,promoted_before_storage_audit
9884445,https://github.com/minnal/minnal,50989185555e0d8969319bb20ae8e596db4ff545,9884445:minnal-security/src/main/java/org/minnal/security/filter/securitycontextfilter.java,SecurityContextFilter,minnal-security/src/main/java/org/minnal/security/filter/SecurityContextFilter.java,1,9884445_3.json,true,success,,22,165,2,1,1,2,1.0,false,false,false,false,true,,maven,.,minnal-security,minnal-security,maven:minnal-security,,,,false,,repos/successful/9884445,promoted_before_storage_audit
9884445,https://github.com/minnal/minnal,50989185555e0d8969319bb20ae8e596db4ff545,9884445:minnal-security/src/main/java/org/minnal/security/minnalsecuritycontext.java,MinnalSecurityContext,minnal-security/src/main/java/org/minnal/security/MinnalSecurityContext.java,2,9884445_19.json;9884445_20.json,true,success,,35,197,5,4,2,6,1.2,false,false,false,false,true,,maven,.,minnal-security,minnal-security,maven:minnal-security,,,,false,,repos/successful/9884445,promoted_before_storage_audit
9884445,https://github.com/minnal/minnal,50989185555e0d8969319bb20ae8e596db4ff545,9884445:minnal-security/src/main/java/org/minnal/security/securityplugin.java,SecurityPlugin,minnal-security/src/main/java/org/minnal/security/SecurityPlugin.java,1,9884445_2.json,true,success,,45,348,5,2,2,6,1.2,false,false,false,false,true,,maven,.,minnal-security,minnal-security,maven:minnal-security,,,,false,,repos/successful/9884445,promoted_before_storage_audit
9884445,https://github.com/minnal/minnal,50989185555e0d8969319bb20ae8e596db4ff545,9884445:minnal-security/src/main/java/org/minnal/security/session/jpasession.java,JpaSession,minnal-security/src/main/java/org/minnal/security/session/JpaSession.java,1,9884445_18.json,true,success,,116,730,22,14,7,31,1.4090909090909092,false,false,false,false,true,,maven,.,minnal-security,minnal-security,maven:minnal-security,,,,false,,repos/successful/9884445,promoted_before_storage_audit
9884445,https://github.com/minnal/minnal,50989185555e0d8969319bb20ae8e596db4ff545,9884445:minnal-security/src/main/java/org/minnal/security/session/jpasessionstore.java,JpaSessionStore,minnal-security/src/main/java/org/minnal/security/session/JpaSessionStore.java,1,9884445_17.json,true,success,,26,149,5,5,2,7,1.4,false,false,false,false,true,,maven,.,minnal-security,minnal-security,maven:minnal-security,,,,false,,repos/successful/9884445,promoted_before_storage_audit
9884445,https://github.com/minnal/minnal,50989185555e0d8969319bb20ae8e596db4ff545,9884445:minnal-utils/src/main/java/org/minnal/utils/http/httputil.java,HttpUtil,minnal-utils/src/main/java/org/minnal/utils/http/HttpUtil.java,1,9884445_168.json,true,success,,124,989,12,12,5,34,2.8333333333333335,false,false,false,false,true,,maven,.,minnal-utils,minnal-utils,maven:minnal-utils,,,,false,,repos/successful/9884445,promoted_before_storage_audit
9884445,https://github.com/minnal/minnal,50989185555e0d8969319bb20ae8e596db4ff545,9884445:minnal-utils/src/main/java/org/minnal/utils/route/routepattern.java,RoutePattern,minnal-utils/src/main/java/org/minnal/utils/route/RoutePattern.java,8,9884445_169.json;9884445_170.json;9884445_171.json;9884445_172.json;9884445_173.json;9884445_174.json;9884445_175.json;9884445_176.json,true,success,,143,958,18,13,7,39,2.1666666666666665,false,false,false,false,true,,maven,.,minnal-utils,minnal-utils,maven:minnal-utils,,,,false,,repos/successful/9884445,promoted_before_storage_audit
9884445,https://github.com/minnal/minnal,50989185555e0d8969319bb20ae8e596db4ff545,9884445:minnal-validation/src/main/java/org/minnal/validation/exception/constraintviolationexceptionhandler.java,ConstraintViolationExceptionHandler,minnal-validation/src/main/java/org/minnal/validation/exception/ConstraintViolationExceptionHandler.java,1,9884445_180.json,true,success,,43,326,5,4,2,6,1.2,false,false,false,false,true,,maven,.,minnal-validation,minnal-validation,maven:minnal-validation,,,,false,,repos/successful/9884445,promoted_before_storage_audit
9884445,https://github.com/minnal/minnal,50989185555e0d8969319bb20ae8e596db4ff545,9884445:minnal-validation/src/main/java/org/minnal/validation/validationplugin.java,ValidationPlugin,minnal-validation/src/main/java/org/minnal/validation/ValidationPlugin.java,1,9884445_181.json,true,success,,14,84,2,2,1,2,1.0,false,false,false,false,true,,maven,.,minnal-validation,minnal-validation,maven:minnal-validation,,,,false,,repos/successful/9884445,promoted_before_storage_audit
558963,https://github.com/httpcache4j/httpcache4j,9c07ebd63cd104a99eb9e771f760f14efa4fe0f6,558963:httpcache4j-core/src/main/java/org/codehaus/httpcache4j/cache/httpcache.java,HTTPCache,httpcache4j-core/src/main/java/org/codehaus/httpcache4j/cache/HTTPCache.java,21,558963_20.json;558963_21.json;558963_22.json;558963_23.json;558963_24.json;558963_25.json;558963_26.json;558963_27.json;558963_28.json;558963_29.json;558963_30.json;558963_31.json;558963_32.json;558963_33.json;558963_34.json;558963_35.json;558963_36.json;558963_37.json;558963_38.json;558963_39.json;558963_40.json,true,success,,191,1502,22,9,12,57,2.590909090909091,false,false,false,false,true,,maven,.,httpcache4j-core,httpcache4j-core,maven:httpcache4j-core,,,,false,,repos/successful/558963,promoted_before_storage_audit
558963,https://github.com/httpcache4j/httpcache4j,9c07ebd63cd104a99eb9e771f760f14efa4fe0f6,558963:httpcache4j-core/src/main/java/org/codehaus/httpcache4j/cache/httpcachehelper.java,HTTPCacheHelper,httpcache4j-core/src/main/java/org/codehaus/httpcache4j/cache/HTTPCacheHelper.java,10,558963_10.json;558963_11.json;558963_12.json;558963_13.json;558963_14.json;558963_15.json;558963_16.json;558963_17.json;558963_18.json;558963_19.json,true,success,,154,1302,13,0,17,44,3.3846153846153846,false,false,false,false,false,no_public_non_constructor_method,maven,.,httpcache4j-core,httpcache4j-core,maven:httpcache4j-core,,,,false,,repos/successful/558963,promoted_before_storage_audit
558963,https://github.com/httpcache4j/httpcache4j,9c07ebd63cd104a99eb9e771f760f14efa4fe0f6,558963:httpcache4j-core/src/main/java/org/codehaus/httpcache4j/util/lrumap.java,LRUMap,httpcache4j-core/src/main/java/org/codehaus/httpcache4j/util/LRUMap.java,1,558963_9.json,true,success,,73,481,11,10,3,18,1.6363636363636365,false,false,false,false,true,,maven,.,httpcache4j-core,httpcache4j-core,maven:httpcache4j-core,,,,false,,repos/successful/558963,promoted_before_storage_audit
558963,https://github.com/httpcache4j/httpcache4j,9c07ebd63cd104a99eb9e771f760f14efa4fe0f6,558963:httpcache4j-storage-api/src/main/java/org/codehaus/httpcache4j/cache/filemanager.java,FileManager,httpcache4j-storage-api/src/main/java/org/codehaus/httpcache4j/cache/FileManager.java,3,558963_3.json;558963_4.json;558963_5.json,true,success,,121,867,13,9,5,31,2.3846153846153846,false,false,false,false,true,,maven,.,httpcache4j-storage-api,httpcache4j-storage-api,maven:httpcache4j-storage-api,,,,false,,repos/successful/558963,promoted_before_storage_audit
558963,https://github.com/httpcache4j/httpcache4j,9c07ebd63cd104a99eb9e771f760f14efa4fe0f6,558963:httpcache4j-storage-api/src/main/java/org/codehaus/httpcache4j/cache/key.java,Key,httpcache4j-storage-api/src/main/java/org/codehaus/httpcache4j/cache/Key.java,2,558963_6.json;558963_7.json,true,success,,113,842,13,9,8,29,2.230769230769231,false,false,false,false,true,,maven,.,httpcache4j-storage-api,httpcache4j-storage-api,maven:httpcache4j-storage-api,,,,false,,repos/successful/558963,promoted_before_storage_audit
558963,https://github.com/httpcache4j/httpcache4j,9c07ebd63cd104a99eb9e771f760f14efa4fe0f6,558963:httpcache4j-storage-api/src/main/java/org/codehaus/httpcache4j/cache/serializablecacheitem.java,SerializableCacheItem,httpcache4j-storage-api/src/main/java/org/codehaus/httpcache4j/cache/SerializableCacheItem.java,1,558963_8.json,true,success,,60,526,10,7,2,12,1.2,false,false,false,false,true,,maven,.,httpcache4j-storage-api,httpcache4j-storage-api,maven:httpcache4j-storage-api,,,,false,,repos/successful/558963,promoted_before_storage_audit
558963,https://github.com/httpcache4j/httpcache4j,9c07ebd63cd104a99eb9e771f760f14efa4fe0f6,558963:httpcache4j-storage-api/src/main/java/org/codehaus/httpcache4j/cache/vary.java,Vary,httpcache4j-storage-api/src/main/java/org/codehaus/httpcache4j/cache/Vary.java,3,558963_0.json;558963_1.json;558963_2.json,true,success,,114,952,14,9,9,32,2.2857142857142856,false,false,false,false,true,,maven,.,httpcache4j-storage-api,httpcache4j-storage-api,maven:httpcache4j-storage-api,,,,false,,repos/successful/558963,promoted_before_storage_audit
558963,https://github.com/httpcache4j/httpcache4j,9c07ebd63cd104a99eb9e771f760f14efa4fe0f6,558963:storage/storage-file/src/main/java/org/codehaus/httpcache4j/cache/persistentcachestorage.java,PersistentCacheStorage,storage/storage-file/src/main/java/org/codehaus/httpcache4j/cache/PersistentCacheStorage.java,1,558963_81.json,true,success,,127,900,15,2,4,26,1.7333333333333334,false,false,false,false,true,,maven,.,storage/storage-file,storage/storage-file,maven:storage/storage-file,,,,false,,repos/successful/558963,promoted_before_storage_audit
46450575,https://github.com/spotify/flo,91d2e546bc8fa8e6fee9bc8c6dd484d87db3b0af,46450575:flo-freezer/src/main/java/com/spotify/flo/freezer/taskrunnerentrypoint.java,TaskRunnerEntrypoint,flo-freezer/src/main/java/com/spotify/flo/freezer/TaskRunnerEntrypoint.java,1,46450575_103.json,true,success,,39,324,1,1,3,3,3.0,false,false,false,false,true,,maven,.,flo-freezer,flo-freezer,maven:flo-freezer,,,,false,,repos/successful/46450575,promoted_before_storage_audit
46450575,https://github.com/spotify/flo,91d2e546bc8fa8e6fee9bc8c6dd484d87db3b0af,46450575:flo-runner/src/main/java/com/spotify/flo/context/chainedlistener.java,ChainedListener,flo-runner/src/main/java/com/spotify/flo/context/ChainedListener.java,7,46450575_27.json;46450575_28.json;46450575_29.json;46450575_30.json;46450575_31.json;46450575_32.json;46450575_33.json,true,success,,65,456,7,4,2,10,1.4285714285714286,false,false,false,false,true,,maven,.,flo-runner,flo-runner,maven:flo-runner,,,,false,,repos/successful/46450575,promoted_before_storage_audit
46450575,https://github.com/spotify/flo,91d2e546bc8fa8e6fee9bc8c6dd484d87db3b0af,46450575:flo-runner/src/main/java/com/spotify/flo/context/florunner.java,FloRunner,flo-runner/src/main/java/com/spotify/flo/context/FloRunner.java,23,46450575_10.json;46450575_11.json;46450575_12.json;46450575_13.json;46450575_14.json;46450575_15.json;46450575_16.json;46450575_17.json;46450575_18.json;46450575_19.json;46450575_20.json;46450575_21.json;46450575_22.json;46450575_23.json;46450575_24.json;46450575_25.json;46450575_26.json;46450575_4.json;46450575_5.json;46450575_6.json;46450575_7.json;46450575_8.json;46450575_9.json,true,success,,254,1828,20,6,6,38,1.9,false,false,false,false,true,,maven,.,flo-runner,flo-runner,maven:flo-runner,,,,false,,repos/successful/46450575,promoted_before_storage_audit
46450575,https://github.com/spotify/flo,91d2e546bc8fa8e6fee9bc8c6dd484d87db3b0af,46450575:flo-runner/src/main/java/com/spotify/flo/context/forkingexecutor.java,ForkingExecutor,flo-runner/src/main/java/com/spotify/flo/context/ForkingExecutor.java,4,46450575_0.json;46450575_1.json;46450575_2.json;46450575_3.json,true,success,,290,1968,16,6,9,45,2.8125,false,false,false,false,true,,maven,.,flo-runner,flo-runner,maven:flo-runner,,,,false,,repos/successful/46450575,promoted_before_storage_audit
46450575,https://github.com/spotify/flo,91d2e546bc8fa8e6fee9bc8c6dd484d87db3b0af,46450575:flo-runner/src/main/java/com/spotify/flo/context/version.java,Version,flo-runner/src/main/java/com/spotify/flo/context/Version.java,1,46450575_34.json,true,success,,21,137,2,0,2,3,1.5,false,false,false,false,false,no_public_non_constructor_method,maven,.,flo-runner,flo-runner,maven:flo-runner,,,,false,,repos/successful/46450575,promoted_before_storage_audit
64487983,https://github.com/ErnestMing/JavaDesignPartternImpl,34431d71b4a00ef79895db9aaca30020baace209,64487983:abstract-factory/src/main/java/com/iluwatar/abstractfactory/app.java,App,abstract-factory/src/main/java/com/iluwatar/abstractfactory/App.java,1,64487983_194.json,true,success,,51,347,11,5,1,11,1.0,false,false,false,false,true,,maven,.,abstract-factory,abstract-factory,maven:abstract-factory,,,,false,,repos/successful/64487983,promoted_before_storage_audit
64487983,https://github.com/ErnestMing/JavaDesignPartternImpl,34431d71b4a00ef79895db9aaca30020baace209,64487983:adapter/src/main/java/com/iluwatar/adapter/app.java,App,adapter/src/main/java/com/iluwatar/adapter/App.java,1,64487983_155.json,true,success,,8,48,1,1,1,1,1.0,false,false,false,false,true,,maven,.,adapter,adapter,maven:adapter,,,,false,,repos/successful/64487983,promoted_before_storage_audit
64487983,https://github.com/ErnestMing/JavaDesignPartternImpl,34431d71b4a00ef79895db9aaca30020baace209,64487983:async-method-invocation/src/main/java/com/iluwatar/async/method/invocation/threadasyncexecutor.java,ThreadAsyncExecutor,async-method-invocation/src/main/java/com/iluwatar/async/method/invocation/ThreadAsyncExecutor.java,1,64487983_188.json,true,success,,85,537,9,6,3,14,1.5555555555555556,false,false,false,false,true,,maven,.,async-method-invocation,async-method-invocation,maven:async-method-invocation,,,,false,,repos/successful/64487983,promoted_before_storage_audit
64487983,https://github.com/ErnestMing/JavaDesignPartternImpl,34431d71b4a00ef79895db9aaca30020baace209,64487983:builder/src/main/java/com/iluwatar/builder/app.java,App,builder/src/main/java/com/iluwatar/builder/App.java,1,64487983_156.json,true,success,,19,175,1,1,1,1,1.0,false,false,false,false,true,,maven,.,builder,builder,maven:builder,,,,false,,repos/successful/64487983,promoted_before_storage_audit
64487983,https://github.com/ErnestMing/JavaDesignPartternImpl,34431d71b4a00ef79895db9aaca30020baace209,64487983:caching/src/main/java/com/iluwatar/caching/app.java,App,caching/src/main/java/com/iluwatar/caching/App.java,1,64487983_16.json,true,success,,54,448,4,4,1,4,1.0,false,false,false,false,true,,maven,.,caching,caching,maven:caching,,,,false,,repos/successful/64487983,promoted_before_storage_audit
64487983,https://github.com/ErnestMing/JavaDesignPartternImpl,34431d71b4a00ef79895db9aaca30020baace209,64487983:callback/src/main/java/com/iluwatar/callback/app.java,App,callback/src/main/java/com/iluwatar/callback/App.java,1,64487983_31.json,true,success,,13,67,2,2,1,2,1.0,false,false,false,false,true,,maven,.,callback,callback,maven:callback,,,,false,,repos/successful/64487983,promoted_before_storage_audit
64487983,https://github.com/ErnestMing/JavaDesignPartternImpl,34431d71b4a00ef79895db9aaca30020baace209,64487983:decorator/src/main/java/com/iluwatar/decorator/app.java,App,decorator/src/main/java/com/iluwatar/decorator/App.java,1,64487983_89.json,true,success,,15,113,1,1,1,1,1.0,false,false,false,false,true,,maven,.,decorator,decorator,maven:decorator,,,,false,,repos/successful/64487983,promoted_before_storage_audit
64487983,https://github.com/ErnestMing/JavaDesignPartternImpl,34431d71b4a00ef79895db9aaca30020baace209,64487983:decorator/src/main/java/com/iluwatar/decorator/smarthostile.java,SmartHostile,decorator/src/main/java/com/iluwatar/decorator/SmartHostile.java,1,64487983_88.json,true,success,,21,98,4,3,1,4,1.0,false,false,false,false,true,,maven,.,decorator,decorator,maven:decorator,,,,false,,repos/successful/64487983,promoted_before_storage_audit
64487983,https://github.com/ErnestMing/JavaDesignPartternImpl,34431d71b4a00ef79895db9aaca30020baace209,64487983:double-checked-locking/src/main/java/com/iluwatar/doublechecked/locking/app.java,App,double-checked-locking/src/main/java/com/iluwatar/doublechecked/locking/App.java,1,64487983_214.json,true,success,,21,151,1,1,4,4,4.0,false,false,false,false,true,,maven,.,double-checked-locking,double-checked-locking,maven:double-checked-locking,,,,false,,repos/successful/64487983,promoted_before_storage_audit
64487983,https://github.com/ErnestMing/JavaDesignPartternImpl,34431d71b4a00ef79895db9aaca30020baace209,64487983:double-checked-locking/src/main/java/com/iluwatar/doublechecked/locking/inventory.java,Inventory,double-checked-locking/src/main/java/com/iluwatar/doublechecked/locking/Inventory.java,1,64487983_215.json,true,success,,35,218,3,2,3,5,1.6666666666666667,false,false,false,false,true,,maven,.,double-checked-locking,double-checked-locking,maven:double-checked-locking,,,,false,,repos/successful/64487983,promoted_before_storage_audit
64487983,https://github.com/ErnestMing/JavaDesignPartternImpl,34431d71b4a00ef79895db9aaca30020baace209,64487983:double-dispatch/src/main/java/com/iluwatar/doubledispatch/app.java,App,double-dispatch/src/main/java/com/iluwatar/doubledispatch/App.java,1,64487983_134.json,true,success,,22,233,1,1,3,3,3.0,false,false,false,false,true,,maven,.,double-dispatch,double-dispatch,maven:double-dispatch,,,,false,,repos/successful/64487983,promoted_before_storage_audit
64487983,https://github.com/ErnestMing/JavaDesignPartternImpl,34431d71b4a00ef79895db9aaca30020baace209,64487983:event-aggregator/src/main/java/com/iluwatar/event/aggregator/kingjoffrey.java,KingJoffrey,event-aggregator/src/main/java/com/iluwatar/event/aggregator/KingJoffrey.java,1,64487983_59.json,true,success,,7,42,1,1,1,1,1.0,false,false,false,false,true,,maven,.,event-aggregator,event-aggregator,maven:event-aggregator,,,,false,,repos/successful/64487983,promoted_before_storage_audit
64487983,https://github.com/ErnestMing/JavaDesignPartternImpl,34431d71b4a00ef79895db9aaca30020baace209,64487983:fluentinterface/src/main/java/com/iluwatar/fluentinterface/app/app.java,App,fluentinterface/src/main/java/com/iluwatar/fluentinterface/app/App.java,1,64487983_166.json,true,success,,72,614,6,1,2,7,1.1666666666666667,false,false,false,false,true,,maven,.,fluentinterface,fluentinterface,maven:fluentinterface,,,,false,,repos/successful/64487983,promoted_before_storage_audit
64487983,https://github.com/ErnestMing/JavaDesignPartternImpl,34431d71b4a00ef79895db9aaca30020baace209,64487983:intercepting-filter/src/main/java/com/iluwatar/intercepting/filter/order.java,Order,intercepting-filter/src/main/java/com/iluwatar/intercepting/filter/Order.java,5,64487983_147.json;64487983_148.json;64487983_149.json;64487983_150.json;64487983_151.json,true,success,,46,215,12,10,1,12,1.0,false,false,false,false,true,,maven,.,intercepting-filter,intercepting-filter,maven:intercepting-filter,,,,false,,repos/successful/64487983,promoted_before_storage_audit
64487983,https://github.com/ErnestMing/JavaDesignPartternImpl,34431d71b4a00ef79895db9aaca30020baace209,64487983:interpreter/src/main/java/com/iluwatar/interpreter/app.java,App,interpreter/src/main/java/com/iluwatar/interpreter/App.java,1,64487983_218.json,true,success,,43,360,3,3,4,10,3.3333333333333335,false,false,false,false,true,,maven,.,interpreter,interpreter,maven:interpreter,,,,false,,repos/successful/64487983,promoted_before_storage_audit
64487983,https://github.com/ErnestMing/JavaDesignPartternImpl,34431d71b4a00ef79895db9aaca30020baace209,64487983:iterator/src/main/java/com/iluwatar/iterator/app.java,App,iterator/src/main/java/com/iluwatar/iterator/App.java,1,64487983_87.json,true,success,,25,199,1,1,5,5,5.0,false,false,false,false,true,,maven,.,iterator,iterator,maven:iterator,,,,false,,repos/successful/64487983,promoted_before_storage_audit
64487983,https://github.com/ErnestMing/JavaDesignPartternImpl,34431d71b4a00ef79895db9aaca30020baace209,64487983:layers/src/main/java/com/iluwatar/layers/cakeviewimpl.java,CakeViewImpl,layers/src/main/java/com/iluwatar/layers/CakeViewImpl.java,1,64487983_201.json,true,success,,10,63,2,1,1,2,1.0,false,false,false,false,true,,maven,.,layers,layers,maven:layers,,,,false,,repos/successful/64487983,promoted_before_storage_audit
64487983,https://github.com/ErnestMing/JavaDesignPartternImpl,34431d71b4a00ef79895db9aaca30020baace209,64487983:lazy-loading/src/main/java/com/iluwatar/lazy/loading/app.java,App,lazy-loading/src/main/java/com/iluwatar/lazy/loading/App.java,1,64487983_8.json,true,success,,14,110,1,1,1,1,1.0,false,false,false,false,true,,maven,.,lazy-loading,lazy-loading,maven:lazy-loading,,,,false,,repos/successful/64487983,promoted_before_storage_audit
64487983,https://github.com/ErnestMing/JavaDesignPartternImpl,34431d71b4a00ef79895db9aaca30020baace209,64487983:message-channel/src/main/java/com/iluwatar/message/channel/app.java,App,message-channel/src/main/java/com/iluwatar/message/channel/App.java,1,64487983_122.json,true,success,,19,146,2,2,1,2,1.0,false,false,false,false,true,,maven,.,message-channel,message-channel,maven:message-channel,,,,false,,repos/successful/64487983,promoted_before_storage_audit
64487983,https://github.com/ErnestMing/JavaDesignPartternImpl,34431d71b4a00ef79895db9aaca30020baace209,64487983:model-view-controller/src/main/java/com/iluwatar/model/view/controller/giantview.java,GiantView,model-view-controller/src/main/java/com/iluwatar/model/view/controller/GiantView.java,1,64487983_142.json,true,success,,6,34,1,1,1,1,1.0,false,false,false,false,true,,maven,.,model-view-controller,model-view-controller,maven:model-view-controller,,,,false,,repos/successful/64487983,promoted_before_storage_audit
64487983,https://github.com/ErnestMing/JavaDesignPartternImpl,34431d71b4a00ef79895db9aaca30020baace209,64487983:model-view-presenter/src/main/java/com/iluwatar/model/view/presenter/fileloader.java,FileLoader,model-view-presenter/src/main/java/com/iluwatar/model/view/presenter/FileLoader.java,1,64487983_68.json,true,success,,36,207,5,5,3,7,1.4,false,false,false,false,true,,maven,.,model-view-presenter,model-view-presenter,maven:model-view-presenter,,,,false,,repos/successful/64487983,promoted_before_storage_audit
64487983,https://github.com/ErnestMing/JavaDesignPartternImpl,34431d71b4a00ef79895db9aaca30020baace209,64487983:monad/src/main/java/com/iluwatar/monad/app.java,App,monad/src/main/java/com/iluwatar/monad/App.java,1,64487983_221.json,true,success,,13,157,1,1,2,2,2.0,false,false,false,false,true,,maven,.,monad,monad,maven:monad,,,,false,,repos/successful/64487983,promoted_before_storage_audit
64487983,https://github.com/ErnestMing/JavaDesignPartternImpl,34431d71b4a00ef79895db9aaca30020baace209,64487983:multiton/src/main/java/com/iluwatar/multiton/app.java,App,multiton/src/main/java/com/iluwatar/multiton/App.java,1,64487983_80.json,true,success,,14,186,1,1,1,1,1.0,false,false,false,false,true,,maven,.,multiton,multiton,maven:multiton,,,,false,,repos/successful/64487983,promoted_before_storage_audit
64487983,https://github.com/ErnestMing/JavaDesignPartternImpl,34431d71b4a00ef79895db9aaca30020baace209,64487983:null-object/src/main/java/com/iluwatar/nullobject/nullnode.java,NullNode,null-object/src/main/java/com/iluwatar/nullobject/NullNode.java,1,64487983_163.json,true,success,,27,99,7,6,1,7,1.0,false,false,false,false,true,,maven,.,null-object,null-object,maven:null-object,,,,false,,repos/successful/64487983,promoted_before_storage_audit
64487983,https://github.com/ErnestMing/JavaDesignPartternImpl,34431d71b4a00ef79895db9aaca30020baace209,64487983:object-pool/src/main/java/com/iluwatar/object/pool/app.java,App,object-pool/src/main/java/com/iluwatar/object/pool/App.java,1,64487983_57.json,true,success,,25,215,1,1,1,1,1.0,false,false,false,false,true,,maven,.,object-pool,object-pool,maven:object-pool,,,,false,,repos/successful/64487983,promoted_before_storage_audit
64487983,https://github.com/ErnestMing/JavaDesignPartternImpl,34431d71b4a00ef79895db9aaca30020baace209,64487983:observer/src/main/java/com/iluwatar/observer/generic/gweather.java,GWeather,observer/src/main/java/com/iluwatar/observer/generic/GWeather.java,2,64487983_29.json;64487983_30.json,true,success,,14,103,2,1,1,2,1.0,false,false,false,false,true,,maven,.,observer,observer,maven:observer,,,,false,,repos/successful/64487983,promoted_before_storage_audit
64487983,https://github.com/ErnestMing/JavaDesignPartternImpl,34431d71b4a00ef79895db9aaca30020baace209,64487983:observer/src/main/java/com/iluwatar/observer/weather.java,Weather,observer/src/main/java/com/iluwatar/observer/Weather.java,1,64487983_27.json,true,success,,28,167,5,3,2,6,1.2,false,false,false,false,true,,maven,.,observer,observer,maven:observer,,,,false,,repos/successful/64487983,promoted_before_storage_audit
64487983,https://github.com/ErnestMing/JavaDesignPartternImpl,34431d71b4a00ef79895db9aaca30020baace209,64487983:poison-pill/src/main/java/com/iluwatar/poison/pill/consumer.java,Consumer,poison-pill/src/main/java/com/iluwatar/poison/pill/Consumer.java,1,64487983_21.json,true,success,,29,177,2,1,4,5,2.5,false,false,false,false,true,,maven,.,poison-pill,poison-pill,maven:poison-pill,,,,false,,repos/successful/64487983,promoted_before_storage_audit
64487983,https://github.com/ErnestMing/JavaDesignPartternImpl,34431d71b4a00ef79895db9aaca30020baace209,64487983:poison-pill/src/main/java/com/iluwatar/poison/pill/producer.java,Producer,poison-pill/src/main/java/com/iluwatar/poison/pill/Producer.java,2,64487983_25.json;64487983_26.json,true,success,,36,217,3,2,3,6,2.0,false,false,false,false,true,,maven,.,poison-pill,poison-pill,maven:poison-pill,,,,false,,repos/successful/64487983,promoted_before_storage_audit
64487983,https://github.com/ErnestMing/JavaDesignPartternImpl,34431d71b4a00ef79895db9aaca30020baace209,64487983:private-class-data/src/main/java/com/iluwatar/privateclassdata/immutablestew.java,ImmutableStew,private-class-data/src/main/java/com/iluwatar/privateclassdata/ImmutableStew.java,2,64487983_212.json;64487983_213.json,true,success,,12,92,2,1,1,2,1.0,false,false,false,false,true,,maven,.,private-class-data,private-class-data,maven:private-class-data,,,,false,,repos/successful/64487983,promoted_before_storage_audit
64487983,https://github.com/ErnestMing/JavaDesignPartternImpl,34431d71b4a00ef79895db9aaca30020baace209,64487983:private-class-data/src/main/java/com/iluwatar/privateclassdata/stew.java,Stew,private-class-data/src/main/java/com/iluwatar/privateclassdata/Stew.java,1,64487983_211.json,true,success,,33,158,3,2,5,7,2.3333333333333335,false,false,false,false,true,,maven,.,private-class-data,private-class-data,maven:private-class-data,,,,false,,repos/successful/64487983,promoted_before_storage_audit
64487983,https://github.com/ErnestMing/JavaDesignPartternImpl,34431d71b4a00ef79895db9aaca30020baace209,64487983:producer-consumer/src/main/java/com/iluwatar/producer/consumer/app.java,App,producer-consumer/src/main/java/com/iluwatar/producer/consumer/App.java,1,64487983_136.json,true,success,,33,219,1,1,6,6,6.0,false,false,false,false,true,,maven,.,producer-consumer,producer-consumer,maven:producer-consumer,,,,false,,repos/successful/64487983,promoted_before_storage_audit
64487983,https://github.com/ErnestMing/JavaDesignPartternImpl,34431d71b4a00ef79895db9aaca30020baace209,64487983:producer-consumer/src/main/java/com/iluwatar/producer/consumer/consumer.java,Consumer,producer-consumer/src/main/java/com/iluwatar/producer/consumer/Consumer.java,1,64487983_135.json,true,success,,14,93,2,1,1,2,1.0,false,false,false,false,true,,maven,.,producer-consumer,producer-consumer,maven:producer-consumer,,,,false,,repos/successful/64487983,promoted_before_storage_audit
64487983,https://github.com/ErnestMing/JavaDesignPartternImpl,34431d71b4a00ef79895db9aaca30020baace209,64487983:proxy/src/main/java/com/iluwatar/proxy/wizard.java,Wizard,proxy/src/main/java/com/iluwatar/proxy/Wizard.java,1,64487983_20.json,true,success,,11,42,2,1,1,2,1.0,false,false,false,false,true,,maven,.,proxy,proxy,maven:proxy,,,,false,,repos/successful/64487983,promoted_before_storage_audit
64487983,https://github.com/ErnestMing/JavaDesignPartternImpl,34431d71b4a00ef79895db9aaca30020baace209,64487983:proxy/src/main/java/com/iluwatar/proxy/wizardtower.java,WizardTower,proxy/src/main/java/com/iluwatar/proxy/WizardTower.java,1,64487983_18.json,true,success,,6,32,1,1,1,1,1.0,false,false,false,false,true,,maven,.,proxy,proxy,maven:proxy,,,,false,,repos/successful/64487983,promoted_before_storage_audit
64487983,https://github.com/ErnestMing/JavaDesignPartternImpl,34431d71b4a00ef79895db9aaca30020baace209,64487983:proxy/src/main/java/com/iluwatar/proxy/wizardtowerproxy.java,WizardTowerProxy,proxy/src/main/java/com/iluwatar/proxy/WizardTowerProxy.java,1,64487983_19.json,true,success,,14,69,1,1,2,2,2.0,false,false,false,false,true,,maven,.,proxy,proxy,maven:proxy,,,,false,,repos/successful/64487983,promoted_before_storage_audit
64487983,https://github.com/ErnestMing/JavaDesignPartternImpl,34431d71b4a00ef79895db9aaca30020baace209,64487983:publish-subscribe/src/main/java/com/iluwatar/publish/subscribe/app.java,App,publish-subscribe/src/main/java/com/iluwatar/publish/subscribe/App.java,1,64487983_32.json,true,success,,21,171,2,2,1,2,1.0,false,false,false,false,true,,maven,.,publish-subscribe,publish-subscribe,maven:publish-subscribe,,,,false,,repos/successful/64487983,promoted_before_storage_audit
64487983,https://github.com/ErnestMing/JavaDesignPartternImpl,34431d71b4a00ef79895db9aaca30020baace209,64487983:reader-writer-lock/src/main/java/com/iluwatar/reader/writer/lock/app.java,App,reader-writer-lock/src/main/java/com/iluwatar/reader/writer/lock/App.java,1,64487983_10.json,true,success,,21,184,1,1,2,2,2.0,false,false,false,false,true,,maven,.,reader-writer-lock,reader-writer-lock,maven:reader-writer-lock,,,,false,,repos/successful/64487983,promoted_before_storage_audit
64487983,https://github.com/ErnestMing/JavaDesignPartternImpl,34431d71b4a00ef79895db9aaca30020baace209,64487983:reader-writer-lock/src/main/java/com/iluwatar/reader/writer/lock/reader.java,Reader,reader-writer-lock/src/main/java/com/iluwatar/reader/writer/lock/Reader.java,1,64487983_11.json,true,success,,26,142,3,2,2,4,1.3333333333333333,false,false,false,false,true,,maven,.,reader-writer-lock,reader-writer-lock,maven:reader-writer-lock,,,,false,,repos/successful/64487983,promoted_before_storage_audit
64487983,https://github.com/ErnestMing/JavaDesignPartternImpl,34431d71b4a00ef79895db9aaca30020baace209,64487983:reader-writer-lock/src/main/java/com/iluwatar/reader/writer/lock/writer.java,Writer,reader-writer-lock/src/main/java/com/iluwatar/reader/writer/lock/Writer.java,1,64487983_9.json,true,success,,26,142,3,2,2,4,1.3333333333333333,false,false,false,false,true,,maven,.,reader-writer-lock,reader-writer-lock,maven:reader-writer-lock,,,,false,,repos/successful/64487983,promoted_before_storage_audit
64487983,https://github.com/ErnestMing/JavaDesignPartternImpl,34431d71b4a00ef79895db9aaca30020baace209,64487983:repository/src/main/java/com/iluwatar/repository/app.java,App,repository/src/main/java/com/iluwatar/repository/App.java,1,64487983_76.json,true,success,,38,336,1,1,3,3,3.0,false,false,false,false,true,,maven,.,repository,repository,maven:repository,,,,false,,repos/successful/64487983,promoted_before_storage_audit
64487983,https://github.com/ErnestMing/JavaDesignPartternImpl,34431d71b4a00ef79895db9aaca30020baace209,64487983:resource-acquisition-is-initialization/src/main/java/com/iluwatar/resource/acquisition/is/initialization/app.java,App,resource-acquisition-is-initialization/src/main/java/com/iluwatar/resource/acquisition/is/initialization/App.java,1,64487983_52.json,true,success,,11,74,1,1,1,1,1.0,false,false,false,false,true,,maven,.,resource-acquisition-is-initialization,resource-acquisition-is-initialization,maven:resource-acquisition-is-initialization,,,,false,,repos/successful/64487983,promoted_before_storage_audit
64487983,https://github.com/ErnestMing/JavaDesignPartternImpl,34431d71b4a00ef79895db9aaca30020baace209,64487983:servant/src/main/java/com/iluwatar/servant/servant.java,Servant,servant/src/main/java/com/iluwatar/servant/Servant.java,1,64487983_127.json,true,success,,26,126,5,4,3,7,1.4,false,false,false,false,true,,maven,.,servant,servant,maven:servant,,,,false,,repos/successful/64487983,promoted_before_storage_audit
64487983,https://github.com/ErnestMing/JavaDesignPartternImpl,34431d71b4a00ef79895db9aaca30020baace209,64487983:service-layer/src/main/java/com/iluwatar/servicelayer/spell/spelldaoimpl.java,SpellDaoImpl,service-layer/src/main/java/com/iluwatar/servicelayer/spell/SpellDaoImpl.java,1,64487983_175.json,true,success,,29,178,1,1,3,3,3.0,false,false,false,false,true,,maven,.,service-layer,service-layer,maven:service-layer,,,,false,,repos/successful/64487983,promoted_before_storage_audit
64487983,https://github.com/ErnestMing/JavaDesignPartternImpl,34431d71b4a00ef79895db9aaca30020baace209,64487983:service-layer/src/main/java/com/iluwatar/servicelayer/spellbook/spellbookdaoimpl.java,SpellbookDaoImpl,service-layer/src/main/java/com/iluwatar/servicelayer/spellbook/SpellbookDaoImpl.java,1,64487983_172.json,true,success,,31,198,1,1,3,3,3.0,false,false,false,false,true,,maven,.,service-layer,service-layer,maven:service-layer,,,,false,,repos/successful/64487983,promoted_before_storage_audit
64487983,https://github.com/ErnestMing/JavaDesignPartternImpl,34431d71b4a00ef79895db9aaca30020baace209,64487983:service-layer/src/main/java/com/iluwatar/servicelayer/wizard/wizarddaoimpl.java,WizardDaoImpl,service-layer/src/main/java/com/iluwatar/servicelayer/wizard/WizardDaoImpl.java,1,64487983_174.json,true,success,,33,212,1,1,4,4,4.0,false,false,false,false,true,,maven,.,service-layer,service-layer,maven:service-layer,,,,false,,repos/successful/64487983,promoted_before_storage_audit
64487983,https://github.com/ErnestMing/JavaDesignPartternImpl,34431d71b4a00ef79895db9aaca30020baace209,64487983:singleton/src/main/java/com/iluwatar/singleton/app.java,App,singleton/src/main/java/com/iluwatar/singleton/App.java,1,64487983_61.json,true,success,,29,212,1,1,1,1,1.0,false,false,false,false,true,,maven,.,singleton,singleton,maven:singleton,,,,false,,repos/successful/64487983,promoted_before_storage_audit
64487983,https://github.com/ErnestMing/JavaDesignPartternImpl,34431d71b4a00ef79895db9aaca30020baace209,64487983:specification/src/main/java/com/iluwatar/specification/app/app.java,App,specification/src/main/java/com/iluwatar/specification/app/App.java,1,64487983_114.json,true,success,,37,390,1,1,1,1,1.0,false,false,false,false,true,,maven,.,specification,specification,maven:specification,,,,false,,repos/successful/64487983,promoted_before_storage_audit
64487983,https://github.com/ErnestMing/JavaDesignPartternImpl,34431d71b4a00ef79895db9aaca30020baace209,64487983:state/src/main/java/com/iluwatar/state/mammoth.java,Mammoth,state/src/main/java/com/iluwatar/state/Mammoth.java,1,64487983_65.json,true,success,,25,125,5,3,2,6,1.2,false,false,false,false,true,,maven,.,state,state,maven:state,,,,false,,repos/successful/64487983,promoted_before_storage_audit
64487983,https://github.com/ErnestMing/JavaDesignPartternImpl,34431d71b4a00ef79895db9aaca30020baace209,64487983:step-builder/src/main/java/com/iluwatar/stepbuilder/app.java,App,step-builder/src/main/java/com/iluwatar/stepbuilder/App.java,1,64487983_202.json,true,success,,17,152,1,1,1,1,1.0,false,false,false,false,true,,maven,.,step-builder,step-builder,maven:step-builder,,,,false,,repos/successful/64487983,promoted_before_storage_audit
64487983,https://github.com/ErnestMing/JavaDesignPartternImpl,34431d71b4a00ef79895db9aaca30020baace209,64487983:strategy/src/main/java/com/iluwatar/strategy/app.java,App,strategy/src/main/java/com/iluwatar/strategy/App.java,1,64487983_0.json,true,success,,26,198,1,1,1,1,1.0,false,false,false,false,true,,maven,.,strategy,strategy,maven:strategy,,,,false,,repos/successful/64487983,promoted_before_storage_audit
64487983,https://github.com/ErnestMing/JavaDesignPartternImpl,34431d71b4a00ef79895db9aaca30020baace209,64487983:template-method/src/main/java/com/iluwatar/templatemethod/stealingmethod.java,StealingMethod,template-method/src/main/java/com/iluwatar/templatemethod/StealingMethod.java,3,64487983_225.json;64487983_226.json;64487983_227.json,true,success,,12,75,1,1,1,1,1.0,false,false,false,false,true,,maven,.,template-method,template-method,maven:template-method,,,,false,,repos/successful/64487983,promoted_before_storage_audit
64487983,https://github.com/ErnestMing/JavaDesignPartternImpl,34431d71b4a00ef79895db9aaca30020baace209,64487983:thread-pool/src/main/java/com/iluwatar/threadpool/app.java,App,thread-pool/src/main/java/com/iluwatar/threadpool/App.java,1,64487983_157.json,true,success,,36,326,1,1,3,3,3.0,false,false,false,false,true,,maven,.,thread-pool,thread-pool,maven:thread-pool,,,,false,,repos/successful/64487983,promoted_before_storage_audit
64487983,https://github.com/ErnestMing/JavaDesignPartternImpl,34431d71b4a00ef79895db9aaca30020baace209,64487983:thread-pool/src/main/java/com/iluwatar/threadpool/worker.java,Worker,thread-pool/src/main/java/com/iluwatar/threadpool/Worker.java,1,64487983_158.json,true,success,,17,100,2,1,2,3,1.5,false,false,false,false,true,,maven,.,thread-pool,thread-pool,maven:thread-pool,,,,false,,repos/successful/64487983,promoted_before_storage_audit
64487983,https://github.com/ErnestMing/JavaDesignPartternImpl,34431d71b4a00ef79895db9aaca30020baace209,64487983:tolerant-reader/src/main/java/com/iluwatar/tolerantreader/app.java,App,tolerant-reader/src/main/java/com/iluwatar/tolerantreader/App.java,1,64487983_3.json,true,success,,24,279,1,1,1,1,1.0,false,false,false,false,true,,maven,.,tolerant-reader,tolerant-reader,maven:tolerant-reader,,,,false,,repos/successful/64487983,promoted_before_storage_audit
64487983,https://github.com/ErnestMing/JavaDesignPartternImpl,34431d71b4a00ef79895db9aaca30020baace209,64487983:twin/src/main/java/com/iluwatar/twin/ballitem.java,BallItem,twin/src/main/java/com/iluwatar/twin/BallItem.java,2,64487983_179.json;64487983_180.json,true,success,,24,106,4,4,2,5,1.25,false,false,false,false,true,,maven,.,twin,twin,maven:twin,,,,false,,repos/successful/64487983,promoted_before_storage_audit
64487983,https://github.com/ErnestMing/JavaDesignPartternImpl,34431d71b4a00ef79895db9aaca30020baace209,64487983:value-object/src/main/java/com/iluwatar/value/object/app.java,App,value-object/src/main/java/com/iluwatar/value/object/App.java,1,64487983_84.json,true,success,,11,113,1,1,1,1,1.0,false,false,false,false,true,,maven,.,value-object,value-object,maven:value-object,,,,false,,repos/successful/64487983,promoted_before_storage_audit
3713233,https://github.com/seratch/junithelper,8c307eb05f762cf8030a3bd6d903228e0d5b98b2,3713233:core/src/main/java/org/junithelper/core/extractor/argextractorhelper.java,ArgExtractorHelper,core/src/main/java/org/junithelper/core/extractor/ArgExtractorHelper.java,6,3713233_110.json;3713233_111.json;3713233_112.json;3713233_113.json;3713233_114.json;3713233_115.json,true,success,,94,581,3,0,16,19,6.333333333333333,false,false,false,false,false,no_public_non_constructor_method,maven,core,core,.,maven:core,,,,false,,repos/successful/3713233,promoted_before_storage_audit
3713233,https://github.com/seratch/junithelper,8c307eb05f762cf8030a3bd6d903228e0d5b98b2,3713233:core/src/main/java/org/junithelper/core/generator/generatorimplfunction.java,GeneratorImplFunction,core/src/main/java/org/junithelper/core/generator/GeneratorImplFunction.java,14,3713233_225.json;3713233_226.json;3713233_227.json;3713233_228.json;3713233_229.json;3713233_230.json;3713233_231.json;3713233_232.json;3713233_233.json;3713233_234.json;3713233_235.json;3713233_236.json;3713233_237.json;3713233_238.json,true,success,,85,699,6,0,11,26,4.333333333333333,false,false,false,false,false,no_public_non_constructor_method,maven,core,core,.,maven:core,,,,false,,repos/successful/3713233,promoted_before_storage_audit
3713233,https://github.com/seratch/junithelper,8c307eb05f762cf8030a3bd6d903228e0d5b98b2,3713233:core/src/main/java/org/junithelper/core/generator/sourcecodeappender.java,SourceCodeAppender,core/src/main/java/org/junithelper/core/generator/SourceCodeAppender.java,23,3713233_187.json;3713233_188.json;3713233_189.json;3713233_190.json;3713233_191.json;3713233_192.json;3713233_193.json;3713233_194.json;3713233_195.json;3713233_196.json;3713233_197.json;3713233_198.json;3713233_199.json;3713233_200.json;3713233_201.json;3713233_202.json;3713233_203.json;3713233_204.json;3713233_205.json;3713233_206.json;3713233_207.json;3713233_208.json;3713233_209.json,true,success,,100,887,8,0,11,30,3.75,false,false,false,false,false,no_public_non_constructor_method,maven,core,core,.,maven:core,,,,false,,repos/successful/3713233,promoted_before_storage_audit
3713233,https://github.com/seratch/junithelper,8c307eb05f762cf8030a3bd6d903228e0d5b98b2,3713233:maven-plugin/src/main/java/org/junithelper/mavenplugin/force3mojo.java,Force3Mojo,maven-plugin/src/main/java/org/junithelper/mavenplugin/Force3Mojo.java,1,3713233_1.json,true,success,,16,99,1,1,2,2,2.0,false,false,false,false,true,,maven,maven-plugin,maven-plugin,.,maven:maven-plugin,,,,false,,repos/successful/3713233,promoted_before_storage_audit
3713233,https://github.com/seratch/junithelper,8c307eb05f762cf8030a3bd6d903228e0d5b98b2,3713233:maven-plugin/src/main/java/org/junithelper/mavenplugin/force4mojo.java,Force4Mojo,maven-plugin/src/main/java/org/junithelper/mavenplugin/Force4Mojo.java,1,3713233_2.json,true,success,,16,99,1,1,2,2,2.0,false,false,false,false,true,,maven,maven-plugin,maven-plugin,.,maven:maven-plugin,,,,false,,repos/successful/3713233,promoted_before_storage_audit
3713233,https://github.com/seratch/junithelper,8c307eb05f762cf8030a3bd6d903228e0d5b98b2,3713233:maven-plugin/src/main/java/org/junithelper/mavenplugin/makemojo.java,MakeMojo,maven-plugin/src/main/java/org/junithelper/mavenplugin/MakeMojo.java,1,3713233_0.json,true,success,,16,99,1,1,2,2,2.0,false,false,false,false,true,,maven,maven-plugin,maven-plugin,.,maven:maven-plugin,,,,false,,repos/successful/3713233,promoted_before_storage_audit
98410891,https://github.com/Nexmo/comms-router,4e5656db54be4b22481fe3774c2caeba51bac190,98410891:client/src/main/java/com/softavail/commsrouter/client/agentserviceclient.java,AgentServiceClient,client/src/main/java/com/softavail/commsrouter/client/AgentServiceClient.java,6,98410891_47.json;98410891_48.json;98410891_49.json;98410891_50.json;98410891_51.json;98410891_52.json,true,success,,71,477,9,6,1,9,1.0,false,false,false,false,true,,maven,.,client,client,maven:client,,,,false,,repos/successful/98410891,promoted_before_storage_audit
98410891,https://github.com/Nexmo/comms-router,4e5656db54be4b22481fe3774c2caeba51bac190,98410891:common/src/main/java/com/softavail/commsrouter/util/threadpoolkiller.java,ThreadPoolKiller,common/src/main/java/com/softavail/commsrouter/util/ThreadPoolKiller.java,5,98410891_42.json;98410891_43.json;98410891_44.json;98410891_45.json;98410891_46.json,true,success,,31,227,2,2,4,5,2.5,false,false,false,false,true,,maven,.,common,common,maven:common,,,,false,,repos/successful/98410891,promoted_before_storage_audit
3847504,https://github.com/digitalroastery/weblounge,653c25ff728c18c31bdf12b21d45106dacc080dc,3847504:modules/weblounge-bridge/src/main/java/ch/entwine/weblounge/bridge/mail/account.java,Account,modules/weblounge-bridge/src/main/java/ch/entwine/weblounge/bridge/mail/Account.java,3,3847504_360.json;3847504_361.json;3847504_362.json,true,success,,41,263,6,4,4,9,1.5,false,false,false,false,true,,maven,.,modules/weblounge-bridge,modules/weblounge-bridge,maven:modules/weblounge-bridge,,,,false,,repos/successful/3847504,promoted_before_storage_audit
3847504,https://github.com/digitalroastery/weblounge,653c25ff728c18c31bdf12b21d45106dacc080dc,3847504:modules/weblounge-bridge/src/main/java/ch/entwine/weblounge/bridge/oaipmh/harvester/lastharvested.java,LastHarvested,modules/weblounge-bridge/src/main/java/ch/entwine/weblounge/bridge/oaipmh/harvester/LastHarvested.java,1,3847504_359.json,true,success,,82,566,7,8,3,11,1.5714285714285714,false,false,false,false,true,,maven,.,modules/weblounge-bridge,modules/weblounge-bridge,maven:modules/weblounge-bridge,,,,false,,repos/successful/3847504,promoted_before_storage_audit
3847504,https://github.com/digitalroastery/weblounge,653c25ff728c18c31bdf12b21d45106dacc080dc,3847504:modules/weblounge-cache/src/main/java/ch/entwine/weblounge/cache/impl/cacheablehttpservletresponse.java,CacheableHttpServletResponse,modules/weblounge-cache/src/main/java/ch/entwine/weblounge/cache/impl/CacheableHttpServletResponse.java,7,3847504_377.json;3847504_378.json;3847504_379.json;3847504_380.json;3847504_381.json;3847504_382.json;3847504_383.json,true,success,,171,1183,18,13,8,44,2.4444444444444446,false,false,false,false,true,,maven,.,modules/weblounge-cache,modules/weblounge-cache,maven:modules/weblounge-cache,,,,false,,repos/successful/3847504,promoted_before_storage_audit
3847504,https://github.com/digitalroastery/weblounge,653c25ff728c18c31bdf12b21d45106dacc080dc,3847504:modules/weblounge-cache/src/main/java/ch/entwine/weblounge/cache/impl/cacheablehttpservletresponseheaders.java,CacheableHttpServletResponseHeaders,modules/weblounge-cache/src/main/java/ch/entwine/weblounge/cache/impl/CacheableHttpServletResponseHeaders.java,4,3847504_364.json;3847504_365.json;3847504_366.json;3847504_367.json,true,success,,81,595,6,1,5,17,2.8333333333333335,false,false,false,false,true,,maven,.,modules/weblounge-cache,modules/weblounge-cache,maven:modules/weblounge-cache,,,,false,,repos/successful/3847504,promoted_before_storage_audit
3847504,https://github.com/digitalroastery/weblounge,653c25ff728c18c31bdf12b21d45106dacc080dc,3847504:modules/weblounge-cache/src/main/java/ch/entwine/weblounge/cache/impl/cacheentry.java,CacheEntry,modules/weblounge-cache/src/main/java/ch/entwine/weblounge/cache/impl/CacheEntry.java,9,3847504_368.json;3847504_369.json;3847504_370.json;3847504_371.json;3847504_372.json;3847504_373.json;3847504_374.json;3847504_375.json;3847504_376.json,true,success,,114,740,17,15,4,26,1.5294117647058822,false,false,false,false,true,,maven,.,modules/weblounge-cache,modules/weblounge-cache,maven:modules/weblounge-cache,,,,false,,repos/successful/3847504,promoted_before_storage_audit
3847504,https://github.com/digitalroastery/weblounge,653c25ff728c18c31bdf12b21d45106dacc080dc,3847504:modules/weblounge-cache/src/main/java/ch/entwine/weblounge/cache/impl/cachetransaction.java,CacheTransaction,modules/weblounge-cache/src/main/java/ch/entwine/weblounge/cache/impl/CacheTransaction.java,8,3847504_402.json;3847504_403.json;3847504_404.json;3847504_405.json;3847504_406.json;3847504_407.json;3847504_408.json;3847504_409.json,true,success,,44,227,10,1,1,10,1.0,false,false,false,false,true,,maven,.,modules/weblounge-cache,modules/weblounge-cache,maven:modules/weblounge-cache,,,,false,,repos/successful/3847504,promoted_before_storage_audit
3847504,https://github.com/digitalroastery/weblounge,653c25ff728c18c31bdf12b21d45106dacc080dc,3847504:modules/weblounge-cache/src/main/java/ch/entwine/weblounge/cache/impl/handle/cachehandleimpl.java,CacheHandleImpl,modules/weblounge-cache/src/main/java/ch/entwine/weblounge/cache/impl/handle/CacheHandleImpl.java,16,3847504_386.json;3847504_387.json;3847504_388.json;3847504_389.json;3847504_390.json;3847504_391.json;3847504_392.json;3847504_393.json;3847504_394.json;3847504_395.json;3847504_396.json;3847504_397.json;3847504_398.json;3847504_399.json;3847504_400.json;3847504_401.json,true,success,,137,894,28,25,6,44,1.5714285714285714,false,false,false,false,true,,maven,.,modules/weblounge-cache,modules/weblounge-cache,maven:modules/weblounge-cache,,,,false,,repos/successful/3847504,promoted_before_storage_audit
3847504,https://github.com/digitalroastery/weblounge,653c25ff728c18c31bdf12b21d45106dacc080dc,3847504:modules/weblounge-cache/src/main/java/ch/entwine/weblounge/cache/impl/handle/taggedcachehandle.java,TaggedCacheHandle,modules/weblounge-cache/src/main/java/ch/entwine/weblounge/cache/impl/handle/TaggedCacheHandle.java,2,3847504_384.json;3847504_385.json,true,success,,69,579,4,2,7,19,4.75,false,false,false,false,true,,maven,.,modules/weblounge-cache,modules/weblounge-cache,maven:modules/weblounge-cache,,,,false,,repos/successful/3847504,promoted_before_storage_audit
3847504,https://github.com/digitalroastery/weblounge,653c25ff728c18c31bdf12b21d45106dacc080dc,3847504:modules/weblounge-common-api/src/main/java/ch/entwine/weblounge/common/security/permissionexception.java,PermissionException,modules/weblounge-common-api/src/main/java/ch/entwine/weblounge/common/security/PermissionException.java,1,3847504_363.json,true,success,,15,96,2,1,1,2,1.0,false,false,false,false,true,,maven,.,modules/weblounge-common-api,modules/weblounge-common-api,maven:modules/weblounge-common-api,,,,false,,repos/successful/3847504,promoted_before_storage_audit
3847504,https://github.com/digitalroastery/weblounge,653c25ff728c18c31bdf12b21d45106dacc080dc,3847504:modules/weblounge-common/src/main/java/ch/entwine/weblounge/common/impl/content/searchqueryimpl.java,SearchQueryImpl,modules/weblounge-common/src/main/java/ch/entwine/weblounge/common/impl/content/SearchQueryImpl.java,37,3847504_113.json;3847504_114.json;3847504_115.json;3847504_116.json;3847504_117.json;3847504_118.json;3847504_119.json;3847504_120.json;3847504_121.json;3847504_122.json;3847504_123.json;3847504_124.json;3847504_125.json;3847504_126.json;3847504_127.json;3847504_128.json;3847504_129.json;3847504_130.json;3847504_131.json;3847504_132.json;3847504_133.json;3847504_134.json;3847504_135.json;3847504_136.json;3847504_137.json;3847504_138.json;3847504_139.json;3847504_140.json;3847504_141.json;3847504_142.json;3847504_143.json;3847504_144.json;3847504_145.json;3847504_146.json;3847504_147.json;3847504_148.json;3847504_149.json,true,success,,712,4154,118,109,7,190,1.6101694915254237,false,false,false,false,false,nloc_out_of_bounds,maven,.,modules/weblounge-common,modules/weblounge-common,maven:modules/weblounge-common,,,,false,,repos/successful/3847504,promoted_before_storage_audit
3847504,https://github.com/digitalroastery/weblounge,653c25ff728c18c31bdf12b21d45106dacc080dc,3847504:modules/weblounge-common/src/main/java/ch/entwine/weblounge/common/impl/request/requestutils.java,RequestUtils,modules/weblounge-common/src/main/java/ch/entwine/weblounge/common/impl/request/RequestUtils.java,2,3847504_257.json;3847504_258.json,true,success,,643,4118,67,52,9,160,2.388059701492537,false,false,false,false,false,nloc_out_of_bounds,maven,.,modules/weblounge-common,modules/weblounge-common,maven:modules/weblounge-common,,,,false,,repos/successful/3847504,promoted_before_storage_audit
3847504,https://github.com/digitalroastery/weblounge,653c25ff728c18c31bdf12b21d45106dacc080dc,3847504:modules/weblounge-common/src/main/java/ch/entwine/weblounge/common/impl/scheduler/cronjobtrigger.java,CronJobTrigger,modules/weblounge-common/src/main/java/ch/entwine/weblounge/common/impl/scheduler/CronJobTrigger.java,11,3847504_281.json;3847504_282.json;3847504_283.json;3847504_284.json;3847504_285.json;3847504_286.json;3847504_287.json;3847504_288.json;3847504_289.json;3847504_290.json;3847504_291.json,true,success,,569,3642,38,23,27,141,3.710526315789474,false,false,false,false,false,nloc_out_of_bounds,maven,.,modules/weblounge-common,modules/weblounge-common,maven:modules/weblounge-common,,,,false,,repos/successful/3847504,promoted_before_storage_audit
3847504,https://github.com/digitalroastery/weblounge,653c25ff728c18c31bdf12b21d45106dacc080dc,3847504:modules/weblounge-common/src/main/java/ch/entwine/weblounge/common/impl/security/webloungeuserimpl.java,WebloungeUserImpl,modules/weblounge-common/src/main/java/ch/entwine/weblounge/common/impl/security/WebloungeUserImpl.java,19,3847504_43.json;3847504_44.json;3847504_45.json;3847504_46.json;3847504_47.json;3847504_48.json;3847504_49.json;3847504_50.json;3847504_51.json;3847504_52.json;3847504_53.json;3847504_54.json;3847504_55.json;3847504_56.json;3847504_57.json;3847504_58.json;3847504_59.json;3847504_60.json;3847504_61.json,true,success,,340,2408,31,29,19,76,2.4516129032258065,false,false,true,false,false,is_generated_code,maven,.,modules/weblounge-common,modules/weblounge-common,maven:modules/weblounge-common,,,,false,,repos/successful/3847504,promoted_before_storage_audit
3847504,https://github.com/digitalroastery/weblounge,653c25ff728c18c31bdf12b21d45106dacc080dc,3847504:modules/weblounge-common/src/main/java/ch/entwine/weblounge/common/impl/site/siteimpl.java,SiteImpl,modules/weblounge-common/src/main/java/ch/entwine/weblounge/common/impl/site/SiteImpl.java,23,3847504_314.json;3847504_315.json;3847504_316.json;3847504_317.json;3847504_318.json;3847504_319.json;3847504_320.json;3847504_321.json;3847504_322.json;3847504_323.json;3847504_324.json;3847504_325.json;3847504_326.json;3847504_327.json;3847504_328.json;3847504_329.json;3847504_330.json;3847504_331.json;3847504_332.json;3847504_333.json;3847504_334.json;3847504_335.json;3847504_336.json,true,success,,1193,8921,95,75,34,294,3.094736842105263,false,false,false,false,false,nloc_out_of_bounds,maven,.,modules/weblounge-common,modules/weblounge-common,maven:modules/weblounge-common,,,,false,,repos/successful/3847504,promoted_before_storage_audit
3847504,https://github.com/digitalroastery/weblounge,653c25ff728c18c31bdf12b21d45106dacc080dc,3847504:modules/weblounge-kernel/src/main/java/ch/entwine/weblounge/kernel/runtime/instanceinformation.java,InstanceInformation,modules/weblounge-kernel/src/main/java/ch/entwine/weblounge/kernel/runtime/InstanceInformation.java,2,3847504_421.json;3847504_422.json,true,success,,22,153,2,1,3,4,2.0,false,false,false,false,true,,maven,.,modules/weblounge-kernel,modules/weblounge-kernel,maven:modules/weblounge-kernel,,,,false,,repos/successful/3847504,promoted_before_storage_audit
3847504,https://github.com/digitalroastery/weblounge,653c25ff728c18c31bdf12b21d45106dacc080dc,3847504:modules/weblounge-preview/src/main/java/ch/entwine/weblounge/preview/jai/jaipreviewgenerator.java,JAIPreviewGenerator,modules/weblounge-preview/src/main/java/ch/entwine/weblounge/preview/jai/JAIPreviewGenerator.java,1,3847504_423.json,true,success,,180,1577,8,7,18,35,4.375,false,false,false,false,true,,maven,.,modules/weblounge-preview,modules/weblounge-preview,maven:modules/weblounge-preview,,,,false,,repos/successful/3847504,promoted_before_storage_audit
3847504,https://github.com/digitalroastery/weblounge,653c25ff728c18c31bdf12b21d45106dacc080dc,3847504:modules/weblounge-site/src/main/resources/archetype-resources/src/main/java/customtag.java,CustomTag,modules/weblounge-site/src/main/resources/archetype-resources/src/main/java/CustomTag.java,1,3847504_420.json,true,success,,19,116,2,2,2,3,1.5,false,false,false,false,true,,maven,.,modules/weblounge-site/src/main/resources/archetype-resources,modules/weblounge-site/src/main/resources/archetype-resources,maven:modules/weblounge-site/src/main/resources/archetype-resources,,,,false,,repos/successful/3847504,promoted_before_storage_audit
3847504,https://github.com/digitalroastery/weblounge,653c25ff728c18c31bdf12b21d45106dacc080dc,3847504:modules/weblounge-workbench/src/main/java/ch/entwine/weblounge/workbench/pageleteditor.java,PageletEditor,modules/weblounge-workbench/src/main/java/ch/entwine/weblounge/workbench/PageletEditor.java,9,3847504_411.json;3847504_412.json;3847504_413.json;3847504_414.json;3847504_415.json;3847504_416.json;3847504_417.json;3847504_418.json;3847504_419.json,true,success,,118,853,13,12,6,27,2.076923076923077,false,false,false,false,true,,maven,.,modules/weblounge-workbench,modules/weblounge-workbench,maven:modules/weblounge-workbench,,,,false,,repos/successful/3847504,promoted_before_storage_audit
3847504,https://github.com/digitalroastery/weblounge,653c25ff728c18c31bdf12b21d45106dacc080dc,3847504:modules/weblounge-workbench/src/main/java/ch/entwine/weblounge/workbench/suggest/suggestionbase.java,SuggestionBase,modules/weblounge-workbench/src/main/java/ch/entwine/weblounge/workbench/suggest/SuggestionBase.java,1,3847504_410.json,true,success,,26,226,1,0,5,5,5.0,false,false,false,false,false,no_public_non_constructor_method,maven,.,modules/weblounge-workbench,modules/weblounge-workbench,maven:modules/weblounge-workbench,,,,false,,repos/successful/3847504,promoted_before_storage_audit
97822421,https://github.com/pchudzik/springmock,f08a0a13c1dea1ceb35f462ccaaf51e738f64ef8,97822421:mockito/src/main/java/com/pchudzik/springmock/mockito/configuration/mockitodoubleconfigurationparser.java,MockitoDoubleConfigurationParser,mockito/src/main/java/com/pchudzik/springmock/mockito/configuration/MockitoDoubleConfigurationParser.java,5,97822421_1.json;97822421_2.json;97822421_3.json;97822421_4.json;97822421_5.json,true,success,,50,379,4,2,2,6,1.5,false,false,false,false,true,,maven,.,mockito,mockito,maven:mockito,,,,false,,repos/successful/97822421,promoted_before_storage_audit
97822421,https://github.com/pchudzik/springmock,f08a0a13c1dea1ceb35f462ccaaf51e738f64ef8,97822421:mockito/src/main/java/com/pchudzik/springmock/mockito/mockitodoublefactory.java,MockitoDoubleFactory,mockito/src/main/java/com/pchudzik/springmock/mockito/MockitoDoubleFactory.java,1,97822421_6.json,true,success,,36,225,5,2,1,5,1.0,false,false,false,false,true,,maven,.,mockito,mockito,maven:mockito,,,,false,,repos/successful/97822421,promoted_before_storage_audit
97822421,https://github.com/pchudzik/springmock,f08a0a13c1dea1ceb35f462ccaaf51e738f64ef8,97822421:samples/mockito-samples/src/main/java/com/pchudzik/springmock/samples/mockito/data/mockentityservice.java,MockEntityService,samples/mockito-samples/src/main/java/com/pchudzik/springmock/samples/mockito/data/MockEntityService.java,1,97822421_0.json,true,success,,14,76,2,1,1,2,1.0,false,false,false,false,true,,maven,.,samples/mockito-samples,samples/mockito-samples,maven:samples/mockito-samples,,,,false,,repos/successful/97822421,promoted_before_storage_audit
95247959,https://github.com/aws/aws-sdk-java-v2,999ce2f6564ba6615a4b428c26fc1116cf85fbdf,95247959:codegen-lite/src/main/java/software/amazon/awssdk/codegen/lite/regions/regionvalidationutil.java,RegionValidationUtil,codegen-lite/src/main/java/software/amazon/awssdk/codegen/lite/regions/RegionValidationUtil.java,17,95247959_148.json;95247959_149.json;95247959_150.json;95247959_151.json;95247959_152.json;95247959_153.json;95247959_154.json;95247959_155.json;95247959_156.json;95247959_157.json;95247959_158.json;95247959_159.json;95247959_160.json;95247959_161.json;95247959_162.json;95247959_163.json;95247959_164.json,true,success,,58,439,7,2,4,11,1.5714285714285714,false,false,false,false,true,,maven,.,codegen-lite,codegen-lite,maven:codegen-lite,,,,false,,repos/successful/95247959,promoted_before_storage_audit
95247959,https://github.com/aws/aws-sdk-java-v2,999ce2f6564ba6615a4b428c26fc1116cf85fbdf,95247959:codegen/src/main/java/software/amazon/awssdk/codegen/emitters/unusedimportremover.java,UnusedImportRemover,codegen/src/main/java/software/amazon/awssdk/codegen/emitters/UnusedImportRemover.java,2,95247959_604.json;95247959_605.json,true,success,,52,466,9,1,3,13,1.4444444444444444,false,false,false,false,true,,maven,.,codegen,codegen,maven:codegen,,,,false,,repos/successful/95247959,promoted_before_storage_audit
95247959,https://github.com/aws/aws-sdk-java-v2,999ce2f6564ba6615a4b428c26fc1116cf85fbdf,95247959:codegen/src/main/java/software/amazon/awssdk/codegen/intermediatemodelbuilder.java,IntermediateModelBuilder,codegen/src/main/java/software/amazon/awssdk/codegen/IntermediateModelBuilder.java,4,95247959_596.json;95247959_597.json;95247959_598.json;95247959_599.json,true,success,,244,2037,15,6,9,46,3.066666666666667,false,false,false,false,true,,maven,.,codegen,codegen,maven:codegen,,,,false,,repos/successful/95247959,promoted_before_storage_audit
95247959,https://github.com/aws/aws-sdk-java-v2,999ce2f6564ba6615a4b428c26fc1116cf85fbdf,95247959:codegen/src/main/java/software/amazon/awssdk/codegen/internal/documentationutils.java,DocumentationUtils,codegen/src/main/java/software/amazon/awssdk/codegen/internal/DocumentationUtils.java,3,95247959_600.json;95247959_601.json;95247959_602.json,true,success,,98,665,14,11,4,25,1.7857142857142858,false,false,false,false,true,,maven,.,codegen,codegen,maven:codegen,,,,false,,repos/successful/95247959,promoted_before_storage_audit
95247959,https://github.com/aws/aws-sdk-java-v2,999ce2f6564ba6615a4b428c26fc1116cf85fbdf,95247959:codegen/src/main/java/software/amazon/awssdk/codegen/internal/utils.java,Utils,codegen/src/main/java/software/amazon/awssdk/codegen/internal/Utils.java,1,95247959_603.json,true,success,,251,2026,33,32,7,88,2.6666666666666665,false,false,false,false,true,,maven,.,codegen,codegen,maven:codegen,,,,false,,repos/successful/95247959,promoted_before_storage_audit
95247959,https://github.com/aws/aws-sdk-java-v2,999ce2f6564ba6615a4b428c26fc1116cf85fbdf,95247959:codegen/src/main/java/software/amazon/awssdk/codegen/model/intermediate/intermediatemodel.java,IntermediateModel,codegen/src/main/java/software/amazon/awssdk/codegen/model/intermediate/IntermediateModel.java,2,95247959_574.json;95247959_575.json,true,success,,228,1396,39,34,4,50,1.2820512820512822,false,false,false,false,true,,maven,.,codegen,codegen,maven:codegen,,,,false,,repos/successful/95247959,promoted_before_storage_audit
95247959,https://github.com/aws/aws-sdk-java-v2,999ce2f6564ba6615a4b428c26fc1116cf85fbdf,95247959:codegen/src/main/java/software/amazon/awssdk/codegen/naming/defaultnamingstrategy.java,DefaultNamingStrategy,codegen/src/main/java/software/amazon/awssdk/codegen/naming/DefaultNamingStrategy.java,20,95247959_576.json;95247959_577.json;95247959_578.json;95247959_579.json;95247959_580.json;95247959_581.json;95247959_582.json;95247959_583.json;95247959_584.json;95247959_585.json;95247959_586.json;95247959_587.json;95247959_588.json;95247959_589.json;95247959_590.json;95247959_591.json;95247959_592.json;95247959_593.json;95247959_594.json;95247959_595.json,true,success,,431,3176,46,36,8,86,1.8695652173913044,false,false,false,false,true,,maven,.,codegen,codegen,maven:codegen,,,,false,,repos/successful/95247959,promoted_before_storage_audit
95247959,https://github.com/aws/aws-sdk-java-v2,999ce2f6564ba6615a4b428c26fc1116cf85fbdf,95247959:codegen/src/main/java/software/amazon/awssdk/codegen/poet/endpointdiscovery/endpointdiscoverycacheloadergenerator.java,EndpointDiscoveryCacheLoaderGenerator,codegen/src/main/java/software/amazon/awssdk/codegen/poet/endpointdiscovery/EndpointDiscoveryCacheLoaderGenerator.java,2,95247959_614.json;95247959_615.json,true,success,,102,823,6,2,2,7,1.1666666666666667,false,false,false,false,true,,maven,.,codegen,codegen,maven:codegen,,,,false,,repos/successful/95247959,promoted_before_storage_audit
95247959,https://github.com/aws/aws-sdk-java-v2,999ce2f6564ba6615a4b428c26fc1116cf85fbdf,95247959:codegen/src/main/java/software/amazon/awssdk/codegen/poet/model/awsservicebaserequestspec.java,AwsServiceBaseRequestSpec,codegen/src/main/java/software/amazon/awssdk/codegen/poet/model/AwsServiceBaseRequestSpec.java,1,95247959_609.json,true,success,,68,536,5,2,1,5,1.0,false,false,false,false,true,,maven,.,codegen,codegen,maven:codegen,,,,false,,repos/successful/95247959,promoted_before_storage_audit
95247959,https://github.com/aws/aws-sdk-java-v2,999ce2f6564ba6615a4b428c26fc1116cf85fbdf,95247959:codegen/src/main/java/software/amazon/awssdk/codegen/poet/model/awsservicebaseresponsespec.java,AwsServiceBaseResponseSpec,codegen/src/main/java/software/amazon/awssdk/codegen/poet/model/AwsServiceBaseResponseSpec.java,1,95247959_608.json,true,success,,121,940,9,2,1,9,1.0,false,false,false,false,true,,maven,.,codegen,codegen,maven:codegen,,,,false,,repos/successful/95247959,promoted_before_storage_audit
95247959,https://github.com/aws/aws-sdk-java-v2,999ce2f6564ba6615a4b428c26fc1116cf85fbdf,95247959:codegen/src/main/java/software/amazon/awssdk/codegen/poet/model/responsemetadataspec.java,ResponseMetadataSpec,codegen/src/main/java/software/amazon/awssdk/codegen/poet/model/ResponseMetadataSpec.java,2,95247959_606.json;95247959_607.json,true,success,,87,696,7,2,2,9,1.2857142857142858,false,false,false,false,true,,maven,.,codegen,codegen,maven:codegen,,,,false,,repos/successful/95247959,promoted_before_storage_audit
95247959,https://github.com/aws/aws-sdk-java-v2,999ce2f6564ba6615a4b428c26fc1116cf85fbdf,95247959:codegen/src/main/java/software/amazon/awssdk/codegen/poet/poetcollectors.java,PoetCollectors,codegen/src/main/java/software/amazon/awssdk/codegen/poet/PoetCollectors.java,4,95247959_610.json;95247959_611.json;95247959_612.json;95247959_613.json,true,success,,39,251,7,2,2,8,1.1428571428571428,false,false,false,false,true,,maven,.,codegen,codegen,maven:codegen,,,,false,,repos/successful/95247959,promoted_before_storage_audit
95247959,https://github.com/aws/aws-sdk-java-v2,999ce2f6564ba6615a4b428c26fc1116cf85fbdf,95247959:core/arns/src/main/java/software/amazon/awssdk/arns/arn.java,Arn,core/arns/src/main/java/software/amazon/awssdk/arns/Arn.java,10,95247959_834.json;95247959_835.json;95247959_836.json;95247959_837.json;95247959_838.json;95247959_839.json;95247959_840.json;95247959_841.json;95247959_842.json;95247959_843.json,true,success,,230,1383,27,24,15,55,2.037037037037037,false,false,false,false,true,,maven,.,core/arns,core/arns,maven:core/arns,,,,false,,repos/successful/95247959,promoted_before_storage_audit
95247959,https://github.com/aws/aws-sdk-java-v2,999ce2f6564ba6615a4b428c26fc1116cf85fbdf,95247959:core/arns/src/main/java/software/amazon/awssdk/arns/arnresource.java,ArnResource,core/arns/src/main/java/software/amazon/awssdk/arns/ArnResource.java,2,95247959_832.json;95247959_833.json,true,success,,129,792,18,16,6,28,1.5555555555555556,false,false,false,false,true,,maven,.,core/arns,core/arns,maven:core/arns,,,,false,,repos/successful/95247959,promoted_before_storage_audit
95247959,https://github.com/aws/aws-sdk-java-v2,999ce2f6564ba6615a4b428c26fc1116cf85fbdf,95247959:core/auth/src/main/java/software/amazon/awssdk/auth/credentials/containercredentialsprovider.java,ContainerCredentialsProvider,core/auth/src/main/java/software/amazon/awssdk/auth/credentials/ContainerCredentialsProvider.java,1,95247959_804.json,true,success,,281,1884,33,19,5,50,1.5151515151515151,false,false,false,false,true,,maven,.,core/auth,core/auth,maven:core/auth,,,,false,,repos/successful/95247959,promoted_before_storage_audit
95247959,https://github.com/aws/aws-sdk-java-v2,999ce2f6564ba6615a4b428c26fc1116cf85fbdf,95247959:core/auth/src/main/java/software/amazon/awssdk/auth/credentials/httpcredentialsprovider.java,HttpCredentialsProvider,core/auth/src/main/java/software/amazon/awssdk/auth/credentials/HttpCredentialsProvider.java,3,95247959_805.json;95247959_806.json;95247959_807.json,true,success,,15,99,1,2,1,1,1.0,true,false,false,false,false,is_interface,maven,.,core/auth,core/auth,maven:core/auth,,,,false,,repos/successful/95247959,promoted_before_storage_audit
95247959,https://github.com/aws/aws-sdk-java-v2,999ce2f6564ba6615a4b428c26fc1116cf85fbdf,95247959:core/auth/src/main/java/software/amazon/awssdk/auth/credentials/instanceprofilecredentialsprovider.java,InstanceProfileCredentialsProvider,core/auth/src/main/java/software/amazon/awssdk/auth/credentials/InstanceProfileCredentialsProvider.java,11,95247959_793.json;95247959_794.json;95247959_795.json;95247959_796.json;95247959_797.json;95247959_798.json;95247959_799.json;95247959_800.json;95247959_801.json;95247959_802.json;95247959_803.json,true,success,,351,2315,39,23,4,54,1.3846153846153846,false,false,false,false,true,,maven,.,core/auth,core/auth,maven:core/auth,,,,false,,repos/successful/95247959,promoted_before_storage_audit
95247959,https://github.com/aws/aws-sdk-java-v2,999ce2f6564ba6615a4b428c26fc1116cf85fbdf,95247959:core/auth/src/main/java/software/amazon/awssdk/auth/credentials/internal/lazyawscredentialsprovider.java,LazyAwsCredentialsProvider,core/auth/src/main/java/software/amazon/awssdk/auth/credentials/internal/LazyAwsCredentialsProvider.java,1,95247959_808.json,true,success,,33,231,5,4,1,5,1.0,false,false,false,false,true,,maven,.,core/auth,core/auth,maven:core/auth,,,,false,,repos/successful/95247959,promoted_before_storage_audit
95247959,https://github.com/aws/aws-sdk-java-v2,999ce2f6564ba6615a4b428c26fc1116cf85fbdf,95247959:core/auth/src/main/java/software/amazon/awssdk/auth/credentials/internal/profilecredentialsutils.java,ProfileCredentialsUtils,core/auth/src/main/java/software/amazon/awssdk/auth/credentials/internal/ProfileCredentialsUtils.java,6,95247959_809.json;95247959_810.json;95247959_811.json;95247959_812.json;95247959_813.json;95247959_814.json,true,success,,308,2320,24,1,16,51,2.125,false,false,false,false,true,,maven,.,core/auth,core/auth,maven:core/auth,,,,false,,repos/successful/95247959,promoted_before_storage_audit
95247959,https://github.com/aws/aws-sdk-java-v2,999ce2f6564ba6615a4b428c26fc1116cf85fbdf,95247959:core/auth/src/main/java/software/amazon/awssdk/auth/credentials/profilecredentialsprovider.java,ProfileCredentialsProvider,core/auth/src/main/java/software/amazon/awssdk/auth/credentials/ProfileCredentialsProvider.java,3,95247959_815.json;95247959_816.json;95247959_817.json,true,success,,164,1001,23,15,4,28,1.2173913043478262,false,false,false,false,true,,maven,.,core/auth,core/auth,maven:core/auth,,,,false,,repos/successful/95247959,promoted_before_storage_audit
95247959,https://github.com/aws/aws-sdk-java-v2,999ce2f6564ba6615a4b428c26fc1116cf85fbdf,95247959:core/auth/src/main/java/software/amazon/awssdk/auth/credentials/staticcredentialsprovider.java,StaticCredentialsProvider,core/auth/src/main/java/software/amazon/awssdk/auth/credentials/StaticCredentialsProvider.java,1,95247959_792.json,true,success,,44,277,5,3,5,9,1.8,false,false,false,false,true,,maven,.,core/auth,core/auth,maven:core/auth,,,,false,,repos/successful/95247959,promoted_before_storage_audit
95247959,https://github.com/aws/aws-sdk-java-v2,999ce2f6564ba6615a4b428c26fc1116cf85fbdf,95247959:core/auth/src/main/java/software/amazon/awssdk/auth/signer/aws4signer.java,Aws4Signer,core/auth/src/main/java/software/amazon/awssdk/auth/signer/Aws4Signer.java,5,95247959_818.json;95247959_819.json;95247959_820.json;95247959_821.json;95247959_822.json,true,success,,12,69,2,1,1,2,1.0,false,false,false,false,true,,maven,.,core/auth,core/auth,maven:core/auth,,,,false,,repos/successful/95247959,promoted_before_storage_audit
95247959,https://github.com/aws/aws-sdk-java-v2,999ce2f6564ba6615a4b428c26fc1116cf85fbdf,95247959:core/auth/src/main/java/software/amazon/awssdk/auth/signer/eventstreamaws4signer.java,EventStreamAws4Signer,core/auth/src/main/java/software/amazon/awssdk/auth/signer/EventStreamAws4Signer.java,1,95247959_823.json,true,success,,12,69,2,1,1,2,1.0,false,false,false,false,true,,maven,.,core/auth,core/auth,maven:core/auth,,,,false,,repos/successful/95247959,promoted_before_storage_audit
95247959,https://github.com/aws/aws-sdk-java-v2,999ce2f6564ba6615a4b428c26fc1116cf85fbdf,95247959:core/auth/src/main/java/software/amazon/awssdk/auth/signer/internal/baseeventstreamasyncaws4signer.java,BaseEventStreamAsyncAws4Signer,core/auth/src/main/java/software/amazon/awssdk/auth/signer/internal/BaseEventStreamAsyncAws4Signer.java,5,95247959_824.json;95247959_825.json;95247959_826.json;95247959_827.json;95247959_828.json,true,success,,199,1456,17,6,6,25,1.4705882352941178,false,false,false,false,true,,maven,.,core/auth,core/auth,maven:core/auth,,,,false,,repos/successful/95247959,promoted_before_storage_audit
95247959,https://github.com/aws/aws-sdk-java-v2,999ce2f6564ba6615a4b428c26fc1116cf85fbdf,95247959:core/auth/src/main/java/software/amazon/awssdk/auth/signer/internal/signerkey.java,SignerKey,core/auth/src/main/java/software/amazon/awssdk/auth/signer/internal/SignerKey.java,3,95247959_829.json;95247959_830.json;95247959_831.json,true,success,,29,182,3,2,3,5,1.6666666666666667,false,false,false,false,true,,maven,.,core/auth,core/auth,maven:core/auth,,,,false,,repos/successful/95247959,promoted_before_storage_audit
95247959,https://github.com/aws/aws-sdk-java-v2,999ce2f6564ba6615a4b428c26fc1116cf85fbdf,95247959:core/aws-core/src/main/java/software/amazon/awssdk/awscore/interceptor/helpfulunknownhostexceptioninterceptor.java,HelpfulUnknownHostExceptionInterceptor,core/aws-core/src/main/java/software/amazon/awssdk/awscore/interceptor/HelpfulUnknownHostExceptionInterceptor.java,8,95247959_713.json;95247959_714.json;95247959_715.json;95247959_716.json;95247959_717.json;95247959_718.json;95247959_719.json;95247959_720.json,true,success,,89,688,5,1,4,12,2.4,false,false,false,false,true,,maven,.,core/aws-core,core/aws-core,maven:core/aws-core,,,,false,,repos/successful/95247959,promoted_before_storage_audit
95247959,https://github.com/aws/aws-sdk-java-v2,999ce2f6564ba6615a4b428c26fc1116cf85fbdf,95247959:core/aws-core/src/main/java/software/amazon/awssdk/awscore/util/awshostnameutils.java,AwsHostNameUtils,core/aws-core/src/main/java/software/amazon/awssdk/awscore/util/AwsHostNameUtils.java,4,95247959_709.json;95247959_710.json;95247959_711.json;95247959_712.json,true,success,,62,492,3,1,8,15,5.0,false,false,false,false,true,,maven,.,core/aws-core,core/aws-core,maven:core/aws-core,,,,false,,repos/successful/95247959,promoted_before_storage_audit
95247959,https://github.com/aws/aws-sdk-java-v2,999ce2f6564ba6615a4b428c26fc1116cf85fbdf,95247959:core/metrics-spi/src/main/java/software/amazon/awssdk/metrics/internal/defaultmetriccollection.java,DefaultMetricCollection,core/metrics-spi/src/main/java/software/amazon/awssdk/metrics/internal/DefaultMetricCollection.java,2,95247959_783.json;95247959_784.json,true,success,,66,485,7,6,2,9,1.2857142857142858,false,false,false,false,true,,maven,.,core/metrics-spi,core/metrics-spi,maven:core/metrics-spi,,,,false,,repos/successful/95247959,promoted_before_storage_audit
95247959,https://github.com/aws/aws-sdk-java-v2,999ce2f6564ba6615a4b428c26fc1116cf85fbdf,95247959:core/metrics-spi/src/main/java/software/amazon/awssdk/metrics/internal/defaultsdkmetric.java,DefaultSdkMetric,core/metrics-spi/src/main/java/software/amazon/awssdk/metrics/internal/DefaultSdkMetric.java,7,95247959_785.json;95247959_786.json;95247959_787.json;95247959_788.json;95247959_789.json;95247959_790.json;95247959_791.json,true,success,,94,701,12,9,4,17,1.4166666666666667,false,false,false,false,true,,maven,.,core/metrics-spi,core/metrics-spi,maven:core/metrics-spi,,,,false,,repos/successful/95247959,promoted_before_storage_audit
95247959,https://github.com/aws/aws-sdk-java-v2,999ce2f6564ba6615a4b428c26fc1116cf85fbdf,95247959:core/profiles/src/main/java/software/amazon/awssdk/profiles/profilefile.java,ProfileFile,core/profiles/src/main/java/software/amazon/awssdk/profiles/ProfileFile.java,4,95247959_758.json;95247959_759.json;95247959_760.json;95247959_761.json,true,success,,211,1541,26,18,4,38,1.4615384615384615,false,false,false,false,true,,maven,.,core/profiles,core/profiles,maven:core/profiles,,,,false,,repos/successful/95247959,promoted_before_storage_audit
95247959,https://github.com/aws/aws-sdk-java-v2,999ce2f6564ba6615a4b428c26fc1116cf85fbdf,95247959:core/profiles/src/main/java/software/amazon/awssdk/profiles/profilefilelocation.java,ProfileFileLocation,core/profiles/src/main/java/software/amazon/awssdk/profiles/ProfileFileLocation.java,2,95247959_756.json;95247959_757.json,true,success,,53,415,8,4,3,11,1.375,false,false,false,false,true,,maven,.,core/profiles,core/profiles,maven:core/profiles,,,,false,,repos/successful/95247959,promoted_before_storage_audit
95247959,https://github.com/aws/aws-sdk-java-v2,999ce2f6564ba6615a4b428c26fc1116cf85fbdf,95247959:core/protocols/aws-cbor-protocol/src/main/java/software/amazon/awssdk/protocols/cbor/awscborprotocolfactory.java,AwsCborProtocolFactory,core/protocols/aws-cbor-protocol/src/main/java/software/amazon/awssdk/protocols/cbor/AwsCborProtocolFactory.java,2,95247959_737.json;95247959_738.json,true,success,,95,699,12,4,2,16,1.3333333333333333,false,false,false,false,true,,maven,.,core/protocols/aws-cbor-protocol,core/protocols/aws-cbor-protocol,maven:core/protocols/aws-cbor-protocol,,,,false,,repos/successful/95247959,promoted_before_storage_audit
95247959,https://github.com/aws/aws-sdk-java-v2,999ce2f6564ba6615a4b428c26fc1116cf85fbdf,95247959:core/protocols/aws-json-protocol/src/main/java/software/amazon/awssdk/protocols/json/internal/dom/jsondomparser.java,JsonDomParser,core/protocols/aws-json-protocol/src/main/java/software/amazon/awssdk/protocols/json/internal/dom/JsonDomParser.java,13,95247959_743.json;95247959_744.json;95247959_745.json;95247959_746.json;95247959_747.json;95247959_748.json;95247959_749.json;95247959_750.json;95247959_751.json;95247959_752.json;95247959_753.json;95247959_754.json;95247959_755.json,false,error,,,,,,,,,,,,,false,exact_focal_path_not_found,,,,,,,,,false,,repos/successful/95247959,promoted_before_storage_audit
95247959,https://github.com/aws/aws-sdk-java-v2,999ce2f6564ba6615a4b428c26fc1116cf85fbdf,95247959:core/protocols/aws-query-protocol/src/main/java/software/amazon/awssdk/protocols/query/interceptor/queryparameterstobodyinterceptor.java,QueryParametersToBodyInterceptor,core/protocols/aws-query-protocol/src/main/java/software/amazon/awssdk/protocols/query/interceptor/QueryParametersToBodyInterceptor.java,3,95247959_721.json;95247959_722.json;95247959_723.json,false,error,,,,,,,,,,,,,false,exact_focal_path_not_found,,,,,,,,,false,,repos/successful/95247959,promoted_before_storage_audit
95247959,https://github.com/aws/aws-sdk-java-v2,999ce2f6564ba6615a4b428c26fc1116cf85fbdf,95247959:core/protocols/aws-xml-protocol/src/main/java/software/amazon/awssdk/protocols/xml/internal/unmarshall/awsxmlunmarshallingcontext.java,AwsXmlUnmarshallingContext,core/protocols/aws-xml-protocol/src/main/java/software/amazon/awssdk/protocols/xml/internal/unmarshall/AwsXmlUnmarshallingContext.java,4,95247959_739.json;95247959_740.json;95247959_741.json;95247959_742.json,true,success,,112,679,17,15,13,34,2.0,false,false,false,false,true,,maven,.,core/protocols/aws-xml-protocol,core/protocols/aws-xml-protocol,maven:core/protocols/aws-xml-protocol,,,,false,,repos/successful/95247959,promoted_before_storage_audit
95247959,https://github.com/aws/aws-sdk-java-v2,999ce2f6564ba6615a4b428c26fc1116cf85fbdf,95247959:core/protocols/protocol-core/src/main/java/software/amazon/awssdk/protocols/core/protocolutils.java,ProtocolUtils,core/protocols/protocol-core/src/main/java/software/amazon/awssdk/protocols/core/ProtocolUtils.java,13,95247959_724.json;95247959_725.json;95247959_726.json;95247959_727.json;95247959_728.json;95247959_729.json;95247959_730.json;95247959_731.json;95247959_732.json;95247959_733.json;95247959_734.json;95247959_735.json;95247959_736.json,true,success,,41,297,3,1,6,8,2.6666666666666665,false,false,false,false,true,,maven,.,core/protocols/protocol-core,core/protocols/protocol-core,maven:core/protocols/protocol-core,,,,false,,repos/successful/95247959,promoted_before_storage_audit
95247959,https://github.com/aws/aws-sdk-java-v2,999ce2f6564ba6615a4b428c26fc1116cf85fbdf,95247959:core/regions/src/main/java/software/amazon/awssdk/regions/internal/util/ec2metadatautils.java,EC2MetadataUtils,core/regions/src/main/java/software/amazon/awssdk/regions/internal/util/EC2MetadataUtils.java,7,95247959_776.json;95247959_777.json;95247959_778.json;95247959_779.json;95247959_780.json;95247959_781.json;95247959_782.json,true,success,,509,3129,77,61,9,121,1.5714285714285714,false,false,false,false,false,nloc_out_of_bounds,maven,.,core/regions,core/regions,maven:core/regions,,,,false,,repos/successful/95247959,promoted_before_storage_audit
95247959,https://github.com/aws/aws-sdk-java-v2,999ce2f6564ba6615a4b428c26fc1116cf85fbdf,95247959:core/regions/src/main/java/software/amazon/awssdk/regions/providers/awsprofileregionprovider.java,AwsProfileRegionProvider,core/regions/src/main/java/software/amazon/awssdk/regions/providers/AwsProfileRegionProvider.java,2,95247959_774.json;95247959_775.json,true,success,,30,239,3,1,3,5,1.6666666666666667,false,false,false,false,true,,maven,.,core/regions,core/regions,maven:core/regions,,,,false,,repos/successful/95247959,promoted_before_storage_audit
95247959,https://github.com/aws/aws-sdk-java-v2,999ce2f6564ba6615a4b428c26fc1116cf85fbdf,95247959:core/regions/src/main/java/software/amazon/awssdk/regions/providers/awsregionproviderchain.java,AwsRegionProviderChain,core/regions/src/main/java/software/amazon/awssdk/regions/providers/AwsRegionProviderChain.java,5,95247959_768.json;95247959_769.json;95247959_770.json;95247959_771.json;95247959_772.json,true,success,,41,287,2,1,5,6,3.0,false,false,false,false,true,,maven,.,core/regions,core/regions,maven:core/regions,,,,false,,repos/successful/95247959,promoted_before_storage_audit
95247959,https://github.com/aws/aws-sdk-java-v2,999ce2f6564ba6615a4b428c26fc1116cf85fbdf,95247959:core/regions/src/main/java/software/amazon/awssdk/regions/providers/lazyawsregionprovider.java,LazyAwsRegionProvider,core/regions/src/main/java/software/amazon/awssdk/regions/providers/LazyAwsRegionProvider.java,1,95247959_773.json,true,success,,23,152,3,2,1,3,1.0,false,false,false,false,true,,maven,.,core/regions,core/regions,maven:core/regions,,,,false,,repos/successful/95247959,promoted_before_storage_audit
95247959,https://github.com/aws/aws-sdk-java-v2,999ce2f6564ba6615a4b428c26fc1116cf85fbdf,95247959:core/regions/src/main/java/software/amazon/awssdk/regions/servicemetadata/enhanceds3servicemetadata.java,EnhancedS3ServiceMetadata,core/regions/src/main/java/software/amazon/awssdk/regions/servicemetadata/EnhancedS3ServiceMetadata.java,6,95247959_762.json;95247959_763.json;95247959_764.json;95247959_765.json;95247959_766.json;95247959_767.json,true,success,,89,691,10,5,4,20,2.0,false,false,false,false,true,,maven,.,core/regions,core/regions,maven:core/regions,,,,false,,repos/successful/95247959,promoted_before_storage_audit
95247959,https://github.com/aws/aws-sdk-java-v2,999ce2f6564ba6615a4b428c26fc1116cf85fbdf,95247959:core/sdk-core/src/main/java/software/amazon/awssdk/core/http/crc32validation.java,Crc32Validation,core/sdk-core/src/main/java/software/amazon/awssdk/core/http/Crc32Validation.java,1,95247959_616.json,true,success,,61,471,7,1,5,14,2.0,false,false,false,false,true,,maven,.,core/sdk-core,core/sdk-core,maven:core/sdk-core,,,,false,,repos/successful/95247959,promoted_before_storage_audit
95247959,https://github.com/aws/aws-sdk-java-v2,999ce2f6564ba6615a4b428c26fc1116cf85fbdf,95247959:core/sdk-core/src/main/java/software/amazon/awssdk/core/internal/async/bytearrayasyncrequestbody.java,ByteArrayAsyncRequestBody,core/sdk-core/src/main/java/software/amazon/awssdk/core/internal/async/ByteArrayAsyncRequestBody.java,1,95247959_704.json,false,error,,,,,,,,,,,,,false,exact_focal_path_not_found,,,,,,,,,false,,repos/successful/95247959,promoted_before_storage_audit
95247959,https://github.com/aws/aws-sdk-java-v2,999ce2f6564ba6615a4b428c26fc1116cf85fbdf,95247959:core/sdk-core/src/main/java/software/amazon/awssdk/core/internal/http/loader/cachingsdkhttpserviceprovider.java,CachingSdkHttpServiceProvider,core/sdk-core/src/main/java/software/amazon/awssdk/core/internal/http/loader/CachingSdkHttpServiceProvider.java,2,95247959_684.json;95247959_685.json,true,success,,23,146,2,1,3,4,2.0,false,false,false,false,true,,maven,.,core/sdk-core,core/sdk-core,maven:core/sdk-core,,,,false,,repos/successful/95247959,promoted_before_storage_audit
95247959,https://github.com/aws/aws-sdk-java-v2,999ce2f6564ba6615a4b428c26fc1116cf85fbdf,95247959:core/sdk-core/src/main/java/software/amazon/awssdk/core/internal/http/loader/classpathsdkhttpserviceprovider.java,ClasspathSdkHttpServiceProvider,core/sdk-core/src/main/java/software/amazon/awssdk/core/internal/http/loader/ClasspathSdkHttpServiceProvider.java,3,95247959_686.json;95247959_687.json;95247959_688.json,true,success,,82,601,5,1,3,8,1.6,false,false,false,false,true,,maven,.,core/sdk-core,core/sdk-core,maven:core/sdk-core,,,,false,,repos/successful/95247959,promoted_before_storage_audit
95247959,https://github.com/aws/aws-sdk-java-v2,999ce2f6564ba6615a4b428c26fc1116cf85fbdf,95247959:core/sdk-core/src/main/java/software/amazon/awssdk/core/internal/http/loader/sdkhttpserviceproviderchain.java,SdkHttpServiceProviderChain,core/sdk-core/src/main/java/software/amazon/awssdk/core/internal/http/loader/SdkHttpServiceProviderChain.java,2,95247959_682.json;95247959_683.json,true,success,,22,160,2,1,1,2,1.0,false,false,false,false,true,,maven,.,core/sdk-core,core/sdk-core,maven:core/sdk-core,,,,false,,repos/successful/95247959,promoted_before_storage_audit
95247959,https://github.com/aws/aws-sdk-java-v2,999ce2f6564ba6615a4b428c26fc1116cf85fbdf,95247959:core/sdk-core/src/main/java/software/amazon/awssdk/core/internal/http/loader/systempropertyhttpserviceprovider.java,SystemPropertyHttpServiceProvider,core/sdk-core/src/main/java/software/amazon/awssdk/core/internal/http/loader/SystemPropertyHttpServiceProvider.java,5,95247959_677.json;95247959_678.json;95247959_679.json;95247959_680.json;95247959_681.json,true,success,,42,298,5,1,2,6,1.2,false,false,false,false,true,,maven,.,core/sdk-core,core/sdk-core,maven:core/sdk-core,,,,false,,repos/successful/95247959,promoted_before_storage_audit
95247959,https://github.com/aws/aws-sdk-java-v2,999ce2f6564ba6615a4b428c26fc1116cf85fbdf,95247959:core/sdk-core/src/main/java/software/amazon/awssdk/core/internal/http/pipeline/stages/apicallattempttimeouttrackingstage.java,ApiCallAttemptTimeoutTrackingStage,core/sdk-core/src/main/java/software/amazon/awssdk/core/internal/http/pipeline/stages/ApiCallAttemptTimeoutTrackingStage.java,2,95247959_667.json;95247959_668.json,true,success,,84,730,5,1,4,13,2.6,false,false,false,false,true,,maven,.,core/sdk-core,core/sdk-core,maven:core/sdk-core,,,,false,,repos/successful/95247959,promoted_before_storage_audit
95247959,https://github.com/aws/aws-sdk-java-v2,999ce2f6564ba6615a4b428c26fc1116cf85fbdf,95247959:core/sdk-core/src/main/java/software/amazon/awssdk/core/internal/http/pipeline/stages/apicalltimeouttrackingstage.java,ApiCallTimeoutTrackingStage,core/sdk-core/src/main/java/software/amazon/awssdk/core/internal/http/pipeline/stages/ApiCallTimeoutTrackingStage.java,2,95247959_675.json;95247959_676.json,true,success,,89,769,7,1,3,14,2.0,false,false,false,false,true,,maven,.,core/sdk-core,core/sdk-core,maven:core/sdk-core,,,,false,,repos/successful/95247959,promoted_before_storage_audit
95247959,https://github.com/aws/aws-sdk-java-v2,999ce2f6564ba6615a4b428c26fc1116cf85fbdf,95247959:core/sdk-core/src/main/java/software/amazon/awssdk/core/internal/http/pipeline/stages/asyncapicalltimeouttrackingstage.java,AsyncApiCallTimeoutTrackingStage,core/sdk-core/src/main/java/software/amazon/awssdk/core/internal/http/pipeline/stages/AsyncApiCallTimeoutTrackingStage.java,1,95247959_669.json,true,success,,51,493,2,1,2,3,1.5,false,false,false,false,true,,maven,.,core/sdk-core,core/sdk-core,maven:core/sdk-core,,,,false,,repos/successful/95247959,promoted_before_storage_audit
95247959,https://github.com/aws/aws-sdk-java-v2,999ce2f6564ba6615a4b428c26fc1116cf85fbdf,95247959:core/sdk-core/src/main/java/software/amazon/awssdk/core/internal/http/pipeline/stages/makeasynchttprequeststage.java,MakeAsyncHttpRequestStage,core/sdk-core/src/main/java/software/amazon/awssdk/core/internal/http/pipeline/stages/MakeAsyncHttpRequestStage.java,3,95247959_651.json;95247959_652.json;95247959_653.json,true,success,,254,2076,19,7,5,32,1.6842105263157894,false,false,false,false,true,,maven,.,core/sdk-core,core/sdk-core,maven:core/sdk-core,,,,false,,repos/successful/95247959,promoted_before_storage_audit
95247959,https://github.com/aws/aws-sdk-java-v2,999ce2f6564ba6615a4b428c26fc1116cf85fbdf,95247959:core/sdk-core/src/main/java/software/amazon/awssdk/core/internal/http/pipeline/stages/makehttprequeststage.java,MakeHttpRequestStage,core/sdk-core/src/main/java/software/amazon/awssdk/core/internal/http/pipeline/stages/MakeHttpRequestStage.java,1,95247959_650.json,true,success,,104,962,6,1,3,10,1.6666666666666667,false,false,false,false,true,,maven,.,core/sdk-core,core/sdk-core,maven:core/sdk-core,,,,false,,repos/successful/95247959,promoted_before_storage_audit
95247959,https://github.com/aws/aws-sdk-java-v2,999ce2f6564ba6615a4b428c26fc1116cf85fbdf,95247959:core/sdk-core/src/main/java/software/amazon/awssdk/core/internal/http/pipeline/stages/mergecustomheadersstage.java,MergeCustomHeadersStage,core/sdk-core/src/main/java/software/amazon/awssdk/core/internal/http/pipeline/stages/MergeCustomHeadersStage.java,5,95247959_670.json;95247959_671.json;95247959_672.json;95247959_673.json;95247959_674.json,true,success,,38,313,3,1,3,5,1.6666666666666667,false,false,false,false,true,,maven,.,core/sdk-core,core/sdk-core,maven:core/sdk-core,,,,false,,repos/successful/95247959,promoted_before_storage_audit
95247959,https://github.com/aws/aws-sdk-java-v2,999ce2f6564ba6615a4b428c26fc1116cf85fbdf,95247959:core/sdk-core/src/main/java/software/amazon/awssdk/core/internal/http/pipeline/stages/timeoutexceptionhandlingstage.java,TimeoutExceptionHandlingStage,core/sdk-core/src/main/java/software/amazon/awssdk/core/internal/http/pipeline/stages/TimeoutExceptionHandlingStage.java,13,95247959_654.json;95247959_655.json;95247959_656.json;95247959_657.json;95247959_658.json;95247959_659.json;95247959_660.json;95247959_661.json;95247959_662.json;95247959_663.json;95247959_664.json;95247959_665.json;95247959_666.json,true,success,,76,632,7,1,7,18,2.5714285714285716,false,false,false,false,true,,maven,.,core/sdk-core,core/sdk-core,maven:core/sdk-core,,,,false,,repos/successful/95247959,promoted_before_storage_audit
95247959,https://github.com/aws/aws-sdk-java-v2,999ce2f6564ba6615a4b428c26fc1116cf85fbdf,95247959:core/sdk-core/src/main/java/software/amazon/awssdk/core/internal/retry/clockskewadjuster.java,ClockSkewAdjuster,core/sdk-core/src/main/java/software/amazon/awssdk/core/internal/retry/ClockSkewAdjuster.java,3,95247959_705.json;95247959_706.json;95247959_707.json,true,success,,31,255,2,2,2,3,1.5,false,false,false,false,true,,maven,.,core/sdk-core,core/sdk-core,maven:core/sdk-core,,,,false,,repos/successful/95247959,promoted_before_storage_audit
95247959,https://github.com/aws/aws-sdk-java-v2,999ce2f6564ba6615a4b428c26fc1116cf85fbdf,95247959:core/sdk-core/src/main/java/software/amazon/awssdk/core/internal/sync/filecontentstreamprovider.java,FileContentStreamProvider,core/sdk-core/src/main/java/software/amazon/awssdk/core/internal/sync/FileContentStreamProvider.java,1,95247959_708.json,true,success,,31,182,4,2,2,5,1.25,false,false,false,false,true,,maven,.,core/sdk-core,core/sdk-core,maven:core/sdk-core,,,,false,,repos/successful/95247959,promoted_before_storage_audit
95247959,https://github.com/aws/aws-sdk-java-v2,999ce2f6564ba6615a4b428c26fc1116cf85fbdf,95247959:core/sdk-core/src/main/java/software/amazon/awssdk/core/internal/util/metricutils.java,MetricUtils,core/sdk-core/src/main/java/software/amazon/awssdk/core/internal/util/MetricUtils.java,5,95247959_689.json;95247959_690.json;95247959_691.json;95247959_692.json;95247959_693.json,true,success,,125,1073,14,13,5,27,1.9285714285714286,false,false,false,false,true,,maven,.,core/sdk-core,core/sdk-core,maven:core/sdk-core,,,,false,,repos/successful/95247959,promoted_before_storage_audit
95247959,https://github.com/aws/aws-sdk-java-v2,999ce2f6564ba6615a4b428c26fc1116cf85fbdf,95247959:core/sdk-core/src/main/java/software/amazon/awssdk/core/internal/util/mimetype.java,Mimetype,core/sdk-core/src/main/java/software/amazon/awssdk/core/internal/util/Mimetype.java,5,95247959_694.json;95247959_695.json;95247959_696.json;95247959_697.json;95247959_698.json,true,success,,89,650,6,3,4,15,2.5,false,false,false,false,true,,maven,.,core/sdk-core,core/sdk-core,maven:core/sdk-core,,,,false,,repos/successful/95247959,promoted_before_storage_audit
95247959,https://github.com/aws/aws-sdk-java-v2,999ce2f6564ba6615a4b428c26fc1116cf85fbdf,95247959:core/sdk-core/src/main/java/software/amazon/awssdk/core/internal/util/useragentutils.java,UserAgentUtils,core/sdk-core/src/main/java/software/amazon/awssdk/core/internal/util/UserAgentUtils.java,3,95247959_699.json;95247959_700.json;95247959_701.json,false,error,,,,,,,,,,,,,false,exact_focal_path_not_found,,,,,,,,,false,,repos/successful/95247959,promoted_before_storage_audit
95247959,https://github.com/aws/aws-sdk-java-v2,999ce2f6564ba6615a4b428c26fc1116cf85fbdf,95247959:core/sdk-core/src/main/java/software/amazon/awssdk/core/internal/waiters/defaultwaiterresponse.java,DefaultWaiterResponse,core/sdk-core/src/main/java/software/amazon/awssdk/core/internal/waiters/DefaultWaiterResponse.java,1,95247959_649.json,true,success,,90,589,12,10,6,20,1.6666666666666667,false,false,false,false,true,,maven,.,core/sdk-core,core/sdk-core,maven:core/sdk-core,,,,false,,repos/successful/95247959,promoted_before_storage_audit
95247959,https://github.com/aws/aws-sdk-java-v2,999ce2f6564ba6615a4b428c26fc1116cf85fbdf,95247959:core/sdk-core/src/main/java/software/amazon/awssdk/core/requestoverrideconfiguration.java,RequestOverrideConfiguration,core/sdk-core/src/main/java/software/amazon/awssdk/core/RequestOverrideConfiguration.java,6,95247959_635.json;95247959_636.json;95247959_637.json;95247959_638.json;95247959_639.json;95247959_640.json,true,success,,382,2659,57,53,15,71,1.2456140350877194,false,false,false,false,true,,maven,.,core/sdk-core,core/sdk-core,maven:core/sdk-core,,,,false,,repos/successful/95247959,promoted_before_storage_audit
95247959,https://github.com/aws/aws-sdk-java-v2,999ce2f6564ba6615a4b428c26fc1116cf85fbdf,95247959:core/sdk-core/src/main/java/software/amazon/awssdk/core/retry/retrypolicycontext.java,RetryPolicyContext,core/sdk-core/src/main/java/software/amazon/awssdk/core/retry/RetryPolicyContext.java,3,95247959_646.json;95247959_647.json;95247959_648.json,true,success,,103,567,19,16,1,19,1.0,false,false,false,false,true,,maven,.,core/sdk-core,core/sdk-core,maven:core/sdk-core,,,,false,,repos/successful/95247959,promoted_before_storage_audit
95247959,https://github.com/aws/aws-sdk-java-v2,999ce2f6564ba6615a4b428c26fc1116cf85fbdf,95247959:core/sdk-core/src/main/java/software/amazon/awssdk/core/runtime/transform/asyncstreamingrequestmarshaller.java,AsyncStreamingRequestMarshaller,core/sdk-core/src/main/java/software/amazon/awssdk/core/runtime/transform/AsyncStreamingRequestMarshaller.java,5,95247959_641.json;95247959_642.json;95247959_643.json;95247959_644.json;95247959_645.json,true,success,,38,292,5,4,2,6,1.2,false,false,false,false,true,,maven,.,core/sdk-core,core/sdk-core,maven:core/sdk-core,,,,false,,repos/successful/95247959,promoted_before_storage_audit
95247959,https://github.com/aws/aws-sdk-java-v2,999ce2f6564ba6615a4b428c26fc1116cf85fbdf,95247959:core/sdk-core/src/main/java/software/amazon/awssdk/core/util/defaultsdkautoconstructlist.java,DefaultSdkAutoConstructList,core/sdk-core/src/main/java/software/amazon/awssdk/core/util/DefaultSdkAutoConstructList.java,3,95247959_620.json;95247959_621.json;95247959_622.json,true,success,,127,686,29,27,1,29,1.0,false,false,false,false,true,,maven,.,core/sdk-core,core/sdk-core,maven:core/sdk-core,,,,false,,repos/successful/95247959,promoted_before_storage_audit
95247959,https://github.com/aws/aws-sdk-java-v2,999ce2f6564ba6615a4b428c26fc1116cf85fbdf,95247959:core/sdk-core/src/main/java/software/amazon/awssdk/core/util/defaultsdkautoconstructmap.java,DefaultSdkAutoConstructMap,core/sdk-core/src/main/java/software/amazon/awssdk/core/util/DefaultSdkAutoConstructMap.java,3,95247959_623.json;95247959_624.json;95247959_625.json,true,success,,82,445,18,16,1,18,1.0,false,false,false,false,true,,maven,.,core/sdk-core,core/sdk-core,maven:core/sdk-core,,,,false,,repos/successful/95247959,promoted_before_storage_audit
95247959,https://github.com/aws/aws-sdk-java-v2,999ce2f6564ba6615a4b428c26fc1116cf85fbdf,95247959:core/sdk-core/src/main/java/software/amazon/awssdk/core/util/idempotentutils.java,IdempotentUtils,core/sdk-core/src/main/java/software/amazon/awssdk/core/util/IdempotentUtils.java,3,95247959_617.json;95247959_618.json;95247959_619.json,true,success,,24,146,4,3,2,5,1.25,false,false,false,false,true,,maven,.,core/sdk-core,core/sdk-core,maven:core/sdk-core,,,,false,,repos/successful/95247959,promoted_before_storage_audit
95247959,https://github.com/aws/aws-sdk-java-v2,999ce2f6564ba6615a4b428c26fc1116cf85fbdf,95247959:core/sdk-core/src/main/java/software/amazon/awssdk/core/util/paginatorutils.java,PaginatorUtils,core/sdk-core/src/main/java/software/amazon/awssdk/core/util/PaginatorUtils.java,9,95247959_626.json;95247959_627.json;95247959_628.json;95247959_629.json;95247959_630.json;95247959_631.json;95247959_632.json;95247959_633.json;95247959_634.json,true,success,,24,140,2,1,5,6,3.0,false,false,false,false,true,,maven,.,core/sdk-core,core/sdk-core,maven:core/sdk-core,,,,false,,repos/successful/95247959,promoted_before_storage_audit
95247959,https://github.com/aws/aws-sdk-java-v2,999ce2f6564ba6615a4b428c26fc1116cf85fbdf,95247959:http-client-spi/src/main/java/software/amazon/awssdk/http/filestoretlskeymanagersprovider.java,FileStoreTlsKeyManagersProvider,http-client-spi/src/main/java/software/amazon/awssdk/http/FileStoreTlsKeyManagersProvider.java,4,95247959_570.json;95247959_571.json;95247959_572.json;95247959_573.json,true,success,,33,269,3,2,2,5,1.6666666666666667,false,false,false,false,true,,maven,.,http-client-spi,http-client-spi,maven:http-client-spi,,,,false,,repos/successful/95247959,promoted_before_storage_audit
95247959,https://github.com/aws/aws-sdk-java-v2,999ce2f6564ba6615a4b428c26fc1116cf85fbdf,95247959:http-client-spi/src/main/java/software/amazon/awssdk/http/systempropertytlskeymanagersprovider.java,SystemPropertyTlsKeyManagersProvider,http-client-spi/src/main/java/software/amazon/awssdk/http/SystemPropertyTlsKeyManagersProvider.java,6,95247959_564.json;95247959_565.json;95247959_566.json;95247959_567.json;95247959_568.json;95247959_569.json,true,success,,48,370,6,2,2,7,1.1666666666666667,false,false,false,false,true,,maven,.,http-client-spi,http-client-spi,maven:http-client-spi,,,,false,,repos/successful/95247959,promoted_before_storage_audit
95247959,https://github.com/aws/aws-sdk-java-v2,999ce2f6564ba6615a4b428c26fc1116cf85fbdf,95247959:http-clients/apache-client/src/main/java/software/amazon/awssdk/http/apache/apachehttpclient.java,ApacheHttpClient,http-clients/apache-client/src/main/java/software/amazon/awssdk/http/apache/ApacheHttpClient.java,3,95247959_941.json;95247959_942.json;95247959_943.json,true,success,,519,3636,69,48,7,89,1.289855072463768,false,false,false,false,false,nloc_out_of_bounds,maven,.,http-clients/apache-client,http-clients/apache-client,maven:http-clients/apache-client,,,,false,,repos/successful/95247959,promoted_before_storage_audit
95247959,https://github.com/aws/aws-sdk-java-v2,999ce2f6564ba6615a4b428c26fc1116cf85fbdf,95247959:http-clients/apache-client/src/main/java/software/amazon/awssdk/http/apache/internal/conn/clientconnectionmanagerfactory.java,ClientConnectionManagerFactory,http-clients/apache-client/src/main/java/software/amazon/awssdk/http/apache/internal/conn/ClientConnectionManagerFactory.java,2,95247959_949.json;95247959_950.json,true,success,,69,429,13,10,2,14,1.0769230769230769,false,false,false,false,true,,maven,.,http-clients/apache-client,http-clients/apache-client,maven:http-clients/apache-client,,,,false,,repos/successful/95247959,promoted_before_storage_audit
95247959,https://github.com/aws/aws-sdk-java-v2,999ce2f6564ba6615a4b428c26fc1116cf85fbdf,95247959:http-clients/apache-client/src/main/java/software/amazon/awssdk/http/apache/internal/conn/idleconnectionreaper.java,IdleConnectionReaper,http-clients/apache-client/src/main/java/software/amazon/awssdk/http/apache/internal/conn/IdleConnectionReaper.java,1,95247959_944.json,true,success,,106,664,10,4,5,17,1.7,false,false,false,false,true,,maven,.,http-clients/apache-client,http-clients/apache-client,maven:http-clients/apache-client,,,,false,,repos/successful/95247959,promoted_before_storage_audit
95247959,https://github.com/aws/aws-sdk-java-v2,999ce2f6564ba6615a4b428c26fc1116cf85fbdf,95247959:http-clients/apache-client/src/main/java/software/amazon/awssdk/http/apache/internal/conn/sdktlssocketfactory.java,SdkTlsSocketFactory,http-clients/apache-client/src/main/java/software/amazon/awssdk/http/apache/internal/conn/SdkTlsSocketFactory.java,4,95247959_945.json;95247959_946.json;95247959_947.json;95247959_948.json,true,success,,47,388,3,1,2,5,1.6666666666666667,false,false,false,false,true,,maven,.,http-clients/apache-client,http-clients/apache-client,maven:http-clients/apache-client,,,,false,,repos/successful/95247959,promoted_before_storage_audit
95247959,https://github.com/aws/aws-sdk-java-v2,999ce2f6564ba6615a4b428c26fc1116cf85fbdf,95247959:http-clients/apache-client/src/main/java/software/amazon/awssdk/http/apache/internal/impl/apachehttprequestfactory.java,ApacheHttpRequestFactory,http-clients/apache-client/src/main/java/software/amazon/awssdk/http/apache/internal/impl/ApacheHttpRequestFactory.java,2,95247959_951.json;95247959_952.json,true,success,,119,1068,7,1,8,25,3.5714285714285716,false,false,false,false,true,,maven,.,http-clients/apache-client,http-clients/apache-client,maven:http-clients/apache-client,,,,false,,repos/successful/95247959,promoted_before_storage_audit
95247959,https://github.com/aws/aws-sdk-java-v2,999ce2f6564ba6615a4b428c26fc1116cf85fbdf,95247959:http-clients/aws-crt-client/src/main/java/software/amazon/awssdk/http/crt/internal/crtrequestexecutor.java,CrtRequestExecutor,http-clients/aws-crt-client/src/main/java/software/amazon/awssdk/http/crt/internal/CrtRequestExecutor.java,4,95247959_937.json;95247959_938.json;95247959_939.json;95247959_940.json,true,success,,60,480,2,1,9,11,5.5,false,false,false,false,true,,maven,.,http-clients/aws-crt-client,http-clients/aws-crt-client,maven:http-clients/aws-crt-client,,,,false,,repos/successful/95247959,promoted_before_storage_audit
95247959,https://github.com/aws/aws-sdk-java-v2,999ce2f6564ba6615a4b428c26fc1116cf85fbdf,95247959:http-clients/aws-crt-client/src/main/java/software/amazon/awssdk/http/crt/proxyconfiguration.java,ProxyConfiguration,http-clients/aws-crt-client/src/main/java/software/amazon/awssdk/http/crt/ProxyConfiguration.java,2,95247959_935.json;95247959_936.json,true,success,,55,308,6,9,1,6,1.0,false,false,false,false,true,,maven,.,http-clients/aws-crt-client,http-clients/aws-crt-client,maven:http-clients/aws-crt-client,,,,false,,repos/successful/95247959,promoted_before_storage_audit
95247959,https://github.com/aws/aws-sdk-java-v2,999ce2f6564ba6615a4b428c26fc1116cf85fbdf,95247959:http-clients/netty-nio-client/src/main/java/software/amazon/awssdk/http/nio/netty/internal/handlerremovingchannelpool.java,HandlerRemovingChannelPool,http-clients/netty-nio-client/src/main/java/software/amazon/awssdk/http/nio/netty/internal/HandlerRemovingChannelPool.java,2,95247959_861.json;95247959_862.json,false,error,,,,,,,,,,,,,false,exact_focal_path_not_found,,,,,,,,,false,,repos/successful/95247959,promoted_before_storage_audit
95247959,https://github.com/aws/aws-sdk-java-v2,999ce2f6564ba6615a4b428c26fc1116cf85fbdf,95247959:http-clients/netty-nio-client/src/main/java/software/amazon/awssdk/http/nio/netty/internal/lasthttpcontenthandler.java,LastHttpContentHandler,http-clients/netty-nio-client/src/main/java/software/amazon/awssdk/http/nio/netty/internal/LastHttpContentHandler.java,2,95247959_907.json;95247959_908.json,false,error,,,,,,,,,,,,,false,exact_focal_path_not_found,,,,,,,,,false,,repos/successful/95247959,promoted_before_storage_audit
95247959,https://github.com/aws/aws-sdk-java-v2,999ce2f6564ba6615a4b428c26fc1116cf85fbdf,95247959:http-clients/netty-nio-client/src/main/java/software/amazon/awssdk/http/nio/netty/internal/statickeymanagerfactoryspi.java,StaticKeyManagerFactorySpi,http-clients/netty-nio-client/src/main/java/software/amazon/awssdk/http/nio/netty/internal/StaticKeyManagerFactorySpi.java,4,95247959_912.json;95247959_913.json;95247959_914.json;95247959_915.json,true,success,,28,184,4,0,1,4,1.0,false,false,false,false,false,no_public_non_constructor_method,maven,.,http-clients/netty-nio-client,http-clients/netty-nio-client,maven:http-clients/netty-nio-client,,,,false,,repos/successful/95247959,promoted_before_storage_audit
95247959,https://github.com/aws/aws-sdk-java-v2,999ce2f6564ba6615a4b428c26fc1116cf85fbdf,95247959:http-clients/netty-nio-client/src/main/java/software/amazon/awssdk/http/nio/netty/internal/utils/socketchannelresolver.java,SocketChannelResolver,http-clients/netty-nio-client/src/main/java/software/amazon/awssdk/http/nio/netty/internal/utils/SocketChannelResolver.java,4,95247959_884.json;95247959_885.json;95247959_886.json;95247959_887.json,false,error,,,,,,,,,,,,,false,exact_focal_path_not_found,,,,,,,,,false,,repos/successful/95247959,promoted_before_storage_audit
95247959,https://github.com/aws/aws-sdk-java-v2,999ce2f6564ba6615a4b428c26fc1116cf85fbdf,95247959:metric-publishers/cloudwatch-metric-publisher/src/main/java/software/amazon/awssdk/metrics/publishers/cloudwatch/cloudwatchmetricpublisher.java,CloudWatchMetricPublisher,metric-publishers/cloudwatch-metric-publisher/src/main/java/software/amazon/awssdk/metrics/publishers/cloudwatch/CloudWatchMetricPublisher.java,3,95247959_561.json;95247959_562.json;95247959_563.json,true,success,,244,1858,33,17,5,52,1.5757575757575757,false,false,false,false,true,,maven,.,metric-publishers/cloudwatch-metric-publisher,metric-publishers/cloudwatch-metric-publisher,maven:metric-publishers/cloudwatch-metric-publisher,,,,false,,repos/successful/95247959,promoted_before_storage_audit
95247959,https://github.com/aws/aws-sdk-java-v2,999ce2f6564ba6615a4b428c26fc1116cf85fbdf,95247959:metric-publishers/cloudwatch-metric-publisher/src/main/java/software/amazon/awssdk/metrics/publishers/cloudwatch/internal/metricuploader.java,MetricUploader,metric-publishers/cloudwatch-metric-publisher/src/main/java/software/amazon/awssdk/metrics/publishers/cloudwatch/internal/MetricUploader.java,4,95247959_557.json;95247959_558.json;95247959_559.json;95247959_560.json,true,success,,40,295,5,2,2,7,1.4,false,false,false,false,true,,maven,.,metric-publishers/cloudwatch-metric-publisher,metric-publishers/cloudwatch-metric-publisher,maven:metric-publishers/cloudwatch-metric-publisher,,,,false,,repos/successful/95247959,promoted_before_storage_audit
95247959,https://github.com/aws/aws-sdk-java-v2,999ce2f6564ba6615a4b428c26fc1116cf85fbdf,95247959:metric-publishers/cloudwatch-metric-publisher/src/main/java/software/amazon/awssdk/metrics/publishers/cloudwatch/internal/task/uploadmetricstasks.java,UploadMetricsTasks,metric-publishers/cloudwatch-metric-publisher/src/main/java/software/amazon/awssdk/metrics/publishers/cloudwatch/internal/task/UploadMetricsTasks.java,1,95247959_556.json,true,success,,41,314,2,1,3,4,2.0,false,false,false,false,true,,maven,.,metric-publishers/cloudwatch-metric-publisher,metric-publishers/cloudwatch-metric-publisher,maven:metric-publishers/cloudwatch-metric-publisher,,,,false,,repos/successful/95247959,promoted_before_storage_audit
95247959,https://github.com/aws/aws-sdk-java-v2,999ce2f6564ba6615a4b428c26fc1116cf85fbdf,95247959:metric-publishers/cloudwatch-metric-publisher/src/main/java/software/amazon/awssdk/metrics/publishers/cloudwatch/internal/transform/metriccollectionaggregator.java,MetricCollectionAggregator,metric-publishers/cloudwatch-metric-publisher/src/main/java/software/amazon/awssdk/metrics/publishers/cloudwatch/internal/transform/MetricCollectionAggregator.java,2,95247959_554.json;95247959_555.json,true,success,,136,1048,9,2,7,15,1.6666666666666667,false,false,true,false,false,is_generated_code,maven,.,metric-publishers/cloudwatch-metric-publisher,metric-publishers/cloudwatch-metric-publisher,maven:metric-publishers/cloudwatch-metric-publisher,,,,false,,repos/successful/95247959,promoted_before_storage_audit
95247959,https://github.com/aws/aws-sdk-java-v2,999ce2f6564ba6615a4b428c26fc1116cf85fbdf,95247959:services-custom/dynamodb-enhanced/src/main/java/software/amazon/awssdk/enhanced/dynamodb/enhancedtype.java,EnhancedType,services-custom/dynamodb-enhanced/src/main/java/software/amazon/awssdk/enhanced/dynamodb/EnhancedType.java,4,95247959_165.json;95247959_166.json;95247959_167.json;95247959_168.json,true,success,,264,2420,43,33,11,68,1.5813953488372092,false,false,false,false,true,,maven,.,services-custom/dynamodb-enhanced,services-custom/dynamodb-enhanced,maven:services-custom/dynamodb-enhanced,8,D:/material/SWT301/rsbln/New folder/data_v3/repos/working/95247959/pom.xml,8,false,,repos/successful/95247959,promoted_before_storage_audit
95247959,https://github.com/aws/aws-sdk-java-v2,999ce2f6564ba6615a4b428c26fc1116cf85fbdf,95247959:services-custom/dynamodb-enhanced/src/main/java/software/amazon/awssdk/enhanced/dynamodb/expression.java,Expression,services-custom/dynamodb-enhanced/src/main/java/software/amazon/awssdk/enhanced/dynamodb/Expression.java,5,95247959_409.json;95247959_410.json;95247959_411.json;95247959_412.json;95247959_413.json,true,success,,251,1729,28,26,9,69,2.4642857142857144,false,false,false,false,true,,maven,.,services-custom/dynamodb-enhanced,services-custom/dynamodb-enhanced,maven:services-custom/dynamodb-enhanced,8,D:/material/SWT301/rsbln/New folder/data_v3/repos/working/95247959/pom.xml,8,false,,repos/successful/95247959,promoted_before_storage_audit
95247959,https://github.com/aws/aws-sdk-java-v2,999ce2f6564ba6615a4b428c26fc1116cf85fbdf,95247959:services-custom/dynamodb-enhanced/src/main/java/software/amazon/awssdk/enhanced/dynamodb/extensions/versionedrecordextension.java,VersionedRecordExtension,services-custom/dynamodb-enhanced/src/main/java/software/amazon/awssdk/enhanced/dynamodb/extensions/VersionedRecordExtension.java,1,95247959_408.json,true,success,,166,1224,13,8,7,30,2.3076923076923075,false,false,false,false,true,,maven,.,services-custom/dynamodb-enhanced,services-custom/dynamodb-enhanced,maven:services-custom/dynamodb-enhanced,8,D:/material/SWT301/rsbln/New folder/data_v3/repos/working/95247959/pom.xml,8,false,,repos/successful/95247959,promoted_before_storage_audit
95247959,https://github.com/aws/aws-sdk-java-v2,999ce2f6564ba6615a4b428c26fc1116cf85fbdf,95247959:services-custom/dynamodb-enhanced/src/main/java/software/amazon/awssdk/enhanced/dynamodb/internal/applyuseragentinterceptor.java,ApplyUserAgentInterceptor,services-custom/dynamodb-enhanced/src/main/java/software/amazon/awssdk/enhanced/dynamodb/internal/ApplyUserAgentInterceptor.java,2,95247959_362.json;95247959_363.json,true,success,,35,310,1,1,2,2,2.0,false,false,false,false,true,,maven,.,services-custom/dynamodb-enhanced,services-custom/dynamodb-enhanced,maven:services-custom/dynamodb-enhanced,8,D:/material/SWT301/rsbln/New folder/data_v3/repos/working/95247959/pom.xml,8,false,,repos/successful/95247959,promoted_before_storage_audit
95247959,https://github.com/aws/aws-sdk-java-v2,999ce2f6564ba6615a4b428c26fc1116cf85fbdf,95247959:services-custom/dynamodb-enhanced/src/main/java/software/amazon/awssdk/enhanced/dynamodb/internal/client/defaultdynamodbasyncindex.java,DefaultDynamoDbAsyncIndex,services-custom/dynamodb-enhanced/src/main/java/software/amazon/awssdk/enhanced/dynamodb/internal/client/DefaultDynamoDbAsyncIndex.java,2,95247959_394.json;95247959_395.json,true,success,,122,957,15,14,13,32,2.1333333333333333,false,false,false,false,true,,maven,.,services-custom/dynamodb-enhanced,services-custom/dynamodb-enhanced,maven:services-custom/dynamodb-enhanced,8,D:/material/SWT301/rsbln/New folder/data_v3/repos/working/95247959/pom.xml,8,false,,repos/successful/95247959,promoted_before_storage_audit
95247959,https://github.com/aws/aws-sdk-java-v2,999ce2f6564ba6615a4b428c26fc1116cf85fbdf,95247959:services-custom/dynamodb-enhanced/src/main/java/software/amazon/awssdk/enhanced/dynamodb/internal/client/defaultdynamodbasynctable.java,DefaultDynamoDbAsyncTable,services-custom/dynamodb-enhanced/src/main/java/software/amazon/awssdk/enhanced/dynamodb/internal/client/DefaultDynamoDbAsyncTable.java,4,95247959_396.json;95247959_397.json;95247959_398.json;95247959_399.json,true,success,,294,2563,42,41,11,72,1.7142857142857142,false,false,false,false,true,,maven,.,services-custom/dynamodb-enhanced,services-custom/dynamodb-enhanced,maven:services-custom/dynamodb-enhanced,8,D:/material/SWT301/rsbln/New folder/data_v3/repos/working/95247959/pom.xml,8,false,,repos/successful/95247959,promoted_before_storage_audit
95247959,https://github.com/aws/aws-sdk-java-v2,999ce2f6564ba6615a4b428c26fc1116cf85fbdf,95247959:services-custom/dynamodb-enhanced/src/main/java/software/amazon/awssdk/enhanced/dynamodb/internal/client/defaultdynamodbenhancedasyncclient.java,DefaultDynamoDbEnhancedAsyncClient,services-custom/dynamodb-enhanced/src/main/java/software/amazon/awssdk/enhanced/dynamodb/internal/client/DefaultDynamoDbEnhancedAsyncClient.java,2,95247959_378.json;95247959_379.json,true,success,,157,1164,22,21,7,31,1.4090909090909092,false,false,false,false,true,,maven,.,services-custom/dynamodb-enhanced,services-custom/dynamodb-enhanced,maven:services-custom/dynamodb-enhanced,8,D:/material/SWT301/rsbln/New folder/data_v3/repos/working/95247959/pom.xml,8,false,,repos/successful/95247959,promoted_before_storage_audit
95247959,https://github.com/aws/aws-sdk-java-v2,999ce2f6564ba6615a4b428c26fc1116cf85fbdf,95247959:services-custom/dynamodb-enhanced/src/main/java/software/amazon/awssdk/enhanced/dynamodb/internal/client/defaultdynamodbenhancedclient.java,DefaultDynamoDbEnhancedClient,services-custom/dynamodb-enhanced/src/main/java/software/amazon/awssdk/enhanced/dynamodb/internal/client/DefaultDynamoDbEnhancedClient.java,2,95247959_388.json;95247959_389.json,true,success,,155,1126,22,21,7,31,1.4090909090909092,false,false,false,false,true,,maven,.,services-custom/dynamodb-enhanced,services-custom/dynamodb-enhanced,maven:services-custom/dynamodb-enhanced,8,D:/material/SWT301/rsbln/New folder/data_v3/repos/working/95247959/pom.xml,8,false,,repos/successful/95247959,promoted_before_storage_audit
95247959,https://github.com/aws/aws-sdk-java-v2,999ce2f6564ba6615a4b428c26fc1116cf85fbdf,95247959:services-custom/dynamodb-enhanced/src/main/java/software/amazon/awssdk/enhanced/dynamodb/internal/client/defaultdynamodbindex.java,DefaultDynamoDbIndex,services-custom/dynamodb-enhanced/src/main/java/software/amazon/awssdk/enhanced/dynamodb/internal/client/DefaultDynamoDbIndex.java,2,95247959_380.json;95247959_381.json,true,success,,121,958,15,14,13,32,2.1333333333333333,false,false,false,false,true,,maven,.,services-custom/dynamodb-enhanced,services-custom/dynamodb-enhanced,maven:services-custom/dynamodb-enhanced,8,D:/material/SWT301/rsbln/New folder/data_v3/repos/working/95247959/pom.xml,8,false,,repos/successful/95247959,promoted_before_storage_audit
95247959,https://github.com/aws/aws-sdk-java-v2,999ce2f6564ba6615a4b428c26fc1116cf85fbdf,95247959:services-custom/dynamodb-enhanced/src/main/java/software/amazon/awssdk/enhanced/dynamodb/internal/client/defaultdynamodbtable.java,DefaultDynamoDbTable,services-custom/dynamodb-enhanced/src/main/java/software/amazon/awssdk/enhanced/dynamodb/internal/client/DefaultDynamoDbTable.java,4,95247959_390.json;95247959_391.json;95247959_392.json;95247959_393.json,true,success,,290,2438,42,41,11,72,1.7142857142857142,false,false,false,false,true,,maven,.,services-custom/dynamodb-enhanced,services-custom/dynamodb-enhanced,maven:services-custom/dynamodb-enhanced,8,D:/material/SWT301/rsbln/New folder/data_v3/repos/working/95247959/pom.xml,8,false,,repos/successful/95247959,promoted_before_storage_audit
95247959,https://github.com/aws/aws-sdk-java-v2,999ce2f6564ba6615a4b428c26fc1116cf85fbdf,95247959:services-custom/dynamodb-enhanced/src/main/java/software/amazon/awssdk/enhanced/dynamodb/internal/client/extensionresolver.java,ExtensionResolver,services-custom/dynamodb-enhanced/src/main/java/software/amazon/awssdk/enhanced/dynamodb/internal/client/ExtensionResolver.java,6,95247959_382.json;95247959_383.json;95247959_384.json;95247959_385.json;95247959_386.json;95247959_387.json,true,success,,31,236,3,2,4,6,2.0,false,false,false,false,true,,maven,.,services-custom/dynamodb-enhanced,services-custom/dynamodb-enhanced,maven:services-custom/dynamodb-enhanced,8,D:/material/SWT301/rsbln/New folder/data_v3/repos/working/95247959/pom.xml,8,false,,repos/successful/95247959,promoted_before_storage_audit
95247959,https://github.com/aws/aws-sdk-java-v2,999ce2f6564ba6615a4b428c26fc1116cf85fbdf,95247959:services-custom/dynamodb-enhanced/src/main/java/software/amazon/awssdk/enhanced/dynamodb/internal/converter/converterproviderresolver.java,ConverterProviderResolver,services-custom/dynamodb-enhanced/src/main/java/software/amazon/awssdk/enhanced/dynamodb/internal/converter/ConverterProviderResolver.java,5,95247959_400.json;95247959_401.json;95247959_402.json;95247959_403.json;95247959_404.json,true,success,,24,154,3,2,4,6,2.0,false,false,false,false,true,,maven,.,services-custom/dynamodb-enhanced,services-custom/dynamodb-enhanced,maven:services-custom/dynamodb-enhanced,8,D:/material/SWT301/rsbln/New folder/data_v3/repos/working/95247959/pom.xml,8,false,,repos/successful/95247959,promoted_before_storage_audit
95247959,https://github.com/aws/aws-sdk-java-v2,999ce2f6564ba6615a4b428c26fc1116cf85fbdf,95247959:services-custom/dynamodb-enhanced/src/main/java/software/amazon/awssdk/enhanced/dynamodb/internal/enhancedclientutils.java,EnhancedClientUtils,services-custom/dynamodb-enhanced/src/main/java/software/amazon/awssdk/enhanced/dynamodb/internal/EnhancedClientUtils.java,3,95247959_405.json;95247959_406.json;95247959_407.json,true,success,,181,1473,13,11,7,34,2.6153846153846154,false,false,false,false,true,,maven,.,services-custom/dynamodb-enhanced,services-custom/dynamodb-enhanced,maven:services-custom/dynamodb-enhanced,8,D:/material/SWT301/rsbln/New folder/data_v3/repos/working/95247959/pom.xml,8,false,,repos/successful/95247959,promoted_before_storage_audit
95247959,https://github.com/aws/aws-sdk-java-v2,999ce2f6564ba6615a4b428c26fc1116cf85fbdf,95247959:services-custom/dynamodb-enhanced/src/main/java/software/amazon/awssdk/enhanced/dynamodb/internal/immutable/immutableintrospector.java,ImmutableIntrospector,services-custom/dynamodb-enhanced/src/main/java/software/amazon/awssdk/enhanced/dynamodb/internal/immutable/ImmutableIntrospector.java,16,95247959_346.json;95247959_347.json;95247959_348.json;95247959_349.json;95247959_350.json;95247959_351.json;95247959_352.json;95247959_353.json;95247959_354.json;95247959_355.json;95247959_356.json;95247959_357.json;95247959_358.json;95247959_359.json;95247959_360.json;95247959_361.json,true,success,,190,1483,18,1,8,54,3.0,false,false,false,false,true,,maven,.,services-custom/dynamodb-enhanced,services-custom/dynamodb-enhanced,maven:services-custom/dynamodb-enhanced,8,D:/material/SWT301/rsbln/New folder/data_v3/repos/working/95247959/pom.xml,8,false,,repos/successful/95247959,promoted_before_storage_audit
95247959,https://github.com/aws/aws-sdk-java-v2,999ce2f6564ba6615a4b428c26fc1116cf85fbdf,95247959:services-custom/dynamodb-enhanced/src/main/java/software/amazon/awssdk/enhanced/dynamodb/internal/mapper/metatableschemacache.java,MetaTableSchemaCache,services-custom/dynamodb-enhanced/src/main/java/software/amazon/awssdk/enhanced/dynamodb/internal/mapper/MetaTableSchemaCache.java,2,95247959_376.json;95247959_377.json,true,success,,20,182,3,2,1,3,1.0,false,false,false,false,true,,maven,.,services-custom/dynamodb-enhanced,services-custom/dynamodb-enhanced,maven:services-custom/dynamodb-enhanced,8,D:/material/SWT301/rsbln/New folder/data_v3/repos/working/95247959/pom.xml,8,false,,repos/successful/95247959,promoted_before_storage_audit
95247959,https://github.com/aws/aws-sdk-java-v2,999ce2f6564ba6615a4b428c26fc1116cf85fbdf,95247959:services-custom/dynamodb-enhanced/src/main/java/software/amazon/awssdk/enhanced/dynamodb/internal/operations/queryoperation.java,QueryOperation,services-custom/dynamodb-enhanced/src/main/java/software/amazon/awssdk/enhanced/dynamodb/internal/operations/QueryOperation.java,6,95247959_370.json;95247959_371.json;95247959_372.json;95247959_373.json;95247959_374.json;95247959_375.json,true,success,,95,832,7,6,5,11,1.5714285714285714,false,false,false,false,true,,maven,.,services-custom/dynamodb-enhanced,services-custom/dynamodb-enhanced,maven:services-custom/dynamodb-enhanced,8,D:/material/SWT301/rsbln/New folder/data_v3/repos/working/95247959/pom.xml,8,false,,repos/successful/95247959,promoted_before_storage_audit
95247959,https://github.com/aws/aws-sdk-java-v2,999ce2f6564ba6615a4b428c26fc1116cf85fbdf,95247959:services-custom/dynamodb-enhanced/src/main/java/software/amazon/awssdk/enhanced/dynamodb/internal/operations/scanoperation.java,ScanOperation,services-custom/dynamodb-enhanced/src/main/java/software/amazon/awssdk/enhanced/dynamodb/internal/operations/ScanOperation.java,6,95247959_364.json;95247959_365.json;95247959_366.json;95247959_367.json;95247959_368.json;95247959_369.json,true,success,,94,790,7,6,5,11,1.5714285714285714,false,false,false,false,true,,maven,.,services-custom/dynamodb-enhanced,services-custom/dynamodb-enhanced,maven:services-custom/dynamodb-enhanced,8,D:/material/SWT301/rsbln/New folder/data_v3/repos/working/95247959/pom.xml,8,false,,repos/successful/95247959,promoted_before_storage_audit
95247959,https://github.com/aws/aws-sdk-java-v2,999ce2f6564ba6615a4b428c26fc1116cf85fbdf,95247959:services-custom/dynamodb-enhanced/src/main/java/software/amazon/awssdk/enhanced/dynamodb/key.java,Key,services-custom/dynamodb-enhanced/src/main/java/software/amazon/awssdk/enhanced/dynamodb/Key.java,3,95247959_343.json;95247959_344.json;95247959_345.json,true,success,,193,1490,27,23,7,63,2.3333333333333335,false,false,false,false,true,,maven,.,services-custom/dynamodb-enhanced,services-custom/dynamodb-enhanced,maven:services-custom/dynamodb-enhanced,8,D:/material/SWT301/rsbln/New folder/data_v3/repos/working/95247959/pom.xml,8,false,,repos/successful/95247959,promoted_before_storage_audit
95247959,https://github.com/aws/aws-sdk-java-v2,999ce2f6564ba6615a4b428c26fc1116cf85fbdf,95247959:services-custom/dynamodb-enhanced/src/main/java/software/amazon/awssdk/enhanced/dynamodb/mapper/beantableschema.java,BeanTableSchema,services-custom/dynamodb-enhanced/src/main/java/software/amazon/awssdk/enhanced/dynamodb/mapper/BeanTableSchema.java,54,95247959_180.json;95247959_181.json;95247959_182.json;95247959_183.json;95247959_184.json;95247959_185.json;95247959_186.json;95247959_187.json;95247959_188.json;95247959_189.json;95247959_190.json;95247959_191.json;95247959_192.json;95247959_193.json;95247959_194.json;95247959_195.json;95247959_196.json;95247959_197.json;95247959_198.json;95247959_199.json;95247959_200.json;95247959_201.json;95247959_202.json;95247959_203.json;95247959_204.json;95247959_205.json;95247959_206.json;95247959_207.json;95247959_208.json;95247959_209.json;95247959_210.json;95247959_211.json;95247959_212.json;95247959_213.json;95247959_214.json;95247959_215.json;95247959_216.json;95247959_217.json;95247959_218.json;95247959_219.json;95247959_220.json;95247959_221.json;95247959_222.json;95247959_223.json;95247959_224.json;95247959_225.json;95247959_226.json;95247959_227.json;95247959_228.json;95247959_229.json;95247959_230.json;95247959_231.json;95247959_232.json;95247959_233.json,true,success,,405,3349,29,2,9,67,2.310344827586207,false,false,false,false,true,,maven,.,services-custom/dynamodb-enhanced,services-custom/dynamodb-enhanced,maven:services-custom/dynamodb-enhanced,8,D:/material/SWT301/rsbln/New folder/data_v3/repos/working/95247959/pom.xml,8,false,,repos/successful/95247959,promoted_before_storage_audit
95247959,https://github.com/aws/aws-sdk-java-v2,999ce2f6564ba6615a4b428c26fc1116cf85fbdf,95247959:services-custom/dynamodb-enhanced/src/main/java/software/amazon/awssdk/enhanced/dynamodb/mapper/immutableattribute.java,ImmutableAttribute,services-custom/dynamodb-enhanced/src/main/java/software/amazon/awssdk/enhanced/dynamodb/mapper/ImmutableAttribute.java,1,95247959_234.json,true,success,,127,1026,22,18,2,25,1.1363636363636365,false,false,false,false,true,,maven,.,services-custom/dynamodb-enhanced,services-custom/dynamodb-enhanced,maven:services-custom/dynamodb-enhanced,8,D:/material/SWT301/rsbln/New folder/data_v3/repos/working/95247959/pom.xml,8,false,,repos/successful/95247959,promoted_before_storage_audit
95247959,https://github.com/aws/aws-sdk-java-v2,999ce2f6564ba6615a4b428c26fc1116cf85fbdf,95247959:services-custom/dynamodb-enhanced/src/main/java/software/amazon/awssdk/enhanced/dynamodb/mapper/immutabletableschema.java,ImmutableTableSchema,services-custom/dynamodb-enhanced/src/main/java/software/amazon/awssdk/enhanced/dynamodb/mapper/ImmutableTableSchema.java,8,95247959_235.json;95247959_236.json;95247959_237.json;95247959_238.json;95247959_239.json;95247959_240.json;95247959_241.json;95247959_242.json,true,success,,339,2882,24,2,9,45,1.875,false,false,false,false,true,,maven,.,services-custom/dynamodb-enhanced,services-custom/dynamodb-enhanced,maven:services-custom/dynamodb-enhanced,8,D:/material/SWT301/rsbln/New folder/data_v3/repos/working/95247959/pom.xml,8,false,,repos/successful/95247959,promoted_before_storage_audit
95247959,https://github.com/aws/aws-sdk-java-v2,999ce2f6564ba6615a4b428c26fc1116cf85fbdf,95247959:services-custom/dynamodb-enhanced/src/main/java/software/amazon/awssdk/enhanced/dynamodb/mapper/staticattribute.java,StaticAttribute,services-custom/dynamodb-enhanced/src/main/java/software/amazon/awssdk/enhanced/dynamodb/mapper/StaticAttribute.java,1,95247959_327.json,true,success,,93,769,22,18,1,22,1.0,false,false,false,false,true,,maven,.,services-custom/dynamodb-enhanced,services-custom/dynamodb-enhanced,maven:services-custom/dynamodb-enhanced,8,D:/material/SWT301/rsbln/New folder/data_v3/repos/working/95247959/pom.xml,8,false,,repos/successful/95247959,promoted_before_storage_audit
95247959,https://github.com/aws/aws-sdk-java-v2,999ce2f6564ba6615a4b428c26fc1116cf85fbdf,95247959:services-custom/dynamodb-enhanced/src/main/java/software/amazon/awssdk/enhanced/dynamodb/mapper/staticimmutabletableschema.java,StaticImmutableTableSchema,services-custom/dynamodb-enhanced/src/main/java/software/amazon/awssdk/enhanced/dynamodb/mapper/StaticImmutableTableSchema.java,40,95247959_287.json;95247959_288.json;95247959_289.json;95247959_290.json;95247959_291.json;95247959_292.json;95247959_293.json;95247959_294.json;95247959_295.json;95247959_296.json;95247959_297.json;95247959_298.json;95247959_299.json;95247959_300.json;95247959_301.json;95247959_302.json;95247959_303.json;95247959_304.json;95247959_305.json;95247959_306.json;95247959_307.json;95247959_308.json;95247959_309.json;95247959_310.json;95247959_311.json;95247959_312.json;95247959_313.json;95247959_314.json;95247959_315.json;95247959_316.json;95247959_317.json;95247959_318.json;95247959_319.json;95247959_320.json;95247959_321.json;95247959_322.json;95247959_323.json;95247959_324.json;95247959_325.json;95247959_326.json,true,success,,445,3540,41,30,14,88,2.1463414634146343,false,false,false,false,true,,maven,.,services-custom/dynamodb-enhanced,services-custom/dynamodb-enhanced,maven:services-custom/dynamodb-enhanced,8,D:/material/SWT301/rsbln/New folder/data_v3/repos/working/95247959/pom.xml,8,false,,repos/successful/95247959,promoted_before_storage_audit
95247959,https://github.com/aws/aws-sdk-java-v2,999ce2f6564ba6615a4b428c26fc1116cf85fbdf,95247959:services-custom/dynamodb-enhanced/src/main/java/software/amazon/awssdk/enhanced/dynamodb/mapper/statictablemetadata.java,StaticTableMetadata,services-custom/dynamodb-enhanced/src/main/java/software/amazon/awssdk/enhanced/dynamodb/mapper/StaticTableMetadata.java,15,95247959_328.json;95247959_329.json;95247959_330.json;95247959_331.json;95247959_332.json;95247959_333.json;95247959_334.json;95247959_335.json;95247959_336.json;95247959_337.json;95247959_338.json;95247959_339.json;95247959_340.json;95247959_341.json;95247959_342.json,true,success,,297,2355,29,21,9,66,2.2758620689655173,false,false,false,false,true,,maven,.,services-custom/dynamodb-enhanced,services-custom/dynamodb-enhanced,maven:services-custom/dynamodb-enhanced,8,D:/material/SWT301/rsbln/New folder/data_v3/repos/working/95247959/pom.xml,8,false,,repos/successful/95247959,promoted_before_storage_audit
95247959,https://github.com/aws/aws-sdk-java-v2,999ce2f6564ba6615a4b428c26fc1116cf85fbdf,95247959:services-custom/dynamodb-enhanced/src/main/java/software/amazon/awssdk/enhanced/dynamodb/mapper/statictableschema.java,StaticTableSchema,services-custom/dynamodb-enhanced/src/main/java/software/amazon/awssdk/enhanced/dynamodb/mapper/StaticTableSchema.java,44,95247959_243.json;95247959_244.json;95247959_245.json;95247959_246.json;95247959_247.json;95247959_248.json;95247959_249.json;95247959_250.json;95247959_251.json;95247959_252.json;95247959_253.json;95247959_254.json;95247959_255.json;95247959_256.json;95247959_257.json;95247959_258.json;95247959_259.json;95247959_260.json;95247959_261.json;95247959_262.json;95247959_263.json;95247959_264.json;95247959_265.json;95247959_266.json;95247959_267.json;95247959_268.json;95247959_269.json;95247959_270.json;95247959_271.json;95247959_272.json;95247959_273.json;95247959_274.json;95247959_275.json;95247959_276.json;95247959_277.json;95247959_278.json;95247959_279.json;95247959_280.json;95247959_281.json;95247959_282.json;95247959_283.json;95247959_284.json;95247959_285.json;95247959_286.json,true,success,,128,1052,22,19,2,23,1.0454545454545454,false,false,false,false,true,,maven,.,services-custom/dynamodb-enhanced,services-custom/dynamodb-enhanced,maven:services-custom/dynamodb-enhanced,8,D:/material/SWT301/rsbln/New folder/data_v3/repos/working/95247959/pom.xml,8,false,,repos/successful/95247959,promoted_before_storage_audit
95247959,https://github.com/aws/aws-sdk-java-v2,999ce2f6564ba6615a4b428c26fc1116cf85fbdf,95247959:services-custom/dynamodb-enhanced/src/main/java/software/amazon/awssdk/enhanced/dynamodb/model/batchgetitemenhancedrequest.java,BatchGetItemEnhancedRequest,services-custom/dynamodb-enhanced/src/main/java/software/amazon/awssdk/enhanced/dynamodb/model/BatchGetItemEnhancedRequest.java,1,95247959_179.json,true,success,,93,607,16,13,5,26,1.625,false,false,false,false,true,,maven,.,services-custom/dynamodb-enhanced,services-custom/dynamodb-enhanced,maven:services-custom/dynamodb-enhanced,8,D:/material/SWT301/rsbln/New folder/data_v3/repos/working/95247959/pom.xml,8,false,,repos/successful/95247959,promoted_before_storage_audit
95247959,https://github.com/aws/aws-sdk-java-v2,999ce2f6564ba6615a4b428c26fc1116cf85fbdf,95247959:services-custom/dynamodb-enhanced/src/main/java/software/amazon/awssdk/enhanced/dynamodb/model/batchwriteitemenhancedrequest.java,BatchWriteItemEnhancedRequest,services-custom/dynamodb-enhanced/src/main/java/software/amazon/awssdk/enhanced/dynamodb/model/BatchWriteItemEnhancedRequest.java,1,95247959_170.json,true,success,,116,728,20,17,6,33,1.65,false,false,false,false,true,,maven,.,services-custom/dynamodb-enhanced,services-custom/dynamodb-enhanced,maven:services-custom/dynamodb-enhanced,8,D:/material/SWT301/rsbln/New folder/data_v3/repos/working/95247959/pom.xml,8,false,,repos/successful/95247959,promoted_before_storage_audit
95247959,https://github.com/aws/aws-sdk-java-v2,999ce2f6564ba6615a4b428c26fc1116cf85fbdf,95247959:services-custom/dynamodb-enhanced/src/main/java/software/amazon/awssdk/enhanced/dynamodb/model/createtableenhancedrequest.java,CreateTableEnhancedRequest,services-custom/dynamodb-enhanced/src/main/java/software/amazon/awssdk/enhanced/dynamodb/model/CreateTableEnhancedRequest.java,1,95247959_174.json,true,success,,142,953,21,19,11,35,1.6666666666666667,false,false,false,false,true,,maven,.,services-custom/dynamodb-enhanced,services-custom/dynamodb-enhanced,maven:services-custom/dynamodb-enhanced,8,D:/material/SWT301/rsbln/New folder/data_v3/repos/working/95247959/pom.xml,8,false,,repos/successful/95247959,promoted_before_storage_audit
95247959,https://github.com/aws/aws-sdk-java-v2,999ce2f6564ba6615a4b428c26fc1116cf85fbdf,95247959:services-custom/dynamodb-enhanced/src/main/java/software/amazon/awssdk/enhanced/dynamodb/model/deleteitemenhancedrequest.java,DeleteItemEnhancedRequest,services-custom/dynamodb-enhanced/src/main/java/software/amazon/awssdk/enhanced/dynamodb/model/DeleteItemEnhancedRequest.java,1,95247959_175.json,true,success,,142,897,24,22,8,39,1.625,false,false,false,false,true,,maven,.,services-custom/dynamodb-enhanced,services-custom/dynamodb-enhanced,maven:services-custom/dynamodb-enhanced,8,D:/material/SWT301/rsbln/New folder/data_v3/repos/working/95247959/pom.xml,8,false,,repos/successful/95247959,promoted_before_storage_audit
95247959,https://github.com/aws/aws-sdk-java-v2,999ce2f6564ba6615a4b428c26fc1116cf85fbdf,95247959:services-custom/dynamodb-enhanced/src/main/java/software/amazon/awssdk/enhanced/dynamodb/model/getitemenhancedrequest.java,GetItemEnhancedRequest,services-custom/dynamodb-enhanced/src/main/java/software/amazon/awssdk/enhanced/dynamodb/model/GetItemEnhancedRequest.java,1,95247959_169.json,true,success,,93,595,16,14,6,25,1.5625,false,false,false,false,true,,maven,.,services-custom/dynamodb-enhanced,services-custom/dynamodb-enhanced,maven:services-custom/dynamodb-enhanced,8,D:/material/SWT301/rsbln/New folder/data_v3/repos/working/95247959/pom.xml,8,false,,repos/successful/95247959,promoted_before_storage_audit
95247959,https://github.com/aws/aws-sdk-java-v2,999ce2f6564ba6615a4b428c26fc1116cf85fbdf,95247959:services-custom/dynamodb-enhanced/src/main/java/software/amazon/awssdk/enhanced/dynamodb/model/putitemenhancedrequest.java,PutItemEnhancedRequest,services-custom/dynamodb-enhanced/src/main/java/software/amazon/awssdk/enhanced/dynamodb/model/PutItemEnhancedRequest.java,1,95247959_171.json,true,success,,155,1021,27,25,9,45,1.6666666666666667,false,false,false,false,true,,maven,.,services-custom/dynamodb-enhanced,services-custom/dynamodb-enhanced,maven:services-custom/dynamodb-enhanced,8,D:/material/SWT301/rsbln/New folder/data_v3/repos/working/95247959/pom.xml,8,false,,repos/successful/95247959,promoted_before_storage_audit
95247959,https://github.com/aws/aws-sdk-java-v2,999ce2f6564ba6615a4b428c26fc1116cf85fbdf,95247959:services-custom/dynamodb-enhanced/src/main/java/software/amazon/awssdk/enhanced/dynamodb/model/queryenhancedrequest.java,QueryEnhancedRequest,services-custom/dynamodb-enhanced/src/main/java/software/amazon/awssdk/enhanced/dynamodb/model/QueryEnhancedRequest.java,2,95247959_176.json;95247959_177.json,true,success,,253,1651,35,33,21,75,2.142857142857143,false,false,false,false,true,,maven,.,services-custom/dynamodb-enhanced,services-custom/dynamodb-enhanced,maven:services-custom/dynamodb-enhanced,8,D:/material/SWT301/rsbln/New folder/data_v3/repos/working/95247959/pom.xml,8,false,,repos/successful/95247959,promoted_before_storage_audit
95247959,https://github.com/aws/aws-sdk-java-v2,999ce2f6564ba6615a4b428c26fc1116cf85fbdf,95247959:services-custom/dynamodb-enhanced/src/main/java/software/amazon/awssdk/enhanced/dynamodb/model/scanenhancedrequest.java,ScanEnhancedRequest,services-custom/dynamodb-enhanced/src/main/java/software/amazon/awssdk/enhanced/dynamodb/model/ScanEnhancedRequest.java,2,95247959_172.json;95247959_173.json,true,success,,243,1595,34,32,21,73,2.1470588235294117,false,false,false,false,true,,maven,.,services-custom/dynamodb-enhanced,services-custom/dynamodb-enhanced,maven:services-custom/dynamodb-enhanced,8,D:/material/SWT301/rsbln/New folder/data_v3/repos/working/95247959/pom.xml,8,false,,repos/successful/95247959,promoted_before_storage_audit
95247959,https://github.com/aws/aws-sdk-java-v2,999ce2f6564ba6615a4b428c26fc1116cf85fbdf,95247959:services-custom/dynamodb-enhanced/src/main/java/software/amazon/awssdk/enhanced/dynamodb/model/updateitemenhancedrequest.java,UpdateItemEnhancedRequest,services-custom/dynamodb-enhanced/src/main/java/software/amazon/awssdk/enhanced/dynamodb/model/UpdateItemEnhancedRequest.java,1,95247959_178.json,true,success,,184,1218,31,29,10,51,1.6451612903225807,false,false,false,false,true,,maven,.,services-custom/dynamodb-enhanced,services-custom/dynamodb-enhanced,maven:services-custom/dynamodb-enhanced,8,D:/material/SWT301/rsbln/New folder/data_v3/repos/working/95247959/pom.xml,8,false,,repos/successful/95247959,promoted_before_storage_audit
95247959,https://github.com/aws/aws-sdk-java-v2,999ce2f6564ba6615a4b428c26fc1116cf85fbdf,95247959:services/apigateway/src/main/java/software/amazon/awssdk/services/apigateway/internal/acceptjsoninterceptor.java,AcceptJsonInterceptor,services/apigateway/src/main/java/software/amazon/awssdk/services/apigateway/internal/AcceptJsonInterceptor.java,2,95247959_146.json;95247959_147.json,true,success,,21,146,1,1,2,2,2.0,false,false,false,false,true,,maven,.,services/apigateway,services/apigateway,maven:services/apigateway,,,,false,,repos/successful/95247959,promoted_before_storage_audit
95247959,https://github.com/aws/aws-sdk-java-v2,999ce2f6564ba6615a4b428c26fc1116cf85fbdf,95247959:services/ec2/src/main/java/software/amazon/awssdk/services/ec2/transform/internal/generatepresignurlinterceptor.java,GeneratePreSignUrlInterceptor,services/ec2/src/main/java/software/amazon/awssdk/services/ec2/transform/internal/GeneratePreSignUrlInterceptor.java,2,95247959_120.json;95247959_121.json,true,success,,157,1252,8,1,4,14,1.75,false,false,false,false,true,,maven,.,services/ec2,services/ec2,maven:services/ec2,,,,false,,repos/successful/95247959,promoted_before_storage_audit
95247959,https://github.com/aws/aws-sdk-java-v2,999ce2f6564ba6615a4b428c26fc1116cf85fbdf,95247959:services/s3/src/main/java/software/amazon/awssdk/services/s3/checksums/checksumsenabledvalidator.java,ChecksumsEnabledValidator,services/s3/src/main/java/software/amazon/awssdk/services/s3/checksums/ChecksumsEnabledValidator.java,15,95247959_105.json;95247959_106.json;95247959_107.json;95247959_108.json;95247959_109.json;95247959_110.json;95247959_111.json;95247959_112.json;95247959_113.json;95247959_114.json;95247959_115.json;95247959_116.json;95247959_117.json;95247959_118.json;95247959_119.json,false,error,,,,,,,,,,,,,false,exact_focal_path_not_found,,,,,,,,,false,,repos/successful/95247959,promoted_before_storage_audit
95247959,https://github.com/aws/aws-sdk-java-v2,999ce2f6564ba6615a4b428c26fc1116cf85fbdf,95247959:services/s3/src/main/java/software/amazon/awssdk/services/s3/checksums/checksumvalidatingpublisher.java,ChecksumValidatingPublisher,services/s3/src/main/java/software/amazon/awssdk/services/s3/checksums/ChecksumValidatingPublisher.java,5,95247959_100.json;95247959_101.json;95247959_102.json;95247959_103.json;95247959_104.json,false,error,,,,,,,,,,,,,false,exact_focal_path_not_found,,,,,,,,,false,,repos/successful/95247959,promoted_before_storage_audit
95247959,https://github.com/aws/aws-sdk-java-v2,999ce2f6564ba6615a4b428c26fc1116cf85fbdf,95247959:services/s3/src/main/java/software/amazon/awssdk/services/s3/internal/handlers/asyncchecksumvalidationinterceptor.java,AsyncChecksumValidationInterceptor,services/s3/src/main/java/software/amazon/awssdk/services/s3/internal/handlers/AsyncChecksumValidationInterceptor.java,8,95247959_51.json;95247959_52.json;95247959_53.json;95247959_54.json;95247959_55.json;95247959_56.json;95247959_57.json;95247959_58.json,true,success,,34,334,1,3,4,4,4.0,false,false,false,false,true,,maven,.,services/s3,services/s3,maven:services/s3,,,,false,,repos/successful/95247959,promoted_before_storage_audit
95247959,https://github.com/aws/aws-sdk-java-v2,999ce2f6564ba6615a4b428c26fc1116cf85fbdf,95247959:services/s3/src/main/java/software/amazon/awssdk/services/s3/internal/handlers/createbucketinterceptor.java,CreateBucketInterceptor,services/s3/src/main/java/software/amazon/awssdk/services/s3/internal/handlers/CreateBucketInterceptor.java,4,95247959_39.json;95247959_40.json;95247959_41.json;95247959_42.json,true,success,,52,437,4,1,5,10,2.5,false,false,false,false,true,,maven,.,services/s3,services/s3,maven:services/s3,,,,false,,repos/successful/95247959,promoted_before_storage_audit
95247959,https://github.com/aws/aws-sdk-java-v2,999ce2f6564ba6615a4b428c26fc1116cf85fbdf,95247959:services/s3/src/main/java/software/amazon/awssdk/services/s3/internal/handlers/createmultipartuploadrequestinterceptor.java,CreateMultipartUploadRequestInterceptor,services/s3/src/main/java/software/amazon/awssdk/services/s3/internal/handlers/CreateMultipartUploadRequestInterceptor.java,5,95247959_11.json;95247959_12.json;95247959_13.json;95247959_14.json;95247959_15.json,true,success,,37,314,2,2,3,5,2.5,false,false,false,false,true,,maven,.,services/s3,services/s3,maven:services/s3,,,,false,,repos/successful/95247959,promoted_before_storage_audit
95247959,https://github.com/aws/aws-sdk-java-v2,999ce2f6564ba6615a4b428c26fc1116cf85fbdf,95247959:services/s3/src/main/java/software/amazon/awssdk/services/s3/internal/handlers/decodeurlencodedresponseinterceptor.java,DecodeUrlEncodedResponseInterceptor,services/s3/src/main/java/software/amazon/awssdk/services/s3/internal/handlers/DecodeUrlEncodedResponseInterceptor.java,7,95247959_26.json;95247959_27.json;95247959_28.json;95247959_29.json;95247959_30.json;95247959_31.json;95247959_32.json,true,success,,128,1170,11,1,6,21,1.9090909090909092,false,false,false,false,true,,maven,.,services/s3,services/s3,maven:services/s3,,,,false,,repos/successful/95247959,promoted_before_storage_audit
95247959,https://github.com/aws/aws-sdk-java-v2,999ce2f6564ba6615a4b428c26fc1116cf85fbdf,95247959:services/s3/src/main/java/software/amazon/awssdk/services/s3/internal/handlers/enablechunkedencodinginterceptor.java,EnableChunkedEncodingInterceptor,services/s3/src/main/java/software/amazon/awssdk/services/s3/internal/handlers/EnableChunkedEncodingInterceptor.java,6,95247959_16.json;95247959_17.json;95247959_18.json;95247959_19.json;95247959_20.json;95247959_21.json,false,error,,,,,,,,,,,,,false,exact_focal_path_not_found,,,,,,,,,false,,repos/successful/95247959,promoted_before_storage_audit
95247959,https://github.com/aws/aws-sdk-java-v2,999ce2f6564ba6615a4b428c26fc1116cf85fbdf,95247959:services/s3/src/main/java/software/amazon/awssdk/services/s3/internal/handlers/enabletrailingchecksuminterceptor.java,EnableTrailingChecksumInterceptor,services/s3/src/main/java/software/amazon/awssdk/services/s3/internal/handlers/EnableTrailingChecksumInterceptor.java,6,95247959_33.json;95247959_34.json;95247959_35.json;95247959_36.json;95247959_37.json;95247959_38.json,true,success,,57,531,3,3,3,8,2.6666666666666665,false,false,false,false,true,,maven,.,services/s3,services/s3,maven:services/s3,,,,false,,repos/successful/95247959,promoted_before_storage_audit
95247959,https://github.com/aws/aws-sdk-java-v2,999ce2f6564ba6615a4b428c26fc1116cf85fbdf,95247959:services/s3/src/main/java/software/amazon/awssdk/services/s3/internal/handlers/exceptiontranslationinterceptor.java,ExceptionTranslationInterceptor,services/s3/src/main/java/software/amazon/awssdk/services/s3/internal/handlers/ExceptionTranslationInterceptor.java,4,95247959_22.json;95247959_23.json;95247959_24.json;95247959_25.json,true,success,,84,683,4,1,9,14,3.5,false,false,false,false,true,,maven,.,services/s3,services/s3,maven:services/s3,,,,false,,repos/successful/95247959,promoted_before_storage_audit
95247959,https://github.com/aws/aws-sdk-java-v2,999ce2f6564ba6615a4b428c26fc1116cf85fbdf,95247959:services/s3/src/main/java/software/amazon/awssdk/services/s3/internal/handlers/getbucketpolicyinterceptor.java,GetBucketPolicyInterceptor,services/s3/src/main/java/software/amazon/awssdk/services/s3/internal/handlers/GetBucketPolicyInterceptor.java,3,95247959_61.json;95247959_62.json;95247959_63.json,true,success,,46,402,2,2,3,5,2.5,false,false,false,false,true,,maven,.,services/s3,services/s3,maven:services/s3,,,,false,,repos/successful/95247959,promoted_before_storage_audit
95247959,https://github.com/aws/aws-sdk-java-v2,999ce2f6564ba6615a4b428c26fc1116cf85fbdf,95247959:services/s3/src/main/java/software/amazon/awssdk/services/s3/internal/handlers/putobjectinterceptor.java,PutObjectInterceptor,services/s3/src/main/java/software/amazon/awssdk/services/s3/internal/handlers/PutObjectInterceptor.java,2,95247959_59.json;95247959_60.json,false,error,,,,,,,,,,,,,false,exact_focal_path_not_found,,,,,,,,,false,,repos/successful/95247959,promoted_before_storage_audit
95247959,https://github.com/aws/aws-sdk-java-v2,999ce2f6564ba6615a4b428c26fc1116cf85fbdf,95247959:services/s3/src/main/java/software/amazon/awssdk/services/s3/internal/handlers/syncchecksumvalidationinterceptor.java,SyncChecksumValidationInterceptor,services/s3/src/main/java/software/amazon/awssdk/services/s3/internal/handlers/SyncChecksumValidationInterceptor.java,8,95247959_43.json;95247959_44.json;95247959_45.json;95247959_46.json;95247959_47.json;95247959_48.json;95247959_49.json;95247959_50.json,true,success,,31,295,1,3,4,4,4.0,false,false,false,false,true,,maven,.,services/s3,services/s3,maven:services/s3,,,,false,,repos/successful/95247959,promoted_before_storage_audit
95247959,https://github.com/aws/aws-sdk-java-v2,999ce2f6564ba6615a4b428c26fc1116cf85fbdf,95247959:services/s3/src/main/java/software/amazon/awssdk/services/s3/internal/resource/s3accesspointresource.java,S3AccessPointResource,services/s3/src/main/java/software/amazon/awssdk/services/s3/internal/resource/S3AccessPointResource.java,1,95247959_71.json,true,success,,165,1102,24,21,12,41,1.7083333333333333,false,false,false,false,true,,maven,.,services/s3,services/s3,maven:services/s3,,,,false,,repos/successful/95247959,promoted_before_storage_audit
95247959,https://github.com/aws/aws-sdk-java-v2,999ce2f6564ba6615a4b428c26fc1116cf85fbdf,95247959:services/s3/src/main/java/software/amazon/awssdk/services/s3/internal/resource/s3arnconverter.java,S3ArnConverter,services/s3/src/main/java/software/amazon/awssdk/services/s3/internal/resource/S3ArnConverter.java,20,95247959_72.json;95247959_73.json;95247959_74.json;95247959_75.json;95247959_76.json;95247959_77.json;95247959_78.json;95247959_79.json;95247959_80.json;95247959_81.json;95247959_82.json;95247959_83.json;95247959_84.json;95247959_85.json;95247959_86.json;95247959_87.json;95247959_88.json;95247959_89.json;95247959_90.json;95247959_91.json,true,success,,132,1012,9,2,6,20,2.2222222222222223,false,false,false,false,true,,maven,.,services/s3,services/s3,maven:services/s3,,,,false,,repos/successful/95247959,promoted_before_storage_audit
95247959,https://github.com/aws/aws-sdk-java-v2,999ce2f6564ba6615a4b428c26fc1116cf85fbdf,95247959:services/s3/src/main/java/software/amazon/awssdk/services/s3/internal/resource/s3arnutils.java,S3ArnUtils,services/s3/src/main/java/software/amazon/awssdk/services/s3/internal/resource/S3ArnUtils.java,7,95247959_64.json;95247959_65.json;95247959_66.json;95247959_67.json;95247959_68.json;95247959_69.json;95247959_70.json,true,success,,56,412,4,3,7,11,2.75,false,false,false,false,true,,maven,.,services/s3,services/s3,maven:services/s3,,,,false,,repos/successful/95247959,promoted_before_storage_audit
95247959,https://github.com/aws/aws-sdk-java-v2,999ce2f6564ba6615a4b428c26fc1116cf85fbdf,95247959:services/s3/src/main/java/software/amazon/awssdk/services/s3/internal/resource/s3bucketresource.java,S3BucketResource,services/s3/src/main/java/software/amazon/awssdk/services/s3/internal/resource/S3BucketResource.java,2,95247959_92.json;95247959_93.json,true,success,,119,709,20,18,10,32,1.6,false,false,false,false,true,,maven,.,services/s3,services/s3,maven:services/s3,,,,false,,repos/successful/95247959,promoted_before_storage_audit
95247959,https://github.com/aws/aws-sdk-java-v2,999ce2f6564ba6615a4b428c26fc1116cf85fbdf,95247959:services/s3/src/main/java/software/amazon/awssdk/services/s3/internal/usearnregion/profileusearnregionprovider.java,ProfileUseArnRegionProvider,services/s3/src/main/java/software/amazon/awssdk/services/s3/internal/usearnregion/ProfileUseArnRegionProvider.java,6,95247959_94.json;95247959_95.json;95247959_96.json;95247959_97.json;95247959_98.json;95247959_99.json,false,error,,,,,,,,,,,,,false,exact_focal_path_not_found,,,,,,,,,false,,repos/successful/95247959,promoted_before_storage_audit
95247959,https://github.com/aws/aws-sdk-java-v2,999ce2f6564ba6615a4b428c26fc1116cf85fbdf,95247959:services/s3/src/main/java/software/amazon/awssdk/services/s3/presigner/model/getobjectpresignrequest.java,GetObjectPresignRequest,services/s3/src/main/java/software/amazon/awssdk/services/s3/presigner/model/GetObjectPresignRequest.java,2,95247959_3.json;95247959_4.json,true,success,,90,543,11,7,5,15,1.3636363636363635,false,false,false,false,true,,maven,.,services/s3,services/s3,maven:services/s3,,,,false,,repos/successful/95247959,promoted_before_storage_audit
95247959,https://github.com/aws/aws-sdk-java-v2,999ce2f6564ba6615a4b428c26fc1116cf85fbdf,95247959:services/s3/src/main/java/software/amazon/awssdk/services/s3/presigner/model/presignedgetobjectrequest.java,PresignedGetObjectRequest,services/s3/src/main/java/software/amazon/awssdk/services/s3/presigner/model/PresignedGetObjectRequest.java,6,95247959_10.json;95247959_5.json;95247959_6.json;95247959_7.json;95247959_8.json;95247959_9.json,true,success,,64,382,6,3,1,6,1.0,false,false,false,false,true,,maven,.,services/s3,services/s3,maven:services/s3,,,,false,,repos/successful/95247959,promoted_before_storage_audit
95247959,https://github.com/aws/aws-sdk-java-v2,999ce2f6564ba6615a4b428c26fc1116cf85fbdf,95247959:services/s3/src/main/java/software/amazon/awssdk/services/s3/s3utilities.java,S3Utilities,services/s3/src/main/java/software/amazon/awssdk/services/s3/S3Utilities.java,3,95247959_0.json;95247959_1.json;95247959_2.json,true,success,,395,3033,31,10,5,62,2.0,false,false,false,false,true,,maven,.,services/s3,services/s3,maven:services/s3,,,,false,,repos/successful/95247959,promoted_before_storage_audit
95247959,https://github.com/aws/aws-sdk-java-v2,999ce2f6564ba6615a4b428c26fc1116cf85fbdf,95247959:services/s3control/src/main/java/software/amazon/awssdk/services/s3control/internal/arnhandler.java,ArnHandler,services/s3control/src/main/java/software/amazon/awssdk/services/s3control/internal/ArnHandler.java,4,95247959_129.json;95247959_130.json;95247959_131.json;95247959_132.json,false,error,,,,,,,,,,,,,false,exact_focal_path_not_found,,,,,,,,,false,,repos/successful/95247959,promoted_before_storage_audit
95247959,https://github.com/aws/aws-sdk-java-v2,999ce2f6564ba6615a4b428c26fc1116cf85fbdf,95247959:services/s3control/src/main/java/software/amazon/awssdk/services/s3control/internal/interceptors/endpointaddressinterceptor.java,EndpointAddressInterceptor,services/s3control/src/main/java/software/amazon/awssdk/services/s3control/internal/interceptors/EndpointAddressInterceptor.java,11,95247959_133.json;95247959_134.json;95247959_135.json;95247959_136.json;95247959_137.json;95247959_138.json;95247959_139.json;95247959_140.json;95247959_141.json;95247959_142.json;95247959_143.json,false,error,,,,,,,,,,,,,false,exact_focal_path_not_found,,,,,,,,,false,,repos/successful/95247959,promoted_before_storage_audit
95247959,https://github.com/aws/aws-sdk-java-v2,999ce2f6564ba6615a4b428c26fc1116cf85fbdf,95247959:services/s3control/src/main/java/software/amazon/awssdk/services/s3control/internal/interceptors/payloadsigninginterceptor.java,PayloadSigningInterceptor,services/s3control/src/main/java/software/amazon/awssdk/services/s3control/internal/interceptors/PayloadSigningInterceptor.java,2,95247959_144.json;95247959_145.json,true,success,,20,181,1,1,3,3,3.0,false,false,false,false,true,,maven,.,services/s3control,services/s3control,maven:services/s3control,,,,false,,repos/successful/95247959,promoted_before_storage_audit
95247959,https://github.com/aws/aws-sdk-java-v2,999ce2f6564ba6615a4b428c26fc1116cf85fbdf,95247959:services/s3control/src/main/java/software/amazon/awssdk/services/s3control/internal/s3controlarnconverter.java,S3ControlArnConverter,services/s3control/src/main/java/software/amazon/awssdk/services/s3control/internal/S3ControlArnConverter.java,7,95247959_122.json;95247959_123.json;95247959_124.json;95247959_125.json;95247959_126.json;95247959_127.json;95247959_128.json,true,success,,76,604,4,2,4,9,2.25,false,false,false,false,true,,maven,.,services/s3control,services/s3control,maven:services/s3control,,,,false,,repos/successful/95247959,promoted_before_storage_audit
95247959,https://github.com/aws/aws-sdk-java-v2,999ce2f6564ba6615a4b428c26fc1116cf85fbdf,95247959:utils/src/main/java/software/amazon/awssdk/utils/async/bufferingsubscriber.java,BufferingSubscriber,utils/src/main/java/software/amazon/awssdk/utils/async/BufferingSubscriber.java,2,95247959_503.json;95247959_504.json,true,success,,39,237,4,3,2,6,1.5,false,false,false,false,true,,maven,.,utils,utils,maven:utils,,,,false,,repos/successful/95247959,promoted_before_storage_audit
95247959,https://github.com/aws/aws-sdk-java-v2,999ce2f6564ba6615a4b428c26fc1116cf85fbdf,95247959:utils/src/main/java/software/amazon/awssdk/utils/attributemap.java,AttributeMap,utils/src/main/java/software/amazon/awssdk/utils/AttributeMap.java,1,95247959_542.json,true,success,,448,2884,62,37,5,89,1.435483870967742,false,false,false,false,true,,maven,.,utils,utils,maven:utils,,,,false,,repos/successful/95247959,promoted_before_storage_audit
95247959,https://github.com/aws/aws-sdk-java-v2,999ce2f6564ba6615a4b428c26fc1116cf85fbdf,95247959:utils/src/main/java/software/amazon/awssdk/utils/binaryutils.java,BinaryUtils,utils/src/main/java/software/amazon/awssdk/utils/BinaryUtils.java,5,95247959_535.json;95247959_536.json;95247959_537.json;95247959_538.json;95247959_539.json,true,success,,141,1009,15,14,4,34,2.2666666666666666,false,false,false,false,true,,maven,.,utils,utils,maven:utils,,,,false,,repos/successful/95247959,promoted_before_storage_audit
95247959,https://github.com/aws/aws-sdk-java-v2,999ce2f6564ba6615a4b428c26fc1116cf85fbdf,95247959:utils/src/main/java/software/amazon/awssdk/utils/cache/cachedsupplier.java,CachedSupplier,utils/src/main/java/software/amazon/awssdk/utils/cache/CachedSupplier.java,5,95247959_525.json;95247959_526.json;95247959_527.json;95247959_528.json;95247959_529.json,true,success,,262,1861,25,8,7,52,2.08,false,false,false,false,true,,maven,.,utils,utils,maven:utils,,,,false,,repos/successful/95247959,promoted_before_storage_audit
95247959,https://github.com/aws/aws-sdk-java-v2,999ce2f6564ba6615a4b428c26fc1116cf85fbdf,95247959:utils/src/main/java/software/amazon/awssdk/utils/collectionutils.java,CollectionUtils,utils/src/main/java/software/amazon/awssdk/utils/CollectionUtils.java,8,95247959_543.json;95247959_544.json;95247959_545.json;95247959_546.json;95247959_547.json;95247959_548.json;95247959_549.json;95247959_550.json,true,success,,88,941,16,15,3,24,1.5,false,false,false,false,true,,maven,.,utils,utils,maven:utils,,,,false,,repos/successful/95247959,promoted_before_storage_audit
95247959,https://github.com/aws/aws-sdk-java-v2,999ce2f6564ba6615a4b428c26fc1116cf85fbdf,95247959:utils/src/main/java/software/amazon/awssdk/utils/comparableutils.java,ComparableUtils,utils/src/main/java/software/amazon/awssdk/utils/ComparableUtils.java,5,95247959_530.json;95247959_531.json;95247959_532.json;95247959_533.json;95247959_534.json,true,success,,27,211,4,3,6,11,2.75,false,false,false,false,true,,maven,.,utils,utils,maven:utils,,,,false,,repos/successful/95247959,promoted_before_storage_audit
95247959,https://github.com/aws/aws-sdk-java-v2,999ce2f6564ba6615a4b428c26fc1116cf85fbdf,95247959:utils/src/main/java/software/amazon/awssdk/utils/completablefutureutils.java,CompletableFutureUtils,utils/src/main/java/software/amazon/awssdk/utils/CompletableFutureUtils.java,1,95247959_502.json,true,success,,140,866,13,11,4,31,2.3846153846153846,false,false,false,false,true,,maven,.,utils,utils,maven:utils,,,,false,,repos/successful/95247959,promoted_before_storage_audit
95247959,https://github.com/aws/aws-sdk-java-v2,999ce2f6564ba6615a4b428c26fc1116cf85fbdf,95247959:utils/src/main/java/software/amazon/awssdk/utils/dateutils.java,DateUtils,utils/src/main/java/software/amazon/awssdk/utils/DateUtils.java,7,95247959_507.json;95247959_508.json;95247959_509.json;95247959_510.json;95247959_511.json;95247959_512.json;95247959_513.json,true,success,,120,776,13,10,5,24,1.8461538461538463,false,false,false,false,true,,maven,.,utils,utils,maven:utils,,,,false,,repos/successful/95247959,promoted_before_storage_audit
95247959,https://github.com/aws/aws-sdk-java-v2,999ce2f6564ba6615a4b428c26fc1116cf85fbdf,95247959:utils/src/main/java/software/amazon/awssdk/utils/either.java,Either,utils/src/main/java/software/amazon/awssdk/utils/Either.java,3,95247959_499.json;95247959_500.json;95247959_501.json,true,success,,69,544,12,11,7,21,1.75,false,false,false,false,true,,maven,.,utils,utils,maven:utils,,,,false,,repos/successful/95247959,promoted_before_storage_audit
95247959,https://github.com/aws/aws-sdk-java-v2,999ce2f6564ba6615a4b428c26fc1116cf85fbdf,95247959:utils/src/main/java/software/amazon/awssdk/utils/functionalutils.java,FunctionalUtils,utils/src/main/java/software/amazon/awssdk/utils/FunctionalUtils.java,8,95247959_435.json;95247959_436.json;95247959_437.json;95247959_438.json;95247959_439.json;95247959_440.json;95247959_441.json;95247959_442.json,true,success,,101,566,12,10,4,20,1.6666666666666667,false,false,false,false,true,,maven,.,utils,utils,maven:utils,,,,false,,repos/successful/95247959,promoted_before_storage_audit
95247959,https://github.com/aws/aws-sdk-java-v2,999ce2f6564ba6615a4b428c26fc1116cf85fbdf,95247959:utils/src/main/java/software/amazon/awssdk/utils/hostnamevalidator.java,HostnameValidator,utils/src/main/java/software/amazon/awssdk/utils/HostnameValidator.java,6,95247959_514.json;95247959_515.json;95247959_516.json;95247959_517.json;95247959_518.json;95247959_519.json,true,success,,43,276,3,2,6,8,2.6666666666666665,false,false,false,false,true,,maven,.,utils,utils,maven:utils,,,,false,,repos/successful/95247959,promoted_before_storage_audit
95247959,https://github.com/aws/aws-sdk-java-v2,999ce2f6564ba6615a4b428c26fc1116cf85fbdf,95247959:utils/src/main/java/software/amazon/awssdk/utils/immutablemap.java,ImmutableMap,utils/src/main/java/software/amazon/awssdk/utils/ImmutableMap.java,1,95247959_552.json,true,success,,151,1123,28,24,3,30,1.0714285714285714,false,false,false,false,true,,maven,.,utils,utils,maven:utils,,,,false,,repos/successful/95247959,promoted_before_storage_audit
95247959,https://github.com/aws/aws-sdk-java-v2,999ce2f6564ba6615a4b428c26fc1116cf85fbdf,95247959:utils/src/main/java/software/amazon/awssdk/utils/internal/reflectionutils.java,ReflectionUtils,utils/src/main/java/software/amazon/awssdk/utils/internal/ReflectionUtils.java,2,95247959_505.json;95247959_506.json,true,success,,26,220,2,1,2,3,1.5,false,false,false,false,true,,maven,.,utils,utils,maven:utils,,,,false,,repos/successful/95247959,promoted_before_storage_audit
95247959,https://github.com/aws/aws-sdk-java-v2,999ce2f6564ba6615a4b428c26fc1116cf85fbdf,95247959:utils/src/main/java/software/amazon/awssdk/utils/ioutils.java,IoUtils,utils/src/main/java/software/amazon/awssdk/utils/IoUtils.java,5,95247959_520.json;95247959_521.json;95247959_522.json;95247959_523.json;95247959_524.json,true,success,,87,603,12,11,4,26,2.1666666666666665,false,false,false,false,true,,maven,.,utils,utils,maven:utils,,,,false,,repos/successful/95247959,promoted_before_storage_audit
95247959,https://github.com/aws/aws-sdk-java-v2,999ce2f6564ba6615a4b428c26fc1116cf85fbdf,95247959:utils/src/main/java/software/amazon/awssdk/utils/lazy.java,Lazy,utils/src/main/java/software/amazon/awssdk/utils/Lazy.java,2,95247959_540.json;95247959_541.json,true,success,,71,351,11,9,3,15,1.3636363636363635,false,false,false,false,true,,maven,.,utils,utils,maven:utils,,,,false,,repos/successful/95247959,promoted_before_storage_audit
95247959,https://github.com/aws/aws-sdk-java-v2,999ce2f6564ba6615a4b428c26fc1116cf85fbdf,95247959:utils/src/main/java/software/amazon/awssdk/utils/numericutils.java,NumericUtils,utils/src/main/java/software/amazon/awssdk/utils/NumericUtils.java,10,95247959_425.json;95247959_426.json;95247959_427.json;95247959_428.json;95247959_429.json;95247959_430.json;95247959_431.json;95247959_432.json;95247959_433.json;95247959_434.json,true,success,,30,199,5,4,3,9,1.8,false,false,false,false,true,,maven,.,utils,utils,maven:utils,,,,false,,repos/successful/95247959,promoted_before_storage_audit
95247959,https://github.com/aws/aws-sdk-java-v2,999ce2f6564ba6615a4b428c26fc1116cf85fbdf,95247959:utils/src/main/java/software/amazon/awssdk/utils/pair.java,Pair,utils/src/main/java/software/amazon/awssdk/utils/Pair.java,2,95247959_443.json;95247959_444.json,true,success,,41,288,8,7,3,10,1.25,false,false,false,false,true,,maven,.,utils,utils,maven:utils,,,,false,,repos/successful/95247959,promoted_before_storage_audit
95247959,https://github.com/aws/aws-sdk-java-v2,999ce2f6564ba6615a4b428c26fc1116cf85fbdf,95247959:utils/src/main/java/software/amazon/awssdk/utils/reflectionmethodinvoker.java,ReflectionMethodInvoker,utils/src/main/java/software/amazon/awssdk/utils/ReflectionMethodInvoker.java,7,95247959_490.json;95247959_491.json;95247959_492.json;95247959_493.json;95247959_494.json;95247959_495.json;95247959_496.json,true,success,,50,300,6,3,3,9,1.5,false,false,false,false,true,,maven,.,utils,utils,maven:utils,,,,false,,repos/successful/95247959,promoted_before_storage_audit
95247959,https://github.com/aws/aws-sdk-java-v2,999ce2f6564ba6615a4b428c26fc1116cf85fbdf,95247959:utils/src/main/java/software/amazon/awssdk/utils/stringutils.java,StringUtils,utils/src/main/java/software/amazon/awssdk/utils/StringUtils.java,11,95247959_414.json;95247959_415.json;95247959_416.json;95247959_417.json;95247959_418.json;95247959_419.json;95247959_420.json;95247959_421.json;95247959_422.json;95247959_423.json;95247959_424.json,true,success,,302,2176,25,22,26,106,4.24,false,false,false,false,true,,maven,.,utils,utils,maven:utils,,,,false,,repos/successful/95247959,promoted_before_storage_audit
95247959,https://github.com/aws/aws-sdk-java-v2,999ce2f6564ba6615a4b428c26fc1116cf85fbdf,95247959:utils/src/main/java/software/amazon/awssdk/utils/threadfactorybuilder.java,ThreadFactoryBuilder,utils/src/main/java/software/amazon/awssdk/utils/ThreadFactoryBuilder.java,1,95247959_553.json,true,success,,33,205,4,3,2,5,1.25,false,false,false,false,true,,maven,.,utils,utils,maven:utils,,,,false,,repos/successful/95247959,promoted_before_storage_audit
95247959,https://github.com/aws/aws-sdk-java-v2,999ce2f6564ba6615a4b428c26fc1116cf85fbdf,95247959:utils/src/main/java/software/amazon/awssdk/utils/tostring.java,ToString,utils/src/main/java/software/amazon/awssdk/utils/ToString.java,1,95247959_551.json,true,success,,42,284,5,4,4,9,1.8,false,false,false,false,true,,maven,.,utils,utils,maven:utils,,,,false,,repos/successful/95247959,promoted_before_storage_audit
95247959,https://github.com/aws/aws-sdk-java-v2,999ce2f6564ba6615a4b428c26fc1116cf85fbdf,95247959:utils/src/main/java/software/amazon/awssdk/utils/validate.java,Validate,utils/src/main/java/software/amazon/awssdk/utils/Validate.java,45,95247959_445.json;95247959_446.json;95247959_447.json;95247959_448.json;95247959_449.json;95247959_450.json;95247959_451.json;95247959_452.json;95247959_453.json;95247959_454.json;95247959_455.json;95247959_456.json;95247959_457.json;95247959_458.json;95247959_459.json;95247959_460.json;95247959_461.json;95247959_462.json;95247959_463.json;95247959_464.json;95247959_465.json;95247959_466.json;95247959_467.json;95247959_468.json;95247959_469.json;95247959_470.json;95247959_471.json;95247959_472.json;95247959_473.json;95247959_474.json;95247959_475.json;95247959_476.json;95247959_477.json;95247959_478.json;95247959_479.json;95247959_480.json;95247959_481.json;95247959_482.json;95247959_483.json;95247959_484.json;95247959_485.json;95247959_486.json;95247959_487.json;95247959_488.json;95247959_489.json,true,success,,271,2061,38,37,4,94,2.473684210526316,false,false,false,false,true,,maven,.,utils,utils,maven:utils,,,,false,,repos/successful/95247959,promoted_before_storage_audit
9619226,https://github.com/3pillarlabs/spring-data-simpledb,f1e0eb4e48ec4674d3966e8f5bc04c95031f93ae,9619226:spring-data-simpledb-impl/src/main/java/org/springframework/data/simpledb/query/executions/multipleresultexecution.java,MultipleResultExecution,spring-data-simpledb-impl/src/main/java/org/springframework/data/simpledb/query/executions/MultipleResultExecution.java,9,9619226_26.json;9619226_27.json;9619226_28.json;9619226_29.json;9619226_30.json;9619226_31.json;9619226_32.json;9619226_33.json;9619226_34.json,true,success,,62,462,3,0,7,14,4.666666666666667,false,false,false,false,false,no_public_non_constructor_method,maven,.,spring-data-simpledb-impl,spring-data-simpledb-impl,maven:spring-data-simpledb-impl,,,,false,,repos/successful/9619226,promoted_before_storage_audit
9619226,https://github.com/3pillarlabs/spring-data-simpledb,f1e0eb4e48ec4674d3966e8f5bc04c95031f93ae,9619226:spring-data-simpledb-impl/src/main/java/org/springframework/data/simpledb/query/executions/pagedresultexecution.java,PagedResultExecution,spring-data-simpledb-impl/src/main/java/org/springframework/data/simpledb/query/executions/PagedResultExecution.java,2,9619226_35.json;9619226_36.json,true,success,,19,135,2,0,2,3,1.5,false,false,false,false,false,no_public_non_constructor_method,maven,.,spring-data-simpledb-impl,spring-data-simpledb-impl,maven:spring-data-simpledb-impl,,,,false,,repos/successful/9619226,promoted_before_storage_audit
78444970,https://github.com/voho/web,837c9c673caac60d2d8de1647e9d3e08acd70d9a,78444970:examples/libraries/concurrency/src/concurrency/forkjoin/largesumproblem.java,LargeSumProblem,examples/libraries/concurrency/src/concurrency/forkjoin/LargeSumProblem.java,1,78444970_32.json,true,success,,40,325,3,1,2,4,1.3333333333333333,false,false,false,false,true,,maven,.,examples/libraries/concurrency,examples/libraries/concurrency,maven:examples/libraries/concurrency,,,,false,,repos/successful/78444970,promoted_before_storage_audit
78444970,https://github.com/voho/web,837c9c673caac60d2d8de1647e9d3e08acd70d9a,78444970:examples/libraries/hash/src/bloom/defaultbloomfilter.java,DefaultBloomFilter,examples/libraries/hash/src/bloom/DefaultBloomFilter.java,2,78444970_33.json;78444970_34.json,true,success,,57,349,8,6,3,14,1.75,false,false,false,false,true,,maven,.,examples/libraries/hash,examples/libraries/hash,maven:examples/libraries/hash,,,,false,,repos/successful/78444970,promoted_before_storage_audit
78444970,https://github.com/voho/web,837c9c673caac60d2d8de1647e9d3e08acd70d9a,78444970:examples/lz77/src/main/java/lz77.java,LZ77,examples/lz77/src/main/java/LZ77.java,2,78444970_2.json;78444970_3.json,true,success,,81,661,5,2,5,18,3.6,false,false,false,false,true,,maven,.,examples/lz77,examples/lz77,maven:examples/lz77,,,,false,,repos/successful/78444970,promoted_before_storage_audit
78444970,https://github.com/voho/web,837c9c673caac60d2d8de1647e9d3e08acd70d9a,78444970:examples/lz78/src/main/java/lz78.java,LZ78,examples/lz78/src/main/java/LZ78.java,2,78444970_0.json;78444970_1.json,true,success,,106,811,10,2,4,21,2.1,false,false,false,false,true,,maven,.,examples/lz78,examples/lz78,maven:examples/lz78,,,,false,,repos/successful/78444970,promoted_before_storage_audit
46396068,https://github.com/kakao/hbase-tools,233e9ab0a4a31da9f5387fbb453db6d5799c072d,46396068:hbase0.98/hbase-manager-0.98/src/main/java/com/kakao/hbase/manager/command/split.java,Split,hbase0.98/hbase-manager-0.98/src/main/java/com/kakao/hbase/manager/command/Split.java,3,46396068_45.json;46396068_46.json;46396068_47.json,true,success,,189,1616,13,12,11,36,2.769230769230769,false,false,true,false,false,is_generated_code,maven,hbase0.98,hbase0.98/hbase-manager-0.98,hbase-manager-0.98,maven:hbase0.98/hbase-manager-0.98,,,,false,,repos/successful/46396068,promoted_before_storage_audit
46396068,https://github.com/kakao/hbase-tools,233e9ab0a4a31da9f5387fbb453db6d5799c072d,46396068:hbase0.98/hbase-snapshot-0.98/src/main/java/com/kakao/hbase/snapshot/snapshotutil.java,SnapshotUtil,hbase0.98/hbase-snapshot-0.98/src/main/java/com/kakao/hbase/snapshot/SnapshotUtil.java,2,46396068_52.json;46396068_53.json,true,success,,19,127,2,0,3,5,2.5,false,false,false,false,false,no_public_non_constructor_method,maven,hbase0.98,hbase0.98/hbase-snapshot-0.98,hbase-snapshot-0.98,maven:hbase0.98/hbase-snapshot-0.98,,,,false,,repos/successful/46396068,promoted_before_storage_audit
48046454,https://github.com/hazelcast/hazelcast-jet,60c713a718df89fdccedbf34aadcdcb953ae92a6,48046454:extensions/cdc-debezium/src/main/java/com/hazelcast/jet/cdc/cdcsinks.java,CdcSinks,extensions/cdc-debezium/src/main/java/com/hazelcast/jet/cdc/CdcSinks.java,3,48046454_320.json;48046454_321.json;48046454_322.json,true,success,,65,515,5,3,2,6,1.2,false,false,false,false,true,,maven,.,extensions/cdc-debezium,extensions/cdc-debezium,maven:extensions/cdc-debezium,,,,false,,repos/successful/48046454,promoted
48046454,https://github.com/hazelcast/hazelcast-jet,60c713a718df89fdccedbf34aadcdcb953ae92a6,48046454:extensions/elasticsearch/elasticsearch-5/src/main/java/com/hazelcast/jet/elastic/elasticclients.java,ElasticClients,extensions/elasticsearch/elasticsearch-5/src/main/java/com/hazelcast/jet/elastic/ElasticClients.java,1,48046454_299.json,true,success,,41,273,5,4,1,5,1.0,false,false,false,false,true,,maven,.,extensions/elasticsearch/elasticsearch-5,extensions/elasticsearch/elasticsearch-5,maven:extensions/elasticsearch/elasticsearch-5,,,,false,,repos/successful/48046454,promoted
48046454,https://github.com/hazelcast/hazelcast-jet,60c713a718df89fdccedbf34aadcdcb953ae92a6,48046454:extensions/elasticsearch/elasticsearch-5/src/main/java/com/hazelcast/jet/elastic/elasticsourcebuilder.java,ElasticSourceBuilder,extensions/elasticsearch/elasticsearch-5/src/main/java/com/hazelcast/jet/elastic/ElasticSourceBuilder.java,1,48046454_300.json,true,success,,82,574,9,8,2,10,1.1111111111111112,false,false,false,false,true,,maven,.,extensions/elasticsearch/elasticsearch-5,extensions/elasticsearch/elasticsearch-5,maven:extensions/elasticsearch/elasticsearch-5,,,,false,,repos/successful/48046454,promoted
48046454,https://github.com/hazelcast/hazelcast-jet,60c713a718df89fdccedbf34aadcdcb953ae92a6,48046454:extensions/elasticsearch/elasticsearch-5/src/main/java/com/hazelcast/jet/elastic/impl/elasticcatclient.java,ElasticCatClient,extensions/elasticsearch/elasticsearch-5/src/main/java/com/hazelcast/jet/elastic/impl/ElasticCatClient.java,3,48046454_301.json;48046454_302.json;48046454_303.json,true,success,,215,1607,21,15,3,29,1.380952380952381,false,false,false,false,true,,maven,.,extensions/elasticsearch/elasticsearch-5,extensions/elasticsearch/elasticsearch-5,maven:extensions/elasticsearch/elasticsearch-5,,,,false,,repos/successful/48046454,promoted
48046454,https://github.com/hazelcast/hazelcast-jet,60c713a718df89fdccedbf34aadcdcb953ae92a6,48046454:extensions/elasticsearch/elasticsearch-5/src/main/java/com/hazelcast/jet/elastic/impl/elasticsourcepmetasupplier.java,ElasticSourcePMetaSupplier,extensions/elasticsearch/elasticsearch-5/src/main/java/com/hazelcast/jet/elastic/impl/ElasticSourcePMetaSupplier.java,2,48046454_304.json;48046454_305.json,true,success,,108,951,5,3,6,16,3.2,false,false,false,false,true,,maven,.,extensions/elasticsearch/elasticsearch-5,extensions/elasticsearch/elasticsearch-5,maven:extensions/elasticsearch/elasticsearch-5,,,,false,,repos/successful/48046454,promoted
48046454,https://github.com/hazelcast/hazelcast-jet,60c713a718df89fdccedbf34aadcdcb953ae92a6,48046454:extensions/elasticsearch/elasticsearch-6/src/main/java/com/hazelcast/jet/elastic/elasticclients.java,ElasticClients,extensions/elasticsearch/elasticsearch-6/src/main/java/com/hazelcast/jet/elastic/ElasticClients.java,1,48046454_306.json,true,success,,41,273,5,4,1,5,1.0,false,false,false,false,true,,maven,.,extensions/elasticsearch/elasticsearch-6,extensions/elasticsearch/elasticsearch-6,maven:extensions/elasticsearch/elasticsearch-6,,,,false,,repos/successful/48046454,promoted
48046454,https://github.com/hazelcast/hazelcast-jet,60c713a718df89fdccedbf34aadcdcb953ae92a6,48046454:extensions/elasticsearch/elasticsearch-6/src/main/java/com/hazelcast/jet/elastic/elasticsourcebuilder.java,ElasticSourceBuilder,extensions/elasticsearch/elasticsearch-6/src/main/java/com/hazelcast/jet/elastic/ElasticSourceBuilder.java,1,48046454_307.json,true,success,,90,632,10,9,2,11,1.1,false,false,false,false,true,,maven,.,extensions/elasticsearch/elasticsearch-6,extensions/elasticsearch/elasticsearch-6,maven:extensions/elasticsearch/elasticsearch-6,,,,false,,repos/successful/48046454,promoted
48046454,https://github.com/hazelcast/hazelcast-jet,60c713a718df89fdccedbf34aadcdcb953ae92a6,48046454:extensions/elasticsearch/elasticsearch-6/src/main/java/com/hazelcast/jet/elastic/impl/elasticcatclient.java,ElasticCatClient,extensions/elasticsearch/elasticsearch-6/src/main/java/com/hazelcast/jet/elastic/impl/ElasticCatClient.java,3,48046454_308.json;48046454_309.json;48046454_310.json,true,success,,201,1507,20,15,3,27,1.35,false,false,false,false,true,,maven,.,extensions/elasticsearch/elasticsearch-6,extensions/elasticsearch/elasticsearch-6,maven:extensions/elasticsearch/elasticsearch-6,,,,false,,repos/successful/48046454,promoted
48046454,https://github.com/hazelcast/hazelcast-jet,60c713a718df89fdccedbf34aadcdcb953ae92a6,48046454:extensions/kafka/src/main/java/com/hazelcast/jet/kafka/impl/streamkafkap.java,StreamKafkaP,extensions/kafka/src/main/java/com/hazelcast/jet/kafka/impl/StreamKafkaP.java,4,48046454_295.json;48046454_296.json;48046454_297.json;48046454_298.json,true,success,,266,2208,16,7,7,44,2.75,false,false,false,false,true,,maven,.,extensions/kafka,extensions/kafka,maven:extensions/kafka,,,,false,,repos/successful/48046454,promoted
48046454,https://github.com/hazelcast/hazelcast-jet,60c713a718df89fdccedbf34aadcdcb953ae92a6,48046454:extensions/kafka/src/main/java/com/hazelcast/jet/kafka/impl/writekafkap.java,WriteKafkaP,extensions/kafka/src/main/java/com/hazelcast/jet/kafka/impl/WriteKafkaP.java,1,48046454_294.json,true,success,,286,1850,32,21,5,53,1.65625,false,false,false,false,true,,maven,.,extensions/kafka,extensions/kafka,maven:extensions/kafka,,,,false,,repos/successful/48046454,promoted
48046454,https://github.com/hazelcast/hazelcast-jet,60c713a718df89fdccedbf34aadcdcb953ae92a6,48046454:extensions/protobuf/src/main/java/com/hazelcast/jet/protobuf/protobufserializer.java,ProtobufSerializer,extensions/protobuf/src/main/java/com/hazelcast/jet/protobuf/ProtobufSerializer.java,1,48046454_323.json,true,success,,48,386,6,4,2,7,1.1666666666666667,false,false,false,false,true,,maven,.,extensions/protobuf,extensions/protobuf,maven:extensions/protobuf,,,,false,,repos/successful/48046454,promoted
48046454,https://github.com/hazelcast/hazelcast-jet,60c713a718df89fdccedbf34aadcdcb953ae92a6,48046454:hazelcast-jet-all/src/main/java/com/hazelcast/jet/server/jetcommandline.java,JetCommandLine,hazelcast-jet-all/src/main/java/com/hazelcast/jet/server/JetCommandLine.java,23,48046454_271.json;48046454_272.json;48046454_273.json;48046454_274.json;48046454_275.json;48046454_276.json;48046454_277.json;48046454_278.json;48046454_279.json;48046454_280.json;48046454_281.json;48046454_282.json;48046454_283.json;48046454_284.json;48046454_285.json;48046454_286.json;48046454_287.json;48046454_288.json;48046454_289.json;48046454_290.json;48046454_291.json;48046454_292.json;48046454_293.json,true,success,,1089,7678,55,20,31,179,3.2545454545454544,false,false,false,false,false,nloc_out_of_bounds,maven,.,hazelcast-jet-all,hazelcast-jet-all,maven:hazelcast-jet-all,,,,false,,repos/successful/48046454,promoted
48046454,https://github.com/hazelcast/hazelcast-jet,60c713a718df89fdccedbf34aadcdcb953ae92a6,48046454:hazelcast-jet-core/src/main/java/com/hazelcast/jet/aggregate/aggregateoperations.java,AggregateOperations,hazelcast-jet-core/src/main/java/com/hazelcast/jet/aggregate/AggregateOperations.java,32,48046454_121.json;48046454_122.json;48046454_123.json;48046454_124.json;48046454_125.json;48046454_126.json;48046454_127.json;48046454_128.json;48046454_129.json;48046454_130.json;48046454_131.json;48046454_132.json;48046454_133.json;48046454_134.json;48046454_135.json;48046454_136.json;48046454_137.json;48046454_138.json;48046454_139.json;48046454_140.json;48046454_141.json;48046454_142.json;48046454_143.json;48046454_144.json;48046454_145.json;48046454_146.json;48046454_147.json;48046454_148.json;48046454_149.json;48046454_150.json;48046454_151.json;48046454_152.json,true,success,,673,6149,41,40,7,81,1.975609756097561,false,false,false,false,false,nloc_out_of_bounds,maven,.,hazelcast-jet-core,hazelcast-jet-core,maven:hazelcast-jet-core,,,,false,,repos/successful/48046454,promoted
48046454,https://github.com/hazelcast/hazelcast-jet,60c713a718df89fdccedbf34aadcdcb953ae92a6,48046454:hazelcast-jet-core/src/main/java/com/hazelcast/jet/impl/execution/processortasklet.java,ProcessorTasklet,hazelcast-jet-core/src/main/java/com/hazelcast/jet/impl/execution/ProcessorTasklet.java,2,48046454_267.json;48046454_268.json,true,success,,550,4130,20,7,40,118,5.9,false,false,false,false,false,nloc_out_of_bounds,maven,.,hazelcast-jet-core,hazelcast-jet-core,maven:hazelcast-jet-core,,,,false,,repos/successful/48046454,promoted
48046454,https://github.com/hazelcast/hazelcast-jet,60c713a718df89fdccedbf34aadcdcb953ae92a6,48046454:hazelcast-jet-core/src/main/java/com/hazelcast/jet/util.java,Util,hazelcast-jet-core/src/main/java/com/hazelcast/jet/Util.java,3,48046454_0.json;48046454_1.json;48046454_2.json,true,success,,82,741,11,10,5,19,1.7272727272727273,false,false,true,false,false,is_generated_code,maven,.,hazelcast-jet-core,hazelcast-jet-core,maven:hazelcast-jet-core,,,,false,,repos/successful/48046454,promoted
43105609,https://github.com/borball/weixin-sdk,ed624144fda218f7f85915de26012fa15940c87c,43105609:weixin-app/src/main/java/com/riversoft/weixin/app/user/users.java,Users,weixin-app/src/main/java/com/riversoft/weixin/app/user/Users.java,1,43105609_0.json,true,success,,29,252,4,4,1,4,1.0,false,false,false,false,true,,maven,.,weixin-app,weixin-app,maven:weixin-app,,,,false,,repos/successful/43105609,promoted
43105609,https://github.com/borball/weixin-sdk,ed624144fda218f7f85915de26012fa15940c87c,43105609:weixin-open/src/main/java/com/riversoft/weixin/open/oauth2/openoauth2s.java,OpenOAuth2s,weixin-open/src/main/java/com/riversoft/weixin/open/oauth2/OpenOAuth2s.java,1,43105609_51.json,true,success,,65,612,10,10,3,12,1.2,false,false,false,false,true,,maven,.,weixin-open,weixin-open,maven:weixin-open,,,,false,,repos/successful/43105609,promoted
43105609,https://github.com/borball/weixin-sdk,ed624144fda218f7f85915de26012fa15940c87c,43105609:weixin-pay/src/main/java/com/riversoft/weixin/pay/payment/payments.java,Payments,weixin-pay/src/main/java/com/riversoft/weixin/pay/payment/Payments.java,2,43105609_2.json;43105609_3.json,true,success,,193,1700,20,17,2,26,1.3,false,false,false,false,true,,maven,.,weixin-pay,weixin-pay,maven:weixin-pay,,,,false,,repos/successful/43105609,promoted
43105609,https://github.com/borball/weixin-sdk,ed624144fda218f7f85915de26012fa15940c87c,43105609:weixin-pay/src/main/java/com/riversoft/weixin/pay/payment/signatures.java,Signatures,weixin-pay/src/main/java/com/riversoft/weixin/pay/payment/Signatures.java,2,43105609_4.json;43105609_5.json,true,success,,53,440,6,5,1,6,1.0,false,false,false,false,true,,maven,.,weixin-pay,weixin-pay,maven:weixin-pay,,,,false,,repos/successful/43105609,promoted
43105609,https://github.com/borball/weixin-sdk,ed624144fda218f7f85915de26012fa15940c87c,43105609:weixin-pay/src/main/java/com/riversoft/weixin/pay/redpack/redpacks.java,RedPacks,weixin-pay/src/main/java/com/riversoft/weixin/pay/redpack/RedPacks.java,2,43105609_6.json;43105609_7.json,true,success,,223,1397,37,35,4,41,1.1081081081081081,false,false,false,false,true,,maven,.,weixin-pay,weixin-pay,maven:weixin-pay,,,,false,,repos/successful/43105609,promoted
43105609,https://github.com/borball/weixin-sdk,ed624144fda218f7f85915de26012fa15940c87c,43105609:weixin-pay/src/main/java/com/riversoft/weixin/pay/util/signatureutil.java,SignatureUtil,weixin-pay/src/main/java/com/riversoft/weixin/pay/util/SignatureUtil.java,1,43105609_1.json,true,success,,11,103,1,1,1,1,1.0,false,false,false,false,true,,maven,.,weixin-pay,weixin-pay,maven:weixin-pay,,,,false,,repos/successful/43105609,promoted
43105609,https://github.com/borball/weixin-sdk,ed624144fda218f7f85915de26012fa15940c87c,43105609:weixin-qydev/src/main/java/com/riversoft/weixin/qy/agent/agents.java,Agents,weixin-qydev/src/main/java/com/riversoft/weixin/qy/agent/Agents.java,3,43105609_10.json;43105609_8.json;43105609_9.json,true,success,,65,548,8,8,1,8,1.0,false,false,false,false,true,,maven,.,weixin-qydev,weixin-qydev,maven:weixin-qydev,,,,false,,repos/successful/43105609,promoted
43105609,https://github.com/borball/weixin-sdk,ed624144fda218f7f85915de26012fa15940c87c,43105609:weixin-qydev/src/main/java/com/riversoft/weixin/qy/contact/jobs.java,Jobs,weixin-qydev/src/main/java/com/riversoft/weixin/qy/contact/Jobs.java,2,43105609_43.json;43105609_44.json,true,success,,111,943,14,11,4,21,1.5,false,false,false,false,true,,maven,.,weixin-qydev,weixin-qydev,maven:weixin-qydev,,,,false,,repos/successful/43105609,promoted
43105609,https://github.com/borball/weixin-sdk,ed624144fda218f7f85915de26012fa15940c87c,43105609:weixin-qydev/src/main/java/com/riversoft/weixin/qy/contact/tags.java,Tags,weixin-qydev/src/main/java/com/riversoft/weixin/qy/contact/Tags.java,1,43105609_45.json,true,success,,117,911,18,18,1,18,1.0,false,false,false,false,true,,maven,.,weixin-qydev,weixin-qydev,maven:weixin-qydev,,,,false,,repos/successful/43105609,promoted
43105609,https://github.com/borball/weixin-sdk,ed624144fda218f7f85915de26012fa15940c87c,43105609:weixin-qydev/src/main/java/com/riversoft/weixin/qy/contact/users.java,Users,weixin-qydev/src/main/java/com/riversoft/weixin/qy/contact/Users.java,4,43105609_46.json;43105609_47.json;43105609_48.json;43105609_49.json,true,success,,142,1128,18,18,6,31,1.7222222222222223,false,false,false,false,true,,maven,.,weixin-qydev,weixin-qydev,maven:weixin-qydev,,,,false,,repos/successful/43105609,promoted
43105609,https://github.com/borball/weixin-sdk,ed624144fda218f7f85915de26012fa15940c87c,43105609:weixin-qydev/src/main/java/com/riversoft/weixin/qy/jsapi/jsapis.java,JsAPIs,weixin-qydev/src/main/java/com/riversoft/weixin/qy/jsapi/JsAPIs.java,1,43105609_50.json,true,success,,124,883,16,14,4,26,1.625,false,false,false,false,true,,maven,.,weixin-qydev,weixin-qydev,maven:weixin-qydev,,,,false,,repos/successful/43105609,promoted
43105609,https://github.com/borball/weixin-sdk,ed624144fda218f7f85915de26012fa15940c87c,43105609:weixin-qydev/src/main/java/com/riversoft/weixin/qy/media/materials.java,Materials,weixin-qydev/src/main/java/com/riversoft/weixin/qy/media/Materials.java,5,43105609_38.json;43105609_39.json;43105609_40.json;43105609_41.json;43105609_42.json,true,success,,215,1684,33,32,3,39,1.1818181818181819,false,false,false,false,true,,maven,.,weixin-qydev,weixin-qydev,maven:weixin-qydev,,,,false,,repos/successful/43105609,promoted
43105609,https://github.com/borball/weixin-sdk,ed624144fda218f7f85915de26012fa15940c87c,43105609:weixin-qydev/src/main/java/com/riversoft/weixin/qy/media/medias.java,Medias,weixin-qydev/src/main/java/com/riversoft/weixin/qy/media/Medias.java,2,43105609_36.json;43105609_37.json,true,success,,45,403,5,5,3,7,1.4,false,false,false,false,true,,maven,.,weixin-qydev,weixin-qydev,maven:weixin-qydev,,,,false,,repos/successful/43105609,promoted
43105609,https://github.com/borball/weixin-sdk,ed624144fda218f7f85915de26012fa15940c87c,43105609:weixin-qydev/src/main/java/com/riversoft/weixin/qy/message/qyxmlmessages.java,QyXmlMessages,weixin-qydev/src/main/java/com/riversoft/weixin/qy/message/QyXmlMessages.java,24,43105609_11.json;43105609_12.json;43105609_13.json;43105609_14.json;43105609_15.json;43105609_16.json;43105609_17.json;43105609_18.json;43105609_19.json;43105609_20.json;43105609_21.json;43105609_22.json;43105609_23.json;43105609_24.json;43105609_25.json;43105609_26.json;43105609_27.json;43105609_28.json;43105609_29.json;43105609_30.json;43105609_31.json;43105609_32.json;43105609_33.json;43105609_34.json,true,success,,84,706,3,2,15,26,8.666666666666666,false,false,false,false,true,,maven,.,weixin-qydev,weixin-qydev,maven:weixin-qydev,,,,false,,repos/successful/43105609,promoted
43105609,https://github.com/borball/weixin-sdk,ed624144fda218f7f85915de26012fa15940c87c,43105609:weixin-qydev/src/main/java/com/riversoft/weixin/qy/oauth2/qyoauth2s.java,QyOAuth2s,weixin-qydev/src/main/java/com/riversoft/weixin/qy/oauth2/QyOAuth2s.java,1,43105609_35.json,true,success,,86,867,8,8,3,16,2.0,false,false,false,false,true,,maven,.,weixin-qydev,weixin-qydev,maven:weixin-qydev,,,,false,,repos/successful/43105609,promoted
66303306,https://github.com/bazaarvoice/emodb,8184514eb831eb9f874718741ab701d2d02a638c,66303306:auth/auth-core/src/main/java/com/bazaarvoice/emodb/auth/shiro/guavacachemanager.java,GuavaCacheManager,auth/auth-core/src/main/java/com/bazaarvoice/emodb/auth/shiro/GuavaCacheManager.java,1,66303306_136.json,true,success,,123,849,13,8,4,22,1.6923076923076923,false,false,false,false,true,,maven,.,auth/auth-core,auth/auth-core,maven:auth/auth-core,,,,false,,repos/successful/66303306,promoted
66303306,https://github.com/bazaarvoice/emodb,8184514eb831eb9f874718741ab701d2d02a638c,66303306:blob/src/main/java/com/bazaarvoice/emodb/blob/core/defaultblobstore.java,DefaultBlobStore,blob/src/main/java/com/bazaarvoice/emodb/blob/core/DefaultBlobStore.java,8,66303306_206.json;66303306_207.json;66303306_208.json;66303306_209.json;66303306_210.json;66303306_211.json;66303306_212.json;66303306_213.json,true,success,,385,3187,32,20,6,60,1.875,false,false,false,false,true,,maven,.,blob,blob,maven:blob,,,,false,,repos/successful/66303306,promoted
66303306,https://github.com/bazaarvoice/emodb,8184514eb831eb9f874718741ab701d2d02a638c,66303306:cachemgr/src/main/java/com/bazaarvoice/emodb/cachemgr/invalidate/defaultinvalidationprovider.java,DefaultInvalidationProvider,cachemgr/src/main/java/com/bazaarvoice/emodb/cachemgr/invalidate/DefaultInvalidationProvider.java,4,66303306_69.json;66303306_70.json;66303306_71.json;66303306_72.json,true,success,,83,614,6,4,5,10,1.6666666666666667,false,false,false,false,true,,maven,.,cachemgr,cachemgr,maven:cachemgr,,,,false,,repos/successful/66303306,promoted
66303306,https://github.com/bazaarvoice/emodb,8184514eb831eb9f874718741ab701d2d02a638c,66303306:cachemgr/src/main/java/com/bazaarvoice/emodb/cachemgr/invalidate/dropwizardinvalidationtask.java,DropwizardInvalidationTask,cachemgr/src/main/java/com/bazaarvoice/emodb/cachemgr/invalidate/DropwizardInvalidationTask.java,1,66303306_68.json,true,success,,41,337,2,1,3,4,2.0,false,false,false,false,true,,maven,.,cachemgr,cachemgr,maven:cachemgr,,,,false,,repos/successful/66303306,promoted
66303306,https://github.com/bazaarvoice/emodb,8184514eb831eb9f874718741ab701d2d02a638c,66303306:cachemgr/src/main/java/com/bazaarvoice/emodb/cachemgr/invalidate/foreigndatacenterendpointprovider.java,ForeignDataCenterEndPointProvider,cachemgr/src/main/java/com/bazaarvoice/emodb/cachemgr/invalidate/ForeignDataCenterEndPointProvider.java,1,66303306_67.json,true,success,,41,270,4,3,3,6,1.5,false,false,false,false,true,,maven,.,cachemgr,cachemgr,maven:cachemgr,,,,false,,repos/successful/66303306,promoted
66303306,https://github.com/bazaarvoice/emodb,8184514eb831eb9f874718741ab701d2d02a638c,66303306:common/api/src/main/java/com/bazaarvoice/emodb/common/api/impl/timepartitioningiterator.java,TimePartitioningIterator,common/api/src/main/java/com/bazaarvoice/emodb/common/api/impl/TimePartitioningIterator.java,2,66303306_126.json;66303306_127.json,true,success,,64,485,5,2,5,11,2.2,false,false,false,false,true,,maven,.,common/api,common/api,maven:common/api,,,,false,,repos/successful/66303306,promoted
66303306,https://github.com/bazaarvoice/emodb,8184514eb831eb9f874718741ab701d2d02a638c,66303306:common/api/src/main/java/com/bazaarvoice/emodb/common/api/ttls.java,Ttls,common/api/src/main/java/com/bazaarvoice/emodb/common/api/Ttls.java,6,66303306_120.json;66303306_121.json;66303306_122.json;66303306_123.json;66303306_124.json;66303306_125.json,true,success,,22,146,1,1,6,6,6.0,false,false,false,false,true,,maven,.,common/api,common/api,maven:common/api,,,,false,,repos/successful/66303306,promoted
66303306,https://github.com/bazaarvoice/emodb,8184514eb831eb9f874718741ab701d2d02a638c,66303306:common/dropwizard/src/main/java/com/bazaarvoice/emodb/common/dropwizard/log/defaultratelimitedlogfactory.java,DefaultRateLimitedLogFactory,common/dropwizard/src/main/java/com/bazaarvoice/emodb/common/dropwizard/log/DefaultRateLimitedLogFactory.java,2,66303306_111.json;66303306_112.json,true,success,,118,843,12,7,4,18,1.5,false,false,false,false,true,,maven,.,common/dropwizard,common/dropwizard,maven:common/dropwizard,,,,false,,repos/successful/66303306,promoted
66303306,https://github.com/bazaarvoice/emodb,8184514eb831eb9f874718741ab701d2d02a638c,66303306:common/json/src/main/java/com/bazaarvoice/emodb/common/json/deferred/lazyjsonmap.java,LazyJsonMap,common/json/src/main/java/com/bazaarvoice/emodb/common/json/deferred/LazyJsonMap.java,6,66303306_105.json;66303306_106.json;66303306_107.json;66303306_108.json;66303306_109.json;66303306_110.json,true,success,,220,1558,26,18,14,52,2.0,false,false,false,false,true,,maven,.,common/json,common/json,maven:common/json,,,,false,,repos/successful/66303306,promoted
66303306,https://github.com/bazaarvoice/emodb,8184514eb831eb9f874718741ab701d2d02a638c,66303306:common/json/src/main/java/com/bazaarvoice/emodb/common/json/iso8601dateformat.java,ISO8601DateFormat,common/json/src/main/java/com/bazaarvoice/emodb/common/json/ISO8601DateFormat.java,2,66303306_103.json;66303306_104.json,true,success,,10,87,1,1,1,1,1.0,false,false,false,false,true,,maven,.,common/json,common/json,maven:common/json,,,,false,,repos/successful/66303306,promoted
66303306,https://github.com/bazaarvoice/emodb,8184514eb831eb9f874718741ab701d2d02a638c,66303306:common/json/src/main/java/com/bazaarvoice/emodb/common/json/jsonhelper.java,JsonHelper,common/json/src/main/java/com/bazaarvoice/emodb/common/json/JsonHelper.java,2,66303306_97.json;66303306_98.json,true,success,,120,867,21,17,3,29,1.380952380952381,false,false,false,false,true,,maven,.,common/json,common/json,maven:common/json,,,,false,,repos/successful/66303306,promoted
66303306,https://github.com/bazaarvoice/emodb,8184514eb831eb9f874718741ab701d2d02a638c,66303306:common/json/src/main/java/com/bazaarvoice/emodb/common/json/restartingstreamingiterator.java,RestartingStreamingIterator,common/json/src/main/java/com/bazaarvoice/emodb/common/json/RestartingStreamingIterator.java,4,66303306_100.json;66303306_101.json;66303306_102.json;66303306_99.json,true,success,,72,446,4,3,8,11,2.75,false,false,false,false,true,,maven,.,common/json,common/json,maven:common/json,,,,false,,repos/successful/66303306,promoted
66303306,https://github.com/bazaarvoice/emodb,8184514eb831eb9f874718741ab701d2d02a638c,66303306:common/stash/src/main/java/com/bazaarvoice/emodb/common/stash/stashreader.java,StashReader,common/stash/src/main/java/com/bazaarvoice/emodb/common/stash/StashReader.java,7,66303306_113.json;66303306_114.json;66303306_115.json;66303306_116.json;66303306_117.json;66303306_118.json;66303306_119.json,true,success,,286,2162,21,10,8,45,2.142857142857143,false,false,false,false,true,,maven,.,common/stash,common/stash,maven:common/stash,,,,false,,repos/successful/66303306,promoted
66303306,https://github.com/bazaarvoice/emodb,8184514eb831eb9f874718741ab701d2d02a638c,66303306:common/uuid/src/main/java/com/bazaarvoice/emodb/common/uuid/timeuuids.java,TimeUUIDs,common/uuid/src/main/java/com/bazaarvoice/emodb/common/uuid/TimeUUIDs.java,8,66303306_128.json;66303306_129.json;66303306_130.json;66303306_131.json;66303306_132.json;66303306_133.json;66303306_134.json;66303306_135.json,true,success,,108,907,20,16,3,25,1.25,false,false,true,false,false,is_generated_code,maven,.,common/uuid,common/uuid,maven:common/uuid,,,,false,,repos/successful/66303306,promoted
66303306,https://github.com/bazaarvoice/emodb,8184514eb831eb9f874718741ab701d2d02a638c,66303306:databus/src/main/java/com/bazaarvoice/emodb/databus/channelnames.java,ChannelNames,databus/src/main/java/com/bazaarvoice/emodb/databus/ChannelNames.java,1,66303306_77.json,true,success,,41,315,9,9,3,12,1.3333333333333333,false,false,false,false,true,,maven,.,databus,databus,maven:databus,,,,false,,repos/successful/66303306,promoted
66303306,https://github.com/bazaarvoice/emodb,8184514eb831eb9f874718741ab701d2d02a638c,66303306:databus/src/main/java/com/bazaarvoice/emodb/databus/core/databuschannelconfiguration.java,DatabusChannelConfiguration,databus/src/main/java/com/bazaarvoice/emodb/databus/core/DatabusChannelConfiguration.java,1,66303306_88.json,true,success,,37,273,2,1,5,6,3.0,false,false,false,false,true,,maven,.,databus,databus,maven:databus,,,,false,,repos/successful/66303306,promoted
66303306,https://github.com/bazaarvoice/emodb,8184514eb831eb9f874718741ab701d2d02a638c,66303306:databus/src/main/java/com/bazaarvoice/emodb/databus/core/defaultdatabus.java,DefaultDatabus,databus/src/main/java/com/bazaarvoice/emodb/databus/core/DefaultDatabus.java,3,66303306_85.json;66303306_86.json;66303306_87.json,true,success,,942,7407,62,35,33,169,2.725806451612903,false,false,false,false,false,nloc_out_of_bounds,maven,.,databus,databus,maven:databus,,,,false,,repos/successful/66303306,promoted
66303306,https://github.com/bazaarvoice/emodb,8184514eb831eb9f874718741ab701d2d02a638c,66303306:databus/src/main/java/com/bazaarvoice/emodb/databus/core/defaultfanout.java,DefaultFanout,databus/src/main/java/com/bazaarvoice/emodb/databus/core/DefaultFanout.java,6,66303306_78.json;66303306_79.json;66303306_80.json;66303306_81.json;66303306_82.json;66303306_83.json,true,success,,255,1987,10,0,15,34,3.4,false,false,false,false,false,no_public_non_constructor_method,maven,.,databus,databus,maven:databus,,,,false,,repos/successful/66303306,promoted
66303306,https://github.com/bazaarvoice/emodb,8184514eb831eb9f874718741ab701d2d02a638c,66303306:databus/src/main/java/com/bazaarvoice/emodb/databus/core/eventkeyformat.java,EventKeyFormat,databus/src/main/java/com/bazaarvoice/emodb/databus/core/EventKeyFormat.java,5,66303306_92.json;66303306_93.json;66303306_94.json;66303306_95.json;66303306_96.json,true,success,,76,620,6,0,6,20,3.3333333333333335,false,false,false,false,false,no_public_non_constructor_method,maven,.,databus,databus,maven:databus,,,,false,,repos/successful/66303306,promoted
66303306,https://github.com/bazaarvoice/emodb,8184514eb831eb9f874718741ab701d2d02a638c,66303306:databus/src/main/java/com/bazaarvoice/emodb/databus/core/subscriptionevaluator.java,SubscriptionEvaluator,databus/src/main/java/com/bazaarvoice/emodb/databus/core/SubscriptionEvaluator.java,3,66303306_89.json;66303306_90.json;66303306_91.json,true,success,,104,818,11,8,4,18,1.6363636363636365,false,false,false,false,true,,maven,.,databus,databus,maven:databus,,,,false,,repos/successful/66303306,promoted
66303306,https://github.com/bazaarvoice/emodb,8184514eb831eb9f874718741ab701d2d02a638c,66303306:databus/src/main/java/com/bazaarvoice/emodb/databus/core/updaterefserializer.java,UpdateRefSerializer,databus/src/main/java/com/bazaarvoice/emodb/databus/core/UpdateRefSerializer.java,1,66303306_84.json,true,success,,62,564,4,2,2,7,1.75,false,false,false,false,true,,maven,.,databus,databus,maven:databus,,,,false,,repos/successful/66303306,promoted
66303306,https://github.com/bazaarvoice/emodb,8184514eb831eb9f874718741ab701d2d02a638c,66303306:databus/src/main/java/com/bazaarvoice/emodb/databus/db/generic/cachingsubscriptiondao.java,CachingSubscriptionDAO,databus/src/main/java/com/bazaarvoice/emodb/databus/db/generic/CachingSubscriptionDAO.java,4,66303306_73.json;66303306_74.json;66303306_75.json;66303306_76.json,true,success,,217,1551,11,14,5,18,1.6363636363636365,false,false,false,false,true,,maven,.,databus,databus,maven:databus,,,,false,,repos/successful/66303306,promoted
66303306,https://github.com/bazaarvoice/emodb,8184514eb831eb9f874718741ab701d2d02a638c,66303306:event/src/main/java/com/bazaarvoice/emodb/sortedq/core/persistentsortedqueue.java,PersistentSortedQueue,event/src/main/java/com/bazaarvoice/emodb/sortedq/core/PersistentSortedQueue.java,4,66303306_228.json;66303306_229.json;66303306_230.json;66303306_231.json,true,success,,648,4639,52,12,24,143,2.75,false,false,false,false,false,nloc_out_of_bounds,maven,.,event,event,maven:event,,,,false,,repos/successful/66303306,promoted
66303306,https://github.com/bazaarvoice/emodb,8184514eb831eb9f874718741ab701d2d02a638c,66303306:job/src/main/java/com/bazaarvoice/emodb/job/service/defaultjobservice.java,DefaultJobService,job/src/main/java/com/bazaarvoice/emodb/job/service/DefaultJobService.java,1,66303306_205.json,true,success,,278,2164,14,8,8,39,2.7857142857142856,false,false,false,false,true,,maven,.,job,job,maven:job,,,,false,,repos/successful/66303306,promoted
66303306,https://github.com/bazaarvoice/emodb,8184514eb831eb9f874718741ab701d2d02a638c,66303306:megabus/src/main/java/com/bazaarvoice/megabus/refproducer/megabusrefproducer.java,MegabusRefProducer,megabus/src/main/java/com/bazaarvoice/megabus/refproducer/MegabusRefProducer.java,1,66303306_24.json,true,success,,154,1384,9,0,4,18,2.0,false,false,false,false,false,no_public_non_constructor_method,maven,.,megabus,megabus,maven:megabus,,,,false,,repos/successful/66303306,promoted
66303306,https://github.com/bazaarvoice/emodb,8184514eb831eb9f874718741ab701d2d02a638c,66303306:queue/src/main/java/com/bazaarvoice/emodb/queue/queuemodule.java,QueueModule,queue/src/main/java/com/bazaarvoice/emodb/queue/QueueModule.java,1,66303306_0.json,true,success,,68,801,3,0,1,3,1.0,false,false,false,false,false,no_public_non_constructor_method,maven,.,queue,queue,maven:queue,,,,false,,repos/successful/66303306,promoted
66303306,https://github.com/bazaarvoice/emodb,8184514eb831eb9f874718741ab701d2d02a638c,66303306:sor-api/src/main/java/com/bazaarvoice/emodb/sor/api/coordinate.java,Coordinate,sor-api/src/main/java/com/bazaarvoice/emodb/sor/api/Coordinate.java,5,66303306_62.json;66303306_63.json;66303306_64.json;66303306_65.json;66303306_66.json,true,success,,64,468,10,9,4,13,1.3,false,false,false,false,true,,maven,.,sor-api,sor-api,maven:sor-api,,,,false,,repos/successful/66303306,promoted
66303306,https://github.com/bazaarvoice/emodb,8184514eb831eb9f874718741ab701d2d02a638c,66303306:sor-api/src/main/java/com/bazaarvoice/emodb/sor/condition/eval/conditionevaluator.java,ConditionEvaluator,sor-api/src/main/java/com/bazaarvoice/emodb/sor/condition/eval/ConditionEvaluator.java,20,66303306_41.json;66303306_42.json;66303306_43.json;66303306_44.json;66303306_45.json;66303306_46.json;66303306_47.json;66303306_48.json;66303306_49.json;66303306_50.json;66303306_51.json;66303306_52.json;66303306_53.json;66303306_54.json;66303306_55.json;66303306_56.json;66303306_57.json;66303306_58.json;66303306_59.json;66303306_60.json,true,success,,237,1778,19,14,13,72,3.789473684210526,false,false,false,false,true,,maven,.,sor-api,sor-api,maven:sor-api,,,,false,,repos/successful/66303306,promoted
66303306,https://github.com/bazaarvoice/emodb,8184514eb831eb9f874718741ab701d2d02a638c,66303306:sor-api/src/main/java/com/bazaarvoice/emodb/sor/condition/eval/subsetevaluator.java,SubsetEvaluator,sor-api/src/main/java/com/bazaarvoice/emodb/sor/condition/eval/SubsetEvaluator.java,1,66303306_61.json,true,success,,351,2561,29,54,8,67,2.310344827586207,false,false,false,false,true,,maven,.,sor-api,sor-api,maven:sor-api,,,,false,,repos/successful/66303306,promoted
66303306,https://github.com/bazaarvoice/emodb,8184514eb831eb9f874718741ab701d2d02a638c,66303306:sor-api/src/main/java/com/bazaarvoice/emodb/sor/delta/deser/deltastreamsplitter.java,DeltaStreamSplitter,sor-api/src/main/java/com/bazaarvoice/emodb/sor/delta/deser/DeltaStreamSplitter.java,9,66303306_27.json;66303306_28.json;66303306_29.json;66303306_30.json;66303306_31.json;66303306_32.json;66303306_33.json;66303306_34.json;66303306_35.json,true,success,,102,558,6,2,19,32,5.333333333333333,false,false,false,false,true,,maven,.,sor-api,sor-api,maven:sor-api,,,,false,,repos/successful/66303306,promoted
66303306,https://github.com/bazaarvoice/emodb,8184514eb831eb9f874718741ab701d2d02a638c,66303306:sor-api/src/main/java/com/bazaarvoice/emodb/sor/delta/deser/jsontokener.java,JsonTokener,sor-api/src/main/java/com/bazaarvoice/emodb/sor/delta/deser/JsonTokener.java,2,66303306_25.json;66303306_26.json,true,success,,228,1317,21,20,14,69,3.2857142857142856,false,false,false,false,true,,maven,.,sor-api,sor-api,maven:sor-api,,,,false,,repos/successful/66303306,promoted
66303306,https://github.com/bazaarvoice/emodb,8184514eb831eb9f874718741ab701d2d02a638c,66303306:sor-api/src/main/java/com/bazaarvoice/emodb/sor/delta/eval/deltaevaluator.java,DeltaEvaluator,sor-api/src/main/java/com/bazaarvoice/emodb/sor/delta/eval/DeltaEvaluator.java,5,66303306_36.json;66303306_37.json;66303306_38.json;66303306_39.json;66303306_40.json,true,success,,117,989,10,8,10,28,2.8,false,false,false,false,true,,maven,.,sor-api,sor-api,maven:sor-api,,,,false,,repos/successful/66303306,promoted
66303306,https://github.com/bazaarvoice/emodb,8184514eb831eb9f874718741ab701d2d02a638c,66303306:sor-client-common/src/main/java/com/bazaarvoice/emodb/sor/client/datastorestash.java,DataStoreStash,sor-client-common/src/main/java/com/bazaarvoice/emodb/sor/client/DataStoreStash.java,7,66303306_221.json;66303306_222.json;66303306_223.json;66303306_224.json;66303306_225.json;66303306_226.json;66303306_227.json,true,success,,145,951,21,20,2,24,1.1428571428571428,false,false,false,false,true,,maven,.,sor-client-common,sor-client-common,maven:sor-client-common,,,,false,,repos/successful/66303306,promoted
66303306,https://github.com/bazaarvoice/emodb,8184514eb831eb9f874718741ab701d2d02a638c,66303306:sor-client-common/src/main/java/com/bazaarvoice/emodb/sor/client/timelimitediterator.java,TimeLimitedIterator,sor-client-common/src/main/java/com/bazaarvoice/emodb/sor/client/TimeLimitedIterator.java,7,66303306_214.json;66303306_215.json;66303306_216.json;66303306_217.json;66303306_218.json;66303306_219.json;66303306_220.json,true,success,,31,251,3,0,5,7,2.3333333333333335,false,false,false,false,false,no_public_non_constructor_method,maven,.,sor-client-common,sor-client-common,maven:sor-client-common,,,,false,,repos/successful/66303306,promoted
66303306,https://github.com/bazaarvoice/emodb,8184514eb831eb9f874718741ab701d2d02a638c,66303306:sor/src/main/java/com/bazaarvoice/emodb/sor/audit/s3/athenaauditwriter.java,AthenaAuditWriter,sor/src/main/java/com/bazaarvoice/emodb/sor/audit/s3/AthenaAuditWriter.java,1,66303306_204.json,true,success,,393,3077,23,2,13,83,3.608695652173913,false,false,false,false,true,,maven,.,sor,sor,maven:sor,,,,false,,repos/successful/66303306,promoted
66303306,https://github.com/bazaarvoice/emodb,8184514eb831eb9f874718741ab701d2d02a638c,66303306:sor/src/main/java/com/bazaarvoice/emodb/sor/core/sanitizedeltavisitor.java,SanitizeDeltaVisitor,sor/src/main/java/com/bazaarvoice/emodb/sor/core/SanitizeDeltaVisitor.java,12,66303306_192.json;66303306_193.json;66303306_194.json;66303306_195.json;66303306_196.json;66303306_197.json;66303306_198.json;66303306_199.json;66303306_200.json;66303306_201.json;66303306_202.json;66303306_203.json,true,success,,65,564,9,6,1,9,1.0,false,false,false,false,true,,maven,.,sor,sor,maven:sor,,,,false,,repos/successful/66303306,promoted
66303306,https://github.com/bazaarvoice/emodb,8184514eb831eb9f874718741ab701d2d02a638c,66303306:sor/src/main/java/com/bazaarvoice/emodb/sor/db/astyanax/defaultchangeencoder.java,DefaultChangeEncoder,sor/src/main/java/com/bazaarvoice/emodb/sor/db/astyanax/DefaultChangeEncoder.java,2,66303306_190.json;66303306_191.json,true,success,,156,1216,11,5,12,36,3.272727272727273,false,false,false,false,true,,maven,.,sor,sor,maven:sor,,,,false,,repos/successful/66303306,promoted
66303306,https://github.com/bazaarvoice/emodb,8184514eb831eb9f874718741ab701d2d02a638c,66303306:sor/src/main/java/com/bazaarvoice/emodb/sor/db/astyanax/splitformat.java,SplitFormat,sor/src/main/java/com/bazaarvoice/emodb/sor/db/astyanax/SplitFormat.java,19,66303306_171.json;66303306_172.json;66303306_173.json;66303306_174.json;66303306_175.json;66303306_176.json;66303306_177.json;66303306_178.json;66303306_179.json;66303306_180.json;66303306_181.json;66303306_182.json;66303306_183.json;66303306_184.json;66303306_185.json;66303306_186.json;66303306_187.json;66303306_188.json;66303306_189.json,true,success,,53,558,4,0,5,12,3.0,false,false,false,false,false,no_public_non_constructor_method,maven,.,sor,sor,maven:sor,,,,false,,repos/successful/66303306,promoted
66303306,https://github.com/bazaarvoice/emodb,8184514eb831eb9f874718741ab701d2d02a638c,66303306:sor/src/main/java/com/bazaarvoice/emodb/sor/db/cql/sorcqlsettingstask.java,SorCqlSettingsTask,sor/src/main/java/com/bazaarvoice/emodb/sor/db/cql/SorCqlSettingsTask.java,1,66303306_170.json,true,success,,67,524,3,1,13,16,5.333333333333333,false,false,false,false,true,,maven,.,sor,sor,maven:sor,,,,false,,repos/successful/66303306,promoted
66303306,https://github.com/bazaarvoice/emodb,8184514eb831eb9f874718741ab701d2d02a638c,66303306:sor/src/main/java/com/bazaarvoice/emodb/sor/db/scanrange.java,ScanRange,sor/src/main/java/com/bazaarvoice/emodb/sor/db/ScanRange.java,1,66303306_169.json,true,success,,165,1308,20,15,13,44,2.2,false,false,false,false,true,,maven,.,sor,sor,maven:sor,,,,false,,repos/successful/66303306,promoted
66303306,https://github.com/bazaarvoice/emodb,8184514eb831eb9f874718741ab701d2d02a638c,66303306:table/src/main/java/com/bazaarvoice/emodb/table/db/astyanax/astyanaxtabledao.java,AstyanaxTableDAO,table/src/main/java/com/bazaarvoice/emodb/table/db/astyanax/AstyanaxTableDAO.java,4,66303306_20.json;66303306_21.json;66303306_22.json;66303306_23.json,true,success,,1356,11790,98,51,21,225,2.295918367346939,false,false,false,false,false,nloc_out_of_bounds,maven,.,table,table,maven:table,,,,false,,repos/successful/66303306,promoted
66303306,https://github.com/bazaarvoice/emodb,8184514eb831eb9f874718741ab701d2d02a638c,66303306:table/src/main/java/com/bazaarvoice/emodb/table/db/astyanax/rowkeyutils.java,RowKeyUtils,table/src/main/java/com/bazaarvoice/emodb/table/db/astyanax/RowKeyUtils.java,11,66303306_10.json;66303306_11.json;66303306_12.json;66303306_13.json;66303306_14.json;66303306_15.json;66303306_16.json;66303306_17.json;66303306_18.json;66303306_19.json;66303306_9.json,true,success,,134,1175,14,3,8,28,2.0,false,false,false,false,true,,maven,.,table,table,maven:table,,,,false,,repos/successful/66303306,promoted
66303306,https://github.com/bazaarvoice/emodb,8184514eb831eb9f874718741ab701d2d02a638c,66303306:table/src/main/java/com/bazaarvoice/emodb/table/db/consistency/clusterhintspoller.java,ClusterHintsPoller,table/src/main/java/com/bazaarvoice/emodb/table/db/consistency/ClusterHintsPoller.java,4,66303306_4.json;66303306_5.json;66303306_6.json;66303306_7.json,true,success,,108,961,1,1,11,11,11.0,false,false,false,false,true,,maven,.,table,table,maven:table,,,,false,,repos/successful/66303306,promoted
66303306,https://github.com/bazaarvoice/emodb,8184514eb831eb9f874718741ab701d2d02a638c,66303306:table/src/main/java/com/bazaarvoice/emodb/table/db/consistency/hintspollerservice.java,HintsPollerService,table/src/main/java/com/bazaarvoice/emodb/table/db/consistency/HintsPollerService.java,1,66303306_8.json,true,success,,77,621,5,1,4,9,1.8,false,false,false,false,true,,maven,.,table,table,maven:table,,,,false,,repos/successful/66303306,promoted
66303306,https://github.com/bazaarvoice/emodb,8184514eb831eb9f874718741ab701d2d02a638c,66303306:table/src/main/java/com/bazaarvoice/emodb/table/db/generic/cachingtabledao.java,CachingTableDAO,table/src/main/java/com/bazaarvoice/emodb/table/db/generic/CachingTableDAO.java,3,66303306_1.json;66303306_2.json;66303306_3.json,true,success,,183,1315,22,19,3,26,1.1818181818181819,false,false,false,false,true,,maven,.,table,table,maven:table,,,,false,,repos/successful/66303306,promoted
66303306,https://github.com/bazaarvoice/emodb,8184514eb831eb9f874718741ab701d2d02a638c,66303306:web/src/main/java/com/bazaarvoice/emodb/web/compactioncontrol/compactioncontrolmonitor.java,CompactionControlMonitor,web/src/main/java/com/bazaarvoice/emodb/web/compactioncontrol/CompactionControlMonitor.java,1,66303306_142.json,true,success,,80,658,7,0,3,11,1.5714285714285714,false,false,false,false,false,no_public_non_constructor_method,maven,.,web,web,maven:web,,,,false,,repos/successful/66303306,promoted
66303306,https://github.com/bazaarvoice/emodb,8184514eb831eb9f874718741ab701d2d02a638c,66303306:web/src/main/java/com/bazaarvoice/emodb/web/report/reporthistogram.java,ReportHistogram,web/src/main/java/com/bazaarvoice/emodb/web/report/ReportHistogram.java,1,66303306_143.json,false,error,,,,,,,,,,,,,false,exact_focal_path_not_found,,,,,,,,,false,,repos/successful/66303306,promoted
66303306,https://github.com/bazaarvoice/emodb,8184514eb831eb9f874718741ab701d2d02a638c,66303306:web/src/main/java/com/bazaarvoice/emodb/web/scanner/writer/s3scanwriter.java,S3ScanWriter,web/src/main/java/com/bazaarvoice/emodb/web/scanner/writer/S3ScanWriter.java,2,66303306_163.json;66303306_164.json,true,success,,280,1842,25,9,5,44,1.76,false,false,true,false,false,is_generated_code,maven,.,web,web,maven:web,,,,false,,repos/successful/66303306,promoted
6944525,https://github.com/linkedin/rest.li,8173ce2d3eb0a997f0c24df136134486fb4c3cd3,6944525:d2-contrib/src/main/java/com/linkedin/d2/contrib/routelookupclient.java,RouteLookupClient,d2-contrib/src/main/java/com/linkedin/d2/contrib/RouteLookupClient.java,3,6944525_0.json;6944525_1.json;6944525_2.json,true,success,,94,615,6,6,3,9,1.5,false,false,false,false,true,,gradle,.,d2-contrib,d2-contrib,gradle:d2-contrib,,,,false,,repos/successful/6944525,promoted
6944525,https://github.com/linkedin/rest.li,8173ce2d3eb0a997f0c24df136134486fb4c3cd3,6944525:d2/src/main/java/com/linkedin/d2/balancer/clients/backuprequestsclient.java,BackupRequestsClient,d2/src/main/java/com/linkedin/d2/balancer/clients/BackupRequestsClient.java,6,6944525_413.json;6944525_414.json;6944525_415.json;6944525_416.json;6944525_417.json;6944525_418.json,true,success,,633,4070,39,27,11,89,2.282051282051282,false,false,false,false,false,nloc_out_of_bounds,gradle,.,d2,d2,gradle:d2,,,,false,,repos/successful/6944525,promoted
6944525,https://github.com/linkedin/rest.li,8173ce2d3eb0a997f0c24df136134486fb4c3cd3,6944525:d2/src/main/java/com/linkedin/d2/balancer/servers/announcerhostprefixgenerator.java,AnnouncerHostPrefixGenerator,d2/src/main/java/com/linkedin/d2/balancer/servers/AnnouncerHostPrefixGenerator.java,1,6944525_400.json,true,success,,24,115,2,1,3,4,2.0,false,false,true,false,false,is_generated_code,gradle,.,d2,d2,gradle:d2,,,,false,,repos/successful/6944525,promoted
6944525,https://github.com/linkedin/rest.li,8173ce2d3eb0a997f0c24df136134486fb4c3cd3,6944525:d2/src/main/java/com/linkedin/d2/balancer/servers/zookeeperprefixchildfilter.java,ZookeeperPrefixChildFilter,d2/src/main/java/com/linkedin/d2/balancer/servers/ZookeeperPrefixChildFilter.java,1,6944525_403.json,true,success,,29,220,2,1,5,6,3.0,false,false,true,false,false,is_generated_code,gradle,.,d2,d2,gradle:d2,,,,false,,repos/successful/6944525,promoted
6944525,https://github.com/linkedin/rest.li,8173ce2d3eb0a997f0c24df136134486fb4c3cd3,6944525:d2/src/main/java/com/linkedin/d2/balancer/simple/simpleloadbalancer.java,SimpleLoadBalancer,d2/src/main/java/com/linkedin/d2/balancer/simple/SimpleLoadBalancer.java,8,6944525_387.json;6944525_388.json;6944525_389.json;6944525_390.json;6944525_391.json;6944525_392.json;6944525_393.json;6944525_394.json,true,success,,1162,7142,56,39,15,174,3.107142857142857,false,false,false,false,false,nloc_out_of_bounds,gradle,.,d2,d2,gradle:d2,,,,false,,repos/successful/6944525,promoted
6944525,https://github.com/linkedin/rest.li,8173ce2d3eb0a997f0c24df136134486fb4c3cd3,6944525:d2/src/main/java/com/linkedin/d2/balancer/simple/simpleloadbalancerstate.java,SimpleLoadBalancerState,d2/src/main/java/com/linkedin/d2/balancer/simple/SimpleLoadBalancerState.java,10,6944525_377.json;6944525_378.json;6944525_379.json;6944525_380.json;6944525_381.json;6944525_382.json;6944525_383.json;6944525_384.json;6944525_385.json;6944525_386.json,true,success,,1293,7236,91,54,14,219,2.4065934065934065,false,false,false,false,false,nloc_out_of_bounds,gradle,.,d2,d2,gradle:d2,,,,false,,repos/successful/6944525,promoted
6944525,https://github.com/linkedin/rest.li,8173ce2d3eb0a997f0c24df136134486fb4c3cd3,6944525:d2/src/main/java/com/linkedin/d2/balancer/util/hashing/consistenthashring.java,ConsistentHashRing,d2/src/main/java/com/linkedin/d2/balancer/util/hashing/ConsistentHashRing.java,2,6944525_351.json;6944525_352.json,true,success,,268,1551,21,13,5,47,2.238095238095238,false,false,true,false,false,is_generated_code,gradle,.,d2,d2,gradle:d2,,,,false,,repos/successful/6944525,promoted
6944525,https://github.com/linkedin/rest.li,8173ce2d3eb0a997f0c24df136134486fb4c3cd3,6944525:d2/src/main/java/com/linkedin/d2/discovery/stores/zk/symlinkawarezookeeper.java,SymlinkAwareZooKeeper,d2/src/main/java/com/linkedin/d2/discovery/stores/zk/SymlinkAwareZooKeeper.java,10,6944525_327.json;6944525_328.json;6944525_329.json;6944525_330.json;6944525_331.json;6944525_332.json;6944525_333.json;6944525_334.json;6944525_335.json;6944525_336.json,true,success,,515,3058,36,29,9,84,2.3333333333333335,false,false,false,false,false,nloc_out_of_bounds,gradle,.,d2,d2,gradle:d2,,,,false,,repos/successful/6944525,promoted
6944525,https://github.com/linkedin/rest.li,8173ce2d3eb0a997f0c24df136134486fb4c3cd3,6944525:d2/src/main/java/com/linkedin/d2/discovery/stores/zk/zookeeperephemeralstore.java,ZooKeeperEphemeralStore,d2/src/main/java/com/linkedin/d2/discovery/stores/zk/ZooKeeperEphemeralStore.java,1,6944525_323.json,true,success,,933,5365,42,31,10,134,3.1904761904761907,false,false,false,false,false,nloc_out_of_bounds,gradle,.,d2,d2,gradle:d2,,,,false,,repos/successful/6944525,promoted
6944525,https://github.com/linkedin/rest.li,8173ce2d3eb0a997f0c24df136134486fb4c3cd3,6944525:d2/src/main/java/com/linkedin/d2/discovery/util/d2config.java,D2Config,d2/src/main/java/com/linkedin/d2/discovery/util/D2Config.java,1,6944525_322.json,true,success,,669,4608,14,1,58,113,8.071428571428571,false,false,false,false,false,nloc_out_of_bounds,gradle,.,d2,d2,gradle:d2,,,,false,,repos/successful/6944525,promoted
6944525,https://github.com/linkedin/rest.li,8173ce2d3eb0a997f0c24df136134486fb4c3cd3,6944525:data-avro-generator/src/main/java/com/linkedin/data/avro/generator/avroschemagenerator.java,AvroSchemaGenerator,data-avro-generator/src/main/java/com/linkedin/data/avro/generator/AvroSchemaGenerator.java,3,6944525_251.json;6944525_252.json;6944525_253.json,true,success,,179,1258,11,3,5,26,2.3636363636363638,false,false,false,false,true,,gradle,.,data-avro-generator,data-avro-generator,gradle:data-avro-generator,,,,false,,repos/successful/6944525,promoted
6944525,https://github.com/linkedin/rest.li,8173ce2d3eb0a997f0c24df136134486fb4c3cd3,6944525:data-avro/src/main/java/com/linkedin/data/avro/avroadapterfinder.java,AvroAdapterFinder,data-avro/src/main/java/com/linkedin/data/avro/AvroAdapterFinder.java,3,6944525_265.json;6944525_266.json;6944525_267.json,true,success,,83,436,4,2,10,16,4.0,false,false,false,false,true,,gradle,.,data-avro,data-avro,gradle:data-avro,,,,false,,repos/successful/6944525,promoted
6944525,https://github.com/linkedin/rest.li,8173ce2d3eb0a997f0c24df136134486fb4c3cd3,6944525:data-avro/src/main/java/com/linkedin/data/avro/avrooverridefactory.java,AvroOverrideFactory,data-avro/src/main/java/com/linkedin/data/avro/AvroOverrideFactory.java,3,6944525_268.json;6944525_269.json;6944525_270.json,true,success,,152,732,2,0,26,27,13.5,false,false,false,false,false,no_public_non_constructor_method,gradle,.,data-avro,data-avro,gradle:data-avro,,,,false,,repos/successful/6944525,promoted
6944525,https://github.com/linkedin/rest.li,8173ce2d3eb0a997f0c24df136134486fb4c3cd3,6944525:data-avro/src/main/java/com/linkedin/data/avro/datatranslator.java,DataTranslator,data-avro/src/main/java/com/linkedin/data/avro/DataTranslator.java,3,6944525_262.json;6944525_263.json;6944525_264.json,true,success,,987,6019,33,8,36,182,5.515151515151516,false,false,false,false,false,nloc_out_of_bounds,gradle,.,data-avro,data-avro,gradle:data-avro,,,,false,,repos/successful/6944525,promoted
6944525,https://github.com/linkedin/rest.li,8173ce2d3eb0a997f0c24df136134486fb4c3cd3,6944525:data-avro/src/main/java/com/linkedin/data/avro/schematranslator.java,SchemaTranslator,data-avro/src/main/java/com/linkedin/data/avro/SchemaTranslator.java,8,6944525_254.json;6944525_255.json;6944525_256.json;6944525_257.json;6944525_258.json;6944525_259.json;6944525_260.json;6944525_261.json,true,success,,167,1208,10,8,12,22,2.2,false,false,false,false,true,,gradle,.,data-avro,data-avro,gradle:data-avro,,,,false,,repos/successful/6944525,promoted
6944525,https://github.com/linkedin/rest.li,8173ce2d3eb0a997f0c24df136134486fb4c3cd3,6944525:data-transform/src/main/java/com/linkedin/data/transform/escaper.java,Escaper,data-transform/src/main/java/com/linkedin/data/transform/Escaper.java,4,6944525_10.json;6944525_11.json;6944525_12.json;6944525_13.json,true,success,,58,291,5,5,7,13,2.6,false,false,false,false,true,,gradle,.,data-transform,data-transform,gradle:data-transform,,,,false,,repos/successful/6944525,promoted
6944525,https://github.com/linkedin/rest.li,8173ce2d3eb0a997f0c24df136134486fb4c3cd3,6944525:data-transform/src/main/java/com/linkedin/data/transform/immutablelist.java,ImmutableList,data-transform/src/main/java/com/linkedin/data/transform/ImmutableList.java,2,6944525_14.json;6944525_15.json,true,success,,99,566,9,6,10,25,2.7777777777777777,false,false,false,false,true,,gradle,.,data-transform,data-transform,gradle:data-transform,,,,false,,repos/successful/6944525,promoted
6944525,https://github.com/linkedin/rest.li,8173ce2d3eb0a997f0c24df136134486fb4c3cd3,6944525:data-transform/src/main/java/com/linkedin/data/transform/patch/validator/patchfiltervalidator.java,PatchFilterValidator,data-transform/src/main/java/com/linkedin/data/transform/patch/validator/PatchFilterValidator.java,1,6944525_16.json,true,success,,116,650,5,1,17,27,5.4,false,false,false,false,true,,gradle,.,data-transform,data-transform,gradle:data-transform,,,,false,,repos/successful/6944525,promoted
6944525,https://github.com/linkedin/rest.li,8173ce2d3eb0a997f0c24df136134486fb4c3cd3,6944525:data-transform/src/main/java/com/linkedin/data/transform/projectionutil.java,ProjectionUtil,data-transform/src/main/java/com/linkedin/data/transform/ProjectionUtil.java,7,6944525_3.json;6944525_4.json;6944525_5.json;6944525_6.json;6944525_7.json;6944525_8.json;6944525_9.json,true,success,,106,605,5,2,6,16,3.2,false,false,false,false,true,,gradle,.,data-transform,data-transform,gradle:data-transform,,,,false,,repos/successful/6944525,promoted
6944525,https://github.com/linkedin/rest.li,8173ce2d3eb0a997f0c24df136134486fb4c3cd3,6944525:data/src/main/java/com/linkedin/data/codec/bufferchain.java,BufferChain,data/src/main/java/com/linkedin/data/codec/BufferChain.java,1,6944525_31.json,true,success,,793,4040,66,44,8,143,2.1666666666666665,false,false,false,false,false,nloc_out_of_bounds,gradle,.,data,data,gradle:data,,,,false,,repos/successful/6944525,promoted
6944525,https://github.com/linkedin/rest.li,8173ce2d3eb0a997f0c24df136134486fb4c3cd3,6944525:data/src/main/java/com/linkedin/data/codec/symbol/defaultsymboltableprovider.java,DefaultSymbolTableProvider,data/src/main/java/com/linkedin/data/codec/symbol/DefaultSymbolTableProvider.java,2,6944525_32.json;6944525_33.json,true,success,,127,758,7,5,8,17,2.4285714285714284,false,false,false,false,true,,gradle,.,data,data,gradle:data,,,,false,,repos/successful/6944525,promoted
6944525,https://github.com/linkedin/rest.li,8173ce2d3eb0a997f0c24df136134486fb4c3cd3,6944525:data/src/main/java/com/linkedin/data/codec/symbol/symboltablemetadataextractor.java,SymbolTableMetadataExtractor,data/src/main/java/com/linkedin/data/codec/symbol/SymbolTableMetadataExtractor.java,2,6944525_34.json;6944525_35.json,true,success,,24,144,2,1,4,5,2.5,false,false,true,false,false,is_generated_code,gradle,.,data,data,gradle:data,,,,false,,repos/successful/6944525,promoted
6944525,https://github.com/linkedin/rest.li,8173ce2d3eb0a997f0c24df136134486fb4c3cd3,6944525:data/src/main/java/com/linkedin/data/collections/checkedutil.java,CheckedUtil,data/src/main/java/com/linkedin/data/collections/CheckedUtil.java,3,6944525_39.json;6944525_40.json;6944525_41.json,true,success,,29,218,6,6,1,6,1.0,false,false,false,false,true,,gradle,.,data,data,gradle:data,,,,false,,repos/successful/6944525,promoted
6944525,https://github.com/linkedin/rest.li,8173ce2d3eb0a997f0c24df136134486fb4c3cd3,6944525:data/src/main/java/com/linkedin/data/collections/cowset.java,CowSet,data/src/main/java/com/linkedin/data/collections/CowSet.java,3,6944525_42.json;6944525_43.json;6944525_44.json,true,success,,66,281,12,10,1,12,1.0,false,false,false,false,true,,gradle,.,data,data,gradle:data,,,,false,,repos/successful/6944525,promoted
6944525,https://github.com/linkedin/rest.li,8173ce2d3eb0a997f0c24df136134486fb4c3cd3,6944525:data/src/main/java/com/linkedin/data/collections/cowutil.java,CowUtil,data/src/main/java/com/linkedin/data/collections/CowUtil.java,3,6944525_36.json;6944525_37.json;6944525_38.json,true,success,,31,173,4,3,1,4,1.0,false,false,false,false,true,,gradle,.,data,data,gradle:data,,,,false,,repos/successful/6944525,promoted
6944525,https://github.com/linkedin/rest.li,8173ce2d3eb0a997f0c24df136134486fb4c3cd3,6944525:data/src/main/java/com/linkedin/data/data.java,Data,data/src/main/java/com/linkedin/data/Data.java,11,6944525_59.json;6944525_60.json;6944525_61.json;6944525_62.json;6944525_63.json;6944525_64.json;6944525_65.json;6944525_66.json;6944525_67.json;6944525_68.json;6944525_69.json,true,success,,715,3466,78,34,22,153,1.9615384615384615,false,false,false,false,false,nloc_out_of_bounds,gradle,.,data,data,gradle:data,,,,false,,repos/successful/6944525,promoted
6944525,https://github.com/linkedin/rest.li,8173ce2d3eb0a997f0c24df136134486fb4c3cd3,6944525:data/src/main/java/com/linkedin/data/it/counter.java,Counter,data/src/main/java/com/linkedin/data/it/Counter.java,2,6944525_45.json;6944525_46.json,true,success,,15,76,1,1,2,2,2.0,false,false,false,false,true,,gradle,.,data,data,gradle:data,,,,false,,repos/successful/6944525,promoted
6944525,https://github.com/linkedin/rest.li,8173ce2d3eb0a997f0c24df136134486fb4c3cd3,6944525:data/src/main/java/com/linkedin/data/it/remover.java,Remover,data/src/main/java/com/linkedin/data/it/Remover.java,3,6944525_54.json;6944525_55.json;6944525_56.json,true,success,,68,348,4,1,4,10,2.5,false,false,false,false,true,,gradle,.,data,data,gradle:data,,,,false,,repos/successful/6944525,promoted
6944525,https://github.com/linkedin/rest.li,8173ce2d3eb0a997f0c24df136134486fb4c3cd3,6944525:data/src/main/java/com/linkedin/data/it/transformer.java,Transformer,data/src/main/java/com/linkedin/data/it/Transformer.java,7,6944525_47.json;6944525_48.json;6944525_49.json;6944525_50.json;6944525_51.json;6944525_52.json;6944525_53.json,true,success,,76,433,5,2,4,11,2.2,false,false,false,false,true,,gradle,.,data,data,gradle:data,,,,false,,repos/successful/6944525,promoted
6944525,https://github.com/linkedin/rest.li,8173ce2d3eb0a997f0c24df136134486fb4c3cd3,6944525:data/src/main/java/com/linkedin/data/it/valueaccumulator.java,ValueAccumulator,data/src/main/java/com/linkedin/data/it/ValueAccumulator.java,2,6944525_57.json;6944525_58.json,true,success,,19,123,2,2,2,3,1.5,false,false,false,false,true,,gradle,.,data,data,gradle:data,,,,false,,repos/successful/6944525,promoted
6944525,https://github.com/linkedin/rest.li,8173ce2d3eb0a997f0c24df136134486fb4c3cd3,6944525:data/src/main/java/com/linkedin/data/schema/annotation/schemaannotationprocessor.java,SchemaAnnotationProcessor,data/src/main/java/com/linkedin/data/schema/annotation/SchemaAnnotationProcessor.java,4,6944525_84.json;6944525_85.json;6944525_86.json;6944525_87.json,true,success,,240,1227,16,13,12,43,2.6875,false,false,false,false,true,,gradle,.,data,data,gradle:data,,,,false,,repos/successful/6944525,promoted
6944525,https://github.com/linkedin/rest.li,8173ce2d3eb0a997f0c24df136134486fb4c3cd3,6944525:data/src/main/java/com/linkedin/data/schema/dataschema.java,DataSchema,data/src/main/java/com/linkedin/data/schema/DataSchema.java,4,6944525_70.json;6944525_71.json;6944525_72.json;6944525_73.json,true,success,,74,294,9,14,1,9,1.0,false,false,false,false,true,,gradle,.,data,data,gradle:data,,,,false,,repos/successful/6944525,promoted
6944525,https://github.com/linkedin/rest.li,8173ce2d3eb0a997f0c24df136134486fb4c3cd3,6944525:data/src/main/java/com/linkedin/data/schema/dataschemautil.java,DataSchemaUtil,data/src/main/java/com/linkedin/data/schema/DataSchemaUtil.java,1,6944525_93.json,true,success,,139,1206,10,9,9,21,2.1,false,false,false,false,true,,gradle,.,data,data,gradle:data,,,,false,,repos/successful/6944525,promoted
6944525,https://github.com/linkedin/rest.li,8173ce2d3eb0a997f0c24df136134486fb4c3cd3,6944525:data/src/main/java/com/linkedin/data/schema/grammar/pdlparseutils.java,PdlParseUtils,data/src/main/java/com/linkedin/data/schema/grammar/PdlParseUtils.java,7,6944525_75.json;6944525_76.json;6944525_77.json;6944525_78.json;6944525_79.json;6944525_80.json;6944525_81.json,true,success,,121,710,8,7,12,25,3.125,false,false,false,false,true,,gradle,.,data,data,gradle:data,,,,false,,repos/successful/6944525,promoted
6944525,https://github.com/linkedin/rest.li,8173ce2d3eb0a997f0c24df136134486fb4c3cd3,6944525:data/src/main/java/com/linkedin/data/schema/grammar/pdlschemaparser.java,PdlSchemaParser,data/src/main/java/com/linkedin/data/schema/grammar/PdlSchemaParser.java,2,6944525_82.json;6944525_83.json,true,success,,1071,6321,54,15,14,153,2.8333333333333335,false,false,false,false,false,nloc_out_of_bounds,gradle,.,data,data,gradle:data,,,,false,,repos/successful/6944525,promoted
6944525,https://github.com/linkedin/rest.li,8173ce2d3eb0a997f0c24df136134486fb4c3cd3,6944525:data/src/main/java/com/linkedin/data/schema/pdlbuilder.java,PdlBuilder,data/src/main/java/com/linkedin/data/schema/PdlBuilder.java,1,6944525_94.json,true,success,,186,1090,14,0,8,30,2.142857142857143,false,false,false,false,false,no_public_non_constructor_method,gradle,.,data,data,gradle:data,,,,false,,repos/successful/6944525,promoted
6944525,https://github.com/linkedin/rest.li,8173ce2d3eb0a997f0c24df136134486fb4c3cd3,6944525:data/src/main/java/com/linkedin/data/schema/schematojsonencoder.java,SchemaToJsonEncoder,data/src/main/java/com/linkedin/data/schema/SchemaToJsonEncoder.java,1,6944525_95.json,true,success,,331,1867,26,6,14,64,2.4615384615384617,false,false,false,false,true,,gradle,.,data,data,gradle:data,,,,false,,repos/successful/6944525,promoted
6944525,https://github.com/linkedin/rest.li,8173ce2d3eb0a997f0c24df136134486fb4c3cd3,6944525:data/src/main/java/com/linkedin/data/schema/schematopdlencoder.java,SchemaToPdlEncoder,data/src/main/java/com/linkedin/data/schema/SchemaToPdlEncoder.java,1,6944525_74.json,true,success,,673,3921,33,4,25,139,4.212121212121212,false,false,false,false,false,nloc_out_of_bounds,gradle,.,data,data,gradle:data,,,,false,,repos/successful/6944525,promoted
6944525,https://github.com/linkedin/rest.li,8173ce2d3eb0a997f0c24df136134486fb4c3cd3,6944525:data/src/main/java/com/linkedin/data/schema/util/conversions.java,Conversions,data/src/main/java/com/linkedin/data/schema/util/Conversions.java,2,6944525_91.json;6944525_92.json,true,success,,56,327,2,2,4,6,3.0,false,false,false,false,true,,gradle,.,data,data,gradle:data,,,,false,,repos/successful/6944525,promoted
6944525,https://github.com/linkedin/rest.li,8173ce2d3eb0a997f0c24df136134486fb4c3cd3,6944525:data/src/main/java/com/linkedin/data/schema/util/copyschemautil.java,CopySchemaUtil,data/src/main/java/com/linkedin/data/schema/util/CopySchemaUtil.java,3,6944525_88.json;6944525_89.json;6944525_90.json,true,success,,121,777,3,3,17,26,8.666666666666666,false,false,false,false,true,,gradle,.,data,data,gradle:data,,,,false,,repos/successful/6944525,promoted
6944525,https://github.com/linkedin/rest.li,8173ce2d3eb0a997f0c24df136134486fb4c3cd3,6944525:data/src/main/java/com/linkedin/data/template/dataobjecttoobjectcache.java,DataObjectToObjectCache,data/src/main/java/com/linkedin/data/template/DataObjectToObjectCache.java,2,6944525_98.json;6944525_99.json,true,success,,57,267,8,3,2,9,1.125,false,false,false,false,true,,gradle,.,data,data,gradle:data,,,,false,,repos/successful/6944525,promoted
6944525,https://github.com/linkedin/rest.li,8173ce2d3eb0a997f0c24df136134486fb4c3cd3,6944525:data/src/main/java/com/linkedin/data/template/datatemplateutil.java,DataTemplateUtil,data/src/main/java/com/linkedin/data/template/DataTemplateUtil.java,2,6944525_100.json;6944525_101.json,true,success,,876,4944,69,43,14,182,2.63768115942029,false,false,false,false,false,nloc_out_of_bounds,gradle,.,data,data,gradle:data,,,,false,,repos/successful/6944525,promoted
6944525,https://github.com/linkedin/rest.li,8173ce2d3eb0a997f0c24df136134486fb4c3cd3,6944525:data/src/main/java/com/linkedin/data/template/fixedtemplate.java,FixedTemplate,data/src/main/java/com/linkedin/data/template/FixedTemplate.java,2,6944525_96.json;6944525_97.json,true,success,,88,396,9,8,6,17,1.8888888888888888,false,false,false,false,true,,gradle,.,data,data,gradle:data,,,,false,,repos/successful/6944525,promoted
6944525,https://github.com/linkedin/rest.li,8173ce2d3eb0a997f0c24df136134486fb4c3cd3,6944525:data/src/main/java/com/linkedin/util/fastbytearrayoutputstream.java,FastByteArrayOutputStream,data/src/main/java/com/linkedin/util/FastByteArrayOutputStream.java,3,6944525_102.json;6944525_103.json;6944525_104.json,true,success,,139,841,10,6,12,30,3.0,false,false,false,false,true,,gradle,.,data,data,gradle:data,,,,false,,repos/successful/6944525,promoted
6944525,https://github.com/linkedin/rest.li,8173ce2d3eb0a997f0c24df136134486fb4c3cd3,6944525:generator/src/main/java/com/linkedin/pegasus/generator/dataschemaparser.java,DataSchemaParser,generator/src/main/java/com/linkedin/pegasus/generator/DataSchemaParser.java,5,6944525_117.json;6944525_118.json;6944525_119.json;6944525_120.json;6944525_121.json,true,success,,238,1487,23,15,10,36,1.565217391304348,false,false,false,false,true,,gradle,.,generator,generator,gradle:generator,,,,false,,repos/successful/6944525,promoted
6944525,https://github.com/linkedin/rest.li,8173ce2d3eb0a997f0c24df136134486fb4c3cd3,6944525:generator/src/main/java/com/linkedin/pegasus/generator/spec/classtemplatespec.java,ClassTemplateSpec,generator/src/main/java/com/linkedin/pegasus/generator/spec/ClassTemplateSpec.java,1,6944525_114.json,true,success,,152,725,21,21,9,37,1.7619047619047619,false,false,false,false,true,,gradle,.,generator,generator,gradle:generator,,,,false,,repos/successful/6944525,promoted
6944525,https://github.com/linkedin/rest.li,8173ce2d3eb0a997f0c24df136134486fb4c3cd3,6944525:generator/src/main/java/com/linkedin/pegasus/generator/templatespecgenerator.java,TemplateSpecGenerator,generator/src/main/java/com/linkedin/pegasus/generator/TemplateSpecGenerator.java,2,6944525_115.json;6944525_116.json,true,success,,765,4963,45,7,23,152,3.3777777777777778,false,false,false,false,false,nloc_out_of_bounds,gradle,.,generator,generator,gradle:generator,,,,false,,repos/successful/6944525,promoted
6944525,https://github.com/linkedin/rest.li,8173ce2d3eb0a997f0c24df136134486fb4c3cd3,6944525:gradle-plugins/src/main/java/com/linkedin/pegasus/gradle/classpathmanifest.java,ClasspathManifest,gradle-plugins/src/main/java/com/linkedin/pegasus/gradle/ClasspathManifest.java,1,6944525_271.json,true,success,,9,86,1,0,1,1,1.0,false,false,false,false,false,no_public_non_constructor_method,gradle,.,gradle-plugins,gradle-plugins,gradle:gradle-plugins,,,,false,,repos/successful/6944525,promoted
6944525,https://github.com/linkedin/rest.li,8173ce2d3eb0a997f0c24df136134486fb4c3cd3,6944525:gradle-plugins/src/main/java/com/linkedin/pegasus/gradle/ioutil.java,IOUtil,gradle-plugins/src/main/java/com/linkedin/pegasus/gradle/IOUtil.java,1,6944525_272.json,true,success,,9,62,1,1,1,1,1.0,false,false,false,false,true,,gradle,.,gradle-plugins,gradle-plugins,gradle:gradle-plugins,,,,false,,repos/successful/6944525,promoted
6944525,https://github.com/linkedin/rest.li,8173ce2d3eb0a997f0c24df136134486fb4c3cd3,6944525:gradle-plugins/src/main/java/com/linkedin/pegasus/gradle/pathingjarutil.java,PathingJarUtil,gradle-plugins/src/main/java/com/linkedin/pegasus/gradle/PathingJarUtil.java,2,6944525_273.json;6944525_274.json,true,success,,34,353,1,1,3,3,3.0,false,false,false,false,true,,gradle,.,gradle-plugins,gradle-plugins,gradle:gradle-plugins,,,,false,,repos/successful/6944525,promoted
6944525,https://github.com/linkedin/rest.li,8173ce2d3eb0a997f0c24df136134486fb4c3cd3,6944525:gradle-plugins/src/main/java/com/linkedin/pegasus/gradle/pegasusplugin.java,PegasusPlugin,gradle-plugins/src/main/java/com/linkedin/pegasus/gradle/PegasusPlugin.java,2,6944525_275.json;6944525_276.json,true,success,,1513,11874,50,10,37,203,4.06,false,false,true,false,false,nloc_out_of_bounds,gradle,.,gradle-plugins,gradle-plugins,gradle:gradle-plugins,,,,false,,repos/successful/6944525,promoted
6944525,https://github.com/linkedin/rest.li,8173ce2d3eb0a997f0c24df136134486fb4c3cd3,6944525:pegasus-common/src/main/java/com/linkedin/common/util/maputil.java,MapUtil,pegasus-common/src/main/java/com/linkedin/common/util/MapUtil.java,3,6944525_179.json;6944525_180.json;6944525_181.json,true,success,,63,367,3,2,9,12,4.0,false,false,false,false,true,,gradle,.,pegasus-common,pegasus-common,gradle:pegasus-common,,,,false,,repos/successful/6944525,promoted
6944525,https://github.com/linkedin/rest.li,8173ce2d3eb0a997f0c24df136134486fb4c3cd3,6944525:r2-core/src/main/java/com/linkedin/r2/message/rest/restexception.java,RestException,r2-core/src/main/java/com/linkedin/r2/message/rest/RestException.java,1,6944525_313.json,true,success,,55,283,10,5,1,10,1.0,false,false,false,false,true,,gradle,.,r2-core,r2-core,gradle:r2-core,,,,false,,repos/successful/6944525,promoted
6944525,https://github.com/linkedin/rest.li,8173ce2d3eb0a997f0c24df136134486fb4c3cd3,6944525:r2-core/src/main/java/com/linkedin/r2/message/stream/streamexception.java,StreamException,r2-core/src/main/java/com/linkedin/r2/message/stream/StreamException.java,1,6944525_314.json,true,success,,42,175,7,2,1,7,1.0,false,false,false,false,true,,gradle,.,r2-core,r2-core,gradle:r2-core,,,,false,,repos/successful/6944525,promoted
6944525,https://github.com/linkedin/rest.li,8173ce2d3eb0a997f0c24df136134486fb4c3cd3,6944525:r2-core/src/main/java/com/linkedin/r2/message/timing/timingcallback.java,TimingCallback,r2-core/src/main/java/com/linkedin/r2/message/timing/TimingCallback.java,2,6944525_311.json;6944525_312.json,true,success,,108,517,10,5,5,17,1.7,false,false,false,false,true,,gradle,.,r2-core,r2-core,gradle:r2-core,,,,false,,repos/successful/6944525,promoted
6944525,https://github.com/linkedin/rest.li,8173ce2d3eb0a997f0c24df136134486fb4c3cd3,6944525:r2-core/src/main/java/com/linkedin/r2/transport/common/bridge/common/futuretransportcallback.java,FutureTransportCallback,r2-core/src/main/java/com/linkedin/r2/transport/common/bridge/common/FutureTransportCallback.java,2,6944525_279.json;6944525_280.json,true,success,,36,229,6,6,1,6,1.0,false,false,false,false,true,,gradle,.,r2-core,r2-core,gradle:r2-core,,,,false,,repos/successful/6944525,promoted
6944525,https://github.com/linkedin/rest.li,8173ce2d3eb0a997f0c24df136134486fb4c3cd3,6944525:r2-core/src/main/java/com/linkedin/r2/transport/common/bridge/common/transportresponseimpl.java,TransportResponseImpl,r2-core/src/main/java/com/linkedin/r2/transport/common/bridge/common/TransportResponseImpl.java,2,6944525_281.json;6944525_282.json,true,success,,56,367,9,8,4,12,1.3333333333333333,false,false,false,false,true,,gradle,.,r2-core,r2-core,gradle:r2-core,,,,false,,repos/successful/6944525,promoted
6944525,https://github.com/linkedin/rest.li,8173ce2d3eb0a997f0c24df136134486fb4c3cd3,6944525:r2-core/src/main/java/com/linkedin/r2/util/configvalueextractor.java,ConfigValueExtractor,r2-core/src/main/java/com/linkedin/r2/util/ConfigValueExtractor.java,4,6944525_292.json;6944525_293.json;6944525_294.json;6944525_295.json,true,success,,35,165,1,1,6,6,6.0,false,false,false,false,true,,gradle,.,r2-core,r2-core,gradle:r2-core,,,,false,,repos/successful/6944525,promoted
6944525,https://github.com/linkedin/rest.li,8173ce2d3eb0a997f0c24df136134486fb4c3cd3,6944525:r2-core/src/main/java/com/linkedin/r2/util/finalizer/requestfinalizerdispatcher.java,RequestFinalizerDispatcher,r2-core/src/main/java/com/linkedin/r2/util/finalizer/RequestFinalizerDispatcher.java,3,6944525_289.json;6944525_290.json;6944525_291.json,true,success,,125,761,11,6,5,17,1.5454545454545454,false,false,false,false,true,,gradle,.,r2-core,r2-core,gradle:r2-core,,,,false,,repos/successful/6944525,promoted
6944525,https://github.com/linkedin/rest.li,8173ce2d3eb0a997f0c24df136134486fb4c3cd3,6944525:r2-core/src/main/java/com/linkedin/r2/util/linkeddeque.java,LinkedDeque,r2-core/src/main/java/com/linkedin/r2/util/LinkedDeque.java,15,6944525_296.json;6944525_297.json;6944525_298.json;6944525_299.json;6944525_300.json;6944525_301.json;6944525_302.json;6944525_303.json;6944525_304.json;6944525_305.json;6944525_306.json;6944525_307.json;6944525_308.json;6944525_309.json;6944525_310.json,true,success,,204,818,20,16,10,44,2.2,false,false,false,false,true,,gradle,.,r2-core,r2-core,gradle:r2-core,,,,false,,repos/successful/6944525,promoted
6944525,https://github.com/linkedin/rest.li,8173ce2d3eb0a997f0c24df136134486fb4c3cd3,6944525:r2-core/src/main/java/com/linkedin/r2/util/requestcontextutil.java,RequestContextUtil,r2-core/src/main/java/com/linkedin/r2/util/RequestContextUtil.java,6,6944525_283.json;6944525_284.json;6944525_285.json;6944525_286.json;6944525_287.json;6944525_288.json,true,success,,30,179,5,4,2,6,1.2,false,false,false,false,true,,gradle,.,r2-core,r2-core,gradle:r2-core,,,,false,,repos/successful/6944525,promoted
6944525,https://github.com/linkedin/rest.li,8173ce2d3eb0a997f0c24df136134486fb4c3cd3,6944525:r2-disruptor/src/main/java/com/linkedin/r2/disruptor/disruptcontexts.java,DisruptContexts,r2-disruptor/src/main/java/com/linkedin/r2/disruptor/DisruptContexts.java,6,6944525_25.json;6944525_26.json;6944525_27.json;6944525_28.json;6944525_29.json;6944525_30.json,true,success,,96,341,15,9,2,18,1.2,false,false,false,false,true,,gradle,.,r2-disruptor,r2-disruptor,gradle:r2-disruptor,,,,false,,repos/successful/6944525,promoted
6944525,https://github.com/linkedin/rest.li,8173ce2d3eb0a997f0c24df136134486fb4c3cd3,6944525:r2-disruptor/src/main/java/com/linkedin/r2/disruptor/disruptfilter.java,DisruptFilter,r2-disruptor/src/main/java/com/linkedin/r2/disruptor/DisruptFilter.java,8,6944525_17.json;6944525_18.json;6944525_19.json;6944525_20.json;6944525_21.json;6944525_22.json;6944525_23.json;6944525_24.json,true,success,,187,1265,8,4,10,25,3.125,false,false,false,false,true,,gradle,.,r2-disruptor,r2-disruptor,gradle:r2-disruptor,,,,false,,repos/successful/6944525,promoted
6944525,https://github.com/linkedin/rest.li,8173ce2d3eb0a997f0c24df136134486fb4c3cd3,6944525:r2-filter-compression/src/main/java/com/linkedin/r2/filter/compression/clientcompressionfilter.java,ClientCompressionFilter,r2-filter-compression/src/main/java/com/linkedin/r2/filter/compression/ClientCompressionFilter.java,3,6944525_315.json;6944525_316.json;6944525_317.json,true,success,,203,1297,7,4,8,33,4.714285714285714,false,false,false,false,true,,gradle,.,r2-filter-compression,r2-filter-compression,gradle:r2-filter-compression,,,,false,,repos/successful/6944525,promoted
6944525,https://github.com/linkedin/rest.li,8173ce2d3eb0a997f0c24df136134486fb4c3cd3,6944525:r2-filter-compression/src/main/java/com/linkedin/r2/filter/compression/clientstreamcompressionfilter.java,ClientStreamCompressionFilter,r2-filter-compression/src/main/java/com/linkedin/r2/filter/compression/ClientStreamCompressionFilter.java,3,6944525_319.json;6944525_320.json;6944525_321.json,true,success,,248,1735,8,7,8,37,4.625,false,false,false,false,true,,gradle,.,r2-filter-compression,r2-filter-compression,gradle:r2-filter-compression,,,,false,,repos/successful/6944525,promoted
6944525,https://github.com/linkedin/rest.li,8173ce2d3eb0a997f0c24df136134486fb4c3cd3,6944525:r2-filter-compression/src/main/java/com/linkedin/r2/filter/compression/servercompressionfilter.java,ServerCompressionFilter,r2-filter-compression/src/main/java/com/linkedin/r2/filter/compression/ServerCompressionFilter.java,1,6944525_318.json,true,success,,155,1053,7,3,8,22,3.142857142857143,false,false,false,false,true,,gradle,.,r2-filter-compression,r2-filter-compression,gradle:r2-filter-compression,,,,false,,repos/successful/6944525,promoted
6944525,https://github.com/linkedin/rest.li,8173ce2d3eb0a997f0c24df136134486fb4c3cd3,6944525:r2-netty/src/main/java/com/linkedin/r2/netty/common/nettyrequestadapter.java,NettyRequestAdapter,r2-netty/src/main/java/com/linkedin/r2/netty/common/NettyRequestAdapter.java,9,6944525_595.json;6944525_596.json;6944525_597.json;6944525_598.json;6944525_599.json;6944525_600.json;6944525_601.json;6944525_602.json;6944525_603.json,true,success,,125,1142,5,4,5,16,3.2,false,false,false,false,true,,gradle,.,r2-netty,r2-netty,gradle:r2-netty,,,,false,,repos/successful/6944525,promoted
6944525,https://github.com/linkedin/rest.li,8173ce2d3eb0a997f0c24df136134486fb4c3cd3,6944525:r2-netty/src/main/java/com/linkedin/r2/netty/common/sslhandlerutil.java,SslHandlerUtil,r2-netty/src/main/java/com/linkedin/r2/netty/common/SslHandlerUtil.java,1,6944525_594.json,true,success,,86,513,6,4,5,16,2.6666666666666665,false,false,false,false,true,,gradle,.,r2-netty,r2-netty,gradle:r2-netty,,,,false,,repos/successful/6944525,promoted
6944525,https://github.com/linkedin/rest.li,8173ce2d3eb0a997f0c24df136134486fb4c3cd3,6944525:r2-netty/src/main/java/com/linkedin/r2/transport/http/client/httpclientfactory.java,HttpClientFactory,r2-netty/src/main/java/com/linkedin/r2/transport/http/client/HttpClientFactory.java,4,6944525_590.json;6944525_591.json;6944525_592.json;6944525_593.json,true,success,,1341,7148,79,41,10,149,1.8860759493670887,false,false,true,false,false,nloc_out_of_bounds,gradle,.,r2-netty,r2-netty,gradle:r2-netty,,,,false,,repos/successful/6944525,promoted
6944525,https://github.com/linkedin/rest.li,8173ce2d3eb0a997f0c24df136134486fb4c3cd3,6944525:restli-client-util-recorder/src/main/java/com/linkedin/restli/client/util/patchrequestrecorder.java,PatchRequestRecorder,restli-client-util-recorder/src/main/java/com/linkedin/restli/client/util/PatchRequestRecorder.java,1,6944525_105.json,true,success,,14,89,2,1,1,2,1.0,false,false,false,false,true,,gradle,.,restli-client-util-recorder,restli-client-util-recorder,gradle:restli-client-util-recorder,,,,false,,repos/successful/6944525,promoted
6944525,https://github.com/linkedin/rest.li,8173ce2d3eb0a997f0c24df136134486fb4c3cd3,6944525:restli-client-util-recorder/src/main/java/com/linkedin/restli/client/util/patchtreerecorder.java,PatchTreeRecorder,restli-client-util-recorder/src/main/java/com/linkedin/restli/client/util/PatchTreeRecorder.java,8,6944525_106.json;6944525_107.json;6944525_108.json;6944525_109.json;6944525_110.json;6944525_111.json;6944525_112.json;6944525_113.json,true,success,,29,161,3,2,2,4,1.3333333333333333,false,false,true,false,false,is_generated_code,gradle,.,restli-client-util-recorder,restli-client-util-recorder,gradle:restli-client-util-recorder,,,,false,,repos/successful/6944525,promoted
6944525,https://github.com/linkedin/rest.li,8173ce2d3eb0a997f0c24df136134486fb4c3cd3,6944525:restli-client/src/main/java/com/linkedin/restli/client/abstractrequestbuilder.java,AbstractRequestBuilder,restli-client/src/main/java/com/linkedin/restli/client/AbstractRequestBuilder.java,4,6944525_129.json;6944525_130.json;6944525_131.json;6944525_132.json,true,success,,463,2838,46,20,13,94,2.0434782608695654,false,false,false,false,true,,gradle,.,restli-client,restli-client,gradle:restli-client,,,,false,,repos/successful/6944525,promoted
6944525,https://github.com/linkedin/rest.li,8173ce2d3eb0a997f0c24df136134486fb4c3cd3,6944525:restli-client/src/main/java/com/linkedin/restli/client/defaultscattergatherstrategy.java,DefaultScatterGatherStrategy,restli-client/src/main/java/com/linkedin/restli/client/DefaultScatterGatherStrategy.java,9,6944525_140.json;6944525_141.json;6944525_142.json;6944525_143.json;6944525_144.json;6944525_145.json;6944525_146.json;6944525_147.json;6944525_148.json,true,success,,464,3292,21,6,14,78,3.7142857142857144,false,false,false,false,true,,gradle,.,restli-client,restli-client,gradle:restli-client,,,,false,,repos/successful/6944525,promoted
6944525,https://github.com/linkedin/rest.li,8173ce2d3eb0a997f0c24df136134486fb4c3cd3,6944525:restli-client/src/main/java/com/linkedin/restli/client/disruptrestclient.java,DisruptRestClient,restli-client/src/main/java/com/linkedin/restli/client/DisruptRestClient.java,15,6944525_158.json;6944525_159.json;6944525_160.json;6944525_161.json;6944525_162.json;6944525_163.json;6944525_164.json;6944525_165.json;6944525_166.json;6944525_167.json;6944525_168.json;6944525_169.json;6944525_170.json;6944525_171.json;6944525_172.json,true,success,,165,1147,20,17,2,21,1.05,false,false,false,false,true,,gradle,.,restli-client,restli-client,gradle:restli-client,,,,false,,repos/successful/6944525,promoted
6944525,https://github.com/linkedin/rest.li,8173ce2d3eb0a997f0c24df136134486fb4c3cd3,6944525:restli-client/src/main/java/com/linkedin/restli/client/multiplexer/multiplexedcallback.java,MultiplexedCallback,restli-client/src/main/java/com/linkedin/restli/client/multiplexer/MultiplexedCallback.java,3,6944525_133.json;6944525_134.json;6944525_135.json,true,success,,112,811,7,2,5,14,2.0,false,false,false,false,true,,gradle,.,restli-client,restli-client,gradle:restli-client,,,,false,,repos/successful/6944525,promoted
6944525,https://github.com/linkedin/rest.li,8173ce2d3eb0a997f0c24df136134486fb4c3cd3,6944525:restli-client/src/main/java/com/linkedin/restli/client/request.java,Request,restli-client/src/main/java/com/linkedin/restli/client/Request.java,9,6944525_149.json;6944525_150.json;6944525_151.json;6944525_152.json;6944525_153.json;6944525_154.json;6944525_155.json;6944525_156.json;6944525_157.json,true,success,,375,2191,31,23,18,86,2.774193548387097,false,false,false,false,true,,gradle,.,restli-client,restli-client,gradle:restli-client,,,,false,,repos/successful/6944525,promoted
6944525,https://github.com/linkedin/rest.li,8173ce2d3eb0a997f0c24df136134486fb4c3cd3,6944525:restli-client/src/main/java/com/linkedin/restli/client/restclient.java,RestClient,restli-client/src/main/java/com/linkedin/restli/client/RestClient.java,6,6944525_173.json;6944525_174.json;6944525_175.json;6944525_176.json;6944525_177.json;6944525_178.json,true,success,,828,5658,44,27,10,118,2.6818181818181817,false,false,false,false,false,nloc_out_of_bounds,gradle,.,restli-client,restli-client,gradle:restli-client,,,,false,,repos/successful/6944525,promoted
6944525,https://github.com/linkedin/rest.li,8173ce2d3eb0a997f0c24df136134486fb4c3cd3,6944525:restli-client/src/main/java/com/linkedin/restli/client/restliresponseexception.java,RestLiResponseException,restli-client/src/main/java/com/linkedin/restli/client/RestLiResponseException.java,1,6944525_139.json,true,success,,205,994,28,24,6,39,1.3928571428571428,false,false,false,false,true,,gradle,.,restli-client,restli-client,gradle:restli-client,,,,false,,repos/successful/6944525,promoted
6944525,https://github.com/linkedin/rest.li,8173ce2d3eb0a997f0c24df136134486fb4c3cd3,6944525:restli-client/src/main/java/com/linkedin/restli/client/util/restlirequesturisignature.java,RestliRequestUriSignature,restli-client/src/main/java/com/linkedin/restli/client/util/RestliRequestUriSignature.java,3,6944525_136.json;6944525_137.json;6944525_138.json,true,success,,182,1125,6,5,17,25,4.166666666666667,false,false,false,false,true,,gradle,.,restli-client,restli-client,gradle:restli-client,,,,false,,repos/successful/6944525,promoted
6944525,https://github.com/linkedin/rest.li,8173ce2d3eb0a997f0c24df136134486fb4c3cd3,6944525:restli-client/src/main/java/com/linkedin/restli/internal/client/batchentityresponsedecoder.java,BatchEntityResponseDecoder,restli-client/src/main/java/com/linkedin/restli/internal/client/BatchEntityResponseDecoder.java,2,6944525_127.json;6944525_128.json,true,success,,43,339,3,2,2,4,1.3333333333333333,false,false,false,false,true,,gradle,.,restli-client,restli-client,gradle:restli-client,,,,false,,repos/successful/6944525,promoted
6944525,https://github.com/linkedin/rest.li,8173ce2d3eb0a997f0c24df136134486fb4c3cd3,6944525:restli-client/src/main/java/com/linkedin/restli/internal/client/batchupdateresponsedecoder.java,BatchUpdateResponseDecoder,restli-client/src/main/java/com/linkedin/restli/internal/client/BatchUpdateResponseDecoder.java,1,6944525_122.json,true,success,,39,291,3,2,2,4,1.3333333333333333,false,false,false,false,true,,gradle,.,restli-client,restli-client,gradle:restli-client,,,,false,,repos/successful/6944525,promoted
6944525,https://github.com/linkedin/rest.li,8173ce2d3eb0a997f0c24df136134486fb4c3cd3,6944525:restli-client/src/main/java/com/linkedin/restli/internal/client/queryparamsutil.java,QueryParamsUtil,restli-client/src/main/java/com/linkedin/restli/internal/client/QueryParamsUtil.java,4,6944525_123.json;6944525_124.json;6944525_125.json;6944525_126.json,true,success,,177,1094,7,3,10,31,4.428571428571429,false,false,false,false,true,,gradle,.,restli-client,restli-client,gradle:restli-client,,,,false,,repos/successful/6944525,promoted
6944525,https://github.com/linkedin/rest.li,8173ce2d3eb0a997f0c24df136134486fb4c3cd3,6944525:restli-common/src/main/java/com/linkedin/restli/common/attachments/restliattachmentreader.java,RestLiAttachmentReader,restli-common/src/main/java/com/linkedin/restli/common/attachments/RestLiAttachmentReader.java,1,6944525_620.json,true,success,,189,684,26,24,2,32,1.2307692307692308,false,false,false,false,true,,gradle,.,restli-common,restli-common,gradle:restli-common,,,,false,,repos/successful/6944525,promoted
6944525,https://github.com/linkedin/rest.li,8173ce2d3eb0a997f0c24df136134486fb4c3cd3,6944525:restli-common/src/main/java/com/linkedin/restli/common/batchcreateidresponse.java,BatchCreateIdResponse,restli-common/src/main/java/com/linkedin/restli/common/BatchCreateIdResponse.java,1,6944525_619.json,true,success,,70,534,7,1,2,9,1.2857142857142858,false,false,false,false,true,,gradle,.,restli-common,restli-common,gradle:restli-common,,,,false,,repos/successful/6944525,promoted
6944525,https://github.com/linkedin/rest.li,8173ce2d3eb0a997f0c24df136134486fb4c3cd3,6944525:restli-common/src/main/java/com/linkedin/restli/common/complexresourcekey.java,ComplexResourceKey,restli-common/src/main/java/com/linkedin/restli/common/ComplexResourceKey.java,3,6944525_610.json;6944525_611.json;6944525_612.json,true,success,,231,1437,23,19,6,43,1.8695652173913044,false,false,false,false,true,,gradle,.,restli-common,restli-common,gradle:restli-common,,,,false,,repos/successful/6944525,promoted
6944525,https://github.com/linkedin/rest.li,8173ce2d3eb0a997f0c24df136134486fb4c3cd3,6944525:restli-common/src/main/java/com/linkedin/restli/common/compoundkey.java,CompoundKey,restli-common/src/main/java/com/linkedin/restli/common/CompoundKey.java,2,6944525_604.json;6944525_605.json,true,success,,298,1614,31,23,8,54,1.7419354838709677,false,false,false,false,true,,gradle,.,restli-common,restli-common,gradle:restli-common,,,,false,,repos/successful/6944525,promoted
6944525,https://github.com/linkedin/rest.li,8173ce2d3eb0a997f0c24df136134486fb4c3cd3,6944525:restli-common/src/main/java/com/linkedin/restli/common/identityresponse.java,IdEntityResponse,restli-common/src/main/java/com/linkedin/restli/common/IdEntityResponse.java,3,6944525_616.json;6944525_617.json;6944525_618.json,true,success,,39,201,5,4,4,10,2.0,false,false,false,false,true,,gradle,.,restli-common,restli-common,gradle:restli-common,,,,false,,repos/successful/6944525,promoted
6944525,https://github.com/linkedin/rest.li,8173ce2d3eb0a997f0c24df136134486fb4c3cd3,6944525:restli-common/src/main/java/com/linkedin/restli/common/idresponse.java,IdResponse,restli-common/src/main/java/com/linkedin/restli/common/IdResponse.java,3,6944525_613.json;6944525_614.json;6944525_615.json,true,success,,38,174,5,4,3,9,1.8,false,false,false,false,true,,gradle,.,restli-common,restli-common,gradle:restli-common,,,,false,,repos/successful/6944525,promoted
6944525,https://github.com/linkedin/rest.li,8173ce2d3eb0a997f0c24df136134486fb4c3cd3,6944525:restli-common/src/main/java/com/linkedin/restli/common/util/projectionmaskapplier.java,ProjectionMaskApplier,restli-common/src/main/java/com/linkedin/restli/common/util/ProjectionMaskApplier.java,4,6944525_606.json;6944525_607.json;6944525_608.json;6944525_609.json,true,success,,247,1605,10,2,8,47,4.7,false,false,false,false,true,,gradle,.,restli-common,restli-common,gradle:restli-common,,,,false,,repos/successful/6944525,promoted
6944525,https://github.com/linkedin/rest.li,8173ce2d3eb0a997f0c24df136134486fb4c3cd3,6944525:restli-common/src/main/java/com/linkedin/restli/internal/common/asciihexencoding.java,AsciiHexEncoding,restli-common/src/main/java/com/linkedin/restli/internal/common/AsciiHexEncoding.java,3,6944525_669.json;6944525_670.json;6944525_671.json,true,success,,123,586,7,2,6,23,3.2857142857142856,false,false,false,false,true,,gradle,.,restli-common,restli-common,gradle:restli-common,,,,false,,repos/successful/6944525,promoted
6944525,https://github.com/linkedin/rest.li,8173ce2d3eb0a997f0c24df136134486fb4c3cd3,6944525:restli-common/src/main/java/com/linkedin/restli/internal/common/attachmentutils.java,AttachmentUtils,restli-common/src/main/java/com/linkedin/restli/internal/common/AttachmentUtils.java,2,6944525_677.json;6944525_678.json,true,success,,141,669,21,21,1,21,1.0,false,false,false,false,true,,gradle,.,restli-common,restli-common,gradle:restli-common,,,,false,,repos/successful/6944525,promoted
6944525,https://github.com/linkedin/rest.li,8173ce2d3eb0a997f0c24df136134486fb4c3cd3,6944525:restli-common/src/main/java/com/linkedin/restli/internal/common/cookieutil.java,CookieUtil,restli-common/src/main/java/com/linkedin/restli/internal/common/CookieUtil.java,5,6944525_641.json;6944525_642.json;6944525_643.json;6944525_644.json;6944525_645.json,true,success,,182,1017,7,6,13,46,6.571428571428571,false,false,false,false,true,,gradle,.,restli-common,restli-common,gradle:restli-common,,,,false,,repos/successful/6944525,promoted
6944525,https://github.com/linkedin/rest.li,8173ce2d3eb0a997f0c24df136134486fb4c3cd3,6944525:restli-common/src/main/java/com/linkedin/restli/internal/common/datamapconverter.java,DataMapConverter,restli-common/src/main/java/com/linkedin/restli/internal/common/DataMapConverter.java,13,6944525_624.json;6944525_625.json;6944525_626.json;6944525_627.json;6944525_628.json;6944525_629.json;6944525_630.json;6944525_631.json;6944525_632.json;6944525_633.json;6944525_634.json;6944525_635.json;6944525_636.json,true,success,,35,282,6,5,1,6,1.0,false,false,false,false,true,,gradle,.,restli-common,restli-common,gradle:restli-common,,,,false,,repos/successful/6944525,promoted
6944525,https://github.com/linkedin/rest.li,8173ce2d3eb0a997f0c24df136134486fb4c3cd3,6944525:restli-common/src/main/java/com/linkedin/restli/internal/common/headerutil.java,HeaderUtil,restli-common/src/main/java/com/linkedin/restli/internal/common/HeaderUtil.java,2,6944525_621.json;6944525_622.json,true,success,,94,618,8,8,6,21,2.625,false,false,false,false,true,,gradle,.,restli-common,restli-common,gradle:restli-common,,,,false,,repos/successful/6944525,promoted
6944525,https://github.com/linkedin/rest.li,8173ce2d3eb0a997f0c24df136134486fb4c3cd3,6944525:restli-common/src/main/java/com/linkedin/restli/internal/common/queryparamsdatamap.java,QueryParamsDataMap,restli-common/src/main/java/com/linkedin/restli/internal/common/QueryParamsDataMap.java,9,6944525_660.json;6944525_661.json;6944525_662.json;6944525_663.json;6944525_664.json;6944525_665.json;6944525_666.json;6944525_667.json;6944525_668.json,true,success,,283,2012,13,7,9,51,3.923076923076923,false,false,false,false,true,,gradle,.,restli-common,restli-common,gradle:restli-common,,,,false,,repos/successful/6944525,promoted
6944525,https://github.com/linkedin/rest.li,8173ce2d3eb0a997f0c24df136134486fb4c3cd3,6944525:restli-common/src/main/java/com/linkedin/restli/internal/common/responseutils.java,ResponseUtils,restli-common/src/main/java/com/linkedin/restli/internal/common/ResponseUtils.java,1,6944525_623.json,true,success,,109,719,2,1,10,13,6.5,false,false,false,false,true,,gradle,.,restli-common,restli-common,gradle:restli-common,,,,false,,repos/successful/6944525,promoted
6944525,https://github.com/linkedin/rest.li,8173ce2d3eb0a997f0c24df136134486fb4c3cd3,6944525:restli-common/src/main/java/com/linkedin/restli/internal/common/uridecoderutils.java,URIDecoderUtils,restli-common/src/main/java/com/linkedin/restli/internal/common/URIDecoderUtils.java,4,6944525_673.json;6944525_674.json;6944525_675.json;6944525_676.json,true,success,,143,894,11,2,6,30,2.727272727272727,false,false,false,false,true,,gradle,.,restli-common,restli-common,gradle:restli-common,,,,false,,repos/successful/6944525,promoted
6944525,https://github.com/linkedin/rest.li,8173ce2d3eb0a997f0c24df136134486fb4c3cd3,6944525:restli-common/src/main/java/com/linkedin/restli/internal/common/urielementparser.java,URIElementParser,restli-common/src/main/java/com/linkedin/restli/internal/common/URIElementParser.java,4,6944525_637.json;6944525_638.json;6944525_639.json;6944525_640.json,true,success,,266,1502,21,5,8,49,2.3333333333333335,false,false,false,false,true,,gradle,.,restli-common,restli-common,gradle:restli-common,,,,false,,repos/successful/6944525,promoted
6944525,https://github.com/linkedin/rest.li,8173ce2d3eb0a997f0c24df136134486fb4c3cd3,6944525:restli-common/src/main/java/com/linkedin/restli/internal/common/urimaskutil.java,URIMaskUtil,restli-common/src/main/java/com/linkedin/restli/internal/common/URIMaskUtil.java,2,6944525_679.json;6944525_680.json,true,success,,242,1280,5,4,37,50,10.0,false,false,false,false,true,,gradle,.,restli-common,restli-common,gradle:restli-common,,,,false,,repos/successful/6944525,promoted
6944525,https://github.com/linkedin/rest.li,8173ce2d3eb0a997f0c24df136134486fb4c3cd3,6944525:restli-common/src/main/java/com/linkedin/restli/internal/common/uriparamutils.java,URIParamUtils,restli-common/src/main/java/com/linkedin/restli/internal/common/URIParamUtils.java,14,6944525_646.json;6944525_647.json;6944525_648.json;6944525_649.json;6944525_650.json;6944525_651.json;6944525_652.json;6944525_653.json;6944525_654.json;6944525_655.json;6944525_656.json;6944525_657.json;6944525_658.json;6944525_659.json,true,success,,385,2399,21,11,8,61,2.9047619047619047,false,false,false,false,true,,gradle,.,restli-common,restli-common,gradle:restli-common,,,,false,,repos/successful/6944525,promoted
6944525,https://github.com/linkedin/rest.li,8173ce2d3eb0a997f0c24df136134486fb4c3cd3,6944525:restli-common/src/main/java/com/linkedin/restli/internal/common/valueconverter.java,ValueConverter,restli-common/src/main/java/com/linkedin/restli/internal/common/ValueConverter.java,1,6944525_672.json,true,success,,50,326,1,1,17,17,17.0,false,false,false,false,true,,gradle,.,restli-common,restli-common,gradle:restli-common,,,,false,,repos/successful/6944525,promoted
6944525,https://github.com/linkedin/rest.li,8173ce2d3eb0a997f0c24df136134486fb4c3cd3,6944525:restli-disruptor/src/main/java/com/linkedin/restli/disruptor/disruptrestcontrollercontainer.java,DisruptRestControllerContainer,restli-disruptor/src/main/java/com/linkedin/restli/disruptor/DisruptRestControllerContainer.java,1,6944525_277.json,true,success,,27,136,4,2,2,5,1.25,false,false,false,false,true,,gradle,.,restli-disruptor,restli-disruptor,gradle:restli-disruptor,,,,false,,repos/successful/6944525,promoted
6944525,https://github.com/linkedin/rest.li,8173ce2d3eb0a997f0c24df136134486fb4c3cd3,6944525:restli-example-server/src/main/java/com/linkedin/restli/example/impl/albumentryresource.java,AlbumEntryResource,restli-example-server/src/main/java/com/linkedin/restli/example/impl/AlbumEntryResource.java,7,6944525_685.json;6944525_686.json;6944525_687.json;6944525_688.json;6944525_689.json;6944525_690.json;6944525_691.json,true,success,,166,1252,7,7,10,27,3.857142857142857,false,false,false,false,true,,gradle,.,restli-example-server,restli-example-server,gradle:restli-example-server,,,,false,,repos/successful/6944525,promoted
6944525,https://github.com/linkedin/rest.li,8173ce2d3eb0a997f0c24df136134486fb4c3cd3,6944525:restli-example-server/src/main/java/com/linkedin/restli/example/impl/photoresource.java,PhotoResource,restli-example-server/src/main/java/com/linkedin/restli/example/impl/PhotoResource.java,4,6944525_681.json;6944525_682.json;6944525_683.json;6944525_684.json,true,success,,212,1498,10,10,9,39,3.9,false,false,false,false,true,,gradle,.,restli-example-server,restli-example-server,gradle:restli-example-server,,,,false,,repos/successful/6944525,promoted
6944525,https://github.com/linkedin/rest.li,8173ce2d3eb0a997f0c24df136134486fb4c3cd3,6944525:restli-server-extras/src/main/java/com/linkedin/restli/server/parseqtracedebugrequesthandler.java,ParseqTraceDebugRequestHandler,restli-server-extras/src/main/java/com/linkedin/restli/server/ParseqTraceDebugRequestHandler.java,1,6944525_278.json,true,success,,210,1197,8,5,8,25,3.125,false,false,false,false,true,,gradle,.,restli-server-extras,restli-server-extras,gradle:restli-server-extras,,,,false,,repos/successful/6944525,promoted
6944525,https://github.com/linkedin/rest.li,8173ce2d3eb0a997f0c24df136134486fb4c3cd3,6944525:restli-server/src/main/java/com/linkedin/restli/internal/server/filter/filterrequestcontextinternalimpl.java,FilterRequestContextInternalImpl,restli-server/src/main/java/com/linkedin/restli/internal/server/filter/FilterRequestContextInternalImpl.java,2,6944525_492.json;6944525_493.json,true,success,,235,1044,38,36,2,40,1.0526315789473684,false,false,false,false,true,,gradle,.,restli-server,restli-server,gradle:restli-server,8,D:/material/SWT301/rsbln/New folder/data_v3/repos/working/6944525/build.gradle,8,false,,repos/successful/6944525,promoted
6944525,https://github.com/linkedin/rest.li,8173ce2d3eb0a997f0c24df136134486fb4c3cd3,6944525:restli-server/src/main/java/com/linkedin/restli/internal/server/filter/restlifilterchain.java,RestLiFilterChain,restli-server/src/main/java/com/linkedin/restli/internal/server/filter/RestLiFilterChain.java,4,6944525_488.json;6944525_489.json;6944525_490.json;6944525_491.json,true,success,,32,210,4,3,2,5,1.25,false,false,false,false,true,,gradle,.,restli-server,restli-server,gradle:restli-server,8,D:/material/SWT301/rsbln/New folder/data_v3/repos/working/6944525/build.gradle,8,false,,repos/successful/6944525,promoted
6944525,https://github.com/linkedin/rest.li,8173ce2d3eb0a997f0c24df136134486fb4c3cd3,6944525:restli-server/src/main/java/com/linkedin/restli/internal/server/methods/arguments/actionargumentbuilder.java,ActionArgumentBuilder,restli-server/src/main/java/com/linkedin/restli/internal/server/methods/arguments/ActionArgumentBuilder.java,1,6944525_511.json,true,success,,49,391,3,2,3,5,1.6666666666666667,false,false,false,false,true,,gradle,.,restli-server,restli-server,gradle:restli-server,8,D:/material/SWT301/rsbln/New folder/data_v3/repos/working/6944525/build.gradle,8,false,,repos/successful/6944525,promoted
6944525,https://github.com/linkedin/rest.li,8173ce2d3eb0a997f0c24df136134486fb4c3cd3,6944525:restli-server/src/main/java/com/linkedin/restli/internal/server/methods/arguments/argumentbuilder.java,ArgumentBuilder,restli-server/src/main/java/com/linkedin/restli/internal/server/methods/arguments/ArgumentBuilder.java,15,6944525_494.json;6944525_495.json;6944525_496.json;6944525_497.json;6944525_498.json;6944525_499.json;6944525_500.json;6944525_501.json;6944525_502.json;6944525_503.json;6944525_504.json;6944525_505.json;6944525_506.json;6944525_507.json;6944525_508.json,true,success,,535,3570,13,4,41,85,6.538461538461538,false,false,false,false,false,nloc_out_of_bounds,gradle,.,restli-server,restli-server,gradle:restli-server,,,,false,,repos/successful/6944525,promoted
6944525,https://github.com/linkedin/rest.li,8173ce2d3eb0a997f0c24df136134486fb4c3cd3,6944525:restli-server/src/main/java/com/linkedin/restli/internal/server/methods/arguments/batchpatchargumentbuilder.java,BatchPatchArgumentBuilder,restli-server/src/main/java/com/linkedin/restli/internal/server/methods/arguments/BatchPatchArgumentBuilder.java,1,6944525_509.json,true,success,,53,363,2,2,4,5,2.5,false,false,false,false,true,,gradle,.,restli-server,restli-server,gradle:restli-server,8,D:/material/SWT301/rsbln/New folder/data_v3/repos/working/6944525/build.gradle,8,false,,repos/successful/6944525,promoted
6944525,https://github.com/linkedin/rest.li,8173ce2d3eb0a997f0c24df136134486fb4c3cd3,6944525:restli-server/src/main/java/com/linkedin/restli/internal/server/methods/arguments/batchupdateargumentbuilder.java,BatchUpdateArgumentBuilder,restli-server/src/main/java/com/linkedin/restli/internal/server/methods/arguments/BatchUpdateArgumentBuilder.java,1,6944525_510.json,true,success,,55,387,2,2,4,5,2.5,false,false,false,false,true,,gradle,.,restli-server,restli-server,gradle:restli-server,8,D:/material/SWT301/rsbln/New folder/data_v3/repos/working/6944525/build.gradle,8,false,,repos/successful/6944525,promoted
6944525,https://github.com/linkedin/rest.li,8173ce2d3eb0a997f0c24df136134486fb4c3cd3,6944525:restli-server/src/main/java/com/linkedin/restli/internal/server/model/resourcemodel.java,ResourceModel,restli-server/src/main/java/com/linkedin/restli/internal/server/model/ResourceModel.java,1,6944525_479.json,true,success,,518,2393,51,46,14,105,2.0588235294117645,false,false,false,false,false,nloc_out_of_bounds,gradle,.,restli-server,restli-server,gradle:restli-server,,,,false,,repos/successful/6944525,promoted
6944525,https://github.com/linkedin/rest.li,8173ce2d3eb0a997f0c24df136134486fb4c3cd3,6944525:restli-server/src/main/java/com/linkedin/restli/internal/server/model/restliapibuilder.java,RestLiApiBuilder,restli-server/src/main/java/com/linkedin/restli/internal/server/model/RestLiApiBuilder.java,8,6944525_480.json;6944525_481.json;6944525_482.json;6944525_483.json;6944525_484.json;6944525_485.json;6944525_486.json;6944525_487.json,true,success,,112,757,5,2,6,19,3.8,false,false,false,false,true,,gradle,.,restli-server,restli-server,gradle:restli-server,8,D:/material/SWT301/rsbln/New folder/data_v3/repos/working/6944525/build.gradle,8,false,,repos/successful/6944525,promoted
6944525,https://github.com/linkedin/rest.li,8173ce2d3eb0a997f0c24df136134486fb4c3cd3,6944525:restli-server/src/main/java/com/linkedin/restli/internal/server/resourcecontextimpl.java,ResourceContextImpl,restli-server/src/main/java/com/linkedin/restli/internal/server/ResourceContextImpl.java,8,6944525_445.json;6944525_446.json;6944525_447.json;6944525_448.json;6944525_449.json;6944525_450.json;6944525_451.json;6944525_452.json,true,success,,552,2682,59,56,9,98,1.6610169491525424,false,false,false,false,false,nloc_out_of_bounds,gradle,.,restli-server,restli-server,gradle:restli-server,,,,false,,repos/successful/6944525,promoted
6944525,https://github.com/linkedin/rest.li,8173ce2d3eb0a997f0c24df136134486fb4c3cd3,6944525:restli-server/src/main/java/com/linkedin/restli/internal/server/response/batchcreateresponsebuilder.java,BatchCreateResponseBuilder,restli-server/src/main/java/com/linkedin/restli/internal/server/response/BatchCreateResponseBuilder.java,3,6944525_535.json;6944525_536.json;6944525_537.json,true,success,,196,1405,5,2,13,23,4.6,false,false,false,false,true,,gradle,.,restli-server,restli-server,gradle:restli-server,8,D:/material/SWT301/rsbln/New folder/data_v3/repos/working/6944525/build.gradle,8,false,,repos/successful/6944525,promoted
6944525,https://github.com/linkedin/rest.li,8173ce2d3eb0a997f0c24df136134486fb4c3cd3,6944525:restli-server/src/main/java/com/linkedin/restli/internal/server/response/batchfinderresponsebuilder.java,BatchFinderResponseBuilder,restli-server/src/main/java/com/linkedin/restli/internal/server/response/BatchFinderResponseBuilder.java,1,6944525_521.json,true,success,,176,1341,9,2,4,16,1.7777777777777777,false,false,false,false,true,,gradle,.,restli-server,restli-server,gradle:restli-server,8,D:/material/SWT301/rsbln/New folder/data_v3/repos/working/6944525/build.gradle,8,false,,repos/successful/6944525,promoted
6944525,https://github.com/linkedin/rest.li,8173ce2d3eb0a997f0c24df136134486fb4c3cd3,6944525:restli-server/src/main/java/com/linkedin/restli/internal/server/response/batchgetresponsebuilder.java,BatchGetResponseBuilder,restli-server/src/main/java/com/linkedin/restli/internal/server/response/BatchGetResponseBuilder.java,3,6944525_512.json;6944525_513.json;6944525_514.json,true,success,,191,1644,6,2,11,25,4.166666666666667,false,false,false,false,true,,gradle,.,restli-server,restli-server,gradle:restli-server,8,D:/material/SWT301/rsbln/New folder/data_v3/repos/working/6944525/build.gradle,8,false,,repos/successful/6944525,promoted
6944525,https://github.com/linkedin/rest.li,8173ce2d3eb0a997f0c24df136134486fb4c3cd3,6944525:restli-server/src/main/java/com/linkedin/restli/internal/server/response/collectionresponsebuilder.java,CollectionResponseBuilder,restli-server/src/main/java/com/linkedin/restli/internal/server/response/CollectionResponseBuilder.java,2,6944525_531.json;6944525_532.json,true,success,,146,1064,3,2,7,14,4.666666666666667,false,false,false,false,true,,gradle,.,restli-server,restli-server,gradle:restli-server,8,D:/material/SWT301/rsbln/New folder/data_v3/repos/working/6944525/build.gradle,8,false,,repos/successful/6944525,promoted
6944525,https://github.com/linkedin/rest.li,8173ce2d3eb0a997f0c24df136134486fb4c3cd3,6944525:restli-server/src/main/java/com/linkedin/restli/internal/server/response/createresponsebuilder.java,CreateResponseBuilder,restli-server/src/main/java/com/linkedin/restli/internal/server/response/CreateResponseBuilder.java,5,6944525_526.json;6944525_527.json;6944525_528.json;6944525_529.json;6944525_530.json,true,success,,97,833,2,2,8,9,4.5,false,false,false,false,true,,gradle,.,restli-server,restli-server,gradle:restli-server,8,D:/material/SWT301/rsbln/New folder/data_v3/repos/working/6944525/build.gradle,8,false,,repos/successful/6944525,promoted
6944525,https://github.com/linkedin/rest.li,8173ce2d3eb0a997f0c24df136134486fb4c3cd3,6944525:restli-server/src/main/java/com/linkedin/restli/internal/server/response/errorresponsebuilder.java,ErrorResponseBuilder,restli-server/src/main/java/com/linkedin/restli/internal/server/response/ErrorResponseBuilder.java,4,6944525_516.json;6944525_517.json;6944525_518.json;6944525_519.json,true,success,,174,1254,9,4,18,47,5.222222222222222,false,false,false,false,true,,gradle,.,restli-server,restli-server,gradle:restli-server,8,D:/material/SWT301/rsbln/New folder/data_v3/repos/working/6944525/build.gradle,8,false,,repos/successful/6944525,promoted
6944525,https://github.com/linkedin/rest.li,8173ce2d3eb0a997f0c24df136134486fb4c3cd3,6944525:restli-server/src/main/java/com/linkedin/restli/internal/server/response/getresponsebuilder.java,GetResponseBuilder,restli-server/src/main/java/com/linkedin/restli/internal/server/response/GetResponseBuilder.java,1,6944525_538.json,true,success,,64,494,2,2,3,4,2.0,false,false,false,false,true,,gradle,.,restli-server,restli-server,gradle:restli-server,8,D:/material/SWT301/rsbln/New folder/data_v3/repos/working/6944525/build.gradle,8,false,,repos/successful/6944525,promoted
6944525,https://github.com/linkedin/rest.li,8173ce2d3eb0a997f0c24df136134486fb4c3cd3,6944525:restli-server/src/main/java/com/linkedin/restli/internal/server/response/partialupdateresponsebuilder.java,PartialUpdateResponseBuilder,restli-server/src/main/java/com/linkedin/restli/internal/server/response/PartialUpdateResponseBuilder.java,2,6944525_533.json;6944525_534.json,true,success,,70,549,2,2,5,6,3.0,false,false,false,false,true,,gradle,.,restli-server,restli-server,gradle:restli-server,8,D:/material/SWT301/rsbln/New folder/data_v3/repos/working/6944525/build.gradle,8,false,,repos/successful/6944525,promoted
6944525,https://github.com/linkedin/rest.li,8173ce2d3eb0a997f0c24df136134486fb4c3cd3,6944525:restli-server/src/main/java/com/linkedin/restli/internal/server/response/responseutils.java,ResponseUtils,restli-server/src/main/java/com/linkedin/restli/internal/server/response/ResponseUtils.java,1,6944525_515.json,true,success,,253,1947,14,7,7,42,3.0,false,false,false,false,true,,gradle,.,restli-server,restli-server,gradle:restli-server,8,D:/material/SWT301/rsbln/New folder/data_v3/repos/working/6944525/build.gradle,8,false,,repos/successful/6944525,promoted
6944525,https://github.com/linkedin/rest.li,8173ce2d3eb0a997f0c24df136134486fb4c3cd3,6944525:restli-server/src/main/java/com/linkedin/restli/internal/server/response/restliresponse.java,RestLiResponse,restli-server/src/main/java/com/linkedin/restli/internal/server/response/RestLiResponse.java,1,6944525_520.json,true,success,,101,552,13,12,3,19,1.4615384615384615,false,false,false,false,true,,gradle,.,restli-server,restli-server,gradle:restli-server,8,D:/material/SWT301/rsbln/New folder/data_v3/repos/working/6944525/build.gradle,8,false,,repos/successful/6944525,promoted
6944525,https://github.com/linkedin/rest.li,8173ce2d3eb0a997f0c24df136134486fb4c3cd3,6944525:restli-server/src/main/java/com/linkedin/restli/internal/server/response/restliresponseenvelope.java,RestLiResponseEnvelope,restli-server/src/main/java/com/linkedin/restli/internal/server/response/RestLiResponseEnvelope.java,4,6944525_522.json;6944525_523.json;6944525_524.json;6944525_525.json,true,success,,52,241,8,7,2,9,1.125,false,false,false,false,true,,gradle,.,restli-server,restli-server,gradle:restli-server,8,D:/material/SWT301/rsbln/New folder/data_v3/repos/working/6944525/build.gradle,8,false,,repos/successful/6944525,promoted
6944525,https://github.com/linkedin/rest.li,8173ce2d3eb0a997f0c24df136134486fb4c3cd3,6944525:restli-server/src/main/java/com/linkedin/restli/internal/server/util/argumentutils.java,ArgumentUtils,restli-server/src/main/java/com/linkedin/restli/internal/server/util/ArgumentUtils.java,1,6944525_453.json,true,success,,434,2734,28,24,10,67,2.392857142857143,false,false,false,false,true,,gradle,.,restli-server,restli-server,gradle:restli-server,8,D:/material/SWT301/rsbln/New folder/data_v3/repos/working/6944525/build.gradle,8,false,,repos/successful/6944525,promoted
6944525,https://github.com/linkedin/rest.li,8173ce2d3eb0a997f0c24df136134486fb4c3cd3,6944525:restli-server/src/main/java/com/linkedin/restli/internal/server/util/datamaputils.java,DataMapUtils,restli-server/src/main/java/com/linkedin/restli/internal/server/util/DataMapUtils.java,1,6944525_459.json,true,success,,390,1809,28,28,6,61,2.1785714285714284,false,false,false,false,true,,gradle,.,restli-server,restli-server,gradle:restli-server,8,D:/material/SWT301/rsbln/New folder/data_v3/repos/working/6944525/build.gradle,8,false,,repos/successful/6944525,promoted
6944525,https://github.com/linkedin/rest.li,8173ce2d3eb0a997f0c24df136134486fb4c3cd3,6944525:restli-server/src/main/java/com/linkedin/restli/internal/server/util/mimeparse.java,MIMEParse,restli-server/src/main/java/com/linkedin/restli/internal/server/util/MIMEParse.java,5,6944525_454.json;6944525_455.json;6944525_456.json;6944525_457.json;6944525_458.json,true,success,,181,1328,14,7,16,44,3.142857142857143,false,false,false,false,true,,gradle,.,restli-server,restli-server,gradle:restli-server,8,D:/material/SWT301/rsbln/New folder/data_v3/repos/working/6944525/build.gradle,8,false,,repos/successful/6944525,promoted
6944525,https://github.com/linkedin/rest.li,8173ce2d3eb0a997f0c24df136134486fb4c3cd3,6944525:restli-server/src/main/java/com/linkedin/restli/internal/server/util/restutils.java,RestUtils,restli-server/src/main/java/com/linkedin/restli/internal/server/util/RestUtils.java,19,6944525_460.json;6944525_461.json;6944525_462.json;6944525_463.json;6944525_464.json;6944525_465.json;6944525_466.json;6944525_467.json;6944525_468.json;6944525_469.json;6944525_470.json;6944525_471.json;6944525_472.json;6944525_473.json;6944525_474.json;6944525_475.json;6944525_476.json;6944525_477.json;6944525_478.json,true,success,,303,2030,17,15,10,58,3.411764705882353,false,false,false,false,true,,gradle,.,restli-server,restli-server,gradle:restli-server,8,D:/material/SWT301/rsbln/New folder/data_v3/repos/working/6944525/build.gradle,8,false,,repos/successful/6944525,promoted
6944525,https://github.com/linkedin/rest.li,8173ce2d3eb0a997f0c24df136134486fb4c3cd3,6944525:restli-server/src/main/java/com/linkedin/restli/server/config/resourcemethodconfigelement.java,ResourceMethodConfigElement,restli-server/src/main/java/com/linkedin/restli/server/config/ResourceMethodConfigElement.java,1,6944525_562.json,true,success,,225,1334,22,13,5,38,1.7272727272727273,false,false,false,false,true,,gradle,.,restli-server,restli-server,gradle:restli-server,8,D:/material/SWT301/rsbln/New folder/data_v3/repos/working/6944525/build.gradle,8,false,,repos/successful/6944525,promoted
6944525,https://github.com/linkedin/rest.li,8173ce2d3eb0a997f0c24df136134486fb4c3cd3,6944525:restli-server/src/main/java/com/linkedin/restli/server/mock/injectmockresourcefactory.java,InjectMockResourceFactory,restli-server/src/main/java/com/linkedin/restli/server/mock/InjectMockResourceFactory.java,2,6944525_563.json;6944525_564.json,true,success,,52,302,5,3,3,8,1.6,false,false,false,false,true,,gradle,.,restli-server,restli-server,gradle:restli-server,8,D:/material/SWT301/rsbln/New folder/data_v3/repos/working/6944525/build.gradle,8,false,,repos/successful/6944525,promoted
6944525,https://github.com/linkedin/rest.li,8173ce2d3eb0a997f0c24df136134486fb4c3cd3,6944525:restli-server/src/main/java/com/linkedin/restli/server/multiplexer/multiplexedrequesthandlerimpl.java,MultiplexedRequestHandlerImpl,restli-server/src/main/java/com/linkedin/restli/server/multiplexer/MultiplexedRequestHandlerImpl.java,17,6944525_543.json;6944525_544.json;6944525_545.json;6944525_546.json;6944525_547.json;6944525_548.json;6944525_549.json;6944525_550.json;6944525_551.json;6944525_552.json;6944525_553.json;6944525_554.json;6944525_555.json;6944525_556.json;6944525_557.json;6944525_558.json;6944525_559.json,true,success,,240,1715,10,2,5,25,2.5,false,false,false,false,true,,gradle,.,restli-server,restli-server,gradle:restli-server,8,D:/material/SWT301/rsbln/New folder/data_v3/repos/working/6944525/build.gradle,8,false,,repos/successful/6944525,promoted
6944525,https://github.com/linkedin/rest.li,8173ce2d3eb0a997f0c24df136134486fb4c3cd3,6944525:restli-server/src/main/java/com/linkedin/restli/server/resources/injectresourcefactory.java,InjectResourceFactory,restli-server/src/main/java/com/linkedin/restli/server/resources/InjectResourceFactory.java,2,6944525_539.json;6944525_540.json,true,success,,49,284,4,2,3,7,1.75,false,false,false,false,true,,gradle,.,restli-server,restli-server,gradle:restli-server,8,D:/material/SWT301/rsbln/New folder/data_v3/repos/working/6944525/build.gradle,8,false,,repos/successful/6944525,promoted
6944525,https://github.com/linkedin/rest.li,8173ce2d3eb0a997f0c24df136134486fb4c3cd3,6944525:restli-server/src/main/java/com/linkedin/restli/server/restliresponseattachments.java,RestLiResponseAttachments,restli-server/src/main/java/com/linkedin/restli/server/RestLiResponseAttachments.java,1,6944525_561.json,true,success,,39,184,6,4,1,6,1.0,false,false,false,false,true,,gradle,.,restli-server,restli-server,gradle:restli-server,8,D:/material/SWT301/rsbln/New folder/data_v3/repos/working/6944525/build.gradle,8,false,,repos/successful/6944525,promoted
6944525,https://github.com/linkedin/rest.li,8173ce2d3eb0a997f0c24df136134486fb4c3cd3,6944525:restli-server/src/main/java/com/linkedin/restli/server/restliserver.java,RestLiServer,restli-server/src/main/java/com/linkedin/restli/server/RestLiServer.java,24,6944525_566.json;6944525_567.json;6944525_568.json;6944525_569.json;6944525_570.json;6944525_571.json;6944525_572.json;6944525_573.json;6944525_574.json;6944525_575.json;6944525_576.json;6944525_577.json;6944525_578.json;6944525_579.json;6944525_580.json;6944525_581.json;6944525_582.json;6944525_583.json;6944525_584.json;6944525_585.json;6944525_586.json;6944525_587.json;6944525_588.json;6944525_589.json,true,success,,154,1035,9,5,8,25,2.7777777777777777,false,false,false,false,true,,gradle,.,restli-server,restli-server,gradle:restli-server,8,D:/material/SWT301/rsbln/New folder/data_v3/repos/working/6944525/build.gradle,8,false,,repos/successful/6944525,promoted
6944525,https://github.com/linkedin/rest.li,8173ce2d3eb0a997f0c24df136134486fb4c3cd3,6944525:restli-server/src/main/java/com/linkedin/restli/server/restliserviceexception.java,RestLiServiceException,restli-server/src/main/java/com/linkedin/restli/server/RestLiServiceException.java,1,6944525_565.json,true,success,,215,915,31,24,7,44,1.4193548387096775,false,false,false,false,true,,gradle,.,restli-server,restli-server,gradle:restli-server,8,D:/material/SWT301/rsbln/New folder/data_v3/repos/working/6944525/build.gradle,8,false,,repos/successful/6944525,promoted
6944525,https://github.com/linkedin/rest.li,8173ce2d3eb0a997f0c24df136134486fb4c3cd3,6944525:restli-server/src/main/java/com/linkedin/restli/server/util/patchhelper.java,PatchHelper,restli-server/src/main/java/com/linkedin/restli/server/util/PatchHelper.java,1,6944525_560.json,true,success,,154,875,4,1,16,28,7.0,false,false,false,false,true,,gradle,.,restli-server,restli-server,gradle:restli-server,8,D:/material/SWT301/rsbln/New folder/data_v3/repos/working/6944525/build.gradle,8,false,,repos/successful/6944525,promoted
6944525,https://github.com/linkedin/rest.li,8173ce2d3eb0a997f0c24df136134486fb4c3cd3,6944525:restli-server/src/main/java/com/linkedin/restli/server/validation/errorresponsevalidationfilter.java,ErrorResponseValidationFilter,restli-server/src/main/java/com/linkedin/restli/server/validation/ErrorResponseValidationFilter.java,1,6944525_541.json,true,success,,86,549,2,1,13,14,7.0,false,false,false,false,true,,gradle,.,restli-server,restli-server,gradle:restli-server,8,D:/material/SWT301/rsbln/New folder/data_v3/repos/working/6944525/build.gradle,8,false,,repos/successful/6944525,promoted
6944525,https://github.com/linkedin/rest.li,8173ce2d3eb0a997f0c24df136134486fb4c3cd3,6944525:restli-server/src/main/java/com/linkedin/restli/server/validation/restlivalidationfilter.java,RestLiValidationFilter,restli-server/src/main/java/com/linkedin/restli/server/validation/RestLiValidationFilter.java,1,6944525_542.json,true,success,,403,2788,19,3,23,85,4.473684210526316,false,false,false,false,true,,gradle,.,restli-server,restli-server,gradle:restli-server,8,D:/material/SWT301/rsbln/New folder/data_v3/repos/working/6944525/build.gradle,8,false,,repos/successful/6944525,promoted
6944525,https://github.com/linkedin/rest.li,8173ce2d3eb0a997f0c24df136134486fb4c3cd3,6944525:restli-tools/src/main/java/com/linkedin/restli/internal/tools/restlitoolsutils.java,RestLiToolsUtils,restli-tools/src/main/java/com/linkedin/restli/internal/tools/RestLiToolsUtils.java,1,6944525_250.json,true,success,,99,560,8,8,8,23,2.875,false,false,false,false,true,,gradle,.,restli-tools,restli-tools,gradle:restli-tools,,,,false,,repos/successful/6944525,promoted
6944525,https://github.com/linkedin/rest.li,8173ce2d3eb0a997f0c24df136134486fb4c3cd3,6944525:restli-tools/src/main/java/com/linkedin/restli/tools/clientgen/requestbuilderspecgenerator.java,RequestBuilderSpecGenerator,restli-tools/src/main/java/com/linkedin/restli/tools/clientgen/RequestBuilderSpecGenerator.java,3,6944525_243.json;6944525_244.json;6944525_245.json,true,success,,651,4290,28,3,20,89,3.1785714285714284,false,false,false,false,false,nloc_out_of_bounds,gradle,.,restli-tools,restli-tools,gradle:restli-tools,,,,false,,repos/successful/6944525,promoted
6944525,https://github.com/linkedin/rest.li,8173ce2d3eb0a997f0c24df136134486fb4c3cd3,6944525:restli-tools/src/main/java/com/linkedin/restli/tools/clientgen/restrequestbuildergenerator.java,RestRequestBuilderGenerator,restli-tools/src/main/java/com/linkedin/restli/tools/clientgen/RestRequestBuilderGenerator.java,4,6944525_246.json;6944525_247.json;6944525_248.json;6944525_249.json,true,success,,211,1267,5,6,10,23,4.6,false,false,false,false,true,,gradle,.,restli-tools,restli-tools,gradle:restli-tools,,,,false,,repos/successful/6944525,promoted
6944525,https://github.com/linkedin/rest.li,8173ce2d3eb0a997f0c24df136134486fb4c3cd3,6944525:restli-tools/src/main/java/com/linkedin/restli/tools/data/extensionschemavalidationcmdlineapp.java,ExtensionSchemaValidationCmdLineApp,restli-tools/src/main/java/com/linkedin/restli/tools/data/ExtensionSchemaValidationCmdLineApp.java,1,6944525_186.json,true,success,,310,2131,12,1,10,49,4.083333333333333,false,false,false,false,true,,gradle,.,restli-tools,restli-tools,gradle:restli-tools,,,,false,,repos/successful/6944525,promoted
6944525,https://github.com/linkedin/rest.li,8173ce2d3eb0a997f0c24df136134486fb4c3cd3,6944525:restli-tools/src/main/java/com/linkedin/restli/tools/data/predicateexpressionparser.java,PredicateExpressionParser,restli-tools/src/main/java/com/linkedin/restli/tools/data/PredicateExpressionParser.java,39,6944525_187.json;6944525_188.json;6944525_189.json;6944525_190.json;6944525_191.json;6944525_192.json;6944525_193.json;6944525_194.json;6944525_195.json;6944525_196.json;6944525_197.json;6944525_198.json;6944525_199.json;6944525_200.json;6944525_201.json;6944525_202.json;6944525_203.json;6944525_204.json;6944525_205.json;6944525_206.json;6944525_207.json;6944525_208.json;6944525_209.json;6944525_210.json;6944525_211.json;6944525_212.json;6944525_213.json;6944525_214.json;6944525_215.json;6944525_216.json;6944525_217.json;6944525_218.json;6944525_219.json;6944525_220.json;6944525_221.json;6944525_222.json;6944525_223.json;6944525_224.json;6944525_225.json,true,success,,148,786,3,1,15,24,8.0,false,false,false,false,true,,gradle,.,restli-tools,restli-tools,gradle:restli-tools,,,,false,,repos/successful/6944525,promoted
6944525,https://github.com/linkedin/rest.li,8173ce2d3eb0a997f0c24df136134486fb4c3cd3,6944525:restli-tools/src/main/java/com/linkedin/restli/tools/data/schemaformattranslator.java,SchemaFormatTranslator,restli-tools/src/main/java/com/linkedin/restli/tools/data/SchemaFormatTranslator.java,3,6944525_183.json;6944525_184.json;6944525_185.json,true,success,,372,2559,16,2,9,47,2.9375,false,false,false,false,true,,gradle,.,restli-tools,restli-tools,gradle:restli-tools,,,,false,,repos/successful/6944525,promoted
6944525,https://github.com/linkedin/rest.li,8173ce2d3eb0a997f0c24df136134486fb4c3cd3,6944525:restli-tools/src/main/java/com/linkedin/restli/tools/idlgen/restliresourcemodelexporter.java,RestLiResourceModelExporter,restli-tools/src/main/java/com/linkedin/restli/tools/idlgen/RestLiResourceModelExporter.java,1,6944525_182.json,true,success,,220,1277,11,9,11,32,2.909090909090909,false,false,false,false,true,,gradle,.,restli-tools,restli-tools,gradle:restli-tools,,,,false,,repos/successful/6944525,promoted
6944525,https://github.com/linkedin/rest.li,8173ce2d3eb0a997f0c24df136134486fb4c3cd3,6944525:restli-tools/src/main/java/com/linkedin/restli/tools/snapshot/check/pegasusschemasnapshotcompatibilitychecker.java,PegasusSchemaSnapshotCompatibilityChecker,restli-tools/src/main/java/com/linkedin/restli/tools/snapshot/check/PegasusSchemaSnapshotCompatibilityChecker.java,4,6944525_239.json;6944525_240.json;6944525_241.json;6944525_242.json,true,success,,319,2122,9,2,14,39,4.333333333333333,false,false,false,false,true,,gradle,.,restli-tools,restli-tools,gradle:restli-tools,,,,false,,repos/successful/6944525,promoted
6944525,https://github.com/linkedin/rest.li,8173ce2d3eb0a997f0c24df136134486fb4c3cd3,6944525:restli-tools/src/main/java/com/linkedin/restli/tools/snapshot/check/restlisnapshotcompatibilitychecker.java,RestLiSnapshotCompatibilityChecker,restli-tools/src/main/java/com/linkedin/restli/tools/snapshot/check/RestLiSnapshotCompatibilityChecker.java,5,6944525_234.json;6944525_235.json;6944525_236.json;6944525_237.json;6944525_238.json,true,success,,214,1376,8,5,13,32,4.0,false,false,false,false,true,,gradle,.,restli-tools,restli-tools,gradle:restli-tools,,,,false,,repos/successful/6944525,promoted
6944525,https://github.com/linkedin/rest.li,8173ce2d3eb0a997f0c24df136134486fb4c3cd3,6944525:restli-tools/src/main/java/com/linkedin/restli/tools/snapshot/gen/pegasusschemasnapshotexporter.java,PegasusSchemaSnapshotExporter,restli-tools/src/main/java/com/linkedin/restli/tools/snapshot/gen/PegasusSchemaSnapshotExporter.java,1,6944525_233.json,true,success,,88,681,4,1,6,10,2.5,false,false,false,false,true,,gradle,.,restli-tools,restli-tools,gradle:restli-tools,,,,false,,repos/successful/6944525,promoted
6944525,https://github.com/linkedin/rest.li,8173ce2d3eb0a997f0c24df136134486fb4c3cd3,6944525:restli-tools/src/main/java/com/linkedin/restli/tools/symbol/restlisymboltableprovider.java,RestLiSymbolTableProvider,restli-tools/src/main/java/com/linkedin/restli/tools/symbol/RestLiSymbolTableProvider.java,4,6944525_226.json;6944525_227.json;6944525_228.json;6944525_229.json,true,success,,245,1547,10,4,7,32,3.2,false,false,false,false,true,,gradle,.,restli-tools,restli-tools,gradle:restli-tools,,,,false,,repos/successful/6944525,promoted
6944525,https://github.com/linkedin/rest.li,8173ce2d3eb0a997f0c24df136134486fb4c3cd3,6944525:restli-tools/src/main/java/com/linkedin/restli/tools/symbol/runtimesymboltablegenerator.java,RuntimeSymbolTableGenerator,restli-tools/src/main/java/com/linkedin/restli/tools/symbol/RuntimeSymbolTableGenerator.java,1,6944525_232.json,true,success,,150,1079,4,3,10,15,3.75,false,false,false,false,true,,gradle,.,restli-tools,restli-tools,gradle:restli-tools,,,,false,,repos/successful/6944525,promoted
6944525,https://github.com/linkedin/rest.li,8173ce2d3eb0a997f0c24df136134486fb4c3cd3,6944525:restli-tools/src/main/java/com/linkedin/restli/tools/symbol/symboltablenamehandler.java,SymbolTableNameHandler,restli-tools/src/main/java/com/linkedin/restli/tools/symbol/SymbolTableNameHandler.java,2,6944525_230.json;6944525_231.json,true,success,,42,241,4,0,5,10,2.5,false,false,true,false,false,no_public_non_constructor_method,gradle,.,restli-tools,restli-tools,gradle:restli-tools,,,,false,,repos/successful/6944525,promoted
6293402,https://github.com/vaadin/framework,02c87d4918204dfc354c71bdecc395e605c20d8e,6293402:client-compiler/src/main/java/com/vaadin/tools/cvaladdonschecker.java,CvalAddonsChecker,client-compiler/src/main/java/com/vaadin/tools/CvalAddonsChecker.java,1,6293402_170.json,true,success,,117,837,7,2,15,23,3.2857142857142856,false,false,false,false,true,,maven,.,client-compiler,client-compiler,maven:client-compiler,,,,false,,repos/successful/6293402,promoted
6293402,https://github.com/vaadin/framework,02c87d4918204dfc354c71bdecc395e605c20d8e,6293402:client-compiler/src/main/java/com/vaadin/tools/cvalchecker.java,CvalChecker,client-compiler/src/main/java/com/vaadin/tools/CvalChecker.java,10,6293402_171.json;6293402_172.json;6293402_173.json;6293402_174.json;6293402_175.json;6293402_176.json;6293402_177.json;6293402_178.json;6293402_179.json;6293402_180.json,true,success,,352,2404,36,15,14,104,2.888888888888889,false,false,false,false,true,,maven,.,client-compiler,client-compiler,maven:client-compiler,,,,false,,repos/successful/6293402,promoted
6293402,https://github.com/vaadin/framework,02c87d4918204dfc354c71bdecc395e605c20d8e,6293402:client/src/main/java/com/vaadin/client/datetimeservice.java,DateTimeService,client/src/main/java/com/vaadin/client/DateTimeService.java,2,6293402_181.json;6293402_182.json,true,success,,376,2739,35,22,9,93,2.657142857142857,false,false,false,false,true,,maven,.,client,client,maven:client,,,,false,,repos/successful/6293402,promoted
6293402,https://github.com/vaadin/framework,02c87d4918204dfc354c71bdecc395e605c20d8e,6293402:compatibility-server/src/main/java/com/vaadin/v7/data/fieldgroup/beanfieldgroup.java,BeanFieldGroup,compatibility-server/src/main/java/com/vaadin/v7/data/fieldgroup/BeanFieldGroup.java,1,6293402_154.json,true,success,,171,1068,16,8,5,38,2.375,false,false,false,false,true,,maven,.,compatibility-server,compatibility-server,maven:compatibility-server,,,,false,,repos/successful/6293402,promoted
6293402,https://github.com/vaadin/framework,02c87d4918204dfc354c71bdecc395e605c20d8e,6293402:compatibility-server/src/main/java/com/vaadin/v7/data/fieldgroup/defaultfieldgroupfieldfactory.java,DefaultFieldGroupFieldFactory,compatibility-server/src/main/java/com/vaadin/v7/data/fieldgroup/DefaultFieldGroupFieldFactory.java,8,6293402_157.json;6293402_158.json;6293402_159.json;6293402_160.json;6293402_161.json;6293402_162.json;6293402_163.json;6293402_164.json,true,success,,171,1269,13,2,7,41,3.1538461538461537,false,false,false,false,true,,maven,.,compatibility-server,compatibility-server,maven:compatibility-server,,,,false,,repos/successful/6293402,promoted
6293402,https://github.com/vaadin/framework,02c87d4918204dfc354c71bdecc395e605c20d8e,6293402:compatibility-server/src/main/java/com/vaadin/v7/data/fieldgroup/fieldgroup.java,FieldGroup,compatibility-server/src/main/java/com/vaadin/v7/data/fieldgroup/FieldGroup.java,2,6293402_155.json;6293402_156.json,true,success,,544,3149,66,35,15,132,2.0,false,false,false,false,false,nloc_out_of_bounds,maven,.,compatibility-server,compatibility-server,maven:compatibility-server,,,,false,,repos/successful/6293402,promoted
6293402,https://github.com/vaadin/framework,02c87d4918204dfc354c71bdecc395e605c20d8e,6293402:compatibility-server/src/main/java/com/vaadin/v7/data/util/beancontainer.java,BeanContainer,compatibility-server/src/main/java/com/vaadin/v7/data/util/BeanContainer.java,1,6293402_146.json,true,success,,65,367,10,9,3,16,1.6,false,false,false,false,true,,maven,.,compatibility-server,compatibility-server,maven:compatibility-server,,,,false,,repos/successful/6293402,promoted
6293402,https://github.com/vaadin/framework,02c87d4918204dfc354c71bdecc395e605c20d8e,6293402:compatibility-server/src/main/java/com/vaadin/v7/data/util/beanitem.java,BeanItem,compatibility-server/src/main/java/com/vaadin/v7/data/util/BeanItem.java,7,6293402_139.json;6293402_140.json;6293402_141.json;6293402_142.json;6293402_143.json;6293402_144.json;6293402_145.json,true,success,,112,838,10,4,6,24,2.4,false,false,false,false,true,,maven,.,compatibility-server,compatibility-server,maven:compatibility-server,,,,false,,repos/successful/6293402,promoted
6293402,https://github.com/vaadin/framework,02c87d4918204dfc354c71bdecc395e605c20d8e,6293402:compatibility-server/src/main/java/com/vaadin/v7/data/util/beanitemcontainer.java,BeanItemContainer,compatibility-server/src/main/java/com/vaadin/v7/data/util/BeanItemContainer.java,16,6293402_13.json;6293402_14.json;6293402_15.json;6293402_16.json;6293402_17.json;6293402_18.json;6293402_19.json;6293402_20.json;6293402_21.json;6293402_22.json;6293402_23.json;6293402_24.json;6293402_25.json;6293402_26.json;6293402_27.json;6293402_28.json,true,success,,80,427,11,6,3,14,1.2727272727272727,false,false,false,false,true,,maven,.,compatibility-server,compatibility-server,maven:compatibility-server,,,,false,,repos/successful/6293402,promoted
6293402,https://github.com/vaadin/framework,02c87d4918204dfc354c71bdecc395e605c20d8e,6293402:compatibility-server/src/main/java/com/vaadin/v7/data/util/filesystemcontainer.java,FilesystemContainer,compatibility-server/src/main/java/com/vaadin/v7/data/util/FilesystemContainer.java,1,6293402_37.json,true,success,,452,2554,48,39,6,104,2.1666666666666665,false,false,false,false,true,,maven,.,compatibility-server,compatibility-server,maven:compatibility-server,,,,false,,repos/successful/6293402,promoted
6293402,https://github.com/vaadin/framework,02c87d4918204dfc354c71bdecc395e605c20d8e,6293402:compatibility-server/src/main/java/com/vaadin/v7/data/util/filter/simplestringfilter.java,SimpleStringFilter,compatibility-server/src/main/java/com/vaadin/v7/data/util/filter/SimpleStringFilter.java,2,6293402_38.json;6293402_39.json,true,success,,92,510,9,8,11,28,3.111111111111111,false,false,false,false,true,,maven,.,compatibility-server,compatibility-server,maven:compatibility-server,,,,false,,repos/successful/6293402,promoted
6293402,https://github.com/vaadin/framework,02c87d4918204dfc354c71bdecc395e605c20d8e,6293402:compatibility-server/src/main/java/com/vaadin/v7/data/util/hierarchicalcontainer.java,HierarchicalContainer,compatibility-server/src/main/java/com/vaadin/v7/data/util/HierarchicalContainer.java,2,6293402_40.json;6293402_41.json,true,success,,468,2505,29,17,20,113,3.896551724137931,false,false,false,false,true,,maven,.,compatibility-server,compatibility-server,maven:compatibility-server,,,,false,,repos/successful/6293402,promoted
6293402,https://github.com/vaadin/framework,02c87d4918204dfc354c71bdecc395e605c20d8e,6293402:compatibility-server/src/main/java/com/vaadin/v7/data/util/indexedcontainer.java,IndexedContainer,compatibility-server/src/main/java/com/vaadin/v7/data/util/IndexedContainer.java,7,6293402_29.json;6293402_30.json;6293402_31.json;6293402_32.json;6293402_33.json;6293402_34.json;6293402_35.json,true,success,,610,3551,71,54,12,150,2.112676056338028,false,false,false,false,false,nloc_out_of_bounds,maven,.,compatibility-server,compatibility-server,maven:compatibility-server,,,,false,,repos/successful/6293402,promoted
6293402,https://github.com/vaadin/framework,02c87d4918204dfc354c71bdecc395e605c20d8e,6293402:compatibility-server/src/main/java/com/vaadin/v7/data/util/methodproperty.java,MethodProperty,compatibility-server/src/main/java/com/vaadin/v7/data/util/MethodProperty.java,4,6293402_147.json;6293402_148.json;6293402_149.json;6293402_150.json,true,success,,361,2280,23,11,28,82,3.5652173913043477,false,false,false,false,true,,maven,.,compatibility-server,compatibility-server,maven:compatibility-server,,,,false,,repos/successful/6293402,promoted
6293402,https://github.com/vaadin/framework,02c87d4918204dfc354c71bdecc395e605c20d8e,6293402:compatibility-server/src/main/java/com/vaadin/v7/data/util/nestedmethodproperty.java,NestedMethodProperty,compatibility-server/src/main/java/com/vaadin/v7/data/util/NestedMethodProperty.java,3,6293402_151.json;6293402_152.json;6293402_153.json,true,success,,149,927,13,6,7,29,2.230769230769231,false,false,false,false,true,,maven,.,compatibility-server,compatibility-server,maven:compatibility-server,,,,false,,repos/successful/6293402,promoted
6293402,https://github.com/vaadin/framework,02c87d4918204dfc354c71bdecc395e605c20d8e,6293402:compatibility-server/src/main/java/com/vaadin/v7/data/util/objectproperty.java,ObjectProperty,compatibility-server/src/main/java/com/vaadin/v7/data/util/ObjectProperty.java,1,6293402_36.json,true,success,,39,234,6,3,2,7,1.1666666666666667,false,false,false,false,true,,maven,.,compatibility-server,compatibility-server,maven:compatibility-server,,,,false,,repos/successful/6293402,promoted
6293402,https://github.com/vaadin/framework,02c87d4918204dfc354c71bdecc395e605c20d8e,6293402:compatibility-server/src/main/java/com/vaadin/v7/data/util/propertysetitem.java,PropertysetItem,compatibility-server/src/main/java/com/vaadin/v7/data/util/PropertysetItem.java,6,6293402_133.json;6293402_134.json;6293402_135.json;6293402_136.json;6293402_137.json;6293402_138.json,true,success,,179,990,16,14,15,47,2.9375,false,false,false,false,true,,maven,.,compatibility-server,compatibility-server,maven:compatibility-server,,,,false,,repos/successful/6293402,promoted
6293402,https://github.com/vaadin/framework,02c87d4918204dfc354c71bdecc395e605c20d8e,6293402:compatibility-server/src/main/java/com/vaadin/v7/data/util/sqlcontainer/columnproperty.java,ColumnProperty,compatibility-server/src/main/java/com/vaadin/v7/data/util/sqlcontainer/ColumnProperty.java,12,6293402_121.json;6293402_122.json;6293402_123.json;6293402_124.json;6293402_125.json;6293402_126.json;6293402_127.json;6293402_128.json;6293402_129.json;6293402_130.json;6293402_131.json;6293402_132.json,true,success,,175,897,24,17,14,51,2.125,false,false,false,false,true,,maven,.,compatibility-server,compatibility-server,maven:compatibility-server,,,,false,,repos/successful/6293402,promoted
6293402,https://github.com/vaadin/framework,02c87d4918204dfc354c71bdecc395e605c20d8e,6293402:compatibility-server/src/main/java/com/vaadin/v7/data/util/sqlcontainer/connection/j2eeconnectionpool.java,J2EEConnectionPool,compatibility-server/src/main/java/com/vaadin/v7/data/util/sqlcontainer/connection/J2EEConnectionPool.java,3,6293402_47.json;6293402_48.json;6293402_49.json,true,success,,56,296,7,3,3,11,1.5714285714285714,false,false,false,false,true,,maven,.,compatibility-server,compatibility-server,maven:compatibility-server,,,,false,,repos/successful/6293402,promoted
6293402,https://github.com/vaadin/framework,02c87d4918204dfc354c71bdecc395e605c20d8e,6293402:compatibility-server/src/main/java/com/vaadin/v7/data/util/sqlcontainer/connection/simplejdbcconnectionpool.java,SimpleJDBCConnectionPool,compatibility-server/src/main/java/com/vaadin/v7/data/util/sqlcontainer/connection/SimpleJDBCConnectionPool.java,5,6293402_50.json;6293402_51.json;6293402_52.json;6293402_53.json;6293402_54.json,true,success,,137,733,8,3,6,28,3.5,false,false,false,false,true,,maven,.,compatibility-server,compatibility-server,maven:compatibility-server,,,,false,,repos/successful/6293402,promoted
6293402,https://github.com/vaadin/framework,02c87d4918204dfc354c71bdecc395e605c20d8e,6293402:compatibility-server/src/main/java/com/vaadin/v7/data/util/sqlcontainer/query/freeformquery.java,FreeformQuery,compatibility-server/src/main/java/com/vaadin/v7/data/util/sqlcontainer/query/FreeformQuery.java,17,6293402_65.json;6293402_66.json;6293402_67.json;6293402_68.json;6293402_69.json;6293402_70.json;6293402_71.json;6293402_72.json;6293402_73.json;6293402_74.json;6293402_75.json;6293402_76.json;6293402_77.json;6293402_78.json;6293402_79.json;6293402_80.json;6293402_81.json,true,success,,340,1858,21,15,9,67,3.1904761904761907,false,false,false,false,true,,maven,.,compatibility-server,compatibility-server,maven:compatibility-server,,,,false,,repos/successful/6293402,promoted
6293402,https://github.com/vaadin/framework,02c87d4918204dfc354c71bdecc395e605c20d8e,6293402:compatibility-server/src/main/java/com/vaadin/v7/data/util/sqlcontainer/query/tablequery.java,TableQuery,compatibility-server/src/main/java/com/vaadin/v7/data/util/sqlcontainer/query/TableQuery.java,10,6293402_55.json;6293402_56.json;6293402_57.json;6293402_58.json;6293402_59.json;6293402_60.json;6293402_61.json;6293402_62.json;6293402_63.json;6293402_64.json,true,success,,533,3252,39,25,18,102,2.6153846153846154,false,false,false,false,false,nloc_out_of_bounds,maven,.,compatibility-server,compatibility-server,maven:compatibility-server,,,,false,,repos/successful/6293402,promoted
6293402,https://github.com/vaadin/framework,02c87d4918204dfc354c71bdecc395e605c20d8e,6293402:compatibility-server/src/main/java/com/vaadin/v7/data/util/sqlcontainer/readonlyrowid.java,ReadOnlyRowId,compatibility-server/src/main/java/com/vaadin/v7/data/util/sqlcontainer/ReadOnlyRowId.java,7,6293402_82.json;6293402_83.json;6293402_84.json;6293402_85.json;6293402_86.json;6293402_87.json;6293402_88.json,true,success,,28,153,5,4,3,7,1.4,false,false,false,false,true,,maven,.,compatibility-server,compatibility-server,maven:compatibility-server,,,,false,,repos/successful/6293402,promoted
6293402,https://github.com/vaadin/framework,02c87d4918204dfc354c71bdecc395e605c20d8e,6293402:compatibility-server/src/main/java/com/vaadin/v7/data/util/sqlcontainer/rowid.java,RowId,compatibility-server/src/main/java/com/vaadin/v7/data/util/sqlcontainer/RowId.java,5,6293402_42.json;6293402_43.json;6293402_44.json;6293402_45.json;6293402_46.json,true,success,,46,267,6,4,4,12,2.0,false,false,false,false,true,,maven,.,compatibility-server,compatibility-server,maven:compatibility-server,,,,false,,repos/successful/6293402,promoted
6293402,https://github.com/vaadin/framework,02c87d4918204dfc354c71bdecc395e605c20d8e,6293402:compatibility-server/src/main/java/com/vaadin/v7/data/util/sqlcontainer/sqlcontainer.java,SQLContainer,compatibility-server/src/main/java/com/vaadin/v7/data/util/sqlcontainer/SQLContainer.java,32,6293402_100.json;6293402_101.json;6293402_102.json;6293402_103.json;6293402_104.json;6293402_105.json;6293402_106.json;6293402_107.json;6293402_108.json;6293402_109.json;6293402_110.json;6293402_111.json;6293402_112.json;6293402_113.json;6293402_114.json;6293402_115.json;6293402_116.json;6293402_117.json;6293402_118.json;6293402_119.json;6293402_120.json;6293402_89.json;6293402_90.json;6293402_91.json;6293402_92.json;6293402_93.json;6293402_94.json;6293402_95.json;6293402_96.json;6293402_97.json;6293402_98.json;6293402_99.json,true,success,,1161,6933,80,60,20,269,3.3625,false,false,false,false,false,nloc_out_of_bounds,maven,.,compatibility-server,compatibility-server,maven:compatibility-server,,,,false,,repos/successful/6293402,promoted
6293402,https://github.com/vaadin/framework,02c87d4918204dfc354c71bdecc395e605c20d8e,6293402:compatibility-server/src/main/java/com/vaadin/v7/ui/combobox.java,ComboBox,compatibility-server/src/main/java/com/vaadin/v7/ui/ComboBox.java,2,6293402_165.json;6293402_166.json,true,success,,466,2789,38,24,34,132,3.473684210526316,false,false,false,false,true,,maven,.,compatibility-server,compatibility-server,maven:compatibility-server,,,,false,,repos/successful/6293402,promoted
6293402,https://github.com/vaadin/framework,02c87d4918204dfc354c71bdecc395e605c20d8e,6293402:compatibility-server/src/main/java/com/vaadin/v7/ui/richtextarea.java,RichTextArea,compatibility-server/src/main/java/com/vaadin/v7/ui/RichTextArea.java,1,6293402_167.json,true,success,,121,668,19,13,11,34,1.7894736842105263,false,false,false,false,true,,maven,.,compatibility-server,compatibility-server,maven:compatibility-server,,,,false,,repos/successful/6293402,promoted
6293402,https://github.com/vaadin/framework,02c87d4918204dfc354c71bdecc395e605c20d8e,6293402:compatibility-server/src/main/java/com/vaadin/v7/ui/textarea.java,TextArea,compatibility-server/src/main/java/com/vaadin/v7/ui/TextArea.java,2,6293402_168.json;6293402_169.json,true,success,,66,371,14,7,2,15,1.0714285714285714,false,false,false,false,true,,maven,.,compatibility-server,compatibility-server,maven:compatibility-server,,,,false,,repos/successful/6293402,promoted
6293402,https://github.com/vaadin/framework,02c87d4918204dfc354c71bdecc395e605c20d8e,6293402:server/src/main/java/com/vaadin/data/binder.java,Binder,server/src/main/java/com/vaadin/data/Binder.java,9,6293402_200.json;6293402_201.json;6293402_202.json;6293402_203.json;6293402_204.json;6293402_205.json;6293402_206.json;6293402_207.json;6293402_208.json,true,success,,1198,7686,132,97,6,225,1.7045454545454546,false,false,false,false,false,nloc_out_of_bounds,maven,.,server,server,maven:server,,,,false,,repos/successful/6293402,promoted
6293402,https://github.com/vaadin/framework,02c87d4918204dfc354c71bdecc395e605c20d8e,6293402:server/src/main/java/com/vaadin/server/abstractclientconnector.java,AbstractClientConnector,server/src/main/java/com/vaadin/server/AbstractClientConnector.java,3,6293402_260.json;6293402_261.json;6293402_262.json,true,success,,577,3282,60,40,10,129,2.15,false,false,true,false,false,nloc_out_of_bounds,maven,.,server,server,maven:server,,,,false,,repos/successful/6293402,promoted
6293402,https://github.com/vaadin/framework,02c87d4918204dfc354c71bdecc395e605c20d8e,6293402:server/src/main/java/com/vaadin/server/vaadinservice.java,VaadinService,server/src/main/java/com/vaadin/server/VaadinService.java,1,6293402_277.json,true,success,,936,5556,84,54,8,184,2.1904761904761907,false,false,false,false,false,nloc_out_of_bounds,maven,.,server,server,maven:server,,,,false,,repos/successful/6293402,promoted
6293402,https://github.com/vaadin/framework,02c87d4918204dfc354c71bdecc395e605c20d8e,6293402:server/src/main/java/com/vaadin/server/vaadinservlet.java,VaadinServlet,server/src/main/java/com/vaadin/server/VaadinServlet.java,2,6293402_281.json;6293402_282.json,true,success,,982,6039,58,11,11,210,3.6206896551724137,false,false,false,false,false,nloc_out_of_bounds,maven,.,server,server,maven:server,,,,false,,repos/successful/6293402,promoted
6293402,https://github.com/vaadin/framework,02c87d4918204dfc354c71bdecc395e605c20d8e,6293402:server/src/main/java/com/vaadin/server/vaadinsession.java,VaadinSession,server/src/main/java/com/vaadin/server/VaadinSession.java,1,6293402_299.json,true,success,,573,3268,73,64,7,121,1.6575342465753424,false,false,false,false,false,nloc_out_of_bounds,maven,.,server,server,maven:server,,,,false,,repos/successful/6293402,promoted
6293402,https://github.com/vaadin/framework,02c87d4918204dfc354c71bdecc395e605c20d8e,6293402:shared/src/main/java/com/vaadin/shared/util/sharedutil.java,SharedUtil,shared/src/main/java/com/vaadin/shared/util/SharedUtil.java,13,6293402_0.json;6293402_1.json;6293402_10.json;6293402_11.json;6293402_12.json;6293402_2.json;6293402_3.json;6293402_4.json;6293402_5.json;6293402_6.json;6293402_7.json;6293402_8.json;6293402_9.json,true,success,,135,975,13,12,6,39,3.0,false,false,false,false,true,,maven,.,shared,shared,maven:shared,,,,false,,repos/successful/6293402,promoted
49384652,https://github.com/xiaolongzuo/niubi-job,ed21d5b80f8b16c8b3a0b2fbc688442b878edbe4,49384652:niubi-job-framework/niubi-job-persistent/src/main/java/com/zuoxiaolong/niubi/job/persistent/shiro/hashhelper.java,HashHelper,niubi-job-framework/niubi-job-persistent/src/main/java/com/zuoxiaolong/niubi/job/persistent/shiro/HashHelper.java,1,49384652_0.json,true,success,,10,86,1,1,1,1,1.0,false,false,false,false,true,,maven,.,niubi-job-framework/niubi-job-persistent,niubi-job-framework/niubi-job-persistent,maven:niubi-job-framework/niubi-job-persistent,,,,false,,repos/successful/49384652,promoted
49384652,https://github.com/xiaolongzuo/niubi-job,ed21d5b80f8b16c8b3a0b2fbc688442b878edbe4,49384652:niubi-job-framework/niubi-job-scanner/src/main/java/com/zuoxiaolong/niubi/job/scanner/applicationclassloader.java,ApplicationClassLoader,niubi-job-framework/niubi-job-scanner/src/main/java/com/zuoxiaolong/niubi/job/scanner/ApplicationClassLoader.java,1,49384652_1.json,true,success,,171,996,9,4,20,44,4.888888888888889,false,false,false,false,true,,maven,.,niubi-job-framework/niubi-job-scanner,niubi-job-framework/niubi-job-scanner,maven:niubi-job-framework/niubi-job-scanner,,,,false,,repos/successful/49384652,promoted
