timestamp_utc,phase,project,module,arm,sample_index,class_key,focal_class,test_class,status,duration_sec,detail
2026-07-23T18:00:38+00:00,baseline_scope_build,3713233,core,,,,,,PASS,9.419,"normalized missing POM D:\A_ThucNghiem\compiledrepos\3713233\pom.xml -> D:\A_ThucNghiem\compiledrepos\3713233\core\pom.xml
[INFO] Scanning for projects...
[WARNING] 
[WARNING] Some problems were encountered while building the effective model for org.junithelper:junithelper-core:jar:1.12
[WARNING] 'build.plugins.plugin.version' for org.apache.maven.plugins:maven-gpg-plugin is missing. @ line 58, column 21
[WARNING] 'build.plugins.plugin.version' for org.apache.maven.plugins:maven-compiler-plugin is missing. @ line 85, column 21
[WARNING] 'build.plugins.plugin.version' for org.junithelper:maven-junithelper-plugin is missing. @ line 132, column 21
[WARNING] 'build.plugins.plugin.version' for org.apache.maven.plugins:maven-jar-plugin is missing. @ line 76, column 21
[WARNING] 'build.plugins.plugin.version' for org.apache.maven.plugins:maven-source-plugin is missing. @ line 93, column 21
[WARNING] 'build.plugins.plugin.version' for org.apache.maven.plugins:maven-javadoc-plugin is missing. @ line 111, column 21
[WARNING] 'build.plugins.plugin.version' for org.apache.maven.plugins:maven-resources-plugin is missing. @ line 105, column 21
[WARNING] 
[WARNING] It is highly recommended to fix these problems because they threaten the stability of your build.
[WARNING] 
[WARNING] For this reason, future Maven versions might no longer support building such malformed projects.
[WARNING] 
[INFO] 
[INFO] ------------------< org.junithelper:junithelper-core >------------------
[INFO] Building junithelper-core 1.12
[INFO]   from pom.xml
[INFO] --------------------------------[ jar ]---------------------------------
[WARNING] Ignoring incompatible plugin version 4.0.0-beta-1: 
The plugin org.apache.maven.plugins:maven-source-plugin:4.0.0-beta-1 has unmet prerequisites: 
	Required Java version 17 is not met by current version: 1.8.0_172
	Required Maven version 4.0.0-beta-3 is not met by current version 3.9.16
[INFO] Latest version of plugin org.apache.maven.plugins:maven-source-plugin failed compatibility check
[INFO] Looking for compatible RELEASE version of plugin org.apache.maven.plugins:maven-source-plugin
[INFO] Selected plugin org.apache.maven.plugins:maven-source-plugin:3.4.0
[INFO] 
[INFO] --- clean:3.2.0:clean (default-clean) @ junithelper-core ---
[INFO] Deleting D:\A_ThucNghiem\compiledrepos\3713233\core\target
[INFO] 
[INFO] --- enforcer:1.0:enforce (enforce-maven) @ junithelper-core ---
[INFO] 
[INFO] --- resources:3.4.0:resources (default-resources) @ junithelper-core ---
[INFO] Copying 3 resources from src\main\resources to target\classes
[INFO] The encoding used to copy filtered properties files has not been set. This means that the same encoding will be used to copy filtered properties files as when copying other filtered resources. This might not be what you want! Run your build with --debug to see which files might be affected. Read more at https://maven.apache.org/plugins/maven-resources-plugin/examples/filtering-properties-files.html
[INFO] 
[INFO] --- compiler:3.15.0:compile (default-compile) @ junithelper-core ---
[INFO] Recompiling the module because of changed source code.
[INFO] Compiling 84 source files with javac [debug target 1.6] to target\classes
[WARNING] bootstrap class path not set in conjunction with -source 1.6
[INFO] 
[INFO] --- resources:3.4.0:testResources (default-testResources) @ junithelper-core ---
[INFO] Copying 29 resources from src\test\resources to target\test-classes
[INFO] 
[INFO] --- compiler:3.15.0:testCompile (default-testCompile) @ junithelper-core ---
[INFO] Recompiling the module because of changed dependency.
[INFO] Compiling 77 source files with javac [debug target 1.6] to target\test-classes
[WARNING] bootstrap class path not set in conjunction with -source 1.6
[INFO] ------------------------------------------------------------------------
[INFO] BUILD SUCCESS
[INFO] ------------------------------------------------------------------------
[INFO] Total time:  5.799 s
[INFO] Finished at: 2026"
2026-07-23T18:00:47+00:00,baseline_scope_build,3847504,modules/weblounge-common,,,,,,PASS,8.852,"------------------------------------------------
[INFO] Reactor Build Order:
[INFO] 
[INFO] Weblounge                                                          [pom]
[INFO] Weblounge Common API                                            [bundle]
[INFO] Weblounge Common                                                [bundle]
[INFO] 
[INFO] ----------------< ch.entwine.weblounge:weblounge-base >-----------------
[INFO] Building Weblounge 4.0.0-SNAPSHOT                                  [1/3]
[INFO]   from pom.xml
[INFO] --------------------------------[ pom ]---------------------------------
[INFO] 
[INFO] --- clean:2.5:clean (default-clean) @ weblounge-base ---
[INFO] 
[INFO] -------------< ch.entwine.weblounge:weblounge-common-api >--------------
[INFO] Building Weblounge Common API 4.0.0-SNAPSHOT                       [2/3]
[INFO]   from modules\weblounge-common-api\pom.xml
[INFO] -------------------------------[ bundle ]-------------------------------
[INFO] 
[INFO] --- clean:2.5:clean (default-clean) @ weblounge-common-api ---
[INFO] Deleting D:\A_ThucNghiem\compiledrepos\3847504\modules\weblounge-common-api\target
[INFO] 
[INFO] --- resources:2.6:resources (default-resources) @ weblounge-common-api ---
[INFO] Using 'UTF-8' encoding to copy filtered resources.
[INFO] Copying 1 resource
[INFO] 
[INFO] --- compiler:3.1:compile (default-compile) @ weblounge-common-api ---
[INFO] Changes detected - recompiling the module!
[INFO] Compiling 147 source files to D:\A_ThucNghiem\compiledrepos\3847504\modules\weblounge-common-api\target\classes
[INFO] 
[INFO] --- resources:2.6:testResources (default-testResources) @ weblounge-common-api ---
[INFO] Using 'UTF-8' encoding to copy filtered resources.
[INFO] Copying 1 resource
[INFO] skip non existing resourceDirectory D:\A_ThucNghiem\compiledrepos\3847504\modules\weblounge-common-api\src\test\resources
[INFO] 
[INFO] --- compiler:3.1:testCompile (default-testCompile) @ weblounge-common-api ---
[INFO] Changes detected - recompiling the module!
[INFO] Compiling 1 source file to D:\A_ThucNghiem\compiledrepos\3847504\modules\weblounge-common-api\target\test-classes
[INFO] 
[INFO] ---------------< ch.entwine.weblounge:weblounge-common >----------------
[INFO] Building Weblounge Common 4.0.0-SNAPSHOT                           [3/3]
[INFO]   from modules\weblounge-common\pom.xml
[INFO] -------------------------------[ bundle ]-------------------------------
[INFO] 
[INFO] --- clean:2.5:clean (default-clean) @ weblounge-common ---
[INFO] Deleting D:\A_ThucNghiem\compiledrepos\3847504\modules\weblounge-common\target
[INFO] 
[INFO] --- resources:2.6:resources (default-resources) @ weblounge-common ---
[INFO] Using 'UTF-8' encoding to copy filtered resources.
[INFO] Copying 6 resources
[INFO] 
[INFO] --- compiler:3.1:compile (default-compile) @ weblounge-common ---
[INFO] Changes detected - recompiling the module!
[INFO] Compiling 185 source files to D:\A_ThucNghiem\compiledrepos\3847504\modules\weblounge-common\target\classes
[WARNING] /D:/A_ThucNghiem/compiledrepos/3847504/modules/weblounge-common/src/main/java/ch/entwine/weblounge/common/impl/testing/MockHttpSession.java: Some input files use or override a deprecated API.
[WARNING] /D:/A_ThucNghiem/compiledrepos/3847504/modules/weblounge-common/src/main/java/ch/entwine/weblounge/common/impl/testing/MockHttpSession.java: Recompile with -Xlint:deprecation for details.
[WARNING] /D:/A_ThucNghiem/compiledrepos/3847504/modules/weblounge-common/src/main/java/ch/entwine/weblounge/common/impl/content/page/PageTemplateImpl.java: Some input files use unchecked or unsafe operations.
[WARNING] /D:/A_ThucNghiem/compiledrepos/3847504/modules/weblounge-common/src/main/java/ch/entwine/weblounge/common/impl/content/page/PageTemplateImpl.java: Recompile with -Xlint:unchecked for details.
[INFO] 
[INFO] --- resources:2.6:testResources (default-testResources) @ weblounge-common ---
[INFO] Using 'UTF-8' encoding to copy filtered resources.
[INFO] Copying 1 resource
["
2026-07-23T18:00:58+00:00,baseline_scope_build,39195736,jproperties-checks,,,,,,PASS,11.495,"--
[INFO] Deleting D:\A_ThucNghiem\compiledrepos\39195736\jproperties-checks-testkit\target
[INFO] 
[INFO] --- buildnumber:1.4:create (default) @ jproperties-checks-testkit ---
[INFO] 
[INFO] --- enforcer:3.0.0-M1:enforce (enforce) @ jproperties-checks-testkit ---
[INFO] 
[INFO] --- license:3.0:check (enforce-license-headers) @ jproperties-checks-testkit ---
[INFO] Checking licenses...
[INFO] 
[INFO] --- jacoco:0.7.9:prepare-agent (agent) @ jproperties-checks-testkit ---
[INFO] argLine set to -javaagent:C:\\Users\\admin\\.m2\\repository\\org\\jacoco\\org.jacoco.agent\\0.7.9\\org.jacoco.agent-0.7.9-runtime.jar=destfile=D:\\A_ThucNghiem\\compiledrepos\\39195736\\jproperties-checks-testkit\\..\\target\\jacoco.exec,append=true
[INFO] 
[INFO] --- bsh:1.4:run (compute-artifact-display-version) @ jproperties-checks-testkit ---
[INFO] Executing Script
[INFO] file class java.lang.Object
[INFO] script class java.lang.String
[INFO] evaluating script if (! ""2.7-SNAPSHOT"".endsWith(""-SNAPSHOT"")) { [+ 15 omitted line(s)]
[INFO] 
[INFO] --- resources:3.0.2:resources (default-resources) @ jproperties-checks-testkit ---
[INFO] Using 'UTF-8' encoding to copy filtered resources.
[INFO] skip non existing resourceDirectory D:\A_ThucNghiem\compiledrepos\39195736\jproperties-checks-testkit\src\main\resources
[INFO] 
[INFO] --- compiler:3.7.0:compile (default-compile) @ jproperties-checks-testkit ---
[INFO] Changes detected - recompiling the module!
[INFO] Compiling 4 source files to D:\A_ThucNghiem\compiledrepos\39195736\jproperties-checks-testkit\target\classes
[INFO] 
[INFO] --- resources:3.0.2:testResources (default-testResources) @ jproperties-checks-testkit ---
[INFO] Using 'UTF-8' encoding to copy filtered resources.
[INFO] skip non existing resourceDirectory D:\A_ThucNghiem\compiledrepos\39195736\jproperties-checks-testkit\src\test\resources
[INFO] 
[INFO] --- compiler:3.7.0:testCompile (default-testCompile) @ jproperties-checks-testkit ---
[INFO] No sources to compile
[INFO] 
[INFO] -----< org.codehaus.sonar-plugins.jproperties:jproperties-checks >------
[INFO] Building SonarQube Java Properties Analyzer :: Checks 2.7-SNAPSHOT [4/4]
[INFO]   from jproperties-checks\pom.xml
[INFO] --------------------------------[ jar ]---------------------------------
[INFO] 
[INFO] --- clean:3.0.0:clean (default-clean) @ jproperties-checks ---
[INFO] Deleting D:\A_ThucNghiem\compiledrepos\39195736\jproperties-checks\target
[INFO] 
[INFO] --- buildnumber:1.4:create (default) @ jproperties-checks ---
[INFO] 
[INFO] --- enforcer:3.0.0-M1:enforce (enforce) @ jproperties-checks ---
[INFO] 
[INFO] --- license:3.0:check (enforce-license-headers) @ jproperties-checks ---
[INFO] Checking licenses...
[INFO] 
[INFO] --- jacoco:0.7.9:prepare-agent (agent) @ jproperties-checks ---
[INFO] argLine set to -javaagent:C:\\Users\\admin\\.m2\\repository\\org\\jacoco\\org.jacoco.agent\\0.7.9\\org.jacoco.agent-0.7.9-runtime.jar=destfile=D:\\A_ThucNghiem\\compiledrepos\\39195736\\jproperties-checks\\..\\target\\jacoco.exec,append=true
[INFO] 
[INFO] --- bsh:1.4:run (compute-artifact-display-version) @ jproperties-checks ---
[INFO] Executing Script
[INFO] file class java.lang.Object
[INFO] script class java.lang.String
[INFO] evaluating script if (! ""2.7-SNAPSHOT"".endsWith(""-SNAPSHOT"")) { [+ 15 omitted line(s)]
[INFO] 
[INFO] --- resources:3.0.2:resources (default-resources) @ jproperties-checks ---
[INFO] Using 'UTF-8' encoding to copy filtered resources.
[INFO] Copying 27 resources
[INFO] 
[INFO] --- compiler:3.7.0:compile (default-compile) @ jproperties-checks ---
[INFO] Changes detected - recompiling the module!
[INFO] Compiling 35 source files to D:\A_ThucNghiem\compiledrepos\39195736\jproperties-checks\target\classes
[INFO] 
[INFO] --- resources:3.0.2:testResources (default-testResources) @ jproperties-checks ---
[INFO] Using 'UTF-8' encoding to copy filtered resources.
[INFO] Copying 71 resources
[INFO] 
[INFO] --- compiler:3.7.0:testCompile (default-testCompile) @ jproperti"
2026-07-23T18:01:09+00:00,baseline_scope_build,39195736,sonar-jproperties-plugin,,,,,,PASS,11.315," detected - recompiling the module!
[INFO] Compiling 35 source files to D:\A_ThucNghiem\compiledrepos\39195736\jproperties-checks\target\classes
[INFO] 
[INFO] --- resources:3.0.2:testResources (default-testResources) @ jproperties-checks ---
[INFO] Using 'UTF-8' encoding to copy filtered resources.
[INFO] Copying 71 resources
[INFO] 
[INFO] --- compiler:3.7.0:testCompile (default-testCompile) @ jproperties-checks ---
[INFO] Changes detected - recompiling the module!
[INFO] Compiling 26 source files to D:\A_ThucNghiem\compiledrepos\39195736\jproperties-checks\target\test-classes
[INFO] 
[INFO] --< org.codehaus.sonar-plugins.jproperties:sonar-jproperties-plugin >---
[INFO] Building SonarQube Java Properties Analyzer :: SonarQube Plugin 2.7-SNAPSHOT [5/5]
[INFO]   from sonar-jproperties-plugin\pom.xml
[INFO] ----------------------------[ sonar-plugin ]----------------------------
[INFO] 
[INFO] --- clean:3.0.0:clean (default-clean) @ sonar-jproperties-plugin ---
[INFO] Deleting D:\A_ThucNghiem\compiledrepos\39195736\sonar-jproperties-plugin\target
[INFO] 
[INFO] --- buildnumber:1.4:create (default) @ sonar-jproperties-plugin ---
[INFO] 
[INFO] --- enforcer:3.0.0-M1:enforce (enforce) @ sonar-jproperties-plugin ---
[INFO] 
[INFO] --- license:3.0:check (enforce-license-headers) @ sonar-jproperties-plugin ---
[INFO] Checking licenses...
[INFO] 
[INFO] --- sonar-packaging:1.18.0.372:check (default-check) @ sonar-jproperties-plugin ---
[INFO] 
[INFO] --- jacoco:0.7.9:prepare-agent (agent) @ sonar-jproperties-plugin ---
[INFO] argLine set to -javaagent:C:\\Users\\admin\\.m2\\repository\\org\\jacoco\\org.jacoco.agent\\0.7.9\\org.jacoco.agent-0.7.9-runtime.jar=destfile=D:\\A_ThucNghiem\\compiledrepos\\39195736\\sonar-jproperties-plugin\\..\\target\\jacoco.exec,append=true
[INFO] 
[INFO] --- bsh:1.4:run (compute-artifact-display-version) @ sonar-jproperties-plugin ---
[INFO] Executing Script
[INFO] file class java.lang.Object
[INFO] script class java.lang.String
[INFO] evaluating script if (! ""2.7-SNAPSHOT"".endsWith(""-SNAPSHOT"")) { [+ 15 omitted line(s)]
[INFO] 
[INFO] --- resources:3.0.2:resources (default-resources) @ sonar-jproperties-plugin ---
[INFO] Using 'UTF-8' encoding to copy filtered resources.
[INFO] skip non existing resourceDirectory D:\A_ThucNghiem\compiledrepos\39195736\sonar-jproperties-plugin\src\main\resources
[INFO] 
[INFO] --- compiler:3.7.0:compile (default-compile) @ sonar-jproperties-plugin ---
[INFO] Changes detected - recompiling the module!
[INFO] Compiling 16 source files to D:\A_ThucNghiem\compiledrepos\39195736\sonar-jproperties-plugin\target\classes
[INFO] /D:/A_ThucNghiem/compiledrepos/39195736/sonar-jproperties-plugin/src/main/java/org/sonar/plugins/jproperties/JavaPropertiesProfile.java: D:\A_ThucNghiem\compiledrepos\39195736\sonar-jproperties-plugin\src\main\java\org\sonar\plugins\jproperties\JavaPropertiesProfile.java uses or overrides a deprecated API.
[INFO] /D:/A_ThucNghiem/compiledrepos/39195736/sonar-jproperties-plugin/src/main/java/org/sonar/plugins/jproperties/JavaPropertiesProfile.java: Recompile with -Xlint:deprecation for details.
[INFO] 
[INFO] --- resources:3.0.2:testResources (default-testResources) @ sonar-jproperties-plugin ---
[INFO] Using 'UTF-8' encoding to copy filtered resources.
[INFO] Copying 3 resources
[INFO] 
[INFO] --- compiler:3.7.0:testCompile (default-testCompile) @ sonar-jproperties-plugin ---
[INFO] Changes detected - recompiling the module!
[INFO] Compiling 6 source files to D:\A_ThucNghiem\compiledrepos\39195736\sonar-jproperties-plugin\target\test-classes
[INFO] /D:/A_ThucNghiem/compiledrepos/39195736/sonar-jproperties-plugin/src/test/java/org/sonar/plugins/jproperties/JavaPropertiesProfileTest.java: D:\A_ThucNghiem\compiledrepos\39195736\sonar-jproperties-plugin\src\test\java\org\sonar\plugins\jproperties\JavaPropertiesProfileTest.java uses or overrides a deprecated API.
[INFO] /D:/A_ThucNghiem/compiledrepos/39195736/sonar-jproperties-plugin/src/test/java/org/sonar/plu"
2026-07-23T18:01:21+00:00,baseline_scope_build,41547678,turin-compiler,,,,,,PASS,11.37,"src/main/java/turin/relations/ManyToManyRelation.java: Some input files use unchecked or unsafe operations.
[WARNING] /D:/A_ThucNghiem/compiledrepos/41547678/turin-standard-library/src/main/java/turin/relations/ManyToManyRelation.java: Recompile with -Xlint:unchecked for details.
[INFO] 
[INFO] --- resources:3.4.0:testResources (default-testResources) @ turin-standard-library ---
[INFO] skip non existing resourceDirectory D:\A_ThucNghiem\compiledrepos\41547678\turin-standard-library\src\test\resources
[INFO] 
[INFO] --- compiler:3.0:testCompile (default-testCompile) @ turin-standard-library ---
[INFO] Changes detected - recompiling the module!
[INFO] Compiling 5 source files to D:\A_ThucNghiem\compiledrepos\41547678\turin-standard-library\target\test-classes
[WARNING] /D:/A_ThucNghiem/compiledrepos/41547678/turin-standard-library/src/test/java/turin/relations/Teaching.java: D:\A_ThucNghiem\compiledrepos\41547678\turin-standard-library\src\test\java\turin\relations\Teaching.java uses unchecked or unsafe operations.
[WARNING] /D:/A_ThucNghiem/compiledrepos/41547678/turin-standard-library/src/test/java/turin/relations/Teaching.java: Recompile with -Xlint:unchecked for details.
[INFO] 
[INFO] --------------------< me.tomassetti:turin-compiler >--------------------
[INFO] Building turin-compiler 0.0.3-SNAPSHOT                             [5/5]
[INFO]   from turin-compiler\pom.xml
[INFO] --------------------------------[ jar ]---------------------------------
[INFO] 
[INFO] --- clean:2.5:clean (default-clean) @ turin-compiler ---
[INFO] Deleting D:\A_ThucNghiem\compiledrepos\41547678\turin-compiler\target
[INFO] 
[INFO] --- enforcer:1.0:enforce (enforce-maven) @ turin-compiler ---
[INFO] 
[INFO] --- jacoco:0.7.5.201505241946:prepare-agent (default-prepare-agent) @ turin-compiler ---
[INFO] argLine set to -javaagent:C:\\Users\\admin\\.m2\\repository\\org\\jacoco\\org.jacoco.agent\\0.7.5.201505241946\\org.jacoco.agent-0.7.5.201505241946-runtime.jar=destfile=D:\\A_ThucNghiem\\compiledrepos\\41547678\\turin-compiler\\target\\jacoco.exec
[INFO] 
[INFO] --- resources:3.4.0:resources (default-resources) @ turin-compiler ---
[INFO] skip non existing resourceDirectory D:\A_ThucNghiem\compiledrepos\41547678\turin-compiler\src\main\resources
[INFO] 
[INFO] --- compiler:3.0:compile (default-compile) @ turin-compiler ---
[INFO] Changes detected - recompiling the module!
[INFO] Compiling 157 source files to D:\A_ThucNghiem\compiledrepos\41547678\turin-compiler\target\classes
[WARNING] /D:/A_ThucNghiem/compiledrepos/41547678/turin-compiler/src/main/java/me/tomassetti/turin/compiler/Compilation.java: D:\A_ThucNghiem\compiledrepos\41547678\turin-compiler\src\main\java\me\tomassetti\turin\compiler\Compilation.java uses or overrides a deprecated API.
[WARNING] /D:/A_ThucNghiem/compiledrepos/41547678/turin-compiler/src/main/java/me/tomassetti/turin/compiler/Compilation.java: Recompile with -Xlint:deprecation for details.
[WARNING] /D:/A_ThucNghiem/compiledrepos/41547678/turin-compiler/src/main/java/me/tomassetti/turin/util/Either.java: D:\A_ThucNghiem\compiledrepos\41547678\turin-compiler\src\main\java\me\tomassetti\turin\util\Either.java uses unchecked or unsafe operations.
[WARNING] /D:/A_ThucNghiem/compiledrepos/41547678/turin-compiler/src/main/java/me/tomassetti/turin/util/Either.java: Recompile with -Xlint:unchecked for details.
[INFO] 
[INFO] --- resources:3.4.0:testResources (default-testResources) @ turin-compiler ---
[INFO] Copying 89 resources from src\test\resources to target\test-classes
[INFO] 
[INFO] --- compiler:3.0:testCompile (default-testCompile) @ turin-compiler ---
[INFO] Changes detected - recompiling the module!
[INFO] Compiling 50 source files to D:\A_ThucNghiem\compiledrepos\41547678\turin-compiler\target\test-classes
[WARNING] /D:/A_ThucNghiem/compiledrepos/41547678/turin-compiler/src/test/java/me/tomassetti/turin/compiler/AbstractCompilerTest.java: Some input files use unchecked or unsafe operations.
[WARNING] /D:/A_ThucNghiem"
2026-07-23T18:01:25+00:00,baseline_scope_build,41547678,turin-standard-library,,,,,,PASS,4.616,"[INFO] Scanning for projects...
[INFO] 
[INFO] ----------------< me.tomassetti:turin-standard-library >----------------
[INFO] Building turin-standard-library 0.0.3-SNAPSHOT
[INFO]   from pom.xml
[INFO] --------------------------------[ jar ]---------------------------------
[INFO] 
[INFO] --- clean:2.5:clean (default-clean) @ turin-standard-library ---
[INFO] Deleting D:\A_ThucNghiem\compiledrepos\41547678\turin-standard-library\target
[INFO] 
[INFO] --- enforcer:1.0:enforce (enforce-maven) @ turin-standard-library ---
[INFO] 
[INFO] --- resources:3.4.0:resources (default-resources) @ turin-standard-library ---
[INFO] skip non existing resourceDirectory D:\A_ThucNghiem\compiledrepos\41547678\turin-standard-library\src\main\resources
[INFO] 
[INFO] --- compiler:3.0:compile (default-compile) @ turin-standard-library ---
[INFO] Changes detected - recompiling the module!
[INFO] Compiling 9 source files to D:\A_ThucNghiem\compiledrepos\41547678\turin-standard-library\target\classes
[WARNING] /D:/A_ThucNghiem/compiledrepos/41547678/turin-standard-library/src/main/java/turin/relations/ManyToManyRelation.java: Some input files use unchecked or unsafe operations.
[WARNING] /D:/A_ThucNghiem/compiledrepos/41547678/turin-standard-library/src/main/java/turin/relations/ManyToManyRelation.java: Recompile with -Xlint:unchecked for details.
[INFO] 
[INFO] --- resources:3.4.0:testResources (default-testResources) @ turin-standard-library ---
[INFO] skip non existing resourceDirectory D:\A_ThucNghiem\compiledrepos\41547678\turin-standard-library\src\test\resources
[INFO] 
[INFO] --- compiler:3.0:testCompile (default-testCompile) @ turin-standard-library ---
[INFO] Changes detected - recompiling the module!
[INFO] Compiling 5 source files to D:\A_ThucNghiem\compiledrepos\41547678\turin-standard-library\target\test-classes
[WARNING] /D:/A_ThucNghiem/compiledrepos/41547678/turin-standard-library/src/test/java/turin/relations/Teaching.java: D:\A_ThucNghiem\compiledrepos\41547678\turin-standard-library\src\test\java\turin\relations\Teaching.java uses unchecked or unsafe operations.
[WARNING] /D:/A_ThucNghiem/compiledrepos/41547678/turin-standard-library/src/test/java/turin/relations/Teaching.java: Recompile with -Xlint:unchecked for details.
[INFO] ------------------------------------------------------------------------
[INFO] BUILD SUCCESS
[INFO] ------------------------------------------------------------------------
[INFO] Total time:  1.759 s
[INFO] Finished at: 2026-07-24T01:01:25+07:00
[INFO] ------------------------------------------------------------------------"
2026-07-23T18:01:33+00:00,baseline_scope_build,41627638,leetcode/battleships-in-a-board,,,,,,PASS,7.307,"normalized Gradle wrapper D:\A_ThucNghiem\compiledrepos\41627638\gradlew.bat -> D:\A_ThucNghiem\compiledrepos\41627638\leetcode\battleships-in-a-board\gradlew.bat; baseline cwd D:\A_ThucNghiem\compiledrepos\41627638 -> D:\A_ThucNghiem\compiledrepos\41627638\leetcode\battleships-in-a-board
:clean
:compileJava
:processResources UP-TO-DATE
:classes
:compileTestJava
:processTestResources
:testClasses

BUILD SUCCESSFUL

Total time: 5.194 secs"
2026-07-23T18:01:39+00:00,baseline_scope_build,43105609,weixin-mp,,,,,,PASS,6.298,"-------
[INFO] 
[INFO] --- clean:3.2.0:clean (default-clean) @ weixin-parent ---
[INFO] 
[INFO] -------------------< cn.com.riversoft:weixin-common >-------------------
[INFO] Building weixin sdk common 0.9.9-SNAPSHOT                          [3/4]
[INFO]   from weixin-common\pom.xml
[INFO] --------------------------------[ jar ]---------------------------------
[INFO] 
[INFO] --- clean:3.2.0:clean (default-clean) @ weixin-common ---
[INFO] Deleting D:\A_ThucNghiem\compiledrepos\43105609\weixin-common\target
[INFO] 
[INFO] --- resources:3.4.0:resources (default-resources) @ weixin-common ---
[INFO] skip non existing resourceDirectory D:\A_ThucNghiem\compiledrepos\43105609\weixin-common\src\main\resources
[INFO] 
[INFO] --- compiler:3.0:compile (default-compile) @ weixin-common ---
[INFO] Changes detected - recompiling the module!
[INFO] Compiling 69 source files to D:\A_ThucNghiem\compiledrepos\43105609\weixin-common\target\classes
[WARNING] bootstrap class path not set in conjunction with -source 1.7
[WARNING] /D:/A_ThucNghiem/compiledrepos/43105609/weixin-common/src/main/java/com/riversoft/weixin/common/util/JsonMapper.java: D:\A_ThucNghiem\compiledrepos\43105609\weixin-common\src\main\java\com\riversoft\weixin\common\util\JsonMapper.java uses or overrides a deprecated API.
[WARNING] /D:/A_ThucNghiem/compiledrepos/43105609/weixin-common/src/main/java/com/riversoft/weixin/common/util/JsonMapper.java: Recompile with -Xlint:deprecation for details.
[WARNING] /D:/A_ThucNghiem/compiledrepos/43105609/weixin-common/src/main/java/com/riversoft/weixin/common/util/JsonMapper.java: D:\A_ThucNghiem\compiledrepos\43105609\weixin-common\src\main\java\com\riversoft\weixin\common\util\JsonMapper.java uses unchecked or unsafe operations.
[WARNING] /D:/A_ThucNghiem/compiledrepos/43105609/weixin-common/src/main/java/com/riversoft/weixin/common/util/JsonMapper.java: Recompile with -Xlint:unchecked for details.
[INFO] 
[INFO] --- resources:3.4.0:testResources (default-testResources) @ weixin-common ---
[INFO] skip non existing resourceDirectory D:\A_ThucNghiem\compiledrepos\43105609\weixin-common\src\test\resources
[INFO] 
[INFO] --- compiler:3.0:testCompile (default-testCompile) @ weixin-common ---
[INFO] Changes detected - recompiling the module!
[INFO] Compiling 1 source file to D:\A_ThucNghiem\compiledrepos\43105609\weixin-common\target\test-classes
[WARNING] bootstrap class path not set in conjunction with -source 1.7
[INFO] 
[INFO] ---------------------< cn.com.riversoft:weixin-mp >---------------------
[INFO] Building weixin sdk mp 0.9.9-SNAPSHOT                              [4/4]
[INFO]   from weixin-mp\pom.xml
[INFO] --------------------------------[ jar ]---------------------------------
[INFO] 
[INFO] --- clean:3.2.0:clean (default-clean) @ weixin-mp ---
[INFO] Deleting D:\A_ThucNghiem\compiledrepos\43105609\weixin-mp\target
[INFO] 
[INFO] --- resources:3.4.0:resources (default-resources) @ weixin-mp ---
[INFO] Copying 1 resource from src\main\resources to target\classes
[INFO] 
[INFO] --- compiler:3.0:compile (default-compile) @ weixin-mp ---
[INFO] Changes detected - recompiling the module!
[INFO] Compiling 78 source files to D:\A_ThucNghiem\compiledrepos\43105609\weixin-mp\target\classes
[WARNING] bootstrap class path not set in conjunction with -source 1.7
[WARNING] /D:/A_ThucNghiem/compiledrepos/43105609/weixin-mp/src/main/java/com/riversoft/weixin/mp/card/Cards.java: D:\A_ThucNghiem\compiledrepos\43105609\weixin-mp\src\main\java\com\riversoft\weixin\mp\card\Cards.java uses unchecked or unsafe operations.
[WARNING] /D:/A_ThucNghiem/compiledrepos/43105609/weixin-mp/src/main/java/com/riversoft/weixin/mp/card/Cards.java: Recompile with -Xlint:unchecked for details.
[INFO] 
[INFO] --- resources:3.4.0:testResources (default-testResources) @ weixin-mp ---
[INFO] Copying 24 resources from src\test\resources to target\test-classes
[INFO] 
[INFO] --- compiler:3.0:testCompile (default-testCompile) @ weixin-mp ---
[INFO] Changes detected - "
2026-07-23T18:02:04+00:00,baseline_scope_build,44308560,src/RobotFrameworkCore/org.robotframework.ide.core-functions,,,,,,PASS,25.332,"normalized missing POM D:\A_ThucNghiem\compiledrepos\44308560\pom.xml -> D:\A_ThucNghiem\compiledrepos\44308560\src\RobotFrameworkCore\org.robotframework.ide.core-functions\pom.xml
[INFO] Scanning for projects...
[INFO] 
[INFO] ----< org.robotframework.ide:org.robotframework.ide.core-functions >----
[INFO] Building Robotframework IDE Core Functions 0.0.1-SNAPSHOT
[INFO]   from pom.xml
[INFO] --------------------------------[ jar ]---------------------------------
[INFO] 
[INFO] --- clean:3.2.0:clean (default-clean) @ org.robotframework.ide.core-functions ---
[INFO] Deleting D:\A_ThucNghiem\compiledrepos\44308560\src\RobotFrameworkCore\org.robotframework.ide.core-functions\target
[INFO] 
[INFO] --- dependency:3.1.1:copy (default) @ org.robotframework.ide.core-functions ---
[INFO] 
[INFO] --- jacoco:0.8.5:prepare-agent (jacoco-initialize) @ org.robotframework.ide.core-functions ---
[INFO] argLine set to -javaagent:C:\\Users\\admin\\.m2\\repository\\org\\jacoco\\org.jacoco.agent\\0.8.5\\org.jacoco.agent-0.8.5-runtime.jar=destfile=D:\\A_ThucNghiem\\compiledrepos\\44308560\\src\\RobotFrameworkCore\\org.robotframework.ide.core-functions\\target\\coverage-reports\\jacoco-unit.exec
[INFO] 
[INFO] --- resources:3.1.0:resources (default-resources) @ org.robotframework.ide.core-functions ---
[INFO] Using 'UTF-8' encoding to copy filtered resources.
[INFO] Copying 0 resource
[INFO] Copying 1 resource
[INFO] Copying 21 resources
[INFO] 
[INFO] --- compiler:3.8.0:compile (default-compile) @ org.robotframework.ide.core-functions ---
[WARNING]  Parameter 'compilerArguments' is deprecated: use {@link #compilerArgs} instead.
[INFO] Changes detected - recompiling the module!
[INFO] Compiling 604 source files to D:\A_ThucNghiem\compiledrepos\44308560\src\RobotFrameworkCore\org.robotframework.ide.core-functions\target\classes
[INFO] /D:/A_ThucNghiem/compiledrepos/44308560/src/RobotFrameworkCore/org.robotframework.ide.core-functions/src/main/java/org/rf/ide/core/testdata/model/table/LocalSetting.java: Some input files use unchecked or unsafe operations.
[INFO] /D:/A_ThucNghiem/compiledrepos/44308560/src/RobotFrameworkCore/org.robotframework.ide.core-functions/src/main/java/org/rf/ide/core/testdata/model/table/LocalSetting.java: Recompile with -Xlint:unchecked for details.
[INFO] 
[INFO] --- resources:3.1.0:copy-resources (copy-resources) @ org.robotframework.ide.core-functions ---
[INFO] Using 'UTF-8' encoding to copy filtered resources.
[INFO] Copying 21 resources
[INFO] Copying 99 resources
[INFO] 
[INFO] --- resources:3.1.0:testResources (default-testResources) @ org.robotframework.ide.core-functions ---
[INFO] Using 'UTF-8' encoding to copy filtered resources.
[INFO] Copying 780 resources
[INFO] 
[INFO] --- compiler:3.8.0:testCompile (default-testCompile) @ org.robotframework.ide.core-functions ---
[WARNING]  Parameter 'compilerArguments' is deprecated: use {@link #compilerArgs} instead.
[INFO] Changes detected - recompiling the module!
[INFO] Compiling 332 source files to D:\A_ThucNghiem\compiledrepos\44308560\src\RobotFrameworkCore\org.robotframework.ide.core-functions\target\test-classes
[INFO] /D:/A_ThucNghiem/compiledrepos/44308560/src/RobotFrameworkCore/org.robotframework.ide.core-functions/src/test/java/org/rf/ide/core/testdata/text/write/tables/keywords/creation/CreationOfKeywordExecutableOneStepTest.java: Some input files use unchecked or unsafe operations.
[INFO] /D:/A_ThucNghiem/compiledrepos/44308560/src/RobotFrameworkCore/org.robotframework.ide.core-functions/src/test/java/org/rf/ide/core/testdata/text/write/tables/keywords/creation/CreationOfKeywordExecutableOneStepTest.java: Recompile with -Xlint:unchecked for details.
[INFO] ------------------------------------------------------------------------
[INFO] BUILD SUCCESS
[INFO] ------------------------------------------------------------------------
[INFO] Total time:  22.368 s
[INFO] Finished at: 2026-07-24T01:02:04+07:00
[INFO] -----------------------------------------------------"
2026-07-23T18:02:12+00:00,baseline_scope_build,45997449,WebRex,,,,,,PASS,7.837,"[INFO] Scanning for projects...
[INFO] 
[INFO] ---------------------< com.ebayopensource:WebRex >----------------------
[INFO] Building WebRex 1.0.0-SNAPSHOT
[INFO]   from pom.xml
[INFO] --------------------------------[ jar ]---------------------------------
[INFO] 
[INFO] --- clean:3.2.0:clean (default-clean) @ WebRex ---
[INFO] Deleting D:\A_ThucNghiem\compiledrepos\45997449\WebRex\target
[INFO] 
[INFO] --- resources:3.4.0:resources (default-resources) @ WebRex ---
[WARNING] Using platform encoding (Cp1252 actually) to copy filtered resources, i.e. build is platform dependent!
[INFO] Copying 3 resources from src\main\resources to target\classes
[INFO] 
[INFO] --- compiler:3.0:compile (default-compile) @ WebRex ---
[INFO] Changes detected - recompiling the module!
[WARNING] File encoding has not been set, using platform encoding Cp1252, i.e. build is platform dependent!
[INFO] Compiling 143 source files to D:\A_ThucNghiem\compiledrepos\45997449\WebRex\target\classes
[INFO] 
[INFO] --- resources:3.4.0:testResources (default-testResources) @ WebRex ---
[WARNING] Using platform encoding (Cp1252 actually) to copy filtered resources, i.e. build is platform dependent!
[INFO] Copying 34 resources from src\test\resources to target\test-classes
[INFO] 
[INFO] --- compiler:3.0:testCompile (default-testCompile) @ WebRex ---
[INFO] Changes detected - recompiling the module!
[WARNING] File encoding has not been set, using platform encoding Cp1252, i.e. build is platform dependent!
[INFO] Compiling 54 source files to D:\A_ThucNghiem\compiledrepos\45997449\WebRex\target\test-classes
[WARNING] /D:/A_ThucNghiem/compiledrepos/45997449/WebRex/src/test/java/com/ebayopensource/webrex/resource/expression/UnifiedELResolverHelperTest.java: D:\A_ThucNghiem\compiledrepos\45997449\WebRex\src\test\java\com\ebayopensource\webrex\resource\expression\UnifiedELResolverHelperTest.java uses or overrides a deprecated API.
[WARNING] /D:/A_ThucNghiem/compiledrepos/45997449/WebRex/src/test/java/com/ebayopensource/webrex/resource/expression/UnifiedELResolverHelperTest.java: Recompile with -Xlint:deprecation for details.
[WARNING] /D:/A_ThucNghiem/compiledrepos/45997449/WebRex/src/test/java/com/ebayopensource/webrex/resource/impl/DefaultResourceHandlerTest.java: D:\A_ThucNghiem\compiledrepos\45997449\WebRex\src\test\java\com\ebayopensource\webrex\resource\impl\DefaultResourceHandlerTest.java uses unchecked or unsafe operations.
[WARNING] /D:/A_ThucNghiem/compiledrepos/45997449/WebRex/src/test/java/com/ebayopensource/webrex/resource/impl/DefaultResourceHandlerTest.java: Recompile with -Xlint:unchecked for details.
[INFO] ------------------------------------------------------------------------
[INFO] BUILD SUCCESS
[INFO] ------------------------------------------------------------------------
[INFO] Total time:  3.895 s
[INFO] Finished at: 2026-07-24T01:02:12+07:00
[INFO] ------------------------------------------------------------------------"
2026-07-23T18:02:19+00:00,baseline_scope_build,46396068,hbase0.98/hbase-common-0.98,,,,,,PASS,6.365,"normalized missing POM D:\A_ThucNghiem\compiledrepos\46396068\hbase-common-0.98\pom.xml -> D:\A_ThucNghiem\compiledrepos\46396068\hbase0.98\hbase-common-0.98\pom.xml
[INFO] Scanning for projects...
[WARNING] 
[WARNING] Some problems were encountered while building the effective model for com.kakao.hbase:hbase-common-0.98:jar:1.6.0
[WARNING] 'version' contains an expression but should be a constant. @ com.kakao.hbase:hbase-tools-0.98:${version.unified}, D:\A_ThucNghiem\compiledrepos\46396068\hbase0.98\pom.xml, line 25, column 14
[WARNING] 
[WARNING] It is highly recommended to fix these problems because they threaten the stability of your build.
[WARNING] 
[WARNING] For this reason, future Maven versions might no longer support building such malformed projects.
[WARNING] 
[INFO] 
[INFO] -----------------< com.kakao.hbase:hbase-common-0.98 >------------------
[INFO] Building hbase-common-0.98 1.6.0
[INFO]   from pom.xml
[INFO] --------------------------------[ jar ]---------------------------------
[INFO] 
[INFO] --- clean:3.2.0:clean (default-clean) @ hbase-common-0.98 ---
[INFO] Deleting D:\A_ThucNghiem\compiledrepos\46396068\hbase0.98\hbase-common-0.98\target
[INFO] 
[INFO] --- resources:3.4.0:resources (default-resources) @ hbase-common-0.98 ---
[INFO] skip non existing resourceDirectory D:\A_ThucNghiem\compiledrepos\46396068\hbase0.98\hbase-common-0.98\src\main\resources
[INFO] 
[INFO] --- compiler:3.2:compile (default-compile) @ hbase-common-0.98 ---
[INFO] Changes detected - recompiling the module!
[INFO] Compiling 16 source files to D:\A_ThucNghiem\compiledrepos\46396068\hbase0.98\hbase-common-0.98\target\classes
[WARNING] /D:/A_ThucNghiem/compiledrepos/46396068/hbase0.98/hbase-common-0.98/src/main/java/com/kakao/hbase/common/HBaseClient.java:[29,25] sun.security.krb5.Config is internal proprietary API and may be removed in a future release
[WARNING] /D:/A_ThucNghiem/compiledrepos/46396068/hbase0.98/hbase-common-0.98/src/main/java/com/kakao/hbase/common/HBaseClient.java:[181,9] sun.security.krb5.Config is internal proprietary API and may be removed in a future release
[WARNING] /D:/A_ThucNghiem/compiledrepos/46396068/hbase0.98/hbase-common-0.98/src/main/java/com/kakao/hbase/common/HBaseClient.java:[181,28] sun.security.krb5.Config is internal proprietary API and may be removed in a future release
[WARNING] /D:/A_ThucNghiem/compiledrepos/46396068/hbase0.98/hbase-common-0.98/src/main/java/com/kakao/hbase/common/HBaseClient.java:[187,13] sun.security.krb5.Config is internal proprietary API and may be removed in a future release
[INFO] 
[INFO] --- resources:3.4.0:testResources (default-testResources) @ hbase-common-0.98 ---
[INFO] Copying 2 resources from src\test\resources to target\test-classes
[INFO] 
[INFO] --- compiler:3.2:testCompile (default-testCompile) @ hbase-common-0.98 ---
[INFO] Changes detected - recompiling the module!
[INFO] Compiling 11 source files to D:\A_ThucNghiem\compiledrepos\46396068\hbase0.98\hbase-common-0.98\target\test-classes
[INFO] /D:/A_ThucNghiem/compiledrepos/46396068/hbase0.98/hbase-common-0.98/src/test/java/com/kakao/hbase/specific/HBaseAdminWrapperListTableTest.java: D:\A_ThucNghiem\compiledrepos\46396068\hbase0.98\hbase-common-0.98\src\test\java\com\kakao\hbase\specific\HBaseAdminWrapperListTableTest.java uses unchecked or unsafe operations.
[INFO] /D:/A_ThucNghiem/compiledrepos/46396068/hbase0.98/hbase-common-0.98/src/test/java/com/kakao/hbase/specific/HBaseAdminWrapperListTableTest.java: Recompile with -Xlint:unchecked for details.
[INFO] ------------------------------------------------------------------------
[INFO] BUILD SUCCESS
[INFO] ------------------------------------------------------------------------
[INFO] Total time:  3.594 s
[INFO] Finished at: 2026-07-24T01:02:18+07:00
[INFO] ------------------------------------------------------------------------"
2026-07-23T18:02:27+00:00,baseline_scope_build,46396068,hbase0.98/hbase-manager-0.98,,,,,,PASS,8.089,"drepos/46396068/hbase0.98/hbase-common-0.98/src/main/java/com/kakao/hbase/common/HBaseClient.java:[181,28] sun.security.krb5.Config is internal proprietary API and may be removed in a future release
[WARNING] /D:/A_ThucNghiem/compiledrepos/46396068/hbase0.98/hbase-common-0.98/src/main/java/com/kakao/hbase/common/HBaseClient.java:[187,13] sun.security.krb5.Config is internal proprietary API and may be removed in a future release
[INFO] 
[INFO] --- resources:3.4.0:testResources (default-testResources) @ hbase-common-0.98 ---
[INFO] Copying 2 resources from src\test\resources to target\test-classes
[INFO] 
[INFO] --- compiler:3.2:testCompile (default-testCompile) @ hbase-common-0.98 ---
[INFO] Changes detected - recompiling the module!
[INFO] Compiling 11 source files to D:\A_ThucNghiem\compiledrepos\46396068\hbase0.98\hbase-common-0.98\target\test-classes
[INFO] /D:/A_ThucNghiem/compiledrepos/46396068/hbase0.98/hbase-common-0.98/src/test/java/com/kakao/hbase/specific/HBaseAdminWrapperListTableTest.java: D:\A_ThucNghiem\compiledrepos\46396068\hbase0.98\hbase-common-0.98\src\test\java\com\kakao\hbase\specific\HBaseAdminWrapperListTableTest.java uses unchecked or unsafe operations.
[INFO] /D:/A_ThucNghiem/compiledrepos/46396068/hbase0.98/hbase-common-0.98/src/test/java/com/kakao/hbase/specific/HBaseAdminWrapperListTableTest.java: Recompile with -Xlint:unchecked for details.
[INFO] 
[INFO] ---------------< com.kakao.hbase:hbase-table-stat-0.98 >----------------
[INFO] Building hbase-table-stat-0.98 1.6.0                               [3/4]
[INFO]   from hbase-table-stat-0.98\pom.xml
[INFO] --------------------------------[ jar ]---------------------------------
[INFO] 
[INFO] --- clean:3.2.0:clean (default-clean) @ hbase-table-stat-0.98 ---
[INFO] Deleting D:\A_ThucNghiem\compiledrepos\46396068\hbase0.98\hbase-table-stat-0.98\target
[INFO] 
[INFO] --- resources:3.4.0:resources (default-resources) @ hbase-table-stat-0.98 ---
[INFO] Copying 2 resources from src\main\resources to target\classes
[INFO] 
[INFO] --- compiler:3.2:compile (default-compile) @ hbase-table-stat-0.98 ---
[INFO] Changes detected - recompiling the module!
[INFO] Compiling 20 source files to D:\A_ThucNghiem\compiledrepos\46396068\hbase0.98\hbase-table-stat-0.98\target\classes
[INFO] 
[INFO] --- resources:3.4.0:testResources (default-testResources) @ hbase-table-stat-0.98 ---
[INFO] skip non existing resourceDirectory D:\A_ThucNghiem\compiledrepos\46396068\hbase0.98\hbase-table-stat-0.98\src\test\resources
[INFO] 
[INFO] --- compiler:3.2:testCompile (default-testCompile) @ hbase-table-stat-0.98 ---
[INFO] Changes detected - recompiling the module!
[INFO] Compiling 13 source files to D:\A_ThucNghiem\compiledrepos\46396068\hbase0.98\hbase-table-stat-0.98\target\test-classes
[INFO] 
[INFO] -----------------< com.kakao.hbase:hbase-manager-0.98 >-----------------
[INFO] Building hbase-manager-0.98 1.6.0                                  [4/4]
[INFO]   from hbase-manager-0.98\pom.xml
[INFO] --------------------------------[ jar ]---------------------------------
[INFO] 
[INFO] --- clean:3.2.0:clean (default-clean) @ hbase-manager-0.98 ---
[INFO] Deleting D:\A_ThucNghiem\compiledrepos\46396068\hbase0.98\hbase-manager-0.98\target
[INFO] 
[INFO] --- resources:3.4.0:resources (default-resources) @ hbase-manager-0.98 ---
[INFO] skip non existing resourceDirectory D:\A_ThucNghiem\compiledrepos\46396068\hbase0.98\hbase-manager-0.98\src\main\resources
[INFO] 
[INFO] --- compiler:3.2:compile (default-compile) @ hbase-manager-0.98 ---
[INFO] Changes detected - recompiling the module!
[INFO] Compiling 13 source files to D:\A_ThucNghiem\compiledrepos\46396068\hbase0.98\hbase-manager-0.98\target\classes
[INFO] 
[INFO] --- resources:3.4.0:testResources (default-testResources) @ hbase-manager-0.98 ---
[INFO] skip non existing resourceDirectory D:\A_ThucNghiem\compiledrepos\46396068\hbase0.98\hbase-manager-0.98\src\test\resources
[INFO] 
[INFO] --- compiler:3.2:testCompile (default-testC"
2026-07-23T18:02:33+00:00,baseline_scope_build,46396068,hbase0.98/hbase-snapshot-0.98,,,,,,PASS,6.572,"an (default-clean) @ hbase-tools-0.98 ---
[INFO] 
[INFO] -----------------< com.kakao.hbase:hbase-common-0.98 >------------------
[INFO] Building hbase-common-0.98 1.6.0                                   [2/3]
[INFO]   from hbase-common-0.98\pom.xml
[INFO] --------------------------------[ jar ]---------------------------------
[INFO] 
[INFO] --- clean:3.2.0:clean (default-clean) @ hbase-common-0.98 ---
[INFO] Deleting D:\A_ThucNghiem\compiledrepos\46396068\hbase0.98\hbase-common-0.98\target
[INFO] 
[INFO] --- resources:3.4.0:resources (default-resources) @ hbase-common-0.98 ---
[INFO] skip non existing resourceDirectory D:\A_ThucNghiem\compiledrepos\46396068\hbase0.98\hbase-common-0.98\src\main\resources
[INFO] 
[INFO] --- compiler:3.2:compile (default-compile) @ hbase-common-0.98 ---
[INFO] Changes detected - recompiling the module!
[INFO] Compiling 16 source files to D:\A_ThucNghiem\compiledrepos\46396068\hbase0.98\hbase-common-0.98\target\classes
[WARNING] /D:/A_ThucNghiem/compiledrepos/46396068/hbase0.98/hbase-common-0.98/src/main/java/com/kakao/hbase/common/HBaseClient.java:[29,25] sun.security.krb5.Config is internal proprietary API and may be removed in a future release
[WARNING] /D:/A_ThucNghiem/compiledrepos/46396068/hbase0.98/hbase-common-0.98/src/main/java/com/kakao/hbase/common/HBaseClient.java:[181,9] sun.security.krb5.Config is internal proprietary API and may be removed in a future release
[WARNING] /D:/A_ThucNghiem/compiledrepos/46396068/hbase0.98/hbase-common-0.98/src/main/java/com/kakao/hbase/common/HBaseClient.java:[181,28] sun.security.krb5.Config is internal proprietary API and may be removed in a future release
[WARNING] /D:/A_ThucNghiem/compiledrepos/46396068/hbase0.98/hbase-common-0.98/src/main/java/com/kakao/hbase/common/HBaseClient.java:[187,13] sun.security.krb5.Config is internal proprietary API and may be removed in a future release
[INFO] 
[INFO] --- resources:3.4.0:testResources (default-testResources) @ hbase-common-0.98 ---
[INFO] Copying 2 resources from src\test\resources to target\test-classes
[INFO] 
[INFO] --- compiler:3.2:testCompile (default-testCompile) @ hbase-common-0.98 ---
[INFO] Changes detected - recompiling the module!
[INFO] Compiling 11 source files to D:\A_ThucNghiem\compiledrepos\46396068\hbase0.98\hbase-common-0.98\target\test-classes
[INFO] /D:/A_ThucNghiem/compiledrepos/46396068/hbase0.98/hbase-common-0.98/src/test/java/com/kakao/hbase/specific/HBaseAdminWrapperListTableTest.java: D:\A_ThucNghiem\compiledrepos\46396068\hbase0.98\hbase-common-0.98\src\test\java\com\kakao\hbase\specific\HBaseAdminWrapperListTableTest.java uses unchecked or unsafe operations.
[INFO] /D:/A_ThucNghiem/compiledrepos/46396068/hbase0.98/hbase-common-0.98/src/test/java/com/kakao/hbase/specific/HBaseAdminWrapperListTableTest.java: Recompile with -Xlint:unchecked for details.
[INFO] 
[INFO] ----------------< com.kakao.hbase:hbase-snapshot-0.98 >-----------------
[INFO] Building hbase-snapshot-0.98 1.6.0                                 [3/3]
[INFO]   from hbase-snapshot-0.98\pom.xml
[INFO] --------------------------------[ jar ]---------------------------------
[INFO] 
[INFO] --- clean:3.2.0:clean (default-clean) @ hbase-snapshot-0.98 ---
[INFO] Deleting D:\A_ThucNghiem\compiledrepos\46396068\hbase0.98\hbase-snapshot-0.98\target
[INFO] 
[INFO] --- resources:3.4.0:resources (default-resources) @ hbase-snapshot-0.98 ---
[INFO] skip non existing resourceDirectory D:\A_ThucNghiem\compiledrepos\46396068\hbase0.98\hbase-snapshot-0.98\src\main\resources
[INFO] 
[INFO] --- compiler:3.2:compile (default-compile) @ hbase-snapshot-0.98 ---
[INFO] Changes detected - recompiling the module!
[INFO] Compiling 3 source files to D:\A_ThucNghiem\compiledrepos\46396068\hbase0.98\hbase-snapshot-0.98\target\classes
[INFO] 
[INFO] --- resources:3.4.0:testResources (default-testResources) @ hbase-snapshot-0.98 ---
[INFO] skip non existing resourceDirectory D:\A_ThucNghiem\compiledrepos\46396068\hbase0.98\hbase-snapshot-0.9"
2026-07-23T18:02:40+00:00,baseline_scope_build,46396068,hbase0.98/hbase-table-stat-0.98,,,,,,PASS,6.99,"-----
[INFO] 
[INFO] --- clean:3.2.0:clean (default-clean) @ hbase-tools-0.98 ---
[INFO] 
[INFO] -----------------< com.kakao.hbase:hbase-common-0.98 >------------------
[INFO] Building hbase-common-0.98 1.6.0                                   [2/3]
[INFO]   from hbase-common-0.98\pom.xml
[INFO] --------------------------------[ jar ]---------------------------------
[INFO] 
[INFO] --- clean:3.2.0:clean (default-clean) @ hbase-common-0.98 ---
[INFO] Deleting D:\A_ThucNghiem\compiledrepos\46396068\hbase0.98\hbase-common-0.98\target
[INFO] 
[INFO] --- resources:3.4.0:resources (default-resources) @ hbase-common-0.98 ---
[INFO] skip non existing resourceDirectory D:\A_ThucNghiem\compiledrepos\46396068\hbase0.98\hbase-common-0.98\src\main\resources
[INFO] 
[INFO] --- compiler:3.2:compile (default-compile) @ hbase-common-0.98 ---
[INFO] Changes detected - recompiling the module!
[INFO] Compiling 16 source files to D:\A_ThucNghiem\compiledrepos\46396068\hbase0.98\hbase-common-0.98\target\classes
[WARNING] /D:/A_ThucNghiem/compiledrepos/46396068/hbase0.98/hbase-common-0.98/src/main/java/com/kakao/hbase/common/HBaseClient.java:[29,25] sun.security.krb5.Config is internal proprietary API and may be removed in a future release
[WARNING] /D:/A_ThucNghiem/compiledrepos/46396068/hbase0.98/hbase-common-0.98/src/main/java/com/kakao/hbase/common/HBaseClient.java:[181,9] sun.security.krb5.Config is internal proprietary API and may be removed in a future release
[WARNING] /D:/A_ThucNghiem/compiledrepos/46396068/hbase0.98/hbase-common-0.98/src/main/java/com/kakao/hbase/common/HBaseClient.java:[181,28] sun.security.krb5.Config is internal proprietary API and may be removed in a future release
[WARNING] /D:/A_ThucNghiem/compiledrepos/46396068/hbase0.98/hbase-common-0.98/src/main/java/com/kakao/hbase/common/HBaseClient.java:[187,13] sun.security.krb5.Config is internal proprietary API and may be removed in a future release
[INFO] 
[INFO] --- resources:3.4.0:testResources (default-testResources) @ hbase-common-0.98 ---
[INFO] Copying 2 resources from src\test\resources to target\test-classes
[INFO] 
[INFO] --- compiler:3.2:testCompile (default-testCompile) @ hbase-common-0.98 ---
[INFO] Changes detected - recompiling the module!
[INFO] Compiling 11 source files to D:\A_ThucNghiem\compiledrepos\46396068\hbase0.98\hbase-common-0.98\target\test-classes
[INFO] /D:/A_ThucNghiem/compiledrepos/46396068/hbase0.98/hbase-common-0.98/src/test/java/com/kakao/hbase/specific/HBaseAdminWrapperListTableTest.java: D:\A_ThucNghiem\compiledrepos\46396068\hbase0.98\hbase-common-0.98\src\test\java\com\kakao\hbase\specific\HBaseAdminWrapperListTableTest.java uses unchecked or unsafe operations.
[INFO] /D:/A_ThucNghiem/compiledrepos/46396068/hbase0.98/hbase-common-0.98/src/test/java/com/kakao/hbase/specific/HBaseAdminWrapperListTableTest.java: Recompile with -Xlint:unchecked for details.
[INFO] 
[INFO] ---------------< com.kakao.hbase:hbase-table-stat-0.98 >----------------
[INFO] Building hbase-table-stat-0.98 1.6.0                               [3/3]
[INFO]   from hbase-table-stat-0.98\pom.xml
[INFO] --------------------------------[ jar ]---------------------------------
[INFO] 
[INFO] --- clean:3.2.0:clean (default-clean) @ hbase-table-stat-0.98 ---
[INFO] Deleting D:\A_ThucNghiem\compiledrepos\46396068\hbase0.98\hbase-table-stat-0.98\target
[INFO] 
[INFO] --- resources:3.4.0:resources (default-resources) @ hbase-table-stat-0.98 ---
[INFO] Copying 2 resources from src\main\resources to target\classes
[INFO] 
[INFO] --- compiler:3.2:compile (default-compile) @ hbase-table-stat-0.98 ---
[INFO] Changes detected - recompiling the module!
[INFO] Compiling 20 source files to D:\A_ThucNghiem\compiledrepos\46396068\hbase0.98\hbase-table-stat-0.98\target\classes
[INFO] 
[INFO] --- resources:3.4.0:testResources (default-testResources) @ hbase-table-stat-0.98 ---
[INFO] skip non existing resourceDirectory D:\A_ThucNghiem\compiledrepos\46396068\hbase0.98\hbase-table-stat-0.98\src"
2026-07-23T18:02:53+00:00,baseline_scope_build,46450575,contrib/flo-bigquery,,,,,,PASS,12.581,"spotify:flo-bigquery >----------------------
[INFO] Building Flo BigQuery 0.6.4-SNAPSHOT                               [6/6]
[INFO]   from contrib\flo-bigquery\pom.xml
[INFO] --------------------------------[ jar ]---------------------------------
[INFO] 
[INFO] --- clean:3.2.0:clean (default-clean) @ flo-bigquery ---
[INFO] Deleting D:\A_ThucNghiem\compiledrepos\46450575\contrib\flo-bigquery\target
[INFO] 
[INFO] --- enforcer:1.4.1:enforce (enforce) @ flo-bigquery ---
[INFO] 
[INFO] --- license:1.9:check-file-header (check-file-header) @ flo-bigquery ---
[INFO] Will search files to update from root D:\A_ThucNghiem\compiledrepos\46450575\contrib\flo-bigquery\src\main\java
[INFO] Will search files to update from root D:\A_ThucNghiem\compiledrepos\46450575\contrib\flo-bigquery\src\test\java
[INFO] Scan 17 files header done in 28.551ms.
[INFO] All files are up-to-date.
[INFO] 
[INFO] --- resources:3.4.0:resources (default-resources) @ flo-bigquery ---
[INFO] skip non existing resourceDirectory D:\A_ThucNghiem\compiledrepos\46450575\contrib\flo-bigquery\src\main\resources
[INFO] 
[INFO] --- compiler:3.5.1:compile (default-compile) @ flo-bigquery ---
[INFO] Changes detected - recompiling the module!
[INFO] Compiling 13 source files to D:\A_ThucNghiem\compiledrepos\46450575\contrib\flo-bigquery\target\classes
[WARNING] /D:/A_ThucNghiem/compiledrepos/46450575/contrib/flo-bigquery/src/main/java/com/spotify/flo/contrib/bigquery/GcpOptions.java:[23,52] com.google.api.client.googleapis.auth.oauth2.GoogleCredential in com.google.api.client.googleapis.auth.oauth2 has been deprecated
[WARNING] /D:/A_ThucNghiem/compiledrepos/46450575/contrib/flo-bigquery/src/main/java/com/spotify/flo/contrib/bigquery/GcpOptions.java:[23,52] com.google.api.client.googleapis.auth.oauth2.GoogleCredential in com.google.api.client.googleapis.auth.oauth2 has been deprecated
[WARNING] /D:/A_ThucNghiem/compiledrepos/46450575/contrib/flo-bigquery/src/main/java/com/spotify/flo/contrib/bigquery/GcpOptions.java:[23,52] com.google.api.client.googleapis.auth.oauth2.GoogleCredential in com.google.api.client.googleapis.auth.oauth2 has been deprecated
[INFO] 
[INFO] --- resources:3.4.0:testResources (default-testResources) @ flo-bigquery ---
[INFO] skip non existing resourceDirectory D:\A_ThucNghiem\compiledrepos\46450575\contrib\flo-bigquery\src\test\resources
[INFO] 
[INFO] --- compiler:3.5.1:testCompile (default-testCompile) @ flo-bigquery ---
[INFO] Changes detected - recompiling the module!
[INFO] Compiling 4 source files to D:\A_ThucNghiem\compiledrepos\46450575\contrib\flo-bigquery\target\test-classes
[WARNING] /D:/A_ThucNghiem/compiledrepos/46450575/contrib/flo-bigquery/src/test/java/com/spotify/flo/contrib/bigquery/BigQueryOutputTest.java:[27,26] org.mockito.Matchers in org.mockito has been deprecated
[WARNING] /D:/A_ThucNghiem/compiledrepos/46450575/contrib/flo-bigquery/src/test/java/com/spotify/flo/contrib/bigquery/BigQueryTasksTest.java:[29,26] org.mockito.Matchers in org.mockito has been deprecated
[WARNING] /D:/A_ThucNghiem/compiledrepos/46450575/contrib/flo-bigquery/src/test/java/com/spotify/flo/contrib/bigquery/BigQueryOutputTest.java:[27,26] org.mockito.Matchers in org.mockito has been deprecated
[WARNING] /D:/A_ThucNghiem/compiledrepos/46450575/contrib/flo-bigquery/src/test/java/com/spotify/flo/contrib/bigquery/BigQueryTasksTest.java:[29,26] org.mockito.Matchers in org.mockito has been deprecated
[WARNING] /D:/A_ThucNghiem/compiledrepos/46450575/contrib/flo-bigquery/src/test/java/com/spotify/flo/contrib/bigquery/BigQueryOutputTest.java:[27,26] org.mockito.Matchers in org.mockito has been deprecated
[WARNING] /D:/A_ThucNghiem/compiledrepos/46450575/contrib/flo-bigquery/src/test/java/com/spotify/flo/contrib/bigquery/BigQueryTasksTest.java:[29,26] org.mockito.Matchers in org.mockito has been deprecated
[INFO] ------------------------------------------------------------------------
[INFO] Reactor Summary for Flo 0.6.4-SNAPSHOT:
[INFO] 
[INFO] Flo .............."
2026-07-23T18:03:06+00:00,baseline_scope_build,46450575,contrib/flo-styx,,,,,,PASS,13.456,"/test/java/com/spotify/flo/context/FloRunnerTest.java:[34,26] org.mockito.Matchers in org.mockito has been deprecated
[WARNING] /D:/A_ThucNghiem/compiledrepos/46450575/flo-runner/src/test/java/com/spotify/flo/context/FloRunnerTest.java:[35,26] org.mockito.Matchers in org.mockito has been deprecated
[WARNING] /D:/A_ThucNghiem/compiledrepos/46450575/flo-runner/src/test/java/com/spotify/flo/context/ChainedListenerTest.java:[23,26] org.mockito.Matchers in org.mockito has been deprecated
[WARNING] /D:/A_ThucNghiem/compiledrepos/46450575/flo-runner/src/test/java/com/spotify/flo/context/FloRunnerTest.java:[33,26] org.mockito.Matchers in org.mockito has been deprecated
[WARNING] /D:/A_ThucNghiem/compiledrepos/46450575/flo-runner/src/test/java/com/spotify/flo/context/FloRunnerTest.java:[34,26] org.mockito.Matchers in org.mockito has been deprecated
[WARNING] /D:/A_ThucNghiem/compiledrepos/46450575/flo-runner/src/test/java/com/spotify/flo/context/FloRunnerTest.java:[35,26] org.mockito.Matchers in org.mockito has been deprecated
[WARNING] /D:/A_ThucNghiem/compiledrepos/46450575/flo-runner/src/test/java/com/spotify/flo/context/OverridingContextTest.java:[75,53] unchecked generic array creation for varargs parameter of type com.spotify.flo.Task<java.lang.Integer>[]
[WARNING] /D:/A_ThucNghiem/compiledrepos/46450575/flo-runner/src/test/java/com/spotify/flo/context/OverridingContextTest.java:[88,53] unchecked generic array creation for varargs parameter of type com.spotify.flo.Task<java.lang.Integer>[]
[WARNING] /D:/A_ThucNghiem/compiledrepos/46450575/flo-runner/src/test/java/com/spotify/flo/context/OverridingContextTest.java:[107,53] unchecked generic array creation for varargs parameter of type com.spotify.flo.Task<java.lang.Integer>[]
[WARNING] /D:/A_ThucNghiem/compiledrepos/46450575/flo-runner/src/test/java/com/spotify/flo/context/OverridingContextTest.java:[123,63] Possible heap pollution from parameterized vararg type com.spotify.flo.Task<java.lang.Integer>
[INFO] 
[INFO] ------------------------< com.spotify:flo-styx >------------------------
[INFO] Building Flo Styx 0.6.4-SNAPSHOT                                   [6/6]
[INFO]   from contrib\flo-styx\pom.xml
[INFO] --------------------------------[ jar ]---------------------------------
[INFO] 
[INFO] --- clean:3.2.0:clean (default-clean) @ flo-styx ---
[INFO] Deleting D:\A_ThucNghiem\compiledrepos\46450575\contrib\flo-styx\target
[INFO] 
[INFO] --- enforcer:1.4.1:enforce (enforce) @ flo-styx ---
[INFO] artifact junit:junit-dep: checking for updates from central
[INFO] artifact junit:junit: checking for updates from central
[INFO] 
[INFO] --- license:1.9:check-file-header (check-file-header) @ flo-styx ---
[INFO] Will search files to update from root D:\A_ThucNghiem\compiledrepos\46450575\contrib\flo-styx\src\main\java
[INFO] Will search files to update from root D:\A_ThucNghiem\compiledrepos\46450575\contrib\flo-styx\src\test\java
[INFO] Scan 8 files header done in 22.093ms.
[INFO] All files are up-to-date.
[INFO] 
[INFO] --- resources:3.4.0:resources (default-resources) @ flo-styx ---
[INFO] skip non existing resourceDirectory D:\A_ThucNghiem\compiledrepos\46450575\contrib\flo-styx\src\main\resources
[INFO] 
[INFO] --- compiler:3.5.1:compile (default-compile) @ flo-styx ---
[INFO] Changes detected - recompiling the module!
[INFO] Compiling 5 source files to D:\A_ThucNghiem\compiledrepos\46450575\contrib\flo-styx\target\classes
[INFO] 
[INFO] --- resources:3.4.0:testResources (default-testResources) @ flo-styx ---
[INFO] Copying 1 resource from src\test\resources to target\test-classes
[INFO] 
[INFO] --- compiler:3.5.1:testCompile (default-testCompile) @ flo-styx ---
[INFO] Changes detected - recompiling the module!
[INFO] Compiling 3 source files to D:\A_ThucNghiem\compiledrepos\46450575\contrib\flo-styx\target\test-classes
[INFO] ------------------------------------------------------------------------
[INFO] Reactor Summary for Flo 0.6.4-SNAPSHOT:
[INFO] 
[INFO] Flo ..............."
2026-07-23T18:03:15+00:00,baseline_scope_build,46450575,flo-workflow,,,,,,PASS,8.884," from root D:\A_ThucNghiem\compiledrepos\46450575\flo-workflow\src\main\java
[INFO] Will search files to update from root D:\A_ThucNghiem\compiledrepos\46450575\flo-workflow\src\test\java
[INFO] Scan 61 files header done in 99.902ms.
[INFO] All files are up-to-date.
[INFO] 
[INFO] --- resources:3.4.0:resources (default-resources) @ flo-workflow ---
[INFO] skip non existing resourceDirectory D:\A_ThucNghiem\compiledrepos\46450575\flo-workflow\src\main\resources
[INFO] 
[INFO] --- compiler:3.5.1:compile (default-compile) @ flo-workflow ---
[INFO] Changes detected - recompiling the module!
[INFO] Compiling 37 source files to D:\A_ThucNghiem\compiledrepos\46450575\flo-workflow\target\classes
[INFO] 
[INFO] --- resources:3.4.0:testResources (default-testResources) @ flo-workflow ---
[INFO] skip non existing resourceDirectory D:\A_ThucNghiem\compiledrepos\46450575\flo-workflow\src\test\resources
[INFO] 
[INFO] --- compiler:3.5.1:testCompile (default-testCompile) @ flo-workflow ---
[INFO] Changes detected - recompiling the module!
[INFO] Compiling 24 source files to D:\A_ThucNghiem\compiledrepos\46450575\flo-workflow\target\test-classes
01:03:14.603 [main] DEBUG org.trimou.engine.resolver.ReflectionResolver - Initialized [memberCacheMaxSize: 10000]
01:03:14.606 [main] INFO org.trimou.engine.locator.PathTemplateLocator - ClassPathTemplateLocator initialized [virtualPathSeparator: /, defaultFileEncoding: UTF-8]
01:03:14.608 [main] INFO org.trimou.engine.MustacheEngineBuilder - Engine built 2.0.1.Final (2016-05-19)
01:03:14.608 [main] DEBUG org.trimou.engine.MustacheEngineBuilder - Engine configuration: 
[Template locators]
org.trimou.engine.locator.ClassPathTemplateLocator [priority: 1, suffix: mustache, rootPath: null]
----------
[Resolvers]
org.trimou.engine.resolver.MapResolver [priority: 17]
org.trimou.engine.resolver.ReflectionResolver [priority: 11]
----------
[Properties]
org.trimou.engine.config.templateCacheExpirationTimeout=0
org.trimou.engine.config.templateRecursiveInvocationLimit=10
org.trimou.engine.config.removeStandaloneLines=true
org.trimou.engine.config.resolverHintsEnabled=true
org.trimou.engine.config.startDelimiter={{
org.trimou.engine.locator.PathTemplateLocator.virtualPathSeparator=/
org.trimou.engine.config.skipValueEscaping=false
org.trimou.engine.config.endDelimiter=}}
org.trimou.engine.config.cacheSectionLiteralBlock=false
org.trimou.engine.config.defaultFileEncoding=UTF-8
org.trimou.engine.config.reuseLineSeparatorSegments=true
org.trimou.engine.config.removeUnnecessarySegments=true
org.trimou.engine.config.noValueIndicatesProblem=false
org.trimou.engine.config.nestedTemplateSupportEnabled=true
org.trimou.engine.config.templateCacheEnabled=true
org.trimou.engine.resolver.ReflectionResolver.memberCacheMaxSize=10000
org.trimou.engine.config.precompileAllTemplates=false
org.trimou.engine.config.debugMode=false
org.trimou.engine.config.handlebarsSupportEnabled=true
org.trimou.engine.config.iterationMetadataAlias=iter
----------
[WARNING] /D:/A_ThucNghiem/compiledrepos/46450575/flo-workflow/src/test/java/com/spotify/flo/context/ForwardingEvalContextTest.java:[26,26] org.mockito.Matchers in org.mockito has been deprecated
[WARNING] /D:/A_ThucNghiem/compiledrepos/46450575/flo-workflow/src/test/java/com/spotify/flo/context/ForwardingEvalContextTest.java:[26,26] org.mockito.Matchers in org.mockito has been deprecated
[WARNING] /D:/A_ThucNghiem/compiledrepos/46450575/flo-workflow/src/test/java/com/spotify/flo/context/ForwardingEvalContextTest.java:[26,26] org.mockito.Matchers in org.mockito has been deprecated
[WARNING] /D:/A_ThucNghiem/compiledrepos/46450575/flo-workflow/src/test/java/com/spotify/flo/context/ForwardingEvalContextTest.java:[26,26] org.mockito.Matchers in org.mockito has been deprecated
[WARNING] /D:/A_ThucNghiem/compiledrepos/46450575/flo-workflow/src/test/java/com/spotify/flo/ControlledBlockingContext.java:[165,73] unchecked cast
  required: com.spotify.flo.ControlledBlockingContext.Interceptor<T>
  "
2026-07-23T18:04:00+00:00,baseline_scope_build,48046454,hazelcast-jet-core,,,,,,PASS,45.151," ----------------< com.hazelcast.jet:hazelcast-jet-core >----------------
[INFO] Building hazelcast-jet-core 4.6-SNAPSHOT
[INFO] --------------------------------[ jar ]---------------------------------
[INFO] 
[INFO] --- maven-clean-plugin:2.5:clean (default-clean) @ hazelcast-jet-core ---
[INFO] Deleting D:\A_ThucNghiem\compiledrepos\48046454\hazelcast-jet-core\target
[INFO] 
[INFO] --- maven-enforcer-plugin:3.0.0-M3:enforce (enforce-maven) @ hazelcast-jet-core ---
[INFO] 
[INFO] --- maven-checkstyle-plugin:3.1.0:checkstyle (default) @ hazelcast-jet-core ---
[INFO] Starting audit...
Audit done.
[INFO] 
[INFO] --- git-commit-id-plugin:2.1.10:revision (default) @ hazelcast-jet-core ---
[INFO] 
[INFO] --- maven-resources-plugin:3.2.0:resources (default-resources) @ hazelcast-jet-core ---
[INFO] Using 'UTF-8' encoding to copy filtered resources.
[INFO] Using 'UTF-8' encoding to copy filtered properties files.
[INFO] Copying 21 resources
[INFO] Copying 1 resource
[INFO] The encoding used to copy filtered properties files have not been set. This means that the same encoding will be used to copy filtered properties files as when copying other filtered resources. This might not be what you want! Run your build with --debug to see which files might be affected. Read more at https://maven.apache.org/plugins/maven-resources-plugin/examples/filtering-properties-files.html
[INFO] 
[INFO] --- maven-compiler-plugin:3.7.0:compile (default-compile) @ hazelcast-jet-core ---
[INFO] Changes detected - recompiling the module!
[INFO] Compiling 475 source files to D:\A_ThucNghiem\compiledrepos\48046454\hazelcast-jet-core\target\classes
[INFO] /D:/A_ThucNghiem/compiledrepos/48046454/hazelcast-jet-core/src/main/java/com/hazelcast/jet/impl/JobRepository.java: Some input files use or override a deprecated API.
[INFO] /D:/A_ThucNghiem/compiledrepos/48046454/hazelcast-jet-core/src/main/java/com/hazelcast/jet/impl/JobRepository.java: Recompile with -Xlint:deprecation for details.
[INFO] /D:/A_ThucNghiem/compiledrepos/48046454/hazelcast-jet-core/src/main/java/com/hazelcast/jet/impl/util/ImdgUtil.java: Some input files use unchecked or unsafe operations.
[INFO] /D:/A_ThucNghiem/compiledrepos/48046454/hazelcast-jet-core/src/main/java/com/hazelcast/jet/impl/util/ImdgUtil.java: Recompile with -Xlint:unchecked for details.
[INFO] 
[INFO] >>> spotbugs-maven-plugin:4.1.3:check (default) > :spotbugs @ hazelcast-jet-core >>>
[INFO] 
[INFO] --- spotbugs-maven-plugin:4.1.3:spotbugs (spotbugs) @ hazelcast-jet-core ---
[INFO] Fork Value is true
[INFO] Done SpotBugs Analysis....
[INFO] 
[INFO] <<< spotbugs-maven-plugin:4.1.3:check (default) < :spotbugs @ hazelcast-jet-core <<<
[INFO] 
[INFO] 
[INFO] --- spotbugs-maven-plugin:4.1.3:check (default) @ hazelcast-jet-core ---
[INFO] BugInstance size is 0
[INFO] Error size is 0
[INFO] No errors/warnings found
[INFO] 
[INFO] --- maven-resources-plugin:3.2.0:testResources (default-testResources) @ hazelcast-jet-core ---
[INFO] Using 'UTF-8' encoding to copy filtered resources.
[INFO] Using 'UTF-8' encoding to copy filtered properties files.
[INFO] Copying 38 resources
[INFO] 
[INFO] --- maven-compiler-plugin:3.7.0:testCompile (default-testCompile) @ hazelcast-jet-core ---
[INFO] Changes detected - recompiling the module!
[INFO] Compiling 281 source files to D:\A_ThucNghiem\compiledrepos\48046454\hazelcast-jet-core\target\test-classes
[INFO] /D:/A_ThucNghiem/compiledrepos/48046454/hazelcast-jet-core/src/test/java/com/hazelcast/jet/pipeline/StreamSourceStageTestBase.java: Some input files use or override a deprecated API.
[INFO] /D:/A_ThucNghiem/compiledrepos/48046454/hazelcast-jet-core/src/test/java/com/hazelcast/jet/pipeline/StreamSourceStageTestBase.java: Recompile with -Xlint:deprecation for details.
[INFO] /D:/A_ThucNghiem/compiledrepos/48046454/hazelcast-jet-core/src/test/java/com/hazelcast/jet/core/TestUtil.java: Some input files use unchecked or unsafe operations.
[INFO] /D:/A_ThucNghiem/compiledrepos/48046454/hazelcast-j"
2026-07-23T18:04:06+00:00,baseline_scope_build,49384652,niubi-job-framework/niubi-job-core,,,,,,PASS,6.05,"[INFO] Scanning for projects...
[INFO] ------------------------------------------------------------------------
[INFO] Reactor Build Order:
[INFO] 
[INFO] com.zuoxiaolong:niubi-job                                          [pom]
[INFO] com.zuoxiaolong:niubi-job-test                                     [jar]
[INFO] com.zuoxiaolong:niubi-job-framework                                [pom]
[INFO] com.zuoxiaolong:niubi-job-core                                     [jar]
[INFO] 
[INFO] ---------------------< com.zuoxiaolong:niubi-job >----------------------
[INFO] Building com.zuoxiaolong:niubi-job 0.9.6.1-SNAPSHOT                [1/4]
[INFO]   from pom.xml
[INFO] --------------------------------[ pom ]---------------------------------
[INFO] 
[INFO] --- clean:3.2.0:clean (default-clean) @ niubi-job ---
[INFO] 
[INFO] -------------------< com.zuoxiaolong:niubi-job-test >-------------------
[INFO] Building com.zuoxiaolong:niubi-job-test 0.9.6.1-SNAPSHOT           [2/4]
[INFO]   from niubi-job-test\pom.xml
[INFO] --------------------------------[ jar ]---------------------------------
[INFO] 
[INFO] --- clean:3.2.0:clean (default-clean) @ niubi-job-test ---
[INFO] Deleting D:\A_ThucNghiem\compiledrepos\49384652\niubi-job-test\target
[INFO] 
[INFO] --- resources:3.4.0:resources (default-resources) @ niubi-job-test ---
[INFO] skip non existing resourceDirectory D:\A_ThucNghiem\compiledrepos\49384652\niubi-job-test\src\main\resources
[INFO] 
[INFO] --- compiler:3.3:compile (default-compile) @ niubi-job-test ---
[INFO] Changes detected - recompiling the module!
[INFO] Compiling 4 source files to D:\A_ThucNghiem\compiledrepos\49384652\niubi-job-test\target\classes
[INFO] 
[INFO] --- resources:3.4.0:testResources (default-testResources) @ niubi-job-test ---
[INFO] skip non existing resourceDirectory D:\A_ThucNghiem\compiledrepos\49384652\niubi-job-test\src\test\resources
[INFO] 
[INFO] --- compiler:3.3:testCompile (default-testCompile) @ niubi-job-test ---
[INFO] No sources to compile
[INFO] 
[INFO] ----------------< com.zuoxiaolong:niubi-job-framework >-----------------
[INFO] Building com.zuoxiaolong:niubi-job-framework 0.9.6.1-SNAPSHOT      [3/4]
[INFO]   from niubi-job-framework\pom.xml
[INFO] --------------------------------[ pom ]---------------------------------
[INFO] 
[INFO] --- clean:3.2.0:clean (default-clean) @ niubi-job-framework ---
[INFO] 
[INFO] -------------------< com.zuoxiaolong:niubi-job-core >-------------------
[INFO] Building com.zuoxiaolong:niubi-job-core 0.9.6.1-SNAPSHOT           [4/4]
[INFO]   from niubi-job-framework\niubi-job-core\pom.xml
[INFO] --------------------------------[ jar ]---------------------------------
[INFO] 
[INFO] --- clean:3.2.0:clean (default-clean) @ niubi-job-core ---
[INFO] Deleting D:\A_ThucNghiem\compiledrepos\49384652\niubi-job-framework\niubi-job-core\target
[INFO] 
[INFO] --- resources:3.4.0:resources (default-resources) @ niubi-job-core ---
[INFO] skip non existing resourceDirectory D:\A_ThucNghiem\compiledrepos\49384652\niubi-job-framework\niubi-job-core\src\main\resources
[INFO] 
[INFO] --- compiler:3.3:compile (default-compile) @ niubi-job-core ---
[INFO] Changes detected - recompiling the module!
[INFO] Compiling 16 source files to D:\A_ThucNghiem\compiledrepos\49384652\niubi-job-framework\niubi-job-core\target\classes
[INFO] 
[INFO] --- resources:3.4.0:testResources (default-testResources) @ niubi-job-core ---
[INFO] skip non existing resourceDirectory D:\A_ThucNghiem\compiledrepos\49384652\niubi-job-framework\niubi-job-core\src\test\resources
[INFO] 
[INFO] --- compiler:3.3:testCompile (default-testCompile) @ niubi-job-core ---
[INFO] Changes detected - recompiling the module!
[INFO] Compiling 13 source files to D:\A_ThucNghiem\compiledrepos\49384652\niubi-job-framework\niubi-job-core\target\test-classes
[INFO] ------------------------------------------------------------------------
[INFO] Reactor Summary for com.zuoxiaolong:niubi-job 0.9.6.1-SNAPSHOT:
[INFO] 
[INFO] com.zuoxiaol"
2026-07-23T18:04:17+00:00,baseline_scope_build,49384652,niubi-job-framework/niubi-job-service,,,,,,PASS,11.117,"n:3.2.0:clean (default-clean) @ niubi-job-scanner ---
[INFO] Deleting D:\A_ThucNghiem\compiledrepos\49384652\niubi-job-framework\niubi-job-scanner\target
[INFO] 
[INFO] --- resources:3.4.0:resources (default-resources) @ niubi-job-scanner ---
[INFO] skip non existing resourceDirectory D:\A_ThucNghiem\compiledrepos\49384652\niubi-job-framework\niubi-job-scanner\src\main\resources
[INFO] 
[INFO] --- compiler:3.3:compile (default-compile) @ niubi-job-scanner ---
[INFO] Changes detected - recompiling the module!
[INFO] Compiling 13 source files to D:\A_ThucNghiem\compiledrepos\49384652\niubi-job-framework\niubi-job-scanner\target\classes
[INFO] 
[INFO] --- resources:3.4.0:testResources (default-testResources) @ niubi-job-scanner ---
[INFO] skip non existing resourceDirectory D:\A_ThucNghiem\compiledrepos\49384652\niubi-job-framework\niubi-job-scanner\src\test\resources
[INFO] 
[INFO] --- compiler:3.3:testCompile (default-testCompile) @ niubi-job-scanner ---
[INFO] Changes detected - recompiling the module!
[INFO] Compiling 1 source file to D:\A_ThucNghiem\compiledrepos\49384652\niubi-job-framework\niubi-job-scanner\target\test-classes
[INFO] 
[INFO] ----------------< com.zuoxiaolong:niubi-job-persistent >----------------
[INFO] Building com.zuoxiaolong:niubi-job-persistent 0.9.6.1-SNAPSHOT     [7/8]
[INFO]   from niubi-job-framework\niubi-job-persistent\pom.xml
[INFO] --------------------------------[ jar ]---------------------------------
[INFO] 
[INFO] --- clean:3.2.0:clean (default-clean) @ niubi-job-persistent ---
[INFO] Deleting D:\A_ThucNghiem\compiledrepos\49384652\niubi-job-framework\niubi-job-persistent\target
[INFO] 
[INFO] --- resources:3.4.0:resources (default-resources) @ niubi-job-persistent ---
[INFO] Copying 1 resource from src\main\resources to target\classes
[INFO] 
[INFO] --- compiler:3.3:compile (default-compile) @ niubi-job-persistent ---
[INFO] Changes detected - recompiling the module!
[INFO] Compiling 20 source files to D:\A_ThucNghiem\compiledrepos\49384652\niubi-job-framework\niubi-job-persistent\target\classes
[INFO] 
[INFO] --- resources:3.4.0:testResources (default-testResources) @ niubi-job-persistent ---
[INFO] Copying 3 resources from src\test\resources to target\test-classes
[INFO] 
[INFO] --- compiler:3.3:testCompile (default-testCompile) @ niubi-job-persistent ---
[INFO] Changes detected - recompiling the module!
[INFO] Compiling 3 source files to D:\A_ThucNghiem\compiledrepos\49384652\niubi-job-framework\niubi-job-persistent\target\test-classes
[INFO] 
[INFO] -----------------< com.zuoxiaolong:niubi-job-service >------------------
[INFO] Building com.zuoxiaolong:niubi-job-service 0.9.6.1-SNAPSHOT        [8/8]
[INFO]   from niubi-job-framework\niubi-job-service\pom.xml
[INFO] --------------------------------[ jar ]---------------------------------
[INFO] 
[INFO] --- clean:3.2.0:clean (default-clean) @ niubi-job-service ---
[INFO] Deleting D:\A_ThucNghiem\compiledrepos\49384652\niubi-job-framework\niubi-job-service\target
[INFO] 
[INFO] --- resources:3.4.0:resources (default-resources) @ niubi-job-service ---
[INFO] Copying 2 resources from src\main\resources to target\classes
[INFO] 
[INFO] --- compiler:3.3:compile (default-compile) @ niubi-job-service ---
[INFO] Changes detected - recompiling the module!
[INFO] Compiling 29 source files to D:\A_ThucNghiem\compiledrepos\49384652\niubi-job-framework\niubi-job-service\target\classes
[INFO] 
[INFO] --- resources:3.4.0:testResources (default-testResources) @ niubi-job-service ---
[INFO] Copying 4 resources from src\test\resources to target\test-classes
[INFO] 
[INFO] --- compiler:3.3:testCompile (default-testCompile) @ niubi-job-service ---
[INFO] Changes detected - recompiling the module!
[INFO] Compiling 9 source files to D:\A_ThucNghiem\compiledrepos\49384652\niubi-job-framework\niubi-job-service\target\test-classes
[INFO] ------------------------------------------------------------------------
[INFO] Reactor Summary for com.zuoxiaolong:niubi-job "
2026-07-23T18:04:23+00:00,baseline_scope_build,558963,httpcache4j-api,,,,,,PASS,5.555,"[INFO] Scanning for projects...
[INFO] 
[INFO] --------------< org.codehaus.httpcache4j:httpcache4j-api >--------------
[INFO] Building Java HTTP cache :: API 5.2.0-SNAPSHOT
[INFO]   from pom.xml
[INFO] --------------------------------[ jar ]---------------------------------
[INFO] 
[INFO] --- clean:3.2.0:clean (default-clean) @ httpcache4j-api ---
[INFO] Deleting D:\A_ThucNghiem\compiledrepos\558963\httpcache4j-api\target
[INFO] 
[INFO] --- resources:3.1.0:resources (default-resources) @ httpcache4j-api ---
[INFO] Using 'UTF-8' encoding to copy filtered resources.
[INFO] Copying 2 resources
[INFO] 
[INFO] --- compiler:3.8.0:compile (default-compile) @ httpcache4j-api ---
[INFO] Changes detected - recompiling the module!
[INFO] Compiling 92 source files to D:\A_ThucNghiem\compiledrepos\558963\httpcache4j-api\target\classes
[INFO] 
[INFO] --- resources:3.1.0:testResources (default-testResources) @ httpcache4j-api ---
[INFO] Using 'UTF-8' encoding to copy filtered resources.
[INFO] Copying 1 resource
[INFO] 
[INFO] --- compiler:3.8.0:testCompile (default-testCompile) @ httpcache4j-api ---
[INFO] Changes detected - recompiling the module!
[INFO] Compiling 23 source files to D:\A_ThucNghiem\compiledrepos\558963\httpcache4j-api\target\test-classes
[INFO] /D:/A_ThucNghiem/compiledrepos/558963/httpcache4j-api/src/test/java/org/codehaus/httpcache4j/auth/DefaultAuthenticatorTest.java: Some input files use or override a deprecated API.
[INFO] /D:/A_ThucNghiem/compiledrepos/558963/httpcache4j-api/src/test/java/org/codehaus/httpcache4j/auth/DefaultAuthenticatorTest.java: Recompile with -Xlint:deprecation for details.
[INFO] ------------------------------------------------------------------------
[INFO] BUILD SUCCESS
[INFO] ------------------------------------------------------------------------
[INFO] Total time:  2.707 s
[INFO] Finished at: 2026-07-24T01:04:23+07:00
[INFO] ------------------------------------------------------------------------"
2026-07-23T18:04:32+00:00,baseline_scope_build,60578004,elastic-jobx-core,,,,,,PASS,8.697,"[INFO] Scanning for projects...
[INFO] 
[INFO] -------------------< com.dangdang:elastic-jobx-core >-------------------
[INFO] Building elastic-jobx-core 1.0.2
[INFO]   from pom.xml
[INFO] --------------------------------[ jar ]---------------------------------
[INFO] 
[INFO] --- clean:3.2.0:clean (default-clean) @ elastic-jobx-core ---
[INFO] Deleting D:\A_ThucNghiem\compiledrepos\60578004\elastic-jobx-core\target
[INFO] 
[INFO] --- enforcer:1.4:enforce (enforce-banned-dependencies) @ elastic-jobx-core ---
[INFO] 
[INFO] --- resources:2.7:resources (default-resources) @ elastic-jobx-core ---
[INFO] Using 'UTF-8' encoding to copy filtered resources.
[INFO] skip non existing resourceDirectory D:\A_ThucNghiem\compiledrepos\60578004\elastic-jobx-core\src\main\resources
[INFO] 
[INFO] --- compiler:3.3:compile (default-compile) @ elastic-jobx-core ---
[INFO] Changes detected - recompiling the module!
[INFO] Compiling 106 source files to D:\A_ThucNghiem\compiledrepos\60578004\elastic-jobx-core\target\classes
[INFO] 
[INFO] --- resources:2.7:testResources (default-testResources) @ elastic-jobx-core ---
[INFO] Using 'UTF-8' encoding to copy filtered resources.
[INFO] Copying 3 resources
[INFO] 
[INFO] --- compiler:3.3:testCompile (default-testCompile) @ elastic-jobx-core ---
[INFO] Changes detected - recompiling the module!
[INFO] Compiling 127 source files to D:\A_ThucNghiem\compiledrepos\60578004\elastic-jobx-core\target\test-classes
[INFO] ------------------------------------------------------------------------
[INFO] BUILD SUCCESS
[INFO] ------------------------------------------------------------------------
[INFO] Total time:  5.753 s
[INFO] Finished at: 2026-07-24T01:04:32+07:00
[INFO] ------------------------------------------------------------------------"
2026-07-23T18:04:37+00:00,baseline_scope_build,61565876,injector,,,,,,PASS,5.718,"[INFO] Scanning for projects...
[INFO] 
[INFO] --------------------------< ch.jalu:injector >--------------------------
[INFO] Building injector 1.1-SNAPSHOT
[INFO]   from pom.xml
[INFO] --------------------------------[ jar ]---------------------------------
[INFO] 
[INFO] --- clean:3.2.0:clean (default-clean) @ injector ---
[INFO] Deleting D:\A_ThucNghiem\compiledrepos\61565876\injector\target
[INFO] 
[INFO] --- jacoco:0.8.14:prepare-agent (prepare-agent) @ injector ---
[INFO] argLine set to -javaagent:C:\\Users\\admin\\.m2\\repository\\org\\jacoco\\org.jacoco.agent\\0.8.14\\org.jacoco.agent-0.8.14-runtime.jar=destfile=D:\\A_ThucNghiem\\compiledrepos\\61565876\\injector\\target\\jacoco.exec
[INFO] 
[INFO] --- resources:3.4.0:resources (default-resources) @ injector ---
[INFO] skip non existing resourceDirectory D:\A_ThucNghiem\compiledrepos\61565876\injector\src\main\resources
[INFO] 
[INFO] --- compiler:3.14.1:compile (default-compile) @ injector ---
[INFO] Recompiling the module because of changed source code.
[INFO] Compiling 46 source files with javac [debug target 1.8] to target\classes
[INFO] /D:/A_ThucNghiem/compiledrepos/61565876/injector/src/main/java/ch/jalu/injector/testing/DelayedInjectionExtension.java: Some input files use or override a deprecated API.
[INFO] /D:/A_ThucNghiem/compiledrepos/61565876/injector/src/main/java/ch/jalu/injector/testing/DelayedInjectionExtension.java: Recompile with -Xlint:deprecation for details.
[INFO] /D:/A_ThucNghiem/compiledrepos/61565876/injector/src/main/java/ch/jalu/injector/InjectorImpl.java: Some input files use unchecked or unsafe operations.
[INFO] /D:/A_ThucNghiem/compiledrepos/61565876/injector/src/main/java/ch/jalu/injector/InjectorImpl.java: Recompile with -Xlint:unchecked for details.
[INFO] 
[INFO] --- resources:3.4.0:testResources (default-testResources) @ injector ---
[INFO] skip non existing resourceDirectory D:\A_ThucNghiem\compiledrepos\61565876\injector\src\test\resources
[INFO] 
[INFO] --- compiler:3.14.1:testCompile (default-testCompile) @ injector ---
[INFO] Recompiling the module because of changed dependency.
[INFO] Compiling 91 source files with javac [debug target 1.8] to target\test-classes
[WARNING] /D:/A_ThucNghiem/compiledrepos/61565876/injector/src/test/java/ch/jalu/injector/utils/InjectorUtilsTest.java:[159,59] non-varargs call of varargs method with inexact argument type for last parameter;
  cast to java.lang.Object for a varargs call
  cast to java.lang.Object[] for a non-varargs call and to suppress this warning
[WARNING] /D:/A_ThucNghiem/compiledrepos/61565876/injector/src/test/java/ch/jalu/injector/utils/InjectorUtilsTest.java:[160,59] non-varargs call of varargs method with inexact argument type for last parameter;
  cast to java.lang.Object for a varargs call
  cast to java.lang.Object[] for a non-varargs call and to suppress this warning
[WARNING] /D:/A_ThucNghiem/compiledrepos/61565876/injector/src/test/java/ch/jalu/injector/utils/InjectorUtilsTest.java:[161,59] non-varargs call of varargs method with inexact argument type for last parameter;
  cast to java.lang.Object for a varargs call
  cast to java.lang.Object[] for a non-varargs call and to suppress this warning
[INFO] /D:/A_ThucNghiem/compiledrepos/61565876/injector/src/test/java/ch/jalu/injector/testing/runner/MockDependencyHandlerTest.java: Some input files use or override a deprecated API.
[INFO] /D:/A_ThucNghiem/compiledrepos/61565876/injector/src/test/java/ch/jalu/injector/testing/runner/MockDependencyHandlerTest.java: Recompile with -Xlint:deprecation for details.
[INFO] /D:/A_ThucNghiem/compiledrepos/61565876/injector/src/test/java/ch/jalu/injector/InjectorImplTest.java: Some input files use unchecked or unsafe operations.
[INFO] /D:/A_ThucNghiem/compiledrepos/61565876/injector/src/test/java/ch/jalu/injector/InjectorImplTest.java: Recompile with -Xlint:unchecked for details.
[INFO] ------------------------------------------------------------------------
[INFO] BUILD SUCCESS
[I"
2026-07-23T18:05:02+00:00,baseline_scope_build,6293402,server,,,,,,PASS,24.349,"[INFO] Scanning for projects...
[INFO] 
[INFO] ----------------------< com.vaadin:vaadin-server >----------------------
[INFO] Building vaadin-server 8.14-SNAPSHOT
[INFO]   from pom.xml
[INFO] --------------------------------[ jar ]---------------------------------
[WARNING] Parameter 'overWrite' is unknown for plugin 'maven-dependency-plugin:3.0.1:unpack-dependencies (copy-font-icons)'
[INFO] 
[INFO] --- clean:3.0.0:clean (default-clean) @ vaadin-server ---
[INFO] Deleting D:\A_ThucNghiem\compiledrepos\6293402\server\target
[INFO] 
[INFO] --- flatten:1.4.1:clean (flatten-clean) @ vaadin-server ---
[INFO] Deleting D:\A_ThucNghiem\compiledrepos\6293402\server\.flattened-pom.xml
[INFO] 
[INFO] --- build-helper:1.10:parse-version (parse-version) @ vaadin-server ---
[INFO] 
[INFO] --- dependency:3.0.1:unpack-dependencies (copy-font-icons) @ vaadin-server ---
[INFO] Unpacking C:\Users\admin\.m2\repository\com\vaadin\vaadin-icons\3.0.2\vaadin-icons-3.0.2.jar to D:\A_ThucNghiem\compiledrepos\6293402\server\target\vaadin-icons with includes ""com/vaadin/icons/VaadinIcons.java"" and excludes """"
[INFO] 
[INFO] --- build-helper:1.10:add-source (add-source) @ vaadin-server ---
[INFO] Source directory: D:\A_ThucNghiem\compiledrepos\6293402\server\target\vaadin-icons added.
[INFO] 
[INFO] --- checkstyle:2.17:checkstyle (default) @ vaadin-server ---
[INFO] 
[INFO] --- build-helper:1.10:add-resource (add-dependency-resources) @ vaadin-server ---
[INFO] 
[INFO] --- resources:2.6:resources (default-resources) @ vaadin-server ---
[INFO] Using 'UTF-8' encoding to copy filtered resources.
[INFO] Copying 4 resources
[INFO] skip non existing resourceDirectory D:\A_ThucNghiem\compiledrepos\6293402\server\target\dependency-unpack
[INFO] 
[INFO] --- flatten:1.4.1:flatten (flatten) @ vaadin-server ---
[INFO] Generating flattened POM of project com.vaadin:vaadin-server:jar:8.14-SNAPSHOT...
[INFO] 
[INFO] --- resources:2.6:copy-resources (copy-sources) @ vaadin-server ---
[INFO] Using 'UTF-8' encoding to copy filtered resources.
[INFO] Copying 4 resources
[INFO] Copying 554 resources
[INFO] Copying 1 resource
[INFO] 
[INFO] --- compiler:3.5.1:compile (default-compile) @ vaadin-server ---
[INFO] Changes detected - recompiling the module!
[INFO] Compiling 555 source files to D:\A_ThucNghiem\compiledrepos\6293402\server\target\classes
[INFO] /D:/A_ThucNghiem/compiledrepos/6293402/server/src/main/java/com/vaadin/ui/Component.java: Some input files use or override a deprecated API.
[INFO] /D:/A_ThucNghiem/compiledrepos/6293402/server/src/main/java/com/vaadin/ui/Component.java: Recompile with -Xlint:deprecation for details.
[INFO] /D:/A_ThucNghiem/compiledrepos/6293402/server/src/main/java/com/vaadin/server/AbstractClientConnector.java: Some input files use unchecked or unsafe operations.
[INFO] /D:/A_ThucNghiem/compiledrepos/6293402/server/src/main/java/com/vaadin/server/AbstractClientConnector.java: Recompile with -Xlint:unchecked for details.
[INFO] 
[INFO] --- bnd:3.5.0:bnd-process (default) @ vaadin-server ---
[WARNING] D:\A_ThucNghiem\compiledrepos\6293402\server\bnd.bnd [0:0]: Invalid package name: 'com.vaadin.ui.doc-files'
[INFO] 
[INFO] --- resources:2.6:testResources (default-testResources) @ vaadin-server ---
[INFO] Using 'UTF-8' encoding to copy filtered resources.
[INFO] Copying 14 resources
[INFO] 
[INFO] --- compiler:3.5.1:testCompile (default-testCompile) @ vaadin-server ---
[INFO] Changes detected - recompiling the module!
[INFO] Compiling 406 source files to D:\A_ThucNghiem\compiledrepos\6293402\server\target\test-classes
[INFO] /D:/A_ThucNghiem/compiledrepos/6293402/server/src/test/java/com/vaadin/tests/design/DeclarativeTestBase.java: Some input files use or override a deprecated API.
[INFO] /D:/A_ThucNghiem/compiledrepos/6293402/server/src/test/java/com/vaadin/tests/design/DeclarativeTestBase.java: Recompile with -Xlint:deprecation for details.
[INFO] /D:/A_ThucNghiem/compiledrepos/6293402/server/src/test/java/com/vaadin/tests/design/Declarat"
2026-07-23T18:05:07+00:00,baseline_scope_build,6437134,enav-model,,,,,,PASS,5.331,"[INFO] Scanning for projects...
[INFO] ------------------------------------------------------------------------
[INFO] Reactor Build Order:
[INFO] 
[INFO] eNav Parent                                                        [pom]
[INFO] eNav Util                                                          [jar]
[INFO] eNav Model                                                         [jar]
[INFO] 
[INFO] ----------------------< dk.dma.enav:enav-parent >-----------------------
[INFO] Building eNav Parent 0.6-SNAPSHOT                                  [1/3]
[INFO]   from pom.xml
[INFO] --------------------------------[ pom ]---------------------------------
[INFO] 
[INFO] --- clean:2.5:clean (default-clean) @ enav-parent ---
[INFO] 
[INFO] --- enforcer:3.0.0-M2:enforce (enforce-maven) @ enav-parent ---
[INFO] 
[INFO] -----------------------< dk.dma.enav:enav-util >------------------------
[INFO] Building eNav Util 0.6-SNAPSHOT                                    [2/3]
[INFO]   from enav-util\pom.xml
[INFO] --------------------------------[ jar ]---------------------------------
[INFO] 
[INFO] --- clean:2.5:clean (default-clean) @ enav-util ---
[INFO] Deleting D:\A_ThucNghiem\compiledrepos\6437134\enav-util\target
[INFO] 
[INFO] --- enforcer:3.0.0-M2:enforce (enforce-maven) @ enav-util ---
[INFO] 
[INFO] --- resources:3.4.0:resources (default-resources) @ enav-util ---
[INFO] skip non existing resourceDirectory D:\A_ThucNghiem\compiledrepos\6437134\enav-util\src\main\resources
[INFO] 
[INFO] --- compiler:3.1:compile (default-compile) @ enav-util ---
[INFO] Changes detected - recompiling the module!
[INFO] Compiling 8 source files to D:\A_ThucNghiem\compiledrepos\6437134\enav-util\target\classes
[INFO] 
[INFO] --- resources:3.4.0:testResources (default-testResources) @ enav-util ---
[INFO] skip non existing resourceDirectory D:\A_ThucNghiem\compiledrepos\6437134\enav-util\src\test\resources
[INFO] 
[INFO] --- compiler:3.1:testCompile (default-testCompile) @ enav-util ---
[INFO] Changes detected - recompiling the module!
[INFO] Compiling 3 source files to D:\A_ThucNghiem\compiledrepos\6437134\enav-util\target\test-classes
[INFO] 
[INFO] -----------------------< dk.dma.enav:enav-model >-----------------------
[INFO] Building eNav Model 0.6-SNAPSHOT                                   [3/3]
[INFO]   from enav-model\pom.xml
[INFO] --------------------------------[ jar ]---------------------------------
[INFO] 
[INFO] --- clean:2.5:clean (default-clean) @ enav-model ---
[INFO] Deleting D:\A_ThucNghiem\compiledrepos\6437134\enav-model\target
[INFO] 
[INFO] --- enforcer:3.0.0-M2:enforce (enforce-maven) @ enav-model ---
[INFO] 
[INFO] --- resources:3.4.0:resources (default-resources) @ enav-model ---
[INFO] Copying 1 resource from src\main\resources to target\classes
[INFO] 
[INFO] --- compiler:3.1:compile (default-compile) @ enav-model ---
[INFO] Changes detected - recompiling the module!
[INFO] Compiling 64 source files to D:\A_ThucNghiem\compiledrepos\6437134\enav-model\target\classes
[INFO] 
[INFO] --- resources:3.4.0:testResources (default-testResources) @ enav-model ---
[INFO] skip non existing resourceDirectory D:\A_ThucNghiem\compiledrepos\6437134\enav-model\src\test\resources
[INFO] 
[INFO] --- compiler:3.1:testCompile (default-testCompile) @ enav-model ---
[INFO] Changes detected - recompiling the module!
[INFO] Compiling 6 source files to D:\A_ThucNghiem\compiledrepos\6437134\enav-model\target\test-classes
[INFO] ------------------------------------------------------------------------
[INFO] Reactor Summary for eNav Parent 0.6-SNAPSHOT:
[INFO] 
[INFO] eNav Parent ........................................ SUCCESS [  0.499 s]
[INFO] eNav Util .......................................... SUCCESS [  0.951 s]
[INFO] eNav Model ......................................... SUCCESS [  0.748 s]
[INFO] ------------------------------------------------------------------------
[INFO] BUILD SUCCESS
[INFO] ---------------------------------------------------"
2026-07-23T18:05:13+00:00,baseline_scope_build,6437134,enav-serialization,,,,,,PASS,6.211,"NFO] 
[INFO] --- clean:2.5:clean (default-clean) @ enav-parent ---
[INFO] 
[INFO] --- enforcer:3.0.0-M2:enforce (enforce-maven) @ enav-parent ---
[INFO] 
[INFO] -----------------------< dk.dma.enav:enav-util >------------------------
[INFO] Building eNav Util 0.6-SNAPSHOT                                    [2/4]
[INFO]   from enav-util\pom.xml
[INFO] --------------------------------[ jar ]---------------------------------
[INFO] 
[INFO] --- clean:2.5:clean (default-clean) @ enav-util ---
[INFO] Deleting D:\A_ThucNghiem\compiledrepos\6437134\enav-util\target
[INFO] 
[INFO] --- enforcer:3.0.0-M2:enforce (enforce-maven) @ enav-util ---
[INFO] 
[INFO] --- resources:3.4.0:resources (default-resources) @ enav-util ---
[INFO] skip non existing resourceDirectory D:\A_ThucNghiem\compiledrepos\6437134\enav-util\src\main\resources
[INFO] 
[INFO] --- compiler:3.1:compile (default-compile) @ enav-util ---
[INFO] Changes detected - recompiling the module!
[INFO] Compiling 8 source files to D:\A_ThucNghiem\compiledrepos\6437134\enav-util\target\classes
[INFO] 
[INFO] --- resources:3.4.0:testResources (default-testResources) @ enav-util ---
[INFO] skip non existing resourceDirectory D:\A_ThucNghiem\compiledrepos\6437134\enav-util\src\test\resources
[INFO] 
[INFO] --- compiler:3.1:testCompile (default-testCompile) @ enav-util ---
[INFO] Changes detected - recompiling the module!
[INFO] Compiling 3 source files to D:\A_ThucNghiem\compiledrepos\6437134\enav-util\target\test-classes
[INFO] 
[INFO] -----------------------< dk.dma.enav:enav-model >-----------------------
[INFO] Building eNav Model 0.6-SNAPSHOT                                   [3/4]
[INFO]   from enav-model\pom.xml
[INFO] --------------------------------[ jar ]---------------------------------
[INFO] 
[INFO] --- clean:2.5:clean (default-clean) @ enav-model ---
[INFO] Deleting D:\A_ThucNghiem\compiledrepos\6437134\enav-model\target
[INFO] 
[INFO] --- enforcer:3.0.0-M2:enforce (enforce-maven) @ enav-model ---
[INFO] 
[INFO] --- resources:3.4.0:resources (default-resources) @ enav-model ---
[INFO] Copying 1 resource from src\main\resources to target\classes
[INFO] 
[INFO] --- compiler:3.1:compile (default-compile) @ enav-model ---
[INFO] Changes detected - recompiling the module!
[INFO] Compiling 64 source files to D:\A_ThucNghiem\compiledrepos\6437134\enav-model\target\classes
[INFO] 
[INFO] --- resources:3.4.0:testResources (default-testResources) @ enav-model ---
[INFO] skip non existing resourceDirectory D:\A_ThucNghiem\compiledrepos\6437134\enav-model\src\test\resources
[INFO] 
[INFO] --- compiler:3.1:testCompile (default-testCompile) @ enav-model ---
[INFO] Changes detected - recompiling the module!
[INFO] Compiling 6 source files to D:\A_ThucNghiem\compiledrepos\6437134\enav-model\target\test-classes
[INFO] 
[INFO] -------------------< dk.dma.enav:enav-serialization >-------------------
[INFO] Building eNav Serialization 0.6-SNAPSHOT                           [4/4]
[INFO]   from enav-serialization\pom.xml
[INFO] --------------------------------[ jar ]---------------------------------
[INFO] 
[INFO] --- clean:2.5:clean (default-clean) @ enav-serialization ---
[INFO] Deleting D:\A_ThucNghiem\compiledrepos\6437134\enav-serialization\target
[INFO] 
[INFO] --- enforcer:3.0.0-M2:enforce (enforce-maven) @ enav-serialization ---
[INFO] 
[INFO] --- resources:3.4.0:resources (default-resources) @ enav-serialization ---
[INFO] skip non existing resourceDirectory D:\A_ThucNghiem\compiledrepos\6437134\enav-serialization\src\main\resources
[INFO] 
[INFO] --- compiler:3.1:compile (default-compile) @ enav-serialization ---
[INFO] Changes detected - recompiling the module!
[INFO] Compiling 8 source files to D:\A_ThucNghiem\compiledrepos\6437134\enav-serialization\target\classes
[INFO] 
[INFO] --- resources:3.4.0:testResources (default-testResources) @ enav-serialization ---
[INFO] Copying 8 resources from src\test\resources to target\test-classes
[INFO] 
[INFO] --- compiler:3.1:testCompile (def"
2026-07-23T18:05:18+00:00,baseline_scope_build,6437134,enav-util,,,,,,PASS,4.596,"[INFO] Scanning for projects...
[INFO] 
[INFO] -----------------------< dk.dma.enav:enav-util >------------------------
[INFO] Building eNav Util 0.6-SNAPSHOT
[INFO]   from pom.xml
[INFO] --------------------------------[ jar ]---------------------------------
[INFO] 
[INFO] --- clean:2.5:clean (default-clean) @ enav-util ---
[INFO] Deleting D:\A_ThucNghiem\compiledrepos\6437134\enav-util\target
[INFO] 
[INFO] --- enforcer:3.0.0-M2:enforce (enforce-maven) @ enav-util ---
[INFO] 
[INFO] --- resources:3.4.0:resources (default-resources) @ enav-util ---
[INFO] skip non existing resourceDirectory D:\A_ThucNghiem\compiledrepos\6437134\enav-util\src\main\resources
[INFO] 
[INFO] --- compiler:3.1:compile (default-compile) @ enav-util ---
[INFO] Changes detected - recompiling the module!
[INFO] Compiling 8 source files to D:\A_ThucNghiem\compiledrepos\6437134\enav-util\target\classes
[INFO] 
[INFO] --- resources:3.4.0:testResources (default-testResources) @ enav-util ---
[INFO] skip non existing resourceDirectory D:\A_ThucNghiem\compiledrepos\6437134\enav-util\src\test\resources
[INFO] 
[INFO] --- compiler:3.1:testCompile (default-testCompile) @ enav-util ---
[INFO] Changes detected - recompiling the module!
[INFO] Compiling 3 source files to D:\A_ThucNghiem\compiledrepos\6437134\enav-util\target\test-classes
[INFO] ------------------------------------------------------------------------
[INFO] BUILD SUCCESS
[INFO] ------------------------------------------------------------------------
[INFO] Total time:  1.876 s
[INFO] Finished at: 2026-07-24T01:05:18+07:00
[INFO] ------------------------------------------------------------------------"
2026-07-23T18:05:25+00:00,baseline_scope_build,64487983,bridge,,,,,,PASS,6.761,"[INFO] Scanning for projects...
[WARNING] 
[WARNING] Some problems were encountered while building the effective model for com.iluwatar:bridge:jar:1.12.0-SNAPSHOT
[WARNING] 'build.plugins.plugin.(groupId:artifactId)' must be unique but found duplicate declaration of plugin org.jacoco:jacoco-maven-plugin @ com.iluwatar:java-design-patterns:1.12.0-SNAPSHOT, D:\A_ThucNghiem\compiledrepos\64487983\pom.xml, line 338, column 12
[WARNING] 
[WARNING] It is highly recommended to fix these problems because they threaten the stability of your build.
[WARNING] 
[WARNING] For this reason, future Maven versions might no longer support building such malformed projects.
[WARNING] 
[INFO] 
[INFO] ------------------------< com.iluwatar:bridge >-------------------------
[INFO] Building bridge 1.12.0-SNAPSHOT
[INFO]   from pom.xml
[INFO] --------------------------------[ jar ]---------------------------------
[INFO] 
[INFO] --- clean:3.2.0:clean (default-clean) @ bridge ---
[INFO] Deleting D:\A_ThucNghiem\compiledrepos\64487983\bridge\target
[INFO] 
[INFO] --- checkstyle:2.17:check (validate) @ bridge ---
[INFO] Starting audit...
Audit done.
[INFO] 
[INFO] --- jacoco:0.7.5.201505241946:prepare-agent (prepare-agent) @ bridge ---
[INFO] argLine set to -javaagent:C:\\Users\\admin\\.m2\\repository\\org\\jacoco\\org.jacoco.agent\\0.7.5.201505241946\\org.jacoco.agent-0.7.5.201505241946-runtime.jar=destfile=D:\\A_ThucNghiem\\compiledrepos\\64487983\\bridge\\target\\jacoco.exec,excludes=domainapp/dom/modules/simple/QSimpleObject.class
[INFO] 
[INFO] --- jacoco:0.7.5.201505241946:prepare-agent (default) @ bridge ---
[INFO] argLine set to -javaagent:C:\\Users\\admin\\.m2\\repository\\org\\jacoco\\org.jacoco.agent\\0.7.5.201505241946\\org.jacoco.agent-0.7.5.201505241946-runtime.jar=destfile=D:\\A_ThucNghiem\\compiledrepos\\64487983\\bridge\\target\\jacoco.exec,excludes=domainapp/dom/modules/simple/QSimpleObject.class
[INFO] 
[INFO] --- resources:3.4.0:resources (default-resources) @ bridge ---
[INFO] skip non existing resourceDirectory D:\A_ThucNghiem\compiledrepos\64487983\bridge\src\main\resources
[INFO] 
[INFO] --- compiler:3.0:compile (default-compile) @ bridge ---
[INFO] Changes detected - recompiling the module!
[INFO] Compiling 12 source files to D:\A_ThucNghiem\compiledrepos\64487983\bridge\target\classes
[INFO] 
[INFO] --- resources:3.4.0:testResources (default-testResources) @ bridge ---
[INFO] skip non existing resourceDirectory D:\A_ThucNghiem\compiledrepos\64487983\bridge\src\test\resources
[INFO] 
[INFO] --- compiler:3.0:testCompile (default-testCompile) @ bridge ---
[INFO] Changes detected - recompiling the module!
[INFO] Compiling 5 source files to D:\A_ThucNghiem\compiledrepos\64487983\bridge\target\test-classes
[INFO] ------------------------------------------------------------------------
[INFO] BUILD SUCCESS
[INFO] ------------------------------------------------------------------------
[INFO] Total time:  4.123 s
[INFO] Finished at: 2026-07-24T01:05:25+07:00
[INFO] ------------------------------------------------------------------------"
2026-07-23T18:05:32+00:00,baseline_scope_build,64487983,dependency-injection,,,,,,PASS,7.262,"[INFO] Scanning for projects...
[WARNING] 
[WARNING] Some problems were encountered while building the effective model for com.iluwatar:dependency-injection:jar:1.12.0-SNAPSHOT
[WARNING] 'build.plugins.plugin.(groupId:artifactId)' must be unique but found duplicate declaration of plugin org.jacoco:jacoco-maven-plugin @ com.iluwatar:java-design-patterns:1.12.0-SNAPSHOT, D:\A_ThucNghiem\compiledrepos\64487983\pom.xml, line 338, column 12
[WARNING] 
[WARNING] It is highly recommended to fix these problems because they threaten the stability of your build.
[WARNING] 
[WARNING] For this reason, future Maven versions might no longer support building such malformed projects.
[WARNING] 
[INFO] 
[INFO] -----------------< com.iluwatar:dependency-injection >------------------
[INFO] Building dependency-injection 1.12.0-SNAPSHOT
[INFO]   from pom.xml
[INFO] --------------------------------[ jar ]---------------------------------
[INFO] 
[INFO] --- clean:3.2.0:clean (default-clean) @ dependency-injection ---
[INFO] Deleting D:\A_ThucNghiem\compiledrepos\64487983\dependency-injection\target
[INFO] 
[INFO] --- checkstyle:2.17:check (validate) @ dependency-injection ---
[INFO] Starting audit...
Audit done.
[INFO] 
[INFO] --- jacoco:0.7.5.201505241946:prepare-agent (prepare-agent) @ dependency-injection ---
[INFO] argLine set to -javaagent:C:\\Users\\admin\\.m2\\repository\\org\\jacoco\\org.jacoco.agent\\0.7.5.201505241946\\org.jacoco.agent-0.7.5.201505241946-runtime.jar=destfile=D:\\A_ThucNghiem\\compiledrepos\\64487983\\dependency-injection\\target\\jacoco.exec,excludes=domainapp/dom/modules/simple/QSimpleObject.class
[INFO] 
[INFO] --- jacoco:0.7.5.201505241946:prepare-agent (default) @ dependency-injection ---
[INFO] argLine set to -javaagent:C:\\Users\\admin\\.m2\\repository\\org\\jacoco\\org.jacoco.agent\\0.7.5.201505241946\\org.jacoco.agent-0.7.5.201505241946-runtime.jar=destfile=D:\\A_ThucNghiem\\compiledrepos\\64487983\\dependency-injection\\target\\jacoco.exec,excludes=domainapp/dom/modules/simple/QSimpleObject.class
[INFO] 
[INFO] --- resources:3.4.0:resources (default-resources) @ dependency-injection ---
[INFO] skip non existing resourceDirectory D:\A_ThucNghiem\compiledrepos\64487983\dependency-injection\src\main\resources
[INFO] 
[INFO] --- compiler:3.0:compile (default-compile) @ dependency-injection ---
[INFO] Changes detected - recompiling the module!
[INFO] Compiling 10 source files to D:\A_ThucNghiem\compiledrepos\64487983\dependency-injection\target\classes
[INFO] 
[INFO] --- resources:3.4.0:testResources (default-testResources) @ dependency-injection ---
[INFO] skip non existing resourceDirectory D:\A_ThucNghiem\compiledrepos\64487983\dependency-injection\src\test\resources
[INFO] 
[INFO] --- compiler:3.0:testCompile (default-testCompile) @ dependency-injection ---
[INFO] Changes detected - recompiling the module!
[INFO] Compiling 5 source files to D:\A_ThucNghiem\compiledrepos\64487983\dependency-injection\target\test-classes
[INFO] ------------------------------------------------------------------------
[INFO] BUILD SUCCESS
[INFO] ------------------------------------------------------------------------
[INFO] Total time:  4.157 s
[INFO] Finished at: 2026-07-24T01:05:32+07:00
[INFO] ------------------------------------------------------------------------"
2026-07-23T18:05:40+00:00,baseline_scope_build,64487983,hexagonal,,,,,,PASS,7.771,"[INFO] Scanning for projects...
[WARNING] 
[WARNING] Some problems were encountered while building the effective model for com.iluwatar:hexagonal:jar:1.12.0-SNAPSHOT
[WARNING] 'build.plugins.plugin.(groupId:artifactId)' must be unique but found duplicate declaration of plugin org.jacoco:jacoco-maven-plugin @ com.iluwatar:java-design-patterns:1.12.0-SNAPSHOT, D:\A_ThucNghiem\compiledrepos\64487983\pom.xml, line 338, column 12
[WARNING] 
[WARNING] It is highly recommended to fix these problems because they threaten the stability of your build.
[WARNING] 
[WARNING] For this reason, future Maven versions might no longer support building such malformed projects.
[WARNING] 
[INFO] 
[INFO] -----------------------< com.iluwatar:hexagonal >-----------------------
[INFO] Building hexagonal 1.12.0-SNAPSHOT
[INFO]   from pom.xml
[INFO] --------------------------------[ jar ]---------------------------------
[INFO] 
[INFO] --- clean:3.2.0:clean (default-clean) @ hexagonal ---
[INFO] Deleting D:\A_ThucNghiem\compiledrepos\64487983\hexagonal\target
[INFO] 
[INFO] --- checkstyle:2.17:check (validate) @ hexagonal ---
[INFO] Starting audit...
Audit done.
[INFO] 
[INFO] --- jacoco:0.7.5.201505241946:prepare-agent (prepare-agent) @ hexagonal ---
[INFO] argLine set to -javaagent:C:\\Users\\admin\\.m2\\repository\\org\\jacoco\\org.jacoco.agent\\0.7.5.201505241946\\org.jacoco.agent-0.7.5.201505241946-runtime.jar=destfile=D:\\A_ThucNghiem\\compiledrepos\\64487983\\hexagonal\\target\\jacoco.exec,excludes=domainapp/dom/modules/simple/QSimpleObject.class
[INFO] 
[INFO] --- jacoco:0.7.5.201505241946:prepare-agent (default) @ hexagonal ---
[INFO] argLine set to -javaagent:C:\\Users\\admin\\.m2\\repository\\org\\jacoco\\org.jacoco.agent\\0.7.5.201505241946\\org.jacoco.agent-0.7.5.201505241946-runtime.jar=destfile=D:\\A_ThucNghiem\\compiledrepos\\64487983\\hexagonal\\target\\jacoco.exec,excludes=domainapp/dom/modules/simple/QSimpleObject.class
[INFO] 
[INFO] --- resources:3.4.0:resources (default-resources) @ hexagonal ---
[INFO] skip non existing resourceDirectory D:\A_ThucNghiem\compiledrepos\64487983\hexagonal\src\main\resources
[INFO] 
[INFO] --- compiler:3.0:compile (default-compile) @ hexagonal ---
[INFO] Changes detected - recompiling the module!
[INFO] Compiling 17 source files to D:\A_ThucNghiem\compiledrepos\64487983\hexagonal\target\classes
[INFO] 
[INFO] --- resources:3.4.0:testResources (default-testResources) @ hexagonal ---
[INFO] skip non existing resourceDirectory D:\A_ThucNghiem\compiledrepos\64487983\hexagonal\src\test\resources
[INFO] 
[INFO] --- compiler:3.0:testCompile (default-testCompile) @ hexagonal ---
[INFO] Changes detected - recompiling the module!
[INFO] Compiling 9 source files to D:\A_ThucNghiem\compiledrepos\64487983\hexagonal\target\test-classes
[INFO] ------------------------------------------------------------------------
[INFO] BUILD SUCCESS
[INFO] ------------------------------------------------------------------------
[INFO] Total time:  4.825 s
[INFO] Finished at: 2026-07-24T01:05:40+07:00
[INFO] ------------------------------------------------------------------------"
2026-07-23T18:05:50+00:00,baseline_scope_build,66303306,event,,,,,,PASS,10.695,"wner/OstrichOwnerGroup.java:[165,50] unchecked cast
  required: T
  found:    com.google.common.util.concurrent.Service
[WARNING] /D:/A_ThucNghiem/compiledrepos/66303306/event/src/main/java/com/bazaarvoice/emodb/event/core/ClosedClaimSetException.java:[3,8] serializable class com.bazaarvoice.emodb.event.core.ClosedClaimSetException has no definition of serialVersionUID
[WARNING] /D:/A_ThucNghiem/compiledrepos/66303306/event/src/main/java/com/bazaarvoice/emodb/event/db/astyanax/AstyanaxManifestPersister.java:[131,29] propagate(java.lang.Throwable) in com.google.common.base.Throwables has been deprecated
[WARNING] /D:/A_ThucNghiem/compiledrepos/66303306/event/src/main/java/com/bazaarvoice/emodb/event/db/astyanax/BatchUpdate.java:[87,29] propagate(java.lang.Throwable) in com.google.common.base.Throwables has been deprecated
[WARNING] /D:/A_ThucNghiem/compiledrepos/66303306/event/src/main/java/com/bazaarvoice/emodb/sortedq/db/astyanax/AstyanaxQueueDAO.java:[233,29] propagate(java.lang.Throwable) in com.google.common.base.Throwables has been deprecated
[WARNING] /D:/A_ThucNghiem/compiledrepos/66303306/event/src/main/java/com/bazaarvoice/emodb/sortedq/core/PersistentSortedQueue.java:[290,29] propagate(java.lang.Throwable) in com.google.common.base.Throwables has been deprecated
[WARNING] /D:/A_ThucNghiem/compiledrepos/66303306/event/src/main/java/com/bazaarvoice/emodb/sortedq/core/PersistentSortedQueue.java:[626,74] serializable class <anonymous com.bazaarvoice.emodb.sortedq.core.PersistentSortedQueue$3> has no definition of serialVersionUID
[WARNING] /D:/A_ThucNghiem/compiledrepos/66303306/event/src/main/java/com/bazaarvoice/emodb/sortedq/core/Segment.java:[92,29] propagate(java.lang.Throwable) in com.google.common.base.Throwables has been deprecated
[WARNING] /D:/A_ThucNghiem/compiledrepos/66303306/event/src/main/java/com/bazaarvoice/emodb/sortedq/core/Segment.java:[119,29] propagate(java.lang.Throwable) in com.google.common.base.Throwables has been deprecated
[INFO] 
[INFO] --- resources:3.2.0:testResources (default-testResources) @ emodb-event ---
[INFO] Using 'UTF-8' encoding to copy filtered resources.
[INFO] Using 'UTF-8' encoding to copy filtered properties files.
[INFO] Copying 0 resource
[INFO] skip non existing resourceDirectory D:\A_ThucNghiem\compiledrepos\66303306\event\src\test\resources
[INFO] 
[INFO] --- compiler:3.10.1:testCompile (default-testCompile) @ emodb-event ---
[INFO] Changes detected - recompiling the module!
[INFO] Compiling 15 source files to D:\A_ThucNghiem\compiledrepos\66303306\event\target\test-classes
[WARNING] /D:/A_ThucNghiem/compiledrepos/66303306/event/src/test/java/com/bazaarvoice/emodb/sortedq/core/SegmentSnapshotJsonTest.java:[103,46] unchecked conversion
  required: com.bazaarvoice.emodb.sortedq.core.SplitQueue<com.bazaarvoice.emodb.sortedq.core.Segment>
  found:    com.bazaarvoice.emodb.sortedq.core.SplitQueue
[WARNING] /D:/A_ThucNghiem/compiledrepos/66303306/event/src/test/java/com/bazaarvoice/emodb/event/core/DedupQueueTest.java:[82,87] found raw type: org.mockito.stubbing.Answer
  missing type arguments for generic class org.mockito.stubbing.Answer<T>
[WARNING] /D:/A_ThucNghiem/compiledrepos/66303306/event/src/test/java/com/bazaarvoice/emodb/sortedq/core/PersistentSortedQueueWithRetry.java:[158,33] propagate(java.lang.Throwable) in com.google.common.base.Throwables has been deprecated
[WARNING] /D:/A_ThucNghiem/compiledrepos/66303306/event/src/test/java/com/bazaarvoice/emodb/sortedq/core/PersistentSortedQueueTest.java:[752,29] propagate(java.lang.Throwable) in com.google.common.base.Throwables has been deprecated
[WARNING] /D:/A_ThucNghiem/compiledrepos/66303306/event/src/test/java/com/bazaarvoice/emodb/sortedq/core/SimulatedFailureException.java:[3,1] serializable class com.bazaarvoice.emodb.sortedq.core.SimulatedFailureException has no definition of serialVersionUID
[INFO] ------------------------------------------------------------------------
[INFO] Reactor Summary for EmoDB Parent "
2026-07-23T18:06:30+00:00,baseline_scope_build,66303306,web,,,,,,PASS,39.638,"ic class com.bazaarvoice.emodb.job.api.JobIdentifier<Q,R>
[WARNING] /D:/A_ThucNghiem/compiledrepos/66303306/web/src/test/java/com/bazaarvoice/emodb/web/settings/SettingsManagerTest.java:[39,57] unchecked conversion
  required: com.google.common.cache.Cache<java.lang.String,?>
  found:    com.google.common.cache.Cache
[WARNING] /D:/A_ThucNghiem/compiledrepos/66303306/web/src/test/java/com/bazaarvoice/emodb/web/settings/SettingsManagerTest.java:[87,24] found raw type: com.google.common.cache.Cache
  missing type arguments for generic class com.google.common.cache.Cache<K,V>
[WARNING] /D:/A_ThucNghiem/compiledrepos/66303306/web/src/test/java/com/bazaarvoice/emodb/web/settings/SettingsManagerTest.java:[88,71] unchecked conversion
  required: com.google.common.cache.Cache<java.lang.String,?>
  found:    com.google.common.cache.Cache
[WARNING] /D:/A_ThucNghiem/compiledrepos/66303306/web/src/test/java/com/bazaarvoice/emodb/auth/apikey/ApiKeyRealmTest.java:[159,90] unchecked generic array creation for varargs parameter of type java.util.Set<org.apache.shiro.authz.Permission>[]
[INFO] ------------------------------------------------------------------------
[INFO] Reactor Summary for EmoDB 6.5.215-SNAPSHOT:
[INFO] 
[INFO] EmoDB Parent ....................................... SUCCESS [  0.999 s]
[INFO] EmoDB Common API Classes ........................... SUCCESS [  1.233 s]
[INFO] EmoDB Json Utilities ............................... SUCCESS [  0.655 s]
[INFO] EmoDB ZooKeeper Utilities .......................... SUCCESS [  0.531 s]
[INFO] EmoDB Dropwizard Utilities ......................... SUCCESS [  0.737 s]
[INFO] EmoDB Cassandra Astyanax Utilities ................. SUCCESS [  1.468 s]
[INFO] EmoDB UUID Utilities ............................... SUCCESS [  0.183 s]
[INFO] EmoDB Stash Utilities .............................. SUCCESS [  0.722 s]
[INFO] EmoDB Generic Client Classes ....................... SUCCESS [  0.203 s]
[INFO] EmoDB Dropwizard Jersey Client Classes ............. SUCCESS [  0.152 s]
[INFO] EmoDB Authentication Client ........................ SUCCESS [  0.064 s]
[INFO] EmoDB User Access Control API ...................... SUCCESS [  0.195 s]
[INFO] EmoDB System of Record API ......................... SUCCESS [  1.181 s]
[INFO] EmoDB Data Center Abstraction ...................... SUCCESS [  0.441 s]
[INFO] EmoDB In-Memory Cache Manager ...................... SUCCESS [  0.678 s]
[INFO] EmoDB Authentication ............................... SUCCESS [  0.627 s]
[INFO] EmoDB Authentication Storage ....................... SUCCESS [  0.375 s]
[INFO] EmoDB .............................................. SUCCESS [  0.004 s]
[INFO] EmoDB Authentication Util .......................... SUCCESS [  0.083 s]
[INFO] EmoDB Queue Service API ............................ SUCCESS [  0.168 s]
[INFO] EmoDB Databus API .................................. SUCCESS [  0.380 s]
[INFO] EmoDB Blob Store API ............................... SUCCESS [  0.251 s]
[INFO] EmoDB Job API ...................................... SUCCESS [  0.100 s]
[INFO] EmoDB Event Store .................................. SUCCESS [  1.593 s]
[INFO] EmoDB Table Abstraction ............................ SUCCESS [  1.695 s]
[INFO] EmoDB Queue Client Common .......................... SUCCESS [  0.277 s]
[INFO] EmoDB Queue HTTP Client ............................ SUCCESS [  0.722 s]
[INFO] EmoDB Queue Service ................................ SUCCESS [  1.411 s]
[INFO] EmoDB Jobs ......................................... SUCCESS [  0.680 s]
[INFO] EmoDB System of Record Client Common ............... SUCCESS [  0.564 s]
[INFO] EmoDB System of Record HTTP Client ................. SUCCESS [  0.596 s]
[INFO] EmoDB System of Record ............................. SUCCESS [  2.741 s]
[INFO] EmoDB Databus Client Common ........................ SUCCESS [  0.248 s]
[INFO] EmoDB Databus HTTP Client .......................... SUCCESS [  0.365 s]
[INFO] EmoDB Databus .................................."
2026-07-23T18:07:22+00:00,baseline_scope_build,6944525,d2,,,,,,PASS,52.259,": warning: [unchecked] unchecked cast
      SuccessCallback<List<String>> callback = (SuccessCallback<List<String>>) invocation.getArguments()[3];
                                                                                                        ^
  required: com.linkedin.common.callback.SuccessCallback<java.util.List<java.lang.String>>
  found:    java.lang.Object
D:\A_ThucNghiem\compiledrepos\6944525\d2\src\test\java\com\linkedin\d2\balancer\util\downstreams\TestIndisBasedDownstreamServicesFetcher.java:344: warning: [unchecked] unchecked conversion
    SuccessCallback<List<String>> callback = mock(SuccessCallback.class);
                                                 ^
  required: com.linkedin.common.callback.SuccessCallback<java.util.List<java.lang.String>>
  found:    com.linkedin.common.callback.SuccessCallback
D:\A_ThucNghiem\compiledrepos\6944525\d2\src\test\java\com\linkedin\d2\discovery\stores\zk\SharedZkConnectionProviderTest.java:187: warning: [deprecation] ZooKeeperAnnouncer(com.linkedin.d2.balancer.servers.ZooKeeperServer,boolean) in com.linkedin.d2.balancer.servers.ZooKeeperAnnouncer has been deprecated
      ZooKeeperAnnouncer announcer = new ZooKeeperAnnouncer(server, true);
                                     ^
D:\A_ThucNghiem\compiledrepos\6944525\d2\src\test\java\com\linkedin\d2\discovery\stores\zk\SharedZkConnectionProviderTest.java:282: warning: [deprecation] com.linkedin.d2.balancer.LastSeenBalancerWithFacilitiesFactory in com.linkedin.d2.balancer has been deprecated
        .setLoadBalancerWithFacilitiesFactory(new LastSeenBalancerWithFacilitiesFactory())
                                                  ^
D:\A_ThucNghiem\compiledrepos\6944525\d2\src\test\java\com\linkedin\d2\discovery\stores\zk\SharedZkConnectionProviderTest.java:279: warning: [deprecation] setZkHosts(java.lang.String) in com.linkedin.d2.balancer.D2ClientBuilder has been deprecated
    d2ClientBuilder.setZkHosts(""localhost:"" + ZK_PORT)
                   ^
D:\A_ThucNghiem\compiledrepos\6944525\d2\src\test\java\com\linkedin\d2\discovery\stores\zk\SharedZkConnectionProviderTest.java:280: warning: [deprecation] setZkSessionTimeout(long,java.util.concurrent.TimeUnit) in com.linkedin.d2.balancer.D2ClientBuilder has been deprecated
        .setZkSessionTimeout(ZK_TIMEOUT, TimeUnit.MILLISECONDS)
        ^
D:\A_ThucNghiem\compiledrepos\6944525\d2\src\test\java\com\linkedin\d2\discovery\stores\zk\SharedZkConnectionProviderTest.java:281: warning: [deprecation] setZKConnectionForloadBalancer(com.linkedin.d2.discovery.stores.zk.ZKPersistentConnection) in com.linkedin.d2.balancer.D2ClientBuilder has been deprecated
        .setZKConnectionForloadBalancer(zkConnectionToUse)
        ^
D:\A_ThucNghiem\compiledrepos\6944525\d2\src\test\java\com\linkedin\d2\discovery\util\TestD2Utils.java:59: warning: [unchecked] unchecked conversion
    Map<String, String> env = mock(Map.class);
                                  ^
  required: java.util.Map<java.lang.String,java.lang.String>
  found:    java.util.Map
D:\A_ThucNghiem\compiledrepos\6944525\d2\src\test\java\com\linkedin\d2\jmx\D2LoadBalancerJmxTest.java:60: warning: [deprecation] com.linkedin.d2.balancer.LastSeenBalancerWithFacilitiesFactory in com.linkedin.d2.balancer has been deprecated
    return new Object[][]{{new LastSeenBalancerWithFacilitiesFactory()}, {new ZKFSLoadBalancerWithFacilitiesFactory()}};
                               ^
D:\A_ThucNghiem\compiledrepos\6944525\d2\src\test\java\com\linkedin\d2\jmx\D2LoadBalancerJmxTest.java:60: warning: [deprecation] com.linkedin.d2.balancer.ZKFSLoadBalancerWithFacilitiesFactory in com.linkedin.d2.balancer has been deprecated
    return new Object[][]{{new LastSeenBalancerWithFacilitiesFactory()}, {new ZKFSLoadBalancerWithFacilitiesFactory()}};
                                                                              ^
D:\A_ThucNghiem\compiledrepos\6944525\d2\src\test\java\com\linkedin\d2\jmx\D2LoadBalancerJmxTest.java:102: warning: [deprecation]"
2026-07-23T18:07:32+00:00,baseline_scope_build,74999474,parsec-clients,,,,,,PASS,9.872,"To honour the JVM settings for this build a new JVM will be forked. Please consider using the daemon: https://docs.gradle.org/5.2.1/userguide/gradle_daemon.html.
Daemon will be stopped at the end of the build stopping after processing
> Task :parsec-clients:clean

> Task :parsec-clients:compileJava

> Task :parsec-clients:processResources NO-SOURCE
> Task :parsec-clients:classes

> Task :parsec-clients:compileTestJava

> Task :parsec-clients:processTestResources
> Task :parsec-clients:testClasses

BUILD SUCCESSFUL in 7s
4 actionable tasks: 4 executed

Note: D:\A_ThucNghiem\compiledrepos\74999474\parsec-clients\src\main\java\com\yahoo\parsec\clients\ParsecAsyncHttpClient.java uses or overrides a deprecated API.
Note: Recompile with -Xlint:deprecation for details.
Note: Some input files use unchecked or unsafe operations.
Note: Recompile with -Xlint:unchecked for details.
Note: Some input files use unchecked or unsafe operations.
Note: Recompile with -Xlint:unchecked for details."
2026-07-23T18:07:39+00:00,baseline_scope_build,77481567,core,,,,,,PASS,7.337,"[INFO] Scanning for projects...
[INFO] 
[INFO] ---------------------< de.voidnode.trading4j:core >---------------------
[INFO] Building Trading4j - core 0.2-SNAPSHOT
[INFO]   from pom.xml
[INFO] --------------------------------[ jar ]---------------------------------
[INFO] 
[INFO] --- clean:3.2.0:clean (default-clean) @ core ---
[INFO] Deleting D:\A_ThucNghiem\compiledrepos\77481567\core\target
[INFO] 
[INFO] --- resources:3.4.0:resources (default-resources) @ core ---
[INFO] skip non existing resourceDirectory D:\A_ThucNghiem\compiledrepos\77481567\core\src\main\resources
[INFO] 
[INFO] --- compiler:3.1:compile (default-compile) @ core ---
[WARNING]  Parameter 'compilerArguments' is deprecated: use {@link #compilerArgs} instead.
[INFO] Changes detected - recompiling the module!
[INFO] Compiling 120 source files to D:\A_ThucNghiem\compiledrepos\77481567\core\target\classes
[INFO] 
[INFO] --- resources:3.4.0:testResources (default-testResources) @ core ---
[INFO] Copying 2 resources from src\test\resources to target\test-classes
[INFO] 
[INFO] --- compiler:3.1:testCompile (default-testCompile) @ core ---
[WARNING]  Parameter 'compilerArguments' is deprecated: use {@link #compilerArgs} instead.
[INFO] Changes detected - recompiling the module!
[INFO] Compiling 83 source files to D:\A_ThucNghiem\compiledrepos\77481567\core\target\test-classes
[WARNING] /D:/A_ThucNghiem/compiledrepos/77481567/core/src/test/java/de/voidnode/trading4j/functionality/broker/OrderFilteringBrokerTest.java: D:\A_ThucNghiem\compiledrepos\77481567\core\src\test\java\de\voidnode\trading4j\functionality\broker\OrderFilteringBrokerTest.java uses unchecked or unsafe operations.
[WARNING] /D:/A_ThucNghiem/compiledrepos/77481567/core/src/test/java/de/voidnode/trading4j/functionality/broker/OrderFilteringBrokerTest.java: Recompile with -Xlint:unchecked for details.
[INFO] ------------------------------------------------------------------------
[INFO] BUILD SUCCESS
[INFO] ------------------------------------------------------------------------
[INFO] Total time:  4.408 s
[INFO] Finished at: 2026-07-24T01:07:39+07:00
[INFO] ------------------------------------------------------------------------"
2026-07-23T18:07:44+00:00,baseline_scope_build,78444970,examples/graph,,,,,,PASS,4.763,"[INFO] Scanning for projects...
[INFO] 
[INFO] -----------------------< cz.voho.examples:graph >-----------------------
[INFO] Building graph 1.0-SNAPSHOT
[INFO]   from pom.xml
[INFO] --------------------------------[ jar ]---------------------------------
[INFO] 
[INFO] --- clean:3.2.0:clean (default-clean) @ graph ---
[INFO] Deleting D:\A_ThucNghiem\compiledrepos\78444970\examples\graph\target
[INFO] 
[INFO] --- resources:3.4.0:resources (default-resources) @ graph ---
[INFO] skip non existing resourceDirectory D:\A_ThucNghiem\compiledrepos\78444970\examples\graph\src\main\resources
[INFO] 
[INFO] --- compiler:3.8.1:compile (default-compile) @ graph ---
[INFO] Changes detected - recompiling the module!
[INFO] Compiling 20 source files to D:\A_ThucNghiem\compiledrepos\78444970\examples\graph\target\classes
[INFO] 
[INFO] --- resources:3.4.0:testResources (default-testResources) @ graph ---
[INFO] Copying 1 resource from src\test\resources to target\test-classes
[INFO] 
[INFO] --- compiler:3.8.1:testCompile (default-testCompile) @ graph ---
[INFO] Changes detected - recompiling the module!
[INFO] Compiling 9 source files to D:\A_ThucNghiem\compiledrepos\78444970\examples\graph\target\test-classes
[INFO] /D:/A_ThucNghiem/compiledrepos/78444970/examples/graph/src/test/java/graph/algorithm/path/FloydWarshallTest.java: D:\A_ThucNghiem\compiledrepos\78444970\examples\graph\src\test\java\graph\algorithm\path\FloydWarshallTest.java uses unchecked or unsafe operations.
[INFO] /D:/A_ThucNghiem/compiledrepos/78444970/examples/graph/src/test/java/graph/algorithm/path/FloydWarshallTest.java: Recompile with -Xlint:unchecked for details.
[INFO] ------------------------------------------------------------------------
[INFO] BUILD SUCCESS
[INFO] ------------------------------------------------------------------------
[INFO] Total time:  1.948 s
[INFO] Finished at: 2026-07-24T01:07:44+07:00
[INFO] ------------------------------------------------------------------------"
2026-07-23T18:07:49+00:00,baseline_scope_build,78444970,examples/structures,,,,,,PASS,4.869,"[INFO] Scanning for projects...
[INFO] 
[INFO] --------------------< cz.voho.examples:structures >---------------------
[INFO] Building structures 1.0-SNAPSHOT
[INFO]   from pom.xml
[INFO] --------------------------------[ jar ]---------------------------------
[INFO] 
[INFO] --- clean:3.2.0:clean (default-clean) @ structures ---
[INFO] Deleting D:\A_ThucNghiem\compiledrepos\78444970\examples\structures\target
[INFO] 
[INFO] --- resources:3.4.0:resources (default-resources) @ structures ---
[INFO] skip non existing resourceDirectory D:\A_ThucNghiem\compiledrepos\78444970\examples\structures\src\main\resources
[INFO] 
[INFO] --- compiler:3.8.1:compile (default-compile) @ structures ---
[INFO] Changes detected - recompiling the module!
[INFO] Compiling 24 source files to D:\A_ThucNghiem\compiledrepos\78444970\examples\structures\target\classes
[INFO] /D:/A_ThucNghiem/compiledrepos/78444970/examples/structures/src/main/java/ds/queue/ArrayQueue.java: Some input files use unchecked or unsafe operations.
[INFO] /D:/A_ThucNghiem/compiledrepos/78444970/examples/structures/src/main/java/ds/queue/ArrayQueue.java: Recompile with -Xlint:unchecked for details.
[INFO] 
[INFO] --- resources:3.4.0:testResources (default-testResources) @ structures ---
[INFO] skip non existing resourceDirectory D:\A_ThucNghiem\compiledrepos\78444970\examples\structures\src\test\resources
[INFO] 
[INFO] --- compiler:3.8.1:testCompile (default-testCompile) @ structures ---
[INFO] Changes detected - recompiling the module!
[INFO] Compiling 16 source files to D:\A_ThucNghiem\compiledrepos\78444970\examples\structures\target\test-classes
[INFO] ------------------------------------------------------------------------
[INFO] BUILD SUCCESS
[INFO] ------------------------------------------------------------------------
[INFO] Total time:  1.852 s
[INFO] Finished at: 2026-07-24T01:07:49+07:00
[INFO] ------------------------------------------------------------------------"
2026-07-23T18:08:10+00:00,baseline_scope_build,81384608,integrations/spark/spark-catalog/spark-catalog-core,,,,,,PASS,21.271,"op ---
[INFO] 
[INFO] --- resources:3.4.0:resources (default-resources) @ kylo-commons-hadoop ---
[INFO] skip non existing resourceDirectory D:\A_ThucNghiem\compiledrepos\81384608\commons\commons-hadoop\src\main\resources
[INFO] 
[INFO] --- compiler:3.8.0:compile (default-compile) @ kylo-commons-hadoop ---
[INFO] Changes detected - recompiling the module!
[INFO] Compiling 4 source files to D:\A_ThucNghiem\compiledrepos\81384608\commons\commons-hadoop\target\classes
[INFO] 
[INFO] --- resources:3.4.0:testResources (default-testResources) @ kylo-commons-hadoop ---
[INFO] Copying 3 resources from src\test\resources to target\test-classes
[INFO] 
[INFO] --- compiler:3.8.0:testCompile (default-testCompile) @ kylo-commons-hadoop ---
[INFO] Changes detected - recompiling the module!
[INFO] Compiling 5 source files to D:\A_ThucNghiem\compiledrepos\81384608\commons\commons-hadoop\target\test-classes
[INFO] 
[INFO] --< com.thinkbiganalytics.kylo.integrations:kylo-spark-catalog-core >---
[INFO] Building Kylo Catalog Core 0.10.1-SNAPSHOT                       [18/18]
[INFO]   from integrations\spark\spark-catalog\spark-catalog-core\pom.xml
[INFO] --------------------------------[ jar ]---------------------------------
[INFO] 
[INFO] --- clean:3.1.0:clean (default-clean) @ kylo-spark-catalog-core ---
[INFO] Deleting D:\A_ThucNghiem\compiledrepos\81384608\integrations\spark\spark-catalog\spark-catalog-core\target
[INFO] 
[INFO] --- enforcer:1.4.1:enforce (enforce-maven) @ kylo-spark-catalog-core ---
[INFO] 
[INFO] --- enforcer:1.4.1:enforce (enforceV7) @ kylo-spark-catalog-core ---
[INFO] 
[INFO] --- resources:3.4.0:resources (default-resources) @ kylo-spark-catalog-core ---
[INFO] skip non existing resourceDirectory D:\A_ThucNghiem\compiledrepos\81384608\integrations\spark\spark-catalog\spark-catalog-core\src\main\resources
[INFO] 
[INFO] --- compiler:3.8.0:compile (default-compile) @ kylo-spark-catalog-core ---
[INFO] Changes detected - recompiling the module!
[INFO] Compiling 24 source files to D:\A_ThucNghiem\compiledrepos\81384608\integrations\spark\spark-catalog\spark-catalog-core\target\classes
[INFO] 
[INFO] --- resources:3.4.0:testResources (default-testResources) @ kylo-spark-catalog-core ---
[INFO] Copying 1 resource from src\test\resources to target\test-classes
[INFO] 
[INFO] --- compiler:3.8.0:testCompile (default-testCompile) @ kylo-spark-catalog-core ---
[INFO] Changes detected - recompiling the module!
[INFO] Compiling 19 source files to D:\A_ThucNghiem\compiledrepos\81384608\integrations\spark\spark-catalog\spark-catalog-core\target\test-classes
[INFO] /D:/A_ThucNghiem/compiledrepos/81384608/integrations/spark/spark-catalog/spark-catalog-core/src/test/java/com/thinkbiganalytics/kylo/catalog/spark/AbstractKyloCatalogDataSetAccessTest.java: Some input files use unchecked or unsafe operations.
[INFO] /D:/A_ThucNghiem/compiledrepos/81384608/integrations/spark/spark-catalog/spark-catalog-core/src/test/java/com/thinkbiganalytics/kylo/catalog/spark/AbstractKyloCatalogDataSetAccessTest.java: Recompile with -Xlint:unchecked for details.
[INFO] ------------------------------------------------------------------------
[INFO] Reactor Summary for kylo 0.10.1-SNAPSHOT:
[INFO] 
[INFO] kylo ............................................... SUCCESS [  0.378 s]
[INFO] kylo-commons ....................................... SUCCESS [  0.008 s]
[INFO] kylo-commons-rest-model ............................ SUCCESS [  0.956 s]
[INFO] kylo-commons-jdbc .................................. SUCCESS [  0.514 s]
[INFO] kylo-integrations .................................. SUCCESS [  1.326 s]
[INFO] Kylo Spark Parent .................................. SUCCESS [  0.188 s]
[INFO] Kylo Catalog Parent ................................ SUCCESS [  0.013 s]
[INFO] Kylo Catalog API ................................... SUCCESS [  4.039 s]
[INFO] kylo-core .......................................... SUCCESS [  0.003 s]
[INFO] kylo-services .................................."
2026-07-23T18:08:38+00:00,baseline_scope_build,85795396,core,,,,,,PASS,27.112,"To honour the JVM settings for this build a single-use Daemon process will be forked. For more on this, please refer to https://docs.gradle.org/8.14.4/userguide/gradle_daemon.html#sec:disabling_the_daemon in the Gradle documentation.
Daemon will be stopped at the end of the build 

> Configure project :
Building Apache Calcite Avatica 1.29.0-SNAPSHOT

> Task :metrics:compileJava UP-TO-DATE
> Task :metrics:processResources NO-SOURCE
> Task :core:clean
> Task :core:filterJava
> Task :core:extractIncludeProto
> Task :core:extractProto
> Task :core:generateProto

> Task :core:compileJava

> Task :core:processResources
> Task :core:classes
> Task :core:extractIncludeTestProto
> Task :core:extractTestProto
> Task :core:generateTestProto NO-SOURCE

> Task :core:compileTestJava

> Task :core:processTestResources NO-SOURCE
> Task :core:testClasses

[Incubating] Problems report is available at: file:///D:/A_ThucNghiem/compiledrepos/85795396/build/reports/problems/problems-report.html

Deprecated Gradle features were used in this build, making it incompatible with Gradle 9.0.

You can use '--warning-mode all' to show the individual deprecation warnings and determine if they come from your own scripts or plugins.

For more on this, please refer to https://docs.gradle.org/8.14.4/userguide/command_line_interface.html#sec:command_line_warnings in the Gradle documentation.

BUILD SUCCESSFUL in 24s
11 actionable tasks: 10 executed, 1 up-to-date

Note: Some input files use unchecked or unsafe operations.
Note: Recompile with -Xlint:unchecked for details.
Note: Some input files use unchecked or unsafe operations.
Note: Recompile with -Xlint:unchecked for details."
2026-07-23T18:08:52+00:00,baseline_scope_build,85795396,metrics-dropwizardmetrics,,,,,,PASS,14.779,"To honour the JVM settings for this build a single-use Daemon process will be forked. For more on this, please refer to https://docs.gradle.org/8.14.4/userguide/gradle_daemon.html#sec:disabling_the_daemon in the Gradle documentation.
Daemon will be stopped at the end of the build 

> Configure project :
Building Apache Calcite Avatica 1.29.0-SNAPSHOT

> Task :metrics-dropwizardmetrics:clean
> Task :metrics:compileJava UP-TO-DATE
> Task :metrics-dropwizardmetrics:processResources
> Task :metrics-dropwizardmetrics:compileJava
> Task :metrics-dropwizardmetrics:classes
> Task :metrics-dropwizardmetrics:compileTestJava
> Task :metrics-dropwizardmetrics:processTestResources NO-SOURCE
> Task :metrics-dropwizardmetrics:testClasses

[Incubating] Problems report is available at: file:///D:/A_ThucNghiem/compiledrepos/85795396/build/reports/problems/problems-report.html

Deprecated Gradle features were used in this build, making it incompatible with Gradle 9.0.

You can use '--warning-mode all' to show the individual deprecation warnings and determine if they come from your own scripts or plugins.

For more on this, please refer to https://docs.gradle.org/8.14.4/userguide/command_line_interface.html#sec:command_line_warnings in the Gradle documentation.

BUILD SUCCESSFUL in 12s
5 actionable tasks: 4 executed, 1 up-to-date"
2026-07-23T18:09:15+00:00,baseline_scope_build,95247959,http-clients/netty-nio-client,,,,,,PASS,23.116,"http-clients ---
[INFO] Source directory: D:\A_ThucNghiem\compiledrepos\95247959\http-clients\target\generated-sources\sdk added.
[INFO] 
[INFO] --- build-helper:3.3.0:add-resource (add-generated-resources) @ http-clients ---
[INFO] 
[INFO] --- build-helper:3.3.0:add-resource (add-license-notice) @ http-clients ---
[INFO] 
[INFO] --------------< software.amazon.awssdk:netty-nio-client >---------------
[INFO] Building AWS Java SDK :: HTTP Clients :: Netty Non-Blocking I/O 2.49.2-SNAPSHOT [11/11]
[INFO]   from http-clients\netty-nio-client\pom.xml
[INFO] --------------------------------[ jar ]---------------------------------
[INFO] 
[INFO] --- clean:3.2.0:clean (default-clean) @ netty-nio-client ---
[INFO] Deleting D:\A_ThucNghiem\compiledrepos\95247959\http-clients\netty-nio-client\target
[INFO] 
[INFO] --- checkstyle:3.1.2:check (checkstyle) @ netty-nio-client ---
[INFO] Starting audit...
Audit done.
[INFO] You have 0 Checkstyle violations.
[INFO] 
[INFO] --- jacoco:0.8.13:prepare-agent (default-prepare-agent) @ netty-nio-client ---
[INFO] argLine set to -javaagent:C:\\Users\\admin\\.m2\\repository\\org\\jacoco\\org.jacoco.agent\\0.8.13\\org.jacoco.agent-0.8.13-runtime.jar=destfile=D:\\A_ThucNghiem\\compiledrepos\\95247959\\http-clients\\netty-nio-client\\target\\jacoco.exec,excludes=software/amazon/awssdk/modulepath/tests/**/*.class:software/amazon/awssdk/nativeimagetest/**/*.class:software/amazon/awssdk/testutils/service/**/*.class:**/*Benchmark.class
[INFO] 
[INFO] --- build-helper:3.3.0:add-test-source (add-integ-sources) @ netty-nio-client ---
[INFO] Test Source directory: D:\A_ThucNghiem\compiledrepos\95247959\http-clients\netty-nio-client\src\it\java added.
[INFO] 
[INFO] --- build-helper:3.3.0:add-test-resource (add-integ-resources) @ netty-nio-client ---
[INFO] 
[INFO] --- build-helper:3.3.0:add-source (add-generated-sources) @ netty-nio-client ---
[INFO] Source directory: D:\A_ThucNghiem\compiledrepos\95247959\http-clients\netty-nio-client\target\generated-sources\sdk added.
[INFO] 
[INFO] --- build-helper:3.3.0:add-resource (add-generated-resources) @ netty-nio-client ---
[INFO] 
[INFO] --- build-helper:3.3.0:add-resource (add-license-notice) @ netty-nio-client ---
[INFO] 
[INFO] --- resources:3.3.1:resources (default-resources) @ netty-nio-client ---
[INFO] Copying 4 resources from src\main\resources to target\classes
[INFO] skip non existing resourceDirectory D:\A_ThucNghiem\compiledrepos\95247959\http-clients\netty-nio-client\target\generated-resources\sdk-resources
[INFO] Copying 2 resources from ..\.. to target\classes\META-INF
[INFO] 
[INFO] --- compiler:3.14.1:compile (default-compile) @ netty-nio-client ---
[WARNING]  Parameter 'forceJavacCompilerUse' (user property 'maven.compiler.forceJavacCompilerUse') is deprecated: Use forceLegacyJavacApi instead
[INFO] Recompiling the module because of changed dependency.
[INFO] Compiling 91 source files with javac [debug target 1.8] to target\classes
[INFO] 
[INFO] --- resources:3.3.1:testResources (default-testResources) @ netty-nio-client ---
[INFO] Copying 5 resources from src\test\resources to target\test-classes
[INFO] skip non existing resourceDirectory D:\A_ThucNghiem\compiledrepos\95247959\http-clients\netty-nio-client\src\it\resources
[INFO] 
[INFO] --- compiler:3.14.1:testCompile (default-testCompile) @ netty-nio-client ---
[WARNING]  Parameter 'forceJavacCompilerUse' (user property 'maven.compiler.forceJavacCompilerUse') is deprecated: Use forceLegacyJavacApi instead
[INFO] Recompiling the module because of changed dependency.
[INFO] Compiling 94 source files with javac [debug target 1.8] to target\test-classes
[INFO] ------------------------------------------------------------------------
[INFO] Reactor Summary:
[INFO] 
[INFO] AWS Java SDK :: Build Tools 1.0 .................... SUCCESS [  1.774 s]
[INFO] AWS Java SDK :: Parent 2.49.2-SNAPSHOT ............. SUCCESS [  1.359 s]
[INFO] AWS Java SDK :: Core 2.49.2-SNAPSHOT ............... SUCCESS [  0.091 s]"
2026-07-23T18:09:28+00:00,baseline_scope_build,9619226,spring-data-simpledb-impl,,,,,,PASS,12.32,"[INFO] Scanning for projects...
[INFO] 
[INFO] ------------< com.3pillarglobal.labs:spring-data-simpledb >-------------
[INFO] Building Spring Data SimpleDB Implementation 1.0.1
[INFO]   from pom.xml
[INFO] --------------------------------[ jar ]---------------------------------
[INFO] 
[INFO] --- clean:3.2.0:clean (default-clean) @ spring-data-simpledb ---
[INFO] Deleting D:\A_ThucNghiem\compiledrepos\9619226\spring-data-simpledb-impl\target
[INFO] 
[INFO] --- enforcer:1.0:enforce (enforce-maven) @ spring-data-simpledb ---
[INFO] 
[INFO] --- checkstyle:2.10:check (default) @ spring-data-simpledb ---
[INFO] Starting audit...
Audit done.

[INFO] 
[INFO] >>> pmd:2.7.1:check (default) > :pmd @ spring-data-simpledb >>>
[INFO] 
[INFO] --- pmd:2.7.1:pmd (pmd) @ spring-data-simpledb ---
[WARNING] Unable to locate Source XRef to link to - DISABLED
[INFO] 
[INFO] <<< pmd:2.7.1:check (default) < :pmd @ spring-data-simpledb <<<
[INFO] 
[INFO] 
[INFO] --- pmd:2.7.1:check (default) @ spring-data-simpledb ---
[INFO] 
[INFO] 
[INFO] --- resources:3.4.0:resources (default-resources) @ spring-data-simpledb ---
[INFO] Copying 4 resources from src\main\resources to target\classes
[INFO] 
[INFO] --- compiler:2.3.2:compile (default-compile) @ spring-data-simpledb ---
[INFO] Compiling 70 source files to D:\A_ThucNghiem\compiledrepos\9619226\spring-data-simpledb-impl\target\classes
[INFO] 
[INFO] --- resources:3.4.0:testResources (default-testResources) @ spring-data-simpledb ---
[INFO] skip non existing resourceDirectory D:\A_ThucNghiem\compiledrepos\9619226\spring-data-simpledb-impl\src\test\resources
[INFO] 
[INFO] --- compiler:2.3.2:testCompile (default-testCompile) @ spring-data-simpledb ---
[INFO] Compiling 41 source files to D:\A_ThucNghiem\compiledrepos\9619226\spring-data-simpledb-impl\target\test-classes
[INFO] ------------------------------------------------------------------------
[INFO] BUILD SUCCESS
[INFO] ------------------------------------------------------------------------
[INFO] Total time:  9.370 s
[INFO] Finished at: 2026-07-24T01:09:28+07:00
[INFO] ------------------------------------------------------------------------"
2026-07-23T18:09:34+00:00,baseline_scope_build,97822421,infrastructure,,,,,,PASS,6.277,"[INFO] Scanning for projects...
[INFO] 
[INFO] ---------< com.pchudzik.springmock:springmock-infrastructure >----------
[INFO] Building springmock-infrastructure 3.1.1-SNAPSHOT
[INFO]   from pom.xml
[INFO] --------------------------------[ jar ]---------------------------------
[INFO] 
[INFO] --- clean:3.2.0:clean (default-clean) @ springmock-infrastructure ---
[INFO] Deleting D:\A_ThucNghiem\compiledrepos\97822421\infrastructure\target
[INFO] 
[INFO] --- jacoco:0.7.9:prepare-agent (prepare-agent) @ springmock-infrastructure ---
[INFO] argLine set to -javaagent:C:\\Users\\admin\\.m2\\repository\\org\\jacoco\\org.jacoco.agent\\0.7.9\\org.jacoco.agent-0.7.9-runtime.jar=destfile=D:\\A_ThucNghiem\\compiledrepos\\97822421\\infrastructure\\target\\jacoco.exec
[INFO] 
[INFO] --- resources:3.4.0:resources (default-resources) @ springmock-infrastructure ---
[INFO] skip non existing resourceDirectory D:\A_ThucNghiem\compiledrepos\97822421\infrastructure\src\main\resources
[INFO] 
[INFO] --- compiler:3.15.0:compile (default-compile) @ springmock-infrastructure ---
[INFO] Recompiling the module because of changed source code.
[INFO] Compiling 35 source files with javac [debug target 1.8] to target\classes
[INFO] /D:/A_ThucNghiem/compiledrepos/97822421/infrastructure/src/main/java/com/pchudzik/springmock/infrastructure/definition/DoubleDefinition.java: D:\A_ThucNghiem\compiledrepos\97822421\infrastructure\src\main\java\com\pchudzik\springmock\infrastructure\definition\DoubleDefinition.java uses or overrides a deprecated API.
[INFO] /D:/A_ThucNghiem/compiledrepos/97822421/infrastructure/src/main/java/com/pchudzik/springmock/infrastructure/definition/DoubleDefinition.java: Recompile with -Xlint:deprecation for details.
[INFO] /D:/A_ThucNghiem/compiledrepos/97822421/infrastructure/src/main/java/com/pchudzik/springmock/infrastructure/definition/DoubleDefinition.java: Some input files use unchecked or unsafe operations.
[INFO] /D:/A_ThucNghiem/compiledrepos/97822421/infrastructure/src/main/java/com/pchudzik/springmock/infrastructure/definition/DoubleDefinition.java: Recompile with -Xlint:unchecked for details.
[INFO] 
[INFO] --- resources:3.4.0:testResources (default-testResources) @ springmock-infrastructure ---
[INFO] skip non existing resourceDirectory D:\A_ThucNghiem\compiledrepos\97822421\infrastructure\src\test\resources
[INFO] 
[INFO] --- compiler:3.15.0:testCompile (default-testCompile) @ springmock-infrastructure ---
[INFO] Recompiling the module because of changed dependency.
[INFO] Compiling 63 source files with javac [debug target 1.8] to target\test-classes
[INFO] /D:/A_ThucNghiem/compiledrepos/97822421/infrastructure/src/test/java/com/pchudzik/springmock/infrastructure/definition/registry/DoubleConfigurationResolverTest.java: Some input files use unchecked or unsafe operations.
[INFO] /D:/A_ThucNghiem/compiledrepos/97822421/infrastructure/src/test/java/com/pchudzik/springmock/infrastructure/definition/registry/DoubleConfigurationResolverTest.java: Recompile with -Xlint:unchecked for details.
[INFO] ------------------------------------------------------------------------
[INFO] BUILD SUCCESS
[INFO] ------------------------------------------------------------------------
[INFO] Total time:  3.368 s
[INFO] Finished at: 2026-07-24T01:09:34+07:00
[INFO] ------------------------------------------------------------------------"
2026-07-23T18:09:46+00:00,baseline_scope_build,98410891,applications/demo,,,,,,PASS,12.175,"ption.
D:\A_ThucNghiem\compiledrepos\98410891\applications\demo\src\main\java\com\softavail\comms\demo\application\services\ConversationService.java:64: warning: At-clause should have a non-empty description.
D:\A_ThucNghiem\compiledrepos\98410891\applications\demo\src\main\java\com\softavail\comms\demo\application\services\ConversationService.java:70: warning: At-clause should have a non-empty description.
D:\A_ThucNghiem\compiledrepos\98410891\applications\demo\src\main\java\com\softavail\comms\demo\application\services\ConversationService.java:71: warning: At-clause should have a non-empty description.
D:\A_ThucNghiem\compiledrepos\98410891\applications\demo\src\main\java\com\softavail\comms\demo\application\services\ConversationService.java:77: warning: At-clause should have a non-empty description.
D:\A_ThucNghiem\compiledrepos\98410891\applications\demo\src\main\java\com\softavail\comms\demo\application\services\ConversationService.java:78: warning: At-clause should have a non-empty description.
D:\A_ThucNghiem\compiledrepos\98410891\applications\demo\src\main\java\com\softavail\comms\demo\application\services\ConversationService.java:84: warning: At-clause should have a non-empty description.
D:\A_ThucNghiem\compiledrepos\98410891\applications\demo\src\main\java\com\softavail\comms\demo\application\services\ConversationService.java:85: warning: At-clause should have a non-empty description.
D:\A_ThucNghiem\compiledrepos\98410891\applications\demo\src\main\java\com\softavail\comms\nexmo\ivr\IvrStrategyWithSimpleFlow.java:229: warning: Distance between variable 'eventUrl' declaration and its first usage is 4, but allowed 3.  Consider to make that variable as final if you still need to store its value in advance (before method calls that might do side effect on original value).
D:\A_ThucNghiem\compiledrepos\98410891\applications\demo\src\main\java\com\softavail\comms\nexmo\ivr\IvrStrategyWithSimpleFlow.java:271: warning: Distance between variable 'eventUrl' declaration and its first usage is 4, but allowed 3.  Consider to make that variable as final if you still need to store its value in advance (before method calls that might do side effect on original value).
D:\A_ThucNghiem\compiledrepos\98410891\applications\demo\src\main\java\com\softavail\comms\nexmo\ncco\NccoFactory.java:145: warning: Distance between variable 'talk' declaration and its first usage is 4, but allowed 3.  Consider to make that variable as final if you still need to store its value in advance (before method calls that might do side effect on original value).
Audit done.
[INFO] 
[INFO] --- buildnumber:1.4:create (default) @ demo-application ---
[INFO] ShortRevision tag detected. The value is '7'.
[INFO] Executing: cmd.exe /X /C ""git rev-parse --verify --short=7 HEAD""
[INFO] Working directory: D:\A_ThucNghiem\compiledrepos\98410891\applications\demo
[INFO] Storing buildNumber: 4e5656d at timestamp: 1784830185368
[INFO] Storing buildScmBranch: main
[INFO] 
[INFO] --- jacoco:0.7.9:prepare-agent (default-prepare-agent) @ demo-application ---
[INFO] argLine set to -javaagent:C:\\Users\\admin\\.m2\\repository\\org\\jacoco\\org.jacoco.agent\\0.7.9\\org.jacoco.agent-0.7.9-runtime.jar=destfile=D:\\A_ThucNghiem\\compiledrepos\\98410891\\applications\\demo\\target\\jacoco.exec
[INFO] 
[INFO] --- resources:3.4.0:resources (default-resources) @ demo-application ---
[INFO] Copying 2 resources from src\main\resources to target\classes
[INFO] 
[INFO] --- compiler:3.6.2:compile (default-compile) @ demo-application ---
[INFO] Changes detected - recompiling the module!
[INFO] Compiling 48 source files to D:\A_ThucNghiem\compiledrepos\98410891\applications\demo\target\classes
[INFO] 
[INFO] --- resources:3.4.0:testResources (default-testResources) @ demo-application ---
[INFO] Copying 1 resource from src\test\resources to target\test-classes
[INFO] 
[INFO] --- compiler:3.6.2:testCompile (default-testCompile) @ demo-application ---
[INFO] Changes detected - recompiling the"
2026-07-23T18:10:00+00:00,baseline_scope_build,98410891,core,,,,,,PASS,13.572,"\\target\\jacoco.exec
[INFO] 
[INFO] --- resources:3.4.0:resources (default-resources) @ comms-router-common ---
[INFO] skip non existing resourceDirectory D:\A_ThucNghiem\compiledrepos\98410891\common\src\main\resources
[INFO] 
[INFO] --- compiler:3.6.2:compile (default-compile) @ comms-router-common ---
[INFO] Changes detected - recompiling the module!
[INFO] Compiling 10 source files to D:\A_ThucNghiem\compiledrepos\98410891\common\target\classes
[INFO] 
[INFO] --- resources:3.4.0:testResources (default-testResources) @ comms-router-common ---
[INFO] skip non existing resourceDirectory D:\A_ThucNghiem\compiledrepos\98410891\common\src\test\resources
[INFO] 
[INFO] --- compiler:3.6.2:testCompile (default-testCompile) @ comms-router-common ---
[INFO] Changes detected - recompiling the module!
[INFO] Compiling 2 source files to D:\A_ThucNghiem\compiledrepos\98410891\common\target\test-classes
[INFO] 
[INFO] ------------< com.softavail.comms-router:comms-router-core >------------
[INFO] Building Comms Router Core 0.10.2-SNAPSHOT                         [6/6]
[INFO]   from core\pom.xml
[INFO] --------------------------------[ jar ]---------------------------------
[INFO] 
[INFO] --- clean:3.2.0:clean (default-clean) @ comms-router-core ---
[INFO] Deleting D:\A_ThucNghiem\compiledrepos\98410891\core\target
[INFO] 
[INFO] --- checkstyle:2.17:checkstyle (validate) @ comms-router-core ---
[INFO] Starting audit...
Audit done.
[INFO] 
[INFO] --- buildnumber:1.4:create (default) @ comms-router-core ---
[INFO] ShortRevision tag detected. The value is '7'.
[INFO] Executing: cmd.exe /X /C ""git rev-parse --verify --short=7 HEAD""
[INFO] Working directory: D:\A_ThucNghiem\compiledrepos\98410891\core
[INFO] Storing buildNumber: 4e5656d at timestamp: 1784830198206
[INFO] Storing buildScmBranch: main
[INFO] 
[INFO] --- jacoco:0.7.9:prepare-agent (default-prepare-agent) @ comms-router-core ---
[INFO] argLine set to -javaagent:C:\\Users\\admin\\.m2\\repository\\org\\jacoco\\org.jacoco.agent\\0.7.9\\org.jacoco.agent-0.7.9-runtime.jar=destfile=D:\\A_ThucNghiem\\compiledrepos\\98410891\\core\\target\\jacoco.exec
[INFO] 
[INFO] --- resources:3.4.0:resources (default-resources) @ comms-router-core ---
[INFO] Copying 2 resources from src\main\resources to target\classes
[INFO] 
[INFO] --- compiler:3.6.2:compile (default-compile) @ comms-router-core ---
[INFO] Changes detected - recompiling the module!
[INFO] Compiling 79 source files to D:\A_ThucNghiem\compiledrepos\98410891\core\target\classes
[WARNING] /D:/A_ThucNghiem/compiledrepos/98410891/core/src/main/java/com/softavail/commsrouter/api/service/FilterHelper.java:[81,17] unchecked generic array creation for varargs parameter of type T[]
[WARNING] /D:/A_ThucNghiem/compiledrepos/98410891/core/src/main/java/com/softavail/commsrouter/api/service/FilterHelper.java:[190,22] unchecked method invocation: method like in interface javax.persistence.criteria.CriteriaBuilder is applied to given types
  required: javax.persistence.criteria.Expression<java.lang.String>,java.lang.String
  found: javax.persistence.criteria.Path,java.lang.String
[WARNING] /D:/A_ThucNghiem/compiledrepos/98410891/core/src/main/java/com/softavail/commsrouter/api/service/FilterHelper.java:[190,23] unchecked conversion
  required: javax.persistence.criteria.Expression<java.lang.String>
  found:    javax.persistence.criteria.Path
[WARNING] /D:/A_ThucNghiem/compiledrepos/98410891/core/src/main/java/com/softavail/commsrouter/api/service/FilterHelper.java:[196,29] unchecked call to in(java.util.Collection<?>) as a member of the raw type javax.persistence.criteria.Expression
[INFO] 
[INFO] --- resources:3.4.0:testResources (default-testResources) @ comms-router-core ---
[INFO] Copying 4 resources from src\test\resources to target\test-classes
[INFO] 
[INFO] --- compiler:3.6.2:testCompile (default-testCompile) @ comms-router-core ---
[INFO] Changes detected - recompiling the module!
[INFO] Compiling 13 source files to D:\A_ThucNghiem\compiled"
2026-07-23T18:10:08+00:00,baseline_scope_build,98410891,core-interface,,,,,,PASS,8.111,"< com.softavail.comms-router:common-exceptions >------------
[INFO] Building Comms Router Exceptions 0.10.2-SNAPSHOT                   [2/3]
[INFO]   from common-exceptions\pom.xml
[INFO] --------------------------------[ jar ]---------------------------------
[INFO] 
[INFO] --- clean:3.2.0:clean (default-clean) @ common-exceptions ---
[INFO] Deleting D:\A_ThucNghiem\compiledrepos\98410891\common-exceptions\target
[INFO] 
[INFO] --- checkstyle:2.17:checkstyle (validate) @ common-exceptions ---
[INFO] Starting audit...
Audit done.
[INFO] 
[INFO] --- buildnumber:1.4:create (default) @ common-exceptions ---
[INFO] ShortRevision tag detected. The value is '7'.
[INFO] Executing: cmd.exe /X /C ""git rev-parse --verify --short=7 HEAD""
[INFO] Working directory: D:\A_ThucNghiem\compiledrepos\98410891\common-exceptions
[INFO] Storing buildNumber: 4e5656d at timestamp: 1784830205833
[INFO] Storing buildScmBranch: main
[INFO] 
[INFO] --- jacoco:0.7.9:prepare-agent (default-prepare-agent) @ common-exceptions ---
[INFO] argLine set to -javaagent:C:\\Users\\admin\\.m2\\repository\\org\\jacoco\\org.jacoco.agent\\0.7.9\\org.jacoco.agent-0.7.9-runtime.jar=destfile=D:\\A_ThucNghiem\\compiledrepos\\98410891\\common-exceptions\\target\\jacoco.exec
[INFO] 
[INFO] --- resources:3.4.0:resources (default-resources) @ common-exceptions ---
[INFO] skip non existing resourceDirectory D:\A_ThucNghiem\compiledrepos\98410891\common-exceptions\src\main\resources
[INFO] 
[INFO] --- compiler:3.6.2:compile (default-compile) @ common-exceptions ---
[INFO] Changes detected - recompiling the module!
[INFO] Compiling 2 source files to D:\A_ThucNghiem\compiledrepos\98410891\common-exceptions\target\classes
[INFO] 
[INFO] --- resources:3.4.0:testResources (default-testResources) @ common-exceptions ---
[INFO] skip non existing resourceDirectory D:\A_ThucNghiem\compiledrepos\98410891\common-exceptions\src\test\resources
[INFO] 
[INFO] --- compiler:3.6.2:testCompile (default-testCompile) @ common-exceptions ---
[INFO] No sources to compile
[INFO] 
[INFO] -------< com.softavail.comms-router:comms-router-core-interface >-------
[INFO] Building Comms Router Core Interface 0.10.2-SNAPSHOT               [3/3]
[INFO]   from core-interface\pom.xml
[INFO] --------------------------------[ jar ]---------------------------------
[INFO] 
[INFO] --- clean:3.2.0:clean (default-clean) @ comms-router-core-interface ---
[INFO] Deleting D:\A_ThucNghiem\compiledrepos\98410891\core-interface\target
[INFO] 
[INFO] --- checkstyle:2.17:checkstyle (validate) @ comms-router-core-interface ---
[INFO] Starting audit...
Audit done.
[INFO] 
[INFO] --- buildnumber:1.4:create (default) @ comms-router-core-interface ---
[INFO] ShortRevision tag detected. The value is '7'.
[INFO] Executing: cmd.exe /X /C ""git rev-parse --verify --short=7 HEAD""
[INFO] Working directory: D:\A_ThucNghiem\compiledrepos\98410891\core-interface
[INFO] Storing buildNumber: 4e5656d at timestamp: 1784830207386
[INFO] Storing buildScmBranch: main
[INFO] 
[INFO] --- jacoco:0.7.9:prepare-agent (default-prepare-agent) @ comms-router-core-interface ---
[INFO] argLine set to -javaagent:C:\\Users\\admin\\.m2\\repository\\org\\jacoco\\org.jacoco.agent\\0.7.9\\org.jacoco.agent-0.7.9-runtime.jar=destfile=D:\\A_ThucNghiem\\compiledrepos\\98410891\\core-interface\\target\\jacoco.exec
[INFO] 
[INFO] --- resources:3.4.0:resources (default-resources) @ comms-router-core-interface ---
[INFO] skip non existing resourceDirectory D:\A_ThucNghiem\compiledrepos\98410891\core-interface\src\main\resources
[INFO] 
[INFO] --- compiler:3.6.2:compile (default-compile) @ comms-router-core-interface ---
[INFO] Changes detected - recompiling the module!
[INFO] Compiling 67 source files to D:\A_ThucNghiem\compiledrepos\98410891\core-interface\target\classes
[INFO] 
[INFO] --- resources:3.4.0:testResources (default-testResources) @ comms-router-core-interface ---
[INFO] skip non existing resourceDirectory D:\A_ThucNghiem\compiledrepos\98410891\core-interface"
2026-07-23T18:10:15+00:00,baseline_scope_build,9884445,minnal-jaxrs/minnal-instrumentation-jaxrs,,,,,,PASS,7.613,"[INFO] Scanning for projects...
[INFO] ------------------------------------------------------------------------
[INFO] Reactor Build Order:
[INFO] 
[INFO] Minnal Framework                                                   [pom]
[INFO] minnal-utils                                                       [jar]
[INFO] Minnal Jaxrs module                                                [pom]
[INFO] Minnal instrumentation jaxrs module                                [jar]
[INFO] 
[INFO] -------------------------< org.minnal:minnal >--------------------------
[INFO] Building Minnal Framework 2.0.2-SNAPSHOT                           [1/4]
[INFO]   from pom.xml
[INFO] --------------------------------[ pom ]---------------------------------
[INFO] 
[INFO] --- clean:3.2.0:clean (default-clean) @ minnal ---
[INFO] 
[INFO] ----------------------< org.minnal:minnal-utils >-----------------------
[INFO] Building minnal-utils 2.0.2-SNAPSHOT                               [2/4]
[INFO]   from minnal-utils\pom.xml
[INFO] --------------------------------[ jar ]---------------------------------
[INFO] 
[INFO] --- clean:3.2.0:clean (default-clean) @ minnal-utils ---
[INFO] Deleting D:\A_ThucNghiem\compiledrepos\9884445\minnal-utils\target
[INFO] 
[INFO] --- resources:3.4.0:resources (default-resources) @ minnal-utils ---
[INFO] skip non existing resourceDirectory D:\A_ThucNghiem\compiledrepos\9884445\minnal-utils\src\main\resources
[INFO] 
[INFO] --- compiler:2.1:compile (default-compile) @ minnal-utils ---
[INFO] Compiling 19 source files to D:\A_ThucNghiem\compiledrepos\9884445\minnal-utils\target\classes
[INFO] 
[INFO] --- resources:3.4.0:testResources (default-testResources) @ minnal-utils ---
[INFO] skip non existing resourceDirectory D:\A_ThucNghiem\compiledrepos\9884445\minnal-utils\src\test\resources
[INFO] 
[INFO] --- compiler:2.1:testCompile (default-testCompile) @ minnal-utils ---
[INFO] Compiling 3 source files to D:\A_ThucNghiem\compiledrepos\9884445\minnal-utils\target\test-classes
[INFO] 
[INFO] ----------------------< org.minnal:minnal-jaxrs >-----------------------
[INFO] Building Minnal Jaxrs module 2.0.2-SNAPSHOT                        [3/4]
[INFO]   from minnal-jaxrs\pom.xml
[INFO] --------------------------------[ pom ]---------------------------------
[INFO] 
[INFO] --- clean:3.2.0:clean (default-clean) @ minnal-jaxrs ---
[INFO] 
[INFO] --------------< org.minnal:minnal-instrumentation-jaxrs >---------------
[INFO] Building Minnal instrumentation jaxrs module 2.0.2-SNAPSHOT        [4/4]
[INFO]   from minnal-jaxrs\minnal-instrumentation-jaxrs\pom.xml
[INFO] --------------------------------[ jar ]---------------------------------
[INFO] 
[INFO] --- clean:3.2.0:clean (default-clean) @ minnal-instrumentation-jaxrs ---
[INFO] Deleting D:\A_ThucNghiem\compiledrepos\9884445\minnal-jaxrs\minnal-instrumentation-jaxrs\target
[INFO] 
[INFO] --- resources:3.4.0:resources (default-resources) @ minnal-instrumentation-jaxrs ---
[INFO] Copying 7 resources from src\main\resources to target\classes
[INFO] 
[INFO] --- compiler:2.1:compile (default-compile) @ minnal-instrumentation-jaxrs ---
[INFO] Compiling 68 source files to D:\A_ThucNghiem\compiledrepos\9884445\minnal-jaxrs\minnal-instrumentation-jaxrs\target\classes
[INFO] 
[INFO] --- resources:3.4.0:testResources (default-testResources) @ minnal-instrumentation-jaxrs ---
[INFO] Copying 1 resource from src\test\resources to target\test-classes
[INFO] 
[INFO] --- compiler:2.1:testCompile (default-testCompile) @ minnal-instrumentation-jaxrs ---
[INFO] Compiling 33 source files to D:\A_ThucNghiem\compiledrepos\9884445\minnal-jaxrs\minnal-instrumentation-jaxrs\target\test-classes
[INFO] ------------------------------------------------------------------------
[INFO] Reactor Summary for Minnal Framework 2.0.2-SNAPSHOT:
[INFO] 
[INFO] Minnal Framework ................................... SUCCESS [  0.304 s]
[INFO] minnal-utils ....................................... SUCCESS [  1.728 s]
[INFO] Minnal Jaxr"
2026-07-23T18:10:16+00:00,baseline_sandbox_readiness_workers,,,,,,,,PASS,,workers=4; classes=240
2026-07-23T18:10:16+00:00,baseline_sandbox_readiness,3713233,core,,0,3713233:core/src/main/java/org/junithelper/core/util/stderr.java,Stderr,Stderr_RBL4_7234130bTest,START,,prepare per-class sandbox and run generation prewarm without invoking GPT/EvoSuite
2026-07-23T18:10:16+00:00,baseline_sandbox_readiness,3713233,core,,1,3713233:core/src/main/java/org/junithelper/core/util/threadutil.java,ThreadUtil,ThreadUtil_RBL4_f790382eTest,START,,prepare per-class sandbox and run generation prewarm without invoking GPT/EvoSuite
2026-07-23T18:10:16+00:00,baseline_sandbox_readiness,3713233,core,,2,3713233:core/src/main/java/org/junithelper/core/meta/returntypemeta.java,ReturnTypeMeta,ReturnTypeMeta_RBL4_d95af645Test,START,,prepare per-class sandbox and run generation prewarm without invoking GPT/EvoSuite
2026-07-23T18:10:16+00:00,baseline_sandbox_readiness,3713233,core,,3,3713233:core/src/main/java/org/junithelper/core/meta/argtypemeta.java,ArgTypeMeta,ArgTypeMeta_RBL4_5cccf4b4Test,START,,prepare per-class sandbox and run generation prewarm without invoking GPT/EvoSuite
2026-07-23T18:10:22+00:00,baseline_sandbox_readiness,3713233,core,,3,3713233:core/src/main/java/org/junithelper/core/meta/argtypemeta.java,ArgTypeMeta,ArgTypeMeta_RBL4_5cccf4b4Test,PASS,6.037,ok; sandbox readiness passed
2026-07-23T18:10:22+00:00,baseline_sandbox_readiness,3713233,core,,1,3713233:core/src/main/java/org/junithelper/core/util/threadutil.java,ThreadUtil,ThreadUtil_RBL4_f790382eTest,PASS,6.038,ok; sandbox readiness passed
2026-07-23T18:10:22+00:00,baseline_sandbox_readiness,3713233,core,,0,3713233:core/src/main/java/org/junithelper/core/util/stderr.java,Stderr,Stderr_RBL4_7234130bTest,PASS,6.039,ok; sandbox readiness passed
2026-07-23T18:10:22+00:00,baseline_sandbox_readiness,3713233,core,,4,3713233:core/src/main/java/org/junithelper/core/generator/linebreakprovider.java,LineBreakProvider,LineBreakProvider_RBL4_dcf587c0Test,START,,prepare per-class sandbox and run generation prewarm without invoking GPT/EvoSuite
2026-07-23T18:10:22+00:00,baseline_sandbox_readiness,3713233,core,,5,3713233:core/src/main/java/org/junithelper/command/forcejunitversion3command.java,ForceJUnitVersion3Command,ForceJUnitVersion3Command_RBL4_87a370f3Test,START,,prepare per-class sandbox and run generation prewarm without invoking GPT/EvoSuite
2026-07-23T18:10:22+00:00,baseline_sandbox_readiness,3713233,core,,6,3713233:core/src/main/java/org/junithelper/core/util/primitivetypeutil.java,PrimitiveTypeUtil,PrimitiveTypeUtil_RBL4_0aa8a201Test,START,,prepare per-class sandbox and run generation prewarm without invoking GPT/EvoSuite
2026-07-23T18:10:22+00:00,baseline_sandbox_readiness,3713233,core,,2,3713233:core/src/main/java/org/junithelper/core/meta/returntypemeta.java,ReturnTypeMeta,ReturnTypeMeta_RBL4_d95af645Test,PASS,6.053,ok; sandbox readiness passed
2026-07-23T18:10:22+00:00,baseline_sandbox_readiness,3713233,core,,7,3713233:core/src/main/java/org/junithelper/core/filter/impl/triminsideofbracefilter.java,TrimInsideOfBraceFilter,TrimInsideOfBraceFilter_RBL4_4b7d40a8Test,START,,prepare per-class sandbox and run generation prewarm without invoking GPT/EvoSuite
2026-07-23T18:10:23+00:00,baseline_sandbox_readiness,3713233,core,,5,3713233:core/src/main/java/org/junithelper/command/forcejunitversion3command.java,ForceJUnitVersion3Command,ForceJUnitVersion3Command_RBL4_87a370f3Test,PASS,1.538,ok; sandbox readiness passed
2026-07-23T18:10:23+00:00,baseline_sandbox_readiness,3847504,modules/weblounge-common,,8,3847504:modules/weblounge-common/src/main/java/ch/entwine/weblounge/common/impl/language/localizablecontent.java,LocalizableContent,LocalizableContent_RBL4_9f4346c7Test,START,,prepare per-class sandbox and run generation prewarm without invoking GPT/EvoSuite
2026-07-23T18:10:23+00:00,baseline_sandbox_readiness,3713233,core,,6,3713233:core/src/main/java/org/junithelper/core/util/primitivetypeutil.java,PrimitiveTypeUtil,PrimitiveTypeUtil_RBL4_0aa8a201Test,PASS,1.852,ok; sandbox readiness passed
2026-07-23T18:10:23+00:00,baseline_sandbox_readiness,3847504,modules/weblounge-common,,9,3847504:modules/weblounge-common/src/main/java/ch/entwine/weblounge/common/impl/url/urlimpl.java,UrlImpl,UrlImpl_RBL4_8ce169b0Test,START,,prepare per-class sandbox and run generation prewarm without invoking GPT/EvoSuite
2026-07-23T18:10:24+00:00,baseline_sandbox_readiness,3713233,core,,4,3713233:core/src/main/java/org/junithelper/core/generator/linebreakprovider.java,LineBreakProvider,LineBreakProvider_RBL4_dcf587c0Test,PASS,1.918,ok; sandbox readiness passed
2026-07-23T18:10:24+00:00,baseline_sandbox_readiness,3847504,modules/weblounge-common,,10,3847504:modules/weblounge-common/src/main/java/ch/entwine/weblounge/common/impl/content/page/scriptimpl.java,ScriptImpl,ScriptImpl_RBL4_1794d49eTest,START,,prepare per-class sandbox and run generation prewarm without invoking GPT/EvoSuite
2026-07-23T18:10:24+00:00,baseline_sandbox_readiness,3713233,core,,7,3713233:core/src/main/java/org/junithelper/core/filter/impl/triminsideofbracefilter.java,TrimInsideOfBraceFilter,TrimInsideOfBraceFilter_RBL4_4b7d40a8Test,PASS,1.914,ok; sandbox readiness passed
2026-07-23T18:10:24+00:00,baseline_sandbox_readiness,3847504,modules/weblounge-common,,11,3847504:modules/weblounge-common/src/main/java/ch/entwine/weblounge/common/impl/content/page/pageleturiimpl.java,PageletURIImpl,PageletURIImpl_RBL4_a30ec522Test,START,,prepare per-class sandbox and run generation prewarm without invoking GPT/EvoSuite
2026-07-23T18:13:00+00:00,maven_reactor_prewarm,3847504,modules/weblounge-common,,11,3847504:modules/weblounge-common/src/main/java/ch/entwine/weblounge/common/impl/content/page/pageleturiimpl.java,PageletURIImpl,,START,,prewarm reactor dependencies for -pl modules/weblounge-common; synthesized placeholder test hidden during prewarm: PageletURIImpl_RBL4_a30ec522Test.java
2026-07-23T18:13:14+00:00,maven_reactor_prewarm,3847504,modules/weblounge-common,,11,3847504:modules/weblounge-common/src/main/java/ch/entwine/weblounge/common/impl/content/page/pageleturiimpl.java,PageletURIImpl,,PASS,14.602,"ules\weblounge-common\pom.xml
[INFO] -------------------------------[ bundle ]-------------------------------
[WARNING] Parameter 'encoding' is unknown for plugin 'maven-surefire-plugin:2.16:test (default-test)'
[INFO] 
[INFO] --- resources:2.6:resources (default-resources) @ weblounge-common ---
[INFO] Using 'UTF-8' encoding to copy filtered resources.
[INFO] Copying 6 resources
[INFO] 
[INFO] --- compiler:3.1:compile (default-compile) @ weblounge-common ---
[INFO] Changes detected - recompiling the module!
[INFO] Compiling 185 source files to D:\A_ThucNghiem\scripts_v2\workspaces\20260724_010022_d3f7f7b1__baseline_readiness\011_3847504_a30ec522\compiledrepos\3847504\modules\weblounge-common\target\classes
[WARNING] /D:/A_ThucNghiem/scripts_v2/workspaces/20260724_010022_d3f7f7b1__baseline_readiness/011_3847504_a30ec522/compiledrepos/3847504/modules/weblounge-common/src/main/java/ch/entwine/weblounge/common/impl/testing/MockHttpSession.java: Some input files use or override a deprecated API.
[WARNING] /D:/A_ThucNghiem/scripts_v2/workspaces/20260724_010022_d3f7f7b1__baseline_readiness/011_3847504_a30ec522/compiledrepos/3847504/modules/weblounge-common/src/main/java/ch/entwine/weblounge/common/impl/testing/MockHttpSession.java: Recompile with -Xlint:deprecation for details.
[WARNING] /D:/A_ThucNghiem/scripts_v2/workspaces/20260724_010022_d3f7f7b1__baseline_readiness/011_3847504_a30ec522/compiledrepos/3847504/modules/weblounge-common/src/main/java/ch/entwine/weblounge/common/impl/testing/MockHttpServletRequest.java: Some input files use unchecked or unsafe operations.
[WARNING] /D:/A_ThucNghiem/scripts_v2/workspaces/20260724_010022_d3f7f7b1__baseline_readiness/011_3847504_a30ec522/compiledrepos/3847504/modules/weblounge-common/src/main/java/ch/entwine/weblounge/common/impl/testing/MockHttpServletRequest.java: Recompile with -Xlint:unchecked for details.
[INFO] 
[INFO] --- resources:2.6:testResources (default-testResources) @ weblounge-common ---
[INFO] Using 'UTF-8' encoding to copy filtered resources.
[INFO] Copying 1 resource
[INFO] Copying 39 resources
[INFO] 
[INFO] --- compiler:3.1:testCompile (default-testCompile) @ weblounge-common ---
[INFO] Changes detected - recompiling the module!
[INFO] Compiling 97 source files to D:\A_ThucNghiem\scripts_v2\workspaces\20260724_010022_d3f7f7b1__baseline_readiness\011_3847504_a30ec522\compiledrepos\3847504\modules\weblounge-common\target\test-classes
[INFO] 
[INFO] --- surefire:2.16:test (default-test) @ weblounge-common ---
[WARNING]  Parameter 'systemProperties' is deprecated: Use systemPropertyVariables instead.
[INFO] Tests are skipped.
[INFO] 
[INFO] --- bundle:2.4.0:bundle (default-bundle) @ weblounge-common ---
[INFO] 
[INFO] --- checkstyle:2.11:check (default) @ weblounge-common ---
[INFO] 
[INFO] --- install:2.5.1:install (default-install) @ weblounge-common ---
[INFO] Installing D:\A_ThucNghiem\scripts_v2\workspaces\20260724_010022_d3f7f7b1__baseline_readiness\011_3847504_a30ec522\compiledrepos\3847504\modules\weblounge-common\target\weblounge-common-4.0.0-SNAPSHOT.jar to C:\Users\admin\.m2\repository\ch\entwine\weblounge\weblounge-common\4.0.0-SNAPSHOT\weblounge-common-4.0.0-SNAPSHOT.jar
[INFO] Installing D:\A_ThucNghiem\scripts_v2\workspaces\20260724_010022_d3f7f7b1__baseline_readiness\011_3847504_a30ec522\compiledrepos\3847504\modules\weblounge-common\pom.xml to C:\Users\admin\.m2\repository\ch\entwine\weblounge\weblounge-common\4.0.0-SNAPSHOT\weblounge-common-4.0.0-SNAPSHOT.pom
[INFO] 
[INFO] --- bundle:2.4.0:install (default-install) @ weblounge-common ---
[INFO] Installing ch/entwine/weblounge/weblounge-common/4.0.0-SNAPSHOT/weblounge-common-4.0.0-SNAPSHOT.jar
[INFO] Writing OBR metadata
[INFO] 
[INFO] --- antrun:1.7:run (deploy) @ weblounge-common ---
[INFO] Executing tasks

[INFO] Deploy to stage:
     [copy] Copying 1 file to D:\A_ThucNghiem\scripts_v2\workspaces\20260724_010022_d3f7f7b1__baseline_readiness\011_3847504_a30ec522\compiledrepos\3847504\modules\weblounge"
2026-07-23T18:13:14+00:00,baseline_sandbox_readiness,3847504,modules/weblounge-common,,11,3847504:modules/weblounge-common/src/main/java/ch/entwine/weblounge/common/impl/content/page/pageleturiimpl.java,PageletURIImpl,PageletURIImpl_RBL4_a30ec522Test,PASS,170.809,ok; sandbox readiness passed
2026-07-23T18:13:14+00:00,maven_reactor_prewarm_wait,3847504,modules/weblounge-common,,8,3847504:modules/weblounge-common/src/main/java/ch/entwine/weblounge/common/impl/language/localizablecontent.java,LocalizableContent,,PASS,14.603,waited 14.603s for same repo/scope prewarm lock: maven:modules/weblounge-common
2026-07-23T18:13:14+00:00,baseline_sandbox_readiness,3847504,modules/weblounge-common,,12,3847504:modules/weblounge-common/src/main/java/ch/entwine/weblounge/common/impl/scheduler/periodicjobtrigger.java,PeriodicJobTrigger,PeriodicJobTrigger_RBL4_4c73c73cTest,START,,prepare per-class sandbox and run generation prewarm without invoking GPT/EvoSuite
2026-07-23T18:13:14+00:00,maven_reactor_prewarm,3847504,modules/weblounge-common,,8,3847504:modules/weblounge-common/src/main/java/ch/entwine/weblounge/common/impl/language/localizablecontent.java,LocalizableContent,,START,,prewarm reactor dependencies for -pl modules/weblounge-common; synthesized placeholder test hidden during prewarm: LocalizableContent_RBL4_9f4346c7Test.java
2026-07-23T18:13:27+00:00,maven_reactor_prewarm,3847504,modules/weblounge-common,,8,3847504:modules/weblounge-common/src/main/java/ch/entwine/weblounge/common/impl/language/localizablecontent.java,LocalizableContent,,PASS,12.608,"s\weblounge-common\pom.xml
[INFO] -------------------------------[ bundle ]-------------------------------
[WARNING] Parameter 'encoding' is unknown for plugin 'maven-surefire-plugin:2.16:test (default-test)'
[INFO] 
[INFO] --- resources:2.6:resources (default-resources) @ weblounge-common ---
[INFO] Using 'UTF-8' encoding to copy filtered resources.
[INFO] Copying 6 resources
[INFO] 
[INFO] --- compiler:3.1:compile (default-compile) @ weblounge-common ---
[INFO] Changes detected - recompiling the module!
[INFO] Compiling 185 source files to D:\A_ThucNghiem\scripts_v2\workspaces\20260724_010022_d3f7f7b1__baseline_readiness\008_3847504_9f4346c7\compiledrepos\3847504\modules\weblounge-common\target\classes
[WARNING] /D:/A_ThucNghiem/scripts_v2/workspaces/20260724_010022_d3f7f7b1__baseline_readiness/008_3847504_9f4346c7/compiledrepos/3847504/modules/weblounge-common/src/main/java/ch/entwine/weblounge/common/impl/testing/MockHttpSession.java: Some input files use or override a deprecated API.
[WARNING] /D:/A_ThucNghiem/scripts_v2/workspaces/20260724_010022_d3f7f7b1__baseline_readiness/008_3847504_9f4346c7/compiledrepos/3847504/modules/weblounge-common/src/main/java/ch/entwine/weblounge/common/impl/testing/MockHttpSession.java: Recompile with -Xlint:deprecation for details.
[WARNING] /D:/A_ThucNghiem/scripts_v2/workspaces/20260724_010022_d3f7f7b1__baseline_readiness/008_3847504_9f4346c7/compiledrepos/3847504/modules/weblounge-common/src/main/java/ch/entwine/weblounge/common/impl/content/page/PageletRendererImpl.java: Some input files use unchecked or unsafe operations.
[WARNING] /D:/A_ThucNghiem/scripts_v2/workspaces/20260724_010022_d3f7f7b1__baseline_readiness/008_3847504_9f4346c7/compiledrepos/3847504/modules/weblounge-common/src/main/java/ch/entwine/weblounge/common/impl/content/page/PageletRendererImpl.java: Recompile with -Xlint:unchecked for details.
[INFO] 
[INFO] --- resources:2.6:testResources (default-testResources) @ weblounge-common ---
[INFO] Using 'UTF-8' encoding to copy filtered resources.
[INFO] Copying 1 resource
[INFO] Copying 39 resources
[INFO] 
[INFO] --- compiler:3.1:testCompile (default-testCompile) @ weblounge-common ---
[INFO] Changes detected - recompiling the module!
[INFO] Compiling 97 source files to D:\A_ThucNghiem\scripts_v2\workspaces\20260724_010022_d3f7f7b1__baseline_readiness\008_3847504_9f4346c7\compiledrepos\3847504\modules\weblounge-common\target\test-classes
[INFO] 
[INFO] --- surefire:2.16:test (default-test) @ weblounge-common ---
[WARNING]  Parameter 'systemProperties' is deprecated: Use systemPropertyVariables instead.
[INFO] Tests are skipped.
[INFO] 
[INFO] --- bundle:2.4.0:bundle (default-bundle) @ weblounge-common ---
[INFO] 
[INFO] --- checkstyle:2.11:check (default) @ weblounge-common ---
[INFO] 
[INFO] --- install:2.5.1:install (default-install) @ weblounge-common ---
[INFO] Installing D:\A_ThucNghiem\scripts_v2\workspaces\20260724_010022_d3f7f7b1__baseline_readiness\008_3847504_9f4346c7\compiledrepos\3847504\modules\weblounge-common\target\weblounge-common-4.0.0-SNAPSHOT.jar to C:\Users\admin\.m2\repository\ch\entwine\weblounge\weblounge-common\4.0.0-SNAPSHOT\weblounge-common-4.0.0-SNAPSHOT.jar
[INFO] Installing D:\A_ThucNghiem\scripts_v2\workspaces\20260724_010022_d3f7f7b1__baseline_readiness\008_3847504_9f4346c7\compiledrepos\3847504\modules\weblounge-common\pom.xml to C:\Users\admin\.m2\repository\ch\entwine\weblounge\weblounge-common\4.0.0-SNAPSHOT\weblounge-common-4.0.0-SNAPSHOT.pom
[INFO] 
[INFO] --- bundle:2.4.0:install (default-install) @ weblounge-common ---
[INFO] Installing ch/entwine/weblounge/weblounge-common/4.0.0-SNAPSHOT/weblounge-common-4.0.0-SNAPSHOT.jar
[INFO] Writing OBR metadata
[INFO] 
[INFO] --- antrun:1.7:run (deploy) @ weblounge-common ---
[INFO] Executing tasks

[INFO] Deploy to stage:
     [copy] Copying 1 file to D:\A_ThucNghiem\scripts_v2\workspaces\20260724_010022_d3f7f7b1__baseline_readiness\008_3847504_9f4346c7\compiledrepos\3847504\modules\webloung"
2026-07-23T18:13:27+00:00,baseline_sandbox_readiness,3847504,modules/weblounge-common,,8,3847504:modules/weblounge-common/src/main/java/ch/entwine/weblounge/common/impl/language/localizablecontent.java,LocalizableContent,LocalizableContent_RBL4_9f4346c7Test,PASS,183.693,ok; sandbox readiness passed
2026-07-23T18:13:27+00:00,maven_reactor_prewarm_wait,3847504,modules/weblounge-common,,9,3847504:modules/weblounge-common/src/main/java/ch/entwine/weblounge/common/impl/url/urlimpl.java,UrlImpl,,PASS,27.216,waited 27.216s for same repo/scope prewarm lock: maven:modules/weblounge-common
2026-07-23T18:13:27+00:00,baseline_sandbox_readiness,3847504,modules/weblounge-common,,13,3847504:modules/weblounge-common/src/main/java/ch/entwine/weblounge/common/impl/security/siteadminimpl.java,SiteAdminImpl,SiteAdminImpl_RBL4_17e4fcfbTest,START,,prepare per-class sandbox and run generation prewarm without invoking GPT/EvoSuite
2026-07-23T18:13:27+00:00,maven_reactor_prewarm,3847504,modules/weblounge-common,,9,3847504:modules/weblounge-common/src/main/java/ch/entwine/weblounge/common/impl/url/urlimpl.java,UrlImpl,,START,,prewarm reactor dependencies for -pl modules/weblounge-common; synthesized placeholder test hidden during prewarm: UrlImpl_RBL4_8ce169b0Test.java
2026-07-23T18:13:39+00:00,maven_reactor_prewarm,3847504,modules/weblounge-common,,9,3847504:modules/weblounge-common/src/main/java/ch/entwine/weblounge/common/impl/url/urlimpl.java,UrlImpl,,PASS,12.52," from modules\weblounge-common\pom.xml
[INFO] -------------------------------[ bundle ]-------------------------------
[WARNING] Parameter 'encoding' is unknown for plugin 'maven-surefire-plugin:2.16:test (default-test)'
[INFO] 
[INFO] --- resources:2.6:resources (default-resources) @ weblounge-common ---
[INFO] Using 'UTF-8' encoding to copy filtered resources.
[INFO] Copying 6 resources
[INFO] 
[INFO] --- compiler:3.1:compile (default-compile) @ weblounge-common ---
[INFO] Changes detected - recompiling the module!
[INFO] Compiling 185 source files to D:\A_ThucNghiem\scripts_v2\workspaces\20260724_010022_d3f7f7b1__baseline_readiness\009_3847504_8ce169b0\compiledrepos\3847504\modules\weblounge-common\target\classes
[WARNING] /D:/A_ThucNghiem/scripts_v2/workspaces/20260724_010022_d3f7f7b1__baseline_readiness/009_3847504_8ce169b0/compiledrepos/3847504/modules/weblounge-common/src/main/java/ch/entwine/weblounge/common/impl/testing/MockHttpSession.java: Some input files use or override a deprecated API.
[WARNING] /D:/A_ThucNghiem/scripts_v2/workspaces/20260724_010022_d3f7f7b1__baseline_readiness/009_3847504_8ce169b0/compiledrepos/3847504/modules/weblounge-common/src/main/java/ch/entwine/weblounge/common/impl/testing/MockHttpSession.java: Recompile with -Xlint:deprecation for details.
[WARNING] /D:/A_ThucNghiem/scripts_v2/workspaces/20260724_010022_d3f7f7b1__baseline_readiness/009_3847504_8ce169b0/compiledrepos/3847504/modules/weblounge-common/src/main/java/ch/entwine/weblounge/common/impl/request/SiteRequestWrapper.java: Some input files use unchecked or unsafe operations.
[WARNING] /D:/A_ThucNghiem/scripts_v2/workspaces/20260724_010022_d3f7f7b1__baseline_readiness/009_3847504_8ce169b0/compiledrepos/3847504/modules/weblounge-common/src/main/java/ch/entwine/weblounge/common/impl/request/SiteRequestWrapper.java: Recompile with -Xlint:unchecked for details.
[INFO] 
[INFO] --- resources:2.6:testResources (default-testResources) @ weblounge-common ---
[INFO] Using 'UTF-8' encoding to copy filtered resources.
[INFO] Copying 1 resource
[INFO] Copying 39 resources
[INFO] 
[INFO] --- compiler:3.1:testCompile (default-testCompile) @ weblounge-common ---
[INFO] Changes detected - recompiling the module!
[INFO] Compiling 97 source files to D:\A_ThucNghiem\scripts_v2\workspaces\20260724_010022_d3f7f7b1__baseline_readiness\009_3847504_8ce169b0\compiledrepos\3847504\modules\weblounge-common\target\test-classes
[INFO] 
[INFO] --- surefire:2.16:test (default-test) @ weblounge-common ---
[WARNING]  Parameter 'systemProperties' is deprecated: Use systemPropertyVariables instead.
[INFO] Tests are skipped.
[INFO] 
[INFO] --- bundle:2.4.0:bundle (default-bundle) @ weblounge-common ---
[INFO] 
[INFO] --- checkstyle:2.11:check (default) @ weblounge-common ---
[INFO] 
[INFO] --- install:2.5.1:install (default-install) @ weblounge-common ---
[INFO] Installing D:\A_ThucNghiem\scripts_v2\workspaces\20260724_010022_d3f7f7b1__baseline_readiness\009_3847504_8ce169b0\compiledrepos\3847504\modules\weblounge-common\target\weblounge-common-4.0.0-SNAPSHOT.jar to C:\Users\admin\.m2\repository\ch\entwine\weblounge\weblounge-common\4.0.0-SNAPSHOT\weblounge-common-4.0.0-SNAPSHOT.jar
[INFO] Installing D:\A_ThucNghiem\scripts_v2\workspaces\20260724_010022_d3f7f7b1__baseline_readiness\009_3847504_8ce169b0\compiledrepos\3847504\modules\weblounge-common\pom.xml to C:\Users\admin\.m2\repository\ch\entwine\weblounge\weblounge-common\4.0.0-SNAPSHOT\weblounge-common-4.0.0-SNAPSHOT.pom
[INFO] 
[INFO] --- bundle:2.4.0:install (default-install) @ weblounge-common ---
[INFO] Installing ch/entwine/weblounge/weblounge-common/4.0.0-SNAPSHOT/weblounge-common-4.0.0-SNAPSHOT.jar
[INFO] Writing OBR metadata
[INFO] 
[INFO] --- antrun:1.7:run (deploy) @ weblounge-common ---
[INFO] Executing tasks

[INFO] Deploy to stage:
     [copy] Copying 1 file to D:\A_ThucNghiem\scripts_v2\workspaces\20260724_010022_d3f7f7b1__baseline_readiness\009_3847504_8ce169b0\compiledrepos\3847504\modules\webloung"
2026-07-23T18:13:39+00:00,baseline_sandbox_readiness,3847504,modules/weblounge-common,,9,3847504:modules/weblounge-common/src/main/java/ch/entwine/weblounge/common/impl/url/urlimpl.java,UrlImpl,UrlImpl_RBL4_8ce169b0Test,PASS,196.017,ok; sandbox readiness passed
2026-07-23T18:13:39+00:00,maven_reactor_prewarm_wait,3847504,modules/weblounge-common,,10,3847504:modules/weblounge-common/src/main/java/ch/entwine/weblounge/common/impl/content/page/scriptimpl.java,ScriptImpl,,PASS,39.74,waited 39.740s for same repo/scope prewarm lock: maven:modules/weblounge-common
2026-07-23T18:13:39+00:00,baseline_sandbox_readiness,3847504,modules/weblounge-common,,14,3847504:modules/weblounge-common/src/main/java/ch/entwine/weblounge/common/impl/content/page/pageletrendererimpl.java,PageletRendererImpl,PageletRendererImpl_RBL4_a6858dc4Test,START,,prepare per-class sandbox and run generation prewarm without invoking GPT/EvoSuite
2026-07-23T18:13:39+00:00,maven_reactor_prewarm,3847504,modules/weblounge-common,,10,3847504:modules/weblounge-common/src/main/java/ch/entwine/weblounge/common/impl/content/page/scriptimpl.java,ScriptImpl,,START,,prewarm reactor dependencies for -pl modules/weblounge-common; synthesized placeholder test hidden during prewarm: ScriptImpl_RBL4_1794d49eTest.java
2026-07-23T18:13:52+00:00,maven_reactor_prewarm,3847504,modules/weblounge-common,,10,3847504:modules/weblounge-common/src/main/java/ch/entwine/weblounge/common/impl/content/page/scriptimpl.java,ScriptImpl,,PASS,12.683,"            [3/3]
[INFO]   from modules\weblounge-common\pom.xml
[INFO] -------------------------------[ bundle ]-------------------------------
[WARNING] Parameter 'encoding' is unknown for plugin 'maven-surefire-plugin:2.16:test (default-test)'
[INFO] 
[INFO] --- resources:2.6:resources (default-resources) @ weblounge-common ---
[INFO] Using 'UTF-8' encoding to copy filtered resources.
[INFO] Copying 6 resources
[INFO] 
[INFO] --- compiler:3.1:compile (default-compile) @ weblounge-common ---
[INFO] Changes detected - recompiling the module!
[INFO] Compiling 185 source files to D:\A_ThucNghiem\scripts_v2\workspaces\20260724_010022_d3f7f7b1__baseline_readiness\010_3847504_1794d49e\compiledrepos\3847504\modules\weblounge-common\target\classes
[WARNING] /D:/A_ThucNghiem/scripts_v2/workspaces/20260724_010022_d3f7f7b1__baseline_readiness/010_3847504_1794d49e/compiledrepos/3847504/modules/weblounge-common/src/main/java/ch/entwine/weblounge/common/impl/testing/MockHttpSession.java: Some input files use or override a deprecated API.
[WARNING] /D:/A_ThucNghiem/scripts_v2/workspaces/20260724_010022_d3f7f7b1__baseline_readiness/010_3847504_1794d49e/compiledrepos/3847504/modules/weblounge-common/src/main/java/ch/entwine/weblounge/common/impl/testing/MockHttpSession.java: Recompile with -Xlint:deprecation for details.
[WARNING] /D:/A_ThucNghiem/scripts_v2/workspaces/20260724_010022_d3f7f7b1__baseline_readiness/010_3847504_1794d49e/compiledrepos/3847504/modules/weblounge-common/src/main/java/ch/entwine/weblounge/common/impl/site/SiteImpl.java: Some input files use unchecked or unsafe operations.
[WARNING] /D:/A_ThucNghiem/scripts_v2/workspaces/20260724_010022_d3f7f7b1__baseline_readiness/010_3847504_1794d49e/compiledrepos/3847504/modules/weblounge-common/src/main/java/ch/entwine/weblounge/common/impl/site/SiteImpl.java: Recompile with -Xlint:unchecked for details.
[INFO] 
[INFO] --- resources:2.6:testResources (default-testResources) @ weblounge-common ---
[INFO] Using 'UTF-8' encoding to copy filtered resources.
[INFO] Copying 1 resource
[INFO] Copying 39 resources
[INFO] 
[INFO] --- compiler:3.1:testCompile (default-testCompile) @ weblounge-common ---
[INFO] Changes detected - recompiling the module!
[INFO] Compiling 97 source files to D:\A_ThucNghiem\scripts_v2\workspaces\20260724_010022_d3f7f7b1__baseline_readiness\010_3847504_1794d49e\compiledrepos\3847504\modules\weblounge-common\target\test-classes
[INFO] 
[INFO] --- surefire:2.16:test (default-test) @ weblounge-common ---
[WARNING]  Parameter 'systemProperties' is deprecated: Use systemPropertyVariables instead.
[INFO] Tests are skipped.
[INFO] 
[INFO] --- bundle:2.4.0:bundle (default-bundle) @ weblounge-common ---
[INFO] 
[INFO] --- checkstyle:2.11:check (default) @ weblounge-common ---
[INFO] 
[INFO] --- install:2.5.1:install (default-install) @ weblounge-common ---
[INFO] Installing D:\A_ThucNghiem\scripts_v2\workspaces\20260724_010022_d3f7f7b1__baseline_readiness\010_3847504_1794d49e\compiledrepos\3847504\modules\weblounge-common\target\weblounge-common-4.0.0-SNAPSHOT.jar to C:\Users\admin\.m2\repository\ch\entwine\weblounge\weblounge-common\4.0.0-SNAPSHOT\weblounge-common-4.0.0-SNAPSHOT.jar
[INFO] Installing D:\A_ThucNghiem\scripts_v2\workspaces\20260724_010022_d3f7f7b1__baseline_readiness\010_3847504_1794d49e\compiledrepos\3847504\modules\weblounge-common\pom.xml to C:\Users\admin\.m2\repository\ch\entwine\weblounge\weblounge-common\4.0.0-SNAPSHOT\weblounge-common-4.0.0-SNAPSHOT.pom
[INFO] 
[INFO] --- bundle:2.4.0:install (default-install) @ weblounge-common ---
[INFO] Installing ch/entwine/weblounge/weblounge-common/4.0.0-SNAPSHOT/weblounge-common-4.0.0-SNAPSHOT.jar
[INFO] Writing OBR metadata
[INFO] 
[INFO] --- antrun:1.7:run (deploy) @ weblounge-common ---
[INFO] Executing tasks

[INFO] Deploy to stage:
     [copy] Copying 1 file to D:\A_ThucNghiem\scripts_v2\workspaces\20260724_010022_d3f7f7b1__baseline_readiness\010_3847504_1794d49e\compiledrepos\3847504\modules\webloung"
2026-07-23T18:13:52+00:00,maven_reactor_prewarm_wait,3847504,modules/weblounge-common,,12,3847504:modules/weblounge-common/src/main/java/ch/entwine/weblounge/common/impl/scheduler/periodicjobtrigger.java,PeriodicJobTrigger,,PASS,35.248,waited 35.248s for same repo/scope prewarm lock: maven:modules/weblounge-common
2026-07-23T18:13:52+00:00,baseline_sandbox_readiness,3847504,modules/weblounge-common,,10,3847504:modules/weblounge-common/src/main/java/ch/entwine/weblounge/common/impl/content/page/scriptimpl.java,ScriptImpl,ScriptImpl_RBL4_1794d49eTest,PASS,208.641,ok; sandbox readiness passed
2026-07-23T18:13:52+00:00,maven_reactor_prewarm,3847504,modules/weblounge-common,,12,3847504:modules/weblounge-common/src/main/java/ch/entwine/weblounge/common/impl/scheduler/periodicjobtrigger.java,PeriodicJobTrigger,,START,,prewarm reactor dependencies for -pl modules/weblounge-common; synthesized placeholder test hidden during prewarm: PeriodicJobTrigger_RBL4_4c73c73cTest.java
2026-07-23T18:13:52+00:00,baseline_sandbox_readiness,3847504,modules/weblounge-common,,15,3847504:modules/weblounge-common/src/main/java/ch/entwine/weblounge/common/impl/url/weburlimpl.java,WebUrlImpl,WebUrlImpl_RBL4_0a423268Test,START,,prepare per-class sandbox and run generation prewarm without invoking GPT/EvoSuite
2026-07-23T18:14:07+00:00,maven_reactor_prewarm,3847504,modules/weblounge-common,,12,3847504:modules/weblounge-common/src/main/java/ch/entwine/weblounge/common/impl/scheduler/periodicjobtrigger.java,PeriodicJobTrigger,,PASS,14.705,"ules\weblounge-common\pom.xml
[INFO] -------------------------------[ bundle ]-------------------------------
[WARNING] Parameter 'encoding' is unknown for plugin 'maven-surefire-plugin:2.16:test (default-test)'
[INFO] 
[INFO] --- resources:2.6:resources (default-resources) @ weblounge-common ---
[INFO] Using 'UTF-8' encoding to copy filtered resources.
[INFO] Copying 6 resources
[INFO] 
[INFO] --- compiler:3.1:compile (default-compile) @ weblounge-common ---
[INFO] Changes detected - recompiling the module!
[INFO] Compiling 185 source files to D:\A_ThucNghiem\scripts_v2\workspaces\20260724_010022_d3f7f7b1__baseline_readiness\012_3847504_4c73c73c\compiledrepos\3847504\modules\weblounge-common\target\classes
[WARNING] /D:/A_ThucNghiem/scripts_v2/workspaces/20260724_010022_d3f7f7b1__baseline_readiness/012_3847504_4c73c73c/compiledrepos/3847504/modules/weblounge-common/src/main/java/ch/entwine/weblounge/common/impl/testing/MockHttpSession.java: Some input files use or override a deprecated API.
[WARNING] /D:/A_ThucNghiem/scripts_v2/workspaces/20260724_010022_d3f7f7b1__baseline_readiness/012_3847504_4c73c73c/compiledrepos/3847504/modules/weblounge-common/src/main/java/ch/entwine/weblounge/common/impl/testing/MockHttpSession.java: Recompile with -Xlint:deprecation for details.
[WARNING] /D:/A_ThucNghiem/scripts_v2/workspaces/20260724_010022_d3f7f7b1__baseline_readiness/012_3847504_4c73c73c/compiledrepos/3847504/modules/weblounge-common/src/main/java/ch/entwine/weblounge/common/impl/testing/MockHttpServletRequest.java: Some input files use unchecked or unsafe operations.
[WARNING] /D:/A_ThucNghiem/scripts_v2/workspaces/20260724_010022_d3f7f7b1__baseline_readiness/012_3847504_4c73c73c/compiledrepos/3847504/modules/weblounge-common/src/main/java/ch/entwine/weblounge/common/impl/testing/MockHttpServletRequest.java: Recompile with -Xlint:unchecked for details.
[INFO] 
[INFO] --- resources:2.6:testResources (default-testResources) @ weblounge-common ---
[INFO] Using 'UTF-8' encoding to copy filtered resources.
[INFO] Copying 1 resource
[INFO] Copying 39 resources
[INFO] 
[INFO] --- compiler:3.1:testCompile (default-testCompile) @ weblounge-common ---
[INFO] Changes detected - recompiling the module!
[INFO] Compiling 97 source files to D:\A_ThucNghiem\scripts_v2\workspaces\20260724_010022_d3f7f7b1__baseline_readiness\012_3847504_4c73c73c\compiledrepos\3847504\modules\weblounge-common\target\test-classes
[INFO] 
[INFO] --- surefire:2.16:test (default-test) @ weblounge-common ---
[WARNING]  Parameter 'systemProperties' is deprecated: Use systemPropertyVariables instead.
[INFO] Tests are skipped.
[INFO] 
[INFO] --- bundle:2.4.0:bundle (default-bundle) @ weblounge-common ---
[INFO] 
[INFO] --- checkstyle:2.11:check (default) @ weblounge-common ---
[INFO] 
[INFO] --- install:2.5.1:install (default-install) @ weblounge-common ---
[INFO] Installing D:\A_ThucNghiem\scripts_v2\workspaces\20260724_010022_d3f7f7b1__baseline_readiness\012_3847504_4c73c73c\compiledrepos\3847504\modules\weblounge-common\target\weblounge-common-4.0.0-SNAPSHOT.jar to C:\Users\admin\.m2\repository\ch\entwine\weblounge\weblounge-common\4.0.0-SNAPSHOT\weblounge-common-4.0.0-SNAPSHOT.jar
[INFO] Installing D:\A_ThucNghiem\scripts_v2\workspaces\20260724_010022_d3f7f7b1__baseline_readiness\012_3847504_4c73c73c\compiledrepos\3847504\modules\weblounge-common\pom.xml to C:\Users\admin\.m2\repository\ch\entwine\weblounge\weblounge-common\4.0.0-SNAPSHOT\weblounge-common-4.0.0-SNAPSHOT.pom
[INFO] 
[INFO] --- bundle:2.4.0:install (default-install) @ weblounge-common ---
[INFO] Installing ch/entwine/weblounge/weblounge-common/4.0.0-SNAPSHOT/weblounge-common-4.0.0-SNAPSHOT.jar
[INFO] Writing OBR metadata
[INFO] 
[INFO] --- antrun:1.7:run (deploy) @ weblounge-common ---
[INFO] Executing tasks

[INFO] Deploy to stage:
     [copy] Copying 1 file to D:\A_ThucNghiem\scripts_v2\workspaces\20260724_010022_d3f7f7b1__baseline_readiness\012_3847504_4c73c73c\compiledrepos\3847504\modules\weblounge"
2026-07-23T18:14:07+00:00,baseline_sandbox_readiness,3847504,modules/weblounge-common,,12,3847504:modules/weblounge-common/src/main/java/ch/entwine/weblounge/common/impl/scheduler/periodicjobtrigger.java,PeriodicJobTrigger,PeriodicJobTrigger_RBL4_4c73c73cTest,PASS,52.53,ok; sandbox readiness passed
2026-07-23T18:14:07+00:00,maven_reactor_prewarm_wait,3847504,modules/weblounge-common,,13,3847504:modules/weblounge-common/src/main/java/ch/entwine/weblounge/common/impl/security/siteadminimpl.java,SiteAdminImpl,,PASS,37.858,waited 37.858s for same repo/scope prewarm lock: maven:modules/weblounge-common
2026-07-23T18:14:07+00:00,baseline_sandbox_readiness,39195736,sonar-jproperties-plugin,,16,39195736:sonar-jproperties-plugin/src/main/java/org/sonar/plugins/jproperties/javapropertiesplugin.java,JavaPropertiesPlugin,JavaPropertiesPlugin_RBL4_f9bc17aaTest,START,,prepare per-class sandbox and run generation prewarm without invoking GPT/EvoSuite
2026-07-23T18:14:07+00:00,maven_reactor_prewarm,3847504,modules/weblounge-common,,13,3847504:modules/weblounge-common/src/main/java/ch/entwine/weblounge/common/impl/security/siteadminimpl.java,SiteAdminImpl,,START,,prewarm reactor dependencies for -pl modules/weblounge-common; synthesized placeholder test hidden during prewarm: SiteAdminImpl_RBL4_17e4fcfbTest.java
2026-07-23T18:14:13+00:00,maven_reactor_prewarm,39195736,sonar-jproperties-plugin,,16,39195736:sonar-jproperties-plugin/src/main/java/org/sonar/plugins/jproperties/javapropertiesplugin.java,JavaPropertiesPlugin,,START,,prewarm reactor dependencies for -pl sonar-jproperties-plugin; synthesized placeholder test hidden during prewarm: JavaPropertiesPlugin_RBL4_f9bc17aaTest.java
2026-07-23T18:14:21+00:00,maven_reactor_prewarm,3847504,modules/weblounge-common,,13,3847504:modules/weblounge-common/src/main/java/ch/entwine/weblounge/common/impl/security/siteadminimpl.java,SiteAdminImpl,,PASS,14.637,"FO]   from modules\weblounge-common\pom.xml
[INFO] -------------------------------[ bundle ]-------------------------------
[WARNING] Parameter 'encoding' is unknown for plugin 'maven-surefire-plugin:2.16:test (default-test)'
[INFO] 
[INFO] --- resources:2.6:resources (default-resources) @ weblounge-common ---
[INFO] Using 'UTF-8' encoding to copy filtered resources.
[INFO] Copying 6 resources
[INFO] 
[INFO] --- compiler:3.1:compile (default-compile) @ weblounge-common ---
[INFO] Changes detected - recompiling the module!
[INFO] Compiling 185 source files to D:\A_ThucNghiem\scripts_v2\workspaces\20260724_010022_d3f7f7b1__baseline_readiness\013_3847504_17e4fcfb\compiledrepos\3847504\modules\weblounge-common\target\classes
[WARNING] /D:/A_ThucNghiem/scripts_v2/workspaces/20260724_010022_d3f7f7b1__baseline_readiness/013_3847504_17e4fcfb/compiledrepos/3847504/modules/weblounge-common/src/main/java/ch/entwine/weblounge/common/impl/testing/MockHttpSession.java: Some input files use or override a deprecated API.
[WARNING] /D:/A_ThucNghiem/scripts_v2/workspaces/20260724_010022_d3f7f7b1__baseline_readiness/013_3847504_17e4fcfb/compiledrepos/3847504/modules/weblounge-common/src/main/java/ch/entwine/weblounge/common/impl/testing/MockHttpSession.java: Recompile with -Xlint:deprecation for details.
[WARNING] /D:/A_ThucNghiem/scripts_v2/workspaces/20260724_010022_d3f7f7b1__baseline_readiness/013_3847504_17e4fcfb/compiledrepos/3847504/modules/weblounge-common/src/main/java/ch/entwine/weblounge/common/impl/content/SearchTermsImpl.java: Some input files use unchecked or unsafe operations.
[WARNING] /D:/A_ThucNghiem/scripts_v2/workspaces/20260724_010022_d3f7f7b1__baseline_readiness/013_3847504_17e4fcfb/compiledrepos/3847504/modules/weblounge-common/src/main/java/ch/entwine/weblounge/common/impl/content/SearchTermsImpl.java: Recompile with -Xlint:unchecked for details.
[INFO] 
[INFO] --- resources:2.6:testResources (default-testResources) @ weblounge-common ---
[INFO] Using 'UTF-8' encoding to copy filtered resources.
[INFO] Copying 1 resource
[INFO] Copying 39 resources
[INFO] 
[INFO] --- compiler:3.1:testCompile (default-testCompile) @ weblounge-common ---
[INFO] Changes detected - recompiling the module!
[INFO] Compiling 97 source files to D:\A_ThucNghiem\scripts_v2\workspaces\20260724_010022_d3f7f7b1__baseline_readiness\013_3847504_17e4fcfb\compiledrepos\3847504\modules\weblounge-common\target\test-classes
[INFO] 
[INFO] --- surefire:2.16:test (default-test) @ weblounge-common ---
[WARNING]  Parameter 'systemProperties' is deprecated: Use systemPropertyVariables instead.
[INFO] Tests are skipped.
[INFO] 
[INFO] --- bundle:2.4.0:bundle (default-bundle) @ weblounge-common ---
[INFO] 
[INFO] --- checkstyle:2.11:check (default) @ weblounge-common ---
[INFO] 
[INFO] --- install:2.5.1:install (default-install) @ weblounge-common ---
[INFO] Installing D:\A_ThucNghiem\scripts_v2\workspaces\20260724_010022_d3f7f7b1__baseline_readiness\013_3847504_17e4fcfb\compiledrepos\3847504\modules\weblounge-common\target\weblounge-common-4.0.0-SNAPSHOT.jar to C:\Users\admin\.m2\repository\ch\entwine\weblounge\weblounge-common\4.0.0-SNAPSHOT\weblounge-common-4.0.0-SNAPSHOT.jar
[INFO] Installing D:\A_ThucNghiem\scripts_v2\workspaces\20260724_010022_d3f7f7b1__baseline_readiness\013_3847504_17e4fcfb\compiledrepos\3847504\modules\weblounge-common\pom.xml to C:\Users\admin\.m2\repository\ch\entwine\weblounge\weblounge-common\4.0.0-SNAPSHOT\weblounge-common-4.0.0-SNAPSHOT.pom
[INFO] 
[INFO] --- bundle:2.4.0:install (default-install) @ weblounge-common ---
[INFO] Installing ch/entwine/weblounge/weblounge-common/4.0.0-SNAPSHOT/weblounge-common-4.0.0-SNAPSHOT.jar
[INFO] Writing OBR metadata
[INFO] 
[INFO] --- antrun:1.7:run (deploy) @ weblounge-common ---
[INFO] Executing tasks

[INFO] Deploy to stage:
     [copy] Copying 1 file to D:\A_ThucNghiem\scripts_v2\workspaces\20260724_010022_d3f7f7b1__baseline_readiness\013_3847504_17e4fcfb\compiledrepos\3847504\modules\weblounge"
2026-07-23T18:14:21+00:00,maven_reactor_prewarm_wait,3847504,modules/weblounge-common,,14,3847504:modules/weblounge-common/src/main/java/ch/entwine/weblounge/common/impl/content/page/pageletrendererimpl.java,PageletRendererImpl,,PASS,39.986,waited 39.986s for same repo/scope prewarm lock: maven:modules/weblounge-common
2026-07-23T18:14:21+00:00,baseline_sandbox_readiness,3847504,modules/weblounge-common,,13,3847504:modules/weblounge-common/src/main/java/ch/entwine/weblounge/common/impl/security/siteadminimpl.java,SiteAdminImpl,SiteAdminImpl_RBL4_17e4fcfbTest,PASS,54.561,ok; sandbox readiness passed
2026-07-23T18:14:22+00:00,maven_reactor_prewarm,3847504,modules/weblounge-common,,14,3847504:modules/weblounge-common/src/main/java/ch/entwine/weblounge/common/impl/content/page/pageletrendererimpl.java,PageletRendererImpl,,START,,prewarm reactor dependencies for -pl modules/weblounge-common; synthesized placeholder test hidden during prewarm: PageletRendererImpl_RBL4_a6858dc4Test.java
2026-07-23T18:14:22+00:00,baseline_sandbox_readiness,39195736,jproperties-checks,,17,39195736:jproperties-checks/src/main/java/org/sonar/jproperties/checks/generic/toomanykeyscheck.java,TooManyKeysCheck,TooManyKeysCheck_RBL4_3d24a470Test,START,,prepare per-class sandbox and run generation prewarm without invoking GPT/EvoSuite
2026-07-23T18:14:22+00:00,maven_reactor_prewarm,39195736,jproperties-checks,,17,39195736:jproperties-checks/src/main/java/org/sonar/jproperties/checks/generic/toomanykeyscheck.java,TooManyKeysCheck,,START,,prewarm reactor dependencies for -pl jproperties-checks; synthesized placeholder test hidden during prewarm: TooManyKeysCheck_RBL4_3d24a470Test.java
2026-07-23T18:14:33+00:00,maven_reactor_prewarm,39195736,sonar-jproperties-plugin,,16,39195736:sonar-jproperties-plugin/src/main/java/org/sonar/plugins/jproperties/javapropertiesplugin.java,JavaPropertiesPlugin,,PASS,20.127," specifically included
[INFO] net.sf.cglib.transform.ClassReaderGenerator not removed because it was specifically included
[INFO] net.sf.cglib.proxy.Proxy not removed because it was specifically included
[INFO] net.sf.cglib.beans.BulkBean$Generator not removed because it was specifically included
[INFO] net.sf.cglib.util.ParallelSorter$FloatComparer not removed because it was specifically included
[INFO] net.sf.cglib.transform.MethodFilterTransformer not removed because it was specifically included
[INFO] net.sf.cglib.beans.BulkBean not removed because it was specifically included
[INFO] net.sf.cglib.transform.impl.UndeclaredThrowableStrategy$1 not removed because it was specifically included
[INFO] net.sf.cglib.transform.ClassVisitorTee not removed because it was specifically included
[INFO] net.sf.cglib.transform.TransformingClassLoader not removed because it was specifically included
[INFO] net.sf.cglib.transform.ClassEmitterTransformer not removed because it was specifically included
[INFO] net.sf.cglib.transform.ClassTransformerChain not removed because it was specifically included
[INFO] net.sf.cglib.transform.impl.InterceptFieldCallback not removed because it was specifically included
[INFO] net.sf.cglib.proxy.MixinEverythingEmitter not removed because it was specifically included
[INFO] net.sf.cglib.transform.impl.AccessFieldTransformer$Callback not removed because it was specifically included
[INFO] net.sf.cglib.reflect.MethodDelegate$MethodDelegateKey not removed because it was specifically included
[INFO] net.sf.cglib.beans.BeanMapEmitter$1 not removed because it was specifically included
[INFO] net.sf.cglib.beans.BeanMapEmitter$3 not removed because it was specifically included
[INFO] net.sf.cglib.beans.BeanMapEmitter$2 not removed because it was specifically included
[INFO] Minimized 3227 -> 1620 (50%)
[INFO] Replacing original artifact with shaded artifact.
[INFO] Replacing D:\A_ThucNghiem\scripts_v2\workspaces\20260724_010022_d3f7f7b1__baseline_readiness\016_39195736_f9bc17aa\compiledrepos\39195736\sonar-jproperties-plugin\target\sonar-jproperties-plugin-2.7-SNAPSHOT.jar with D:\A_ThucNghiem\scripts_v2\workspaces\20260724_010022_d3f7f7b1__baseline_readiness\016_39195736_f9bc17aa\compiledrepos\39195736\sonar-jproperties-plugin\target\sonar-jproperties-plugin-2.7-SNAPSHOT-shaded.jar
[INFO] 
[INFO] --- javadoc:2.10.4:jar (attach-javadocs) @ sonar-jproperties-plugin ---
[INFO] Skipping javadoc generation
[INFO] 
[INFO] --- enforcer:3.0.0-M1:enforce (enforce-plugin-size) @ sonar-jproperties-plugin ---
[INFO] Skipping Rule Enforcement.
[INFO] 
[INFO] --- source:3.0.1:jar-no-fork (attach-sources) @ sonar-jproperties-plugin ---
[INFO] Building jar: D:\A_ThucNghiem\scripts_v2\workspaces\20260724_010022_d3f7f7b1__baseline_readiness\016_39195736_f9bc17aa\compiledrepos\39195736\sonar-jproperties-plugin\target\sonar-jproperties-plugin-2.7-SNAPSHOT-sources.jar
[INFO] 
[INFO] --- install:2.5.2:install (default-install) @ sonar-jproperties-plugin ---
[INFO] Installing D:\A_ThucNghiem\scripts_v2\workspaces\20260724_010022_d3f7f7b1__baseline_readiness\016_39195736_f9bc17aa\compiledrepos\39195736\sonar-jproperties-plugin\target\sonar-jproperties-plugin-2.7-SNAPSHOT.jar to C:\Users\admin\.m2\repository\org\codehaus\sonar-plugins\jproperties\sonar-jproperties-plugin\2.7-SNAPSHOT\sonar-jproperties-plugin-2.7-SNAPSHOT.jar
[INFO] Installing D:\A_ThucNghiem\scripts_v2\workspaces\20260724_010022_d3f7f7b1__baseline_readiness\016_39195736_f9bc17aa\compiledrepos\39195736\sonar-jproperties-plugin\pom.xml to C:\Users\admin\.m2\repository\org\codehaus\sonar-plugins\jproperties\sonar-jproperties-plugin\2.7-SNAPSHOT\sonar-jproperties-plugin-2.7-SNAPSHOT.pom
[INFO] Installing D:\A_ThucNghiem\scripts_v2\workspaces\20260724_010022_d3f7f7b1__baseline_readiness\016_39195736_f9bc17aa\compiledrepos\39195736\sonar-jproperties-plugin\target\sonar-jproperties-plugin-2.7-SNAPSHOT-sources.jar to C:\Users\admin\.m2\repository\org\codehaus\sonar-plugins\jprop"
2026-07-23T18:14:33+00:00,baseline_sandbox_readiness,39195736,sonar-jproperties-plugin,,16,39195736:sonar-jproperties-plugin/src/main/java/org/sonar/plugins/jproperties/javapropertiesplugin.java,JavaPropertiesPlugin,JavaPropertiesPlugin_RBL4_f9bc17aaTest,PASS,25.812,ok; sandbox readiness passed
2026-07-23T18:14:33+00:00,baseline_sandbox_readiness,39195736,jproperties-checks,,18,39195736:jproperties-checks/src/main/java/org/sonar/jproperties/checks/generic/keynamingconventioncheck.java,KeyNamingConventionCheck,KeyNamingConventionCheck_RBL4_e39f864dTest,START,,prepare per-class sandbox and run generation prewarm without invoking GPT/EvoSuite
2026-07-23T18:14:38+00:00,maven_reactor_prewarm,39195736,jproperties-checks,,17,39195736:jproperties-checks/src/main/java/org/sonar/jproperties/checks/generic/toomanykeyscheck.java,TooManyKeysCheck,,PASS,15.963,"kit-2.7-SNAPSHOT-sources.jar to C:\Users\admin\.m2\repository\org\codehaus\sonar-plugins\jproperties\jproperties-checks-testkit\2.7-SNAPSHOT\jproperties-checks-testkit-2.7-SNAPSHOT-sources.jar
[INFO] 
[INFO] -----< org.codehaus.sonar-plugins.jproperties:jproperties-checks >------
[INFO] Building SonarQube Java Properties Analyzer :: Checks 2.7-SNAPSHOT [4/4]
[INFO]   from jproperties-checks\pom.xml
[INFO] --------------------------------[ jar ]---------------------------------
[INFO] 
[INFO] --- buildnumber:1.4:create (default) @ jproperties-checks ---
[INFO] 
[INFO] --- enforcer:3.0.0-M1:enforce (enforce) @ jproperties-checks ---
[INFO] Skipping Rule Enforcement.
[INFO] 
[INFO] --- license:3.0:check (enforce-license-headers) @ jproperties-checks ---
[INFO] 
[INFO] --- jacoco:0.7.9:prepare-agent (agent) @ jproperties-checks ---
[INFO] Skipping JaCoCo execution because property jacoco.skip is set.
[INFO] argLine set to empty
[INFO] 
[INFO] --- bsh:1.4:run (compute-artifact-display-version) @ jproperties-checks ---
[INFO] Executing Script
[INFO] file class java.lang.Object
[INFO] script class java.lang.String
[INFO] evaluating script if (! ""2.7-SNAPSHOT"".endsWith(""-SNAPSHOT"")) { [+ 15 omitted line(s)]
[INFO] 
[INFO] --- resources:3.0.2:resources (default-resources) @ jproperties-checks ---
[INFO] Using 'UTF-8' encoding to copy filtered resources.
[INFO] Copying 27 resources
[INFO] 
[INFO] --- compiler:3.7.0:compile (default-compile) @ jproperties-checks ---
[INFO] Changes detected - recompiling the module!
[INFO] Compiling 35 source files to D:\A_ThucNghiem\scripts_v2\workspaces\20260724_010022_d3f7f7b1__baseline_readiness\017_39195736_3d24a470\compiledrepos\39195736\jproperties-checks\target\classes
[INFO] 
[INFO] --- resources:3.0.2:testResources (default-testResources) @ jproperties-checks ---
[INFO] Using 'UTF-8' encoding to copy filtered resources.
[INFO] Copying 71 resources
[INFO] 
[INFO] --- compiler:3.7.0:testCompile (default-testCompile) @ jproperties-checks ---
[INFO] Changes detected - recompiling the module!
[INFO] Compiling 26 source files to D:\A_ThucNghiem\scripts_v2\workspaces\20260724_010022_d3f7f7b1__baseline_readiness\017_39195736_3d24a470\compiledrepos\39195736\jproperties-checks\target\test-classes
[INFO] 
[INFO] --- surefire:2.20.1:test (default-test) @ jproperties-checks ---
[INFO] Tests are skipped.
[INFO] 
[INFO] --- jar:3.0.2:jar (default-jar) @ jproperties-checks ---
[INFO] Building jar: D:\A_ThucNghiem\scripts_v2\workspaces\20260724_010022_d3f7f7b1__baseline_readiness\017_39195736_3d24a470\compiledrepos\39195736\jproperties-checks\target\jproperties-checks-2.7-SNAPSHOT.jar
[INFO] 
[INFO] --- javadoc:2.10.4:jar (attach-javadocs) @ jproperties-checks ---
[INFO] Skipping javadoc generation
[INFO] 
[INFO] --- source:3.0.1:jar-no-fork (attach-sources) @ jproperties-checks ---
[INFO] Building jar: D:\A_ThucNghiem\scripts_v2\workspaces\20260724_010022_d3f7f7b1__baseline_readiness\017_39195736_3d24a470\compiledrepos\39195736\jproperties-checks\target\jproperties-checks-2.7-SNAPSHOT-sources.jar
[INFO] 
[INFO] --- install:2.5.2:install (default-install) @ jproperties-checks ---
[INFO] Installing D:\A_ThucNghiem\scripts_v2\workspaces\20260724_010022_d3f7f7b1__baseline_readiness\017_39195736_3d24a470\compiledrepos\39195736\jproperties-checks\target\jproperties-checks-2.7-SNAPSHOT.jar to C:\Users\admin\.m2\repository\org\codehaus\sonar-plugins\jproperties\jproperties-checks\2.7-SNAPSHOT\jproperties-checks-2.7-SNAPSHOT.jar
[INFO] Installing D:\A_ThucNghiem\scripts_v2\workspaces\20260724_010022_d3f7f7b1__baseline_readiness\017_39195736_3d24a470\compiledrepos\39195736\jproperties-checks\pom.xml to C:\Users\admin\.m2\repository\org\codehaus\sonar-plugins\jproperties\jproperties-checks\2.7-SNAPSHOT\jproperties-checks-2.7-SNAPSHOT.pom
[INFO] Installing D:\A_ThucNghiem\scripts_v2\workspaces\20260724_010022_d3f7f7b1__baseline_readiness\017_39195736_3d24a470\compiledrepos\39195736\jproperties-checks\target\jproperties-che"
2026-07-23T18:14:38+00:00,baseline_sandbox_readiness,39195736,jproperties-checks,,17,39195736:jproperties-checks/src/main/java/org/sonar/jproperties/checks/generic/toomanykeyscheck.java,TooManyKeysCheck,TooManyKeysCheck_RBL4_3d24a470Test,PASS,16.395,ok; sandbox readiness passed
2026-07-23T18:14:38+00:00,maven_reactor_prewarm_wait,39195736,jproperties-checks,,18,39195736:jproperties-checks/src/main/java/org/sonar/jproperties/checks/generic/keynamingconventioncheck.java,KeyNamingConventionCheck,,PASS,4.846,waited 4.846s for same repo/scope prewarm lock: maven:jproperties-checks
2026-07-23T18:14:38+00:00,baseline_sandbox_readiness,39195736,jproperties-checks,,19,39195736:jproperties-checks/src/main/java/org/sonar/jproperties/checks/generic/linelengthcheck.java,LineLengthCheck,LineLengthCheck_RBL4_9e0529baTest,START,,prepare per-class sandbox and run generation prewarm without invoking GPT/EvoSuite
2026-07-23T18:14:38+00:00,maven_reactor_prewarm,39195736,jproperties-checks,,18,39195736:jproperties-checks/src/main/java/org/sonar/jproperties/checks/generic/keynamingconventioncheck.java,KeyNamingConventionCheck,,START,,prewarm reactor dependencies for -pl jproperties-checks; synthesized placeholder test hidden during prewarm: KeyNamingConventionCheck_RBL4_e39f864dTest.java
2026-07-23T18:14:38+00:00,maven_reactor_prewarm,3847504,modules/weblounge-common,,14,3847504:modules/weblounge-common/src/main/java/ch/entwine/weblounge/common/impl/content/page/pageletrendererimpl.java,PageletRendererImpl,,PASS,16.445,"FO]   from modules\weblounge-common\pom.xml
[INFO] -------------------------------[ bundle ]-------------------------------
[WARNING] Parameter 'encoding' is unknown for plugin 'maven-surefire-plugin:2.16:test (default-test)'
[INFO] 
[INFO] --- resources:2.6:resources (default-resources) @ weblounge-common ---
[INFO] Using 'UTF-8' encoding to copy filtered resources.
[INFO] Copying 6 resources
[INFO] 
[INFO] --- compiler:3.1:compile (default-compile) @ weblounge-common ---
[INFO] Changes detected - recompiling the module!
[INFO] Compiling 185 source files to D:\A_ThucNghiem\scripts_v2\workspaces\20260724_010022_d3f7f7b1__baseline_readiness\014_3847504_a6858dc4\compiledrepos\3847504\modules\weblounge-common\target\classes
[WARNING] /D:/A_ThucNghiem/scripts_v2/workspaces/20260724_010022_d3f7f7b1__baseline_readiness/014_3847504_a6858dc4/compiledrepos/3847504/modules/weblounge-common/src/main/java/ch/entwine/weblounge/common/impl/testing/MockHttpSession.java: Some input files use or override a deprecated API.
[WARNING] /D:/A_ThucNghiem/scripts_v2/workspaces/20260724_010022_d3f7f7b1__baseline_readiness/014_3847504_a6858dc4/compiledrepos/3847504/modules/weblounge-common/src/main/java/ch/entwine/weblounge/common/impl/testing/MockHttpSession.java: Recompile with -Xlint:deprecation for details.
[WARNING] /D:/A_ThucNghiem/scripts_v2/workspaces/20260724_010022_d3f7f7b1__baseline_readiness/014_3847504_a6858dc4/compiledrepos/3847504/modules/weblounge-common/src/main/java/ch/entwine/weblounge/common/impl/content/SearchTermsImpl.java: Some input files use unchecked or unsafe operations.
[WARNING] /D:/A_ThucNghiem/scripts_v2/workspaces/20260724_010022_d3f7f7b1__baseline_readiness/014_3847504_a6858dc4/compiledrepos/3847504/modules/weblounge-common/src/main/java/ch/entwine/weblounge/common/impl/content/SearchTermsImpl.java: Recompile with -Xlint:unchecked for details.
[INFO] 
[INFO] --- resources:2.6:testResources (default-testResources) @ weblounge-common ---
[INFO] Using 'UTF-8' encoding to copy filtered resources.
[INFO] Copying 1 resource
[INFO] Copying 39 resources
[INFO] 
[INFO] --- compiler:3.1:testCompile (default-testCompile) @ weblounge-common ---
[INFO] Changes detected - recompiling the module!
[INFO] Compiling 97 source files to D:\A_ThucNghiem\scripts_v2\workspaces\20260724_010022_d3f7f7b1__baseline_readiness\014_3847504_a6858dc4\compiledrepos\3847504\modules\weblounge-common\target\test-classes
[INFO] 
[INFO] --- surefire:2.16:test (default-test) @ weblounge-common ---
[WARNING]  Parameter 'systemProperties' is deprecated: Use systemPropertyVariables instead.
[INFO] Tests are skipped.
[INFO] 
[INFO] --- bundle:2.4.0:bundle (default-bundle) @ weblounge-common ---
[INFO] 
[INFO] --- checkstyle:2.11:check (default) @ weblounge-common ---
[INFO] 
[INFO] --- install:2.5.1:install (default-install) @ weblounge-common ---
[INFO] Installing D:\A_ThucNghiem\scripts_v2\workspaces\20260724_010022_d3f7f7b1__baseline_readiness\014_3847504_a6858dc4\compiledrepos\3847504\modules\weblounge-common\target\weblounge-common-4.0.0-SNAPSHOT.jar to C:\Users\admin\.m2\repository\ch\entwine\weblounge\weblounge-common\4.0.0-SNAPSHOT\weblounge-common-4.0.0-SNAPSHOT.jar
[INFO] Installing D:\A_ThucNghiem\scripts_v2\workspaces\20260724_010022_d3f7f7b1__baseline_readiness\014_3847504_a6858dc4\compiledrepos\3847504\modules\weblounge-common\pom.xml to C:\Users\admin\.m2\repository\ch\entwine\weblounge\weblounge-common\4.0.0-SNAPSHOT\weblounge-common-4.0.0-SNAPSHOT.pom
[INFO] 
[INFO] --- bundle:2.4.0:install (default-install) @ weblounge-common ---
[INFO] Installing ch/entwine/weblounge/weblounge-common/4.0.0-SNAPSHOT/weblounge-common-4.0.0-SNAPSHOT.jar
[INFO] Writing OBR metadata
[INFO] 
[INFO] --- antrun:1.7:run (deploy) @ weblounge-common ---
[INFO] Executing tasks

[INFO] Deploy to stage:
     [copy] Copying 1 file to D:\A_ThucNghiem\scripts_v2\workspaces\20260724_010022_d3f7f7b1__baseline_readiness\014_3847504_a6858dc4\compiledrepos\3847504\modules\weblounge"
2026-07-23T18:14:38+00:00,baseline_sandbox_readiness,3847504,modules/weblounge-common,,14,3847504:modules/weblounge-common/src/main/java/ch/entwine/weblounge/common/impl/content/page/pageletrendererimpl.java,PageletRendererImpl,PageletRendererImpl_RBL4_a6858dc4Test,PASS,58.487,ok; sandbox readiness passed
2026-07-23T18:14:38+00:00,maven_reactor_prewarm_wait,3847504,modules/weblounge-common,,15,3847504:modules/weblounge-common/src/main/java/ch/entwine/weblounge/common/impl/url/weburlimpl.java,WebUrlImpl,,PASS,43.769,waited 43.769s for same repo/scope prewarm lock: maven:modules/weblounge-common
2026-07-23T18:14:38+00:00,baseline_sandbox_readiness,39195736,jproperties-checks,,20,39195736:jproperties-checks/src/main/java/org/sonar/jproperties/checks/generic/commentconventioncheck.java,CommentConventionCheck,CommentConventionCheck_RBL4_9bdc6cb7Test,START,,prepare per-class sandbox and run generation prewarm without invoking GPT/EvoSuite
2026-07-23T18:14:38+00:00,maven_reactor_prewarm,3847504,modules/weblounge-common,,15,3847504:modules/weblounge-common/src/main/java/ch/entwine/weblounge/common/impl/url/weburlimpl.java,WebUrlImpl,,START,,prewarm reactor dependencies for -pl modules/weblounge-common; synthesized placeholder test hidden during prewarm: WebUrlImpl_RBL4_0a423268Test.java
2026-07-23T18:14:52+00:00,maven_reactor_prewarm,39195736,jproperties-checks,,18,39195736:jproperties-checks/src/main/java/org/sonar/jproperties/checks/generic/keynamingconventioncheck.java,KeyNamingConventionCheck,,PASS,13.745,"kit-2.7-SNAPSHOT-sources.jar to C:\Users\admin\.m2\repository\org\codehaus\sonar-plugins\jproperties\jproperties-checks-testkit\2.7-SNAPSHOT\jproperties-checks-testkit-2.7-SNAPSHOT-sources.jar
[INFO] 
[INFO] -----< org.codehaus.sonar-plugins.jproperties:jproperties-checks >------
[INFO] Building SonarQube Java Properties Analyzer :: Checks 2.7-SNAPSHOT [4/4]
[INFO]   from jproperties-checks\pom.xml
[INFO] --------------------------------[ jar ]---------------------------------
[INFO] 
[INFO] --- buildnumber:1.4:create (default) @ jproperties-checks ---
[INFO] 
[INFO] --- enforcer:3.0.0-M1:enforce (enforce) @ jproperties-checks ---
[INFO] Skipping Rule Enforcement.
[INFO] 
[INFO] --- license:3.0:check (enforce-license-headers) @ jproperties-checks ---
[INFO] 
[INFO] --- jacoco:0.7.9:prepare-agent (agent) @ jproperties-checks ---
[INFO] Skipping JaCoCo execution because property jacoco.skip is set.
[INFO] argLine set to empty
[INFO] 
[INFO] --- bsh:1.4:run (compute-artifact-display-version) @ jproperties-checks ---
[INFO] Executing Script
[INFO] file class java.lang.Object
[INFO] script class java.lang.String
[INFO] evaluating script if (! ""2.7-SNAPSHOT"".endsWith(""-SNAPSHOT"")) { [+ 15 omitted line(s)]
[INFO] 
[INFO] --- resources:3.0.2:resources (default-resources) @ jproperties-checks ---
[INFO] Using 'UTF-8' encoding to copy filtered resources.
[INFO] Copying 27 resources
[INFO] 
[INFO] --- compiler:3.7.0:compile (default-compile) @ jproperties-checks ---
[INFO] Changes detected - recompiling the module!
[INFO] Compiling 35 source files to D:\A_ThucNghiem\scripts_v2\workspaces\20260724_010022_d3f7f7b1__baseline_readiness\018_39195736_e39f864d\compiledrepos\39195736\jproperties-checks\target\classes
[INFO] 
[INFO] --- resources:3.0.2:testResources (default-testResources) @ jproperties-checks ---
[INFO] Using 'UTF-8' encoding to copy filtered resources.
[INFO] Copying 71 resources
[INFO] 
[INFO] --- compiler:3.7.0:testCompile (default-testCompile) @ jproperties-checks ---
[INFO] Changes detected - recompiling the module!
[INFO] Compiling 26 source files to D:\A_ThucNghiem\scripts_v2\workspaces\20260724_010022_d3f7f7b1__baseline_readiness\018_39195736_e39f864d\compiledrepos\39195736\jproperties-checks\target\test-classes
[INFO] 
[INFO] --- surefire:2.20.1:test (default-test) @ jproperties-checks ---
[INFO] Tests are skipped.
[INFO] 
[INFO] --- jar:3.0.2:jar (default-jar) @ jproperties-checks ---
[INFO] Building jar: D:\A_ThucNghiem\scripts_v2\workspaces\20260724_010022_d3f7f7b1__baseline_readiness\018_39195736_e39f864d\compiledrepos\39195736\jproperties-checks\target\jproperties-checks-2.7-SNAPSHOT.jar
[INFO] 
[INFO] --- javadoc:2.10.4:jar (attach-javadocs) @ jproperties-checks ---
[INFO] Skipping javadoc generation
[INFO] 
[INFO] --- source:3.0.1:jar-no-fork (attach-sources) @ jproperties-checks ---
[INFO] Building jar: D:\A_ThucNghiem\scripts_v2\workspaces\20260724_010022_d3f7f7b1__baseline_readiness\018_39195736_e39f864d\compiledrepos\39195736\jproperties-checks\target\jproperties-checks-2.7-SNAPSHOT-sources.jar
[INFO] 
[INFO] --- install:2.5.2:install (default-install) @ jproperties-checks ---
[INFO] Installing D:\A_ThucNghiem\scripts_v2\workspaces\20260724_010022_d3f7f7b1__baseline_readiness\018_39195736_e39f864d\compiledrepos\39195736\jproperties-checks\target\jproperties-checks-2.7-SNAPSHOT.jar to C:\Users\admin\.m2\repository\org\codehaus\sonar-plugins\jproperties\jproperties-checks\2.7-SNAPSHOT\jproperties-checks-2.7-SNAPSHOT.jar
[INFO] Installing D:\A_ThucNghiem\scripts_v2\workspaces\20260724_010022_d3f7f7b1__baseline_readiness\018_39195736_e39f864d\compiledrepos\39195736\jproperties-checks\pom.xml to C:\Users\admin\.m2\repository\org\codehaus\sonar-plugins\jproperties\jproperties-checks\2.7-SNAPSHOT\jproperties-checks-2.7-SNAPSHOT.pom
[INFO] Installing D:\A_ThucNghiem\scripts_v2\workspaces\20260724_010022_d3f7f7b1__baseline_readiness\018_39195736_e39f864d\compiledrepos\39195736\jproperties-checks\target\jproperties-che"
2026-07-23T18:14:52+00:00,baseline_sandbox_readiness,39195736,jproperties-checks,,18,39195736:jproperties-checks/src/main/java/org/sonar/jproperties/checks/generic/keynamingconventioncheck.java,KeyNamingConventionCheck,KeyNamingConventionCheck_RBL4_e39f864dTest,PASS,18.977,ok; sandbox readiness passed
2026-07-23T18:14:52+00:00,maven_reactor_prewarm_wait,39195736,jproperties-checks,,19,39195736:jproperties-checks/src/main/java/org/sonar/jproperties/checks/generic/linelengthcheck.java,LineLengthCheck,,PASS,13.273,waited 13.273s for same repo/scope prewarm lock: maven:jproperties-checks
2026-07-23T18:14:52+00:00,baseline_sandbox_readiness,39195736,jproperties-checks,,21,39195736:jproperties-checks/src/main/java/org/sonar/jproperties/checks/generic/duplicatedvaluescheck.java,DuplicatedValuesCheck,DuplicatedValuesCheck_RBL4_5ebd9ad4Test,START,,prepare per-class sandbox and run generation prewarm without invoking GPT/EvoSuite
2026-07-23T18:14:52+00:00,maven_reactor_prewarm,39195736,jproperties-checks,,19,39195736:jproperties-checks/src/main/java/org/sonar/jproperties/checks/generic/linelengthcheck.java,LineLengthCheck,,START,,prewarm reactor dependencies for -pl jproperties-checks; synthesized placeholder test hidden during prewarm: LineLengthCheck_RBL4_9e0529baTest.java
2026-07-23T18:14:52+00:00,maven_reactor_prewarm,3847504,modules/weblounge-common,,15,3847504:modules/weblounge-common/src/main/java/ch/entwine/weblounge/common/impl/url/weburlimpl.java,WebUrlImpl,,PASS,14.243,"           [3/3]
[INFO]   from modules\weblounge-common\pom.xml
[INFO] -------------------------------[ bundle ]-------------------------------
[WARNING] Parameter 'encoding' is unknown for plugin 'maven-surefire-plugin:2.16:test (default-test)'
[INFO] 
[INFO] --- resources:2.6:resources (default-resources) @ weblounge-common ---
[INFO] Using 'UTF-8' encoding to copy filtered resources.
[INFO] Copying 6 resources
[INFO] 
[INFO] --- compiler:3.1:compile (default-compile) @ weblounge-common ---
[INFO] Changes detected - recompiling the module!
[INFO] Compiling 185 source files to D:\A_ThucNghiem\scripts_v2\workspaces\20260724_010022_d3f7f7b1__baseline_readiness\015_3847504_0a423268\compiledrepos\3847504\modules\weblounge-common\target\classes
[WARNING] /D:/A_ThucNghiem/scripts_v2/workspaces/20260724_010022_d3f7f7b1__baseline_readiness/015_3847504_0a423268/compiledrepos/3847504/modules/weblounge-common/src/main/java/ch/entwine/weblounge/common/impl/testing/MockHttpSession.java: Some input files use or override a deprecated API.
[WARNING] /D:/A_ThucNghiem/scripts_v2/workspaces/20260724_010022_d3f7f7b1__baseline_readiness/015_3847504_0a423268/compiledrepos/3847504/modules/weblounge-common/src/main/java/ch/entwine/weblounge/common/impl/testing/MockHttpSession.java: Recompile with -Xlint:deprecation for details.
[WARNING] /D:/A_ThucNghiem/scripts_v2/workspaces/20260724_010022_d3f7f7b1__baseline_readiness/015_3847504_0a423268/compiledrepos/3847504/modules/weblounge-common/src/main/java/ch/entwine/weblounge/common/impl/site/SiteImpl.java: Some input files use unchecked or unsafe operations.
[WARNING] /D:/A_ThucNghiem/scripts_v2/workspaces/20260724_010022_d3f7f7b1__baseline_readiness/015_3847504_0a423268/compiledrepos/3847504/modules/weblounge-common/src/main/java/ch/entwine/weblounge/common/impl/site/SiteImpl.java: Recompile with -Xlint:unchecked for details.
[INFO] 
[INFO] --- resources:2.6:testResources (default-testResources) @ weblounge-common ---
[INFO] Using 'UTF-8' encoding to copy filtered resources.
[INFO] Copying 1 resource
[INFO] Copying 39 resources
[INFO] 
[INFO] --- compiler:3.1:testCompile (default-testCompile) @ weblounge-common ---
[INFO] Changes detected - recompiling the module!
[INFO] Compiling 97 source files to D:\A_ThucNghiem\scripts_v2\workspaces\20260724_010022_d3f7f7b1__baseline_readiness\015_3847504_0a423268\compiledrepos\3847504\modules\weblounge-common\target\test-classes
[INFO] 
[INFO] --- surefire:2.16:test (default-test) @ weblounge-common ---
[WARNING]  Parameter 'systemProperties' is deprecated: Use systemPropertyVariables instead.
[INFO] Tests are skipped.
[INFO] 
[INFO] --- bundle:2.4.0:bundle (default-bundle) @ weblounge-common ---
[INFO] 
[INFO] --- checkstyle:2.11:check (default) @ weblounge-common ---
[INFO] 
[INFO] --- install:2.5.1:install (default-install) @ weblounge-common ---
[INFO] Installing D:\A_ThucNghiem\scripts_v2\workspaces\20260724_010022_d3f7f7b1__baseline_readiness\015_3847504_0a423268\compiledrepos\3847504\modules\weblounge-common\target\weblounge-common-4.0.0-SNAPSHOT.jar to C:\Users\admin\.m2\repository\ch\entwine\weblounge\weblounge-common\4.0.0-SNAPSHOT\weblounge-common-4.0.0-SNAPSHOT.jar
[INFO] Installing D:\A_ThucNghiem\scripts_v2\workspaces\20260724_010022_d3f7f7b1__baseline_readiness\015_3847504_0a423268\compiledrepos\3847504\modules\weblounge-common\pom.xml to C:\Users\admin\.m2\repository\ch\entwine\weblounge\weblounge-common\4.0.0-SNAPSHOT\weblounge-common-4.0.0-SNAPSHOT.pom
[INFO] 
[INFO] --- bundle:2.4.0:install (default-install) @ weblounge-common ---
[INFO] Installing ch/entwine/weblounge/weblounge-common/4.0.0-SNAPSHOT/weblounge-common-4.0.0-SNAPSHOT.jar
[INFO] Writing OBR metadata
[INFO] 
[INFO] --- antrun:1.7:run (deploy) @ weblounge-common ---
[INFO] Executing tasks

[INFO] Deploy to stage:
     [copy] Copying 1 file to D:\A_ThucNghiem\scripts_v2\workspaces\20260724_010022_d3f7f7b1__baseline_readiness\015_3847504_0a423268\compiledrepos\3847504\modules\weblounge"
2026-07-23T18:14:52+00:00,baseline_sandbox_readiness,3847504,modules/weblounge-common,,15,3847504:modules/weblounge-common/src/main/java/ch/entwine/weblounge/common/impl/url/weburlimpl.java,WebUrlImpl,WebUrlImpl_RBL4_0a423268Test,PASS,60.049,ok; sandbox readiness passed
2026-07-23T18:14:52+00:00,baseline_sandbox_readiness,39195736,sonar-jproperties-plugin,,22,39195736:sonar-jproperties-plugin/src/main/java/org/sonar/plugins/jproperties/javapropertiessquidsensor.java,JavaPropertiesSquidSensor,JavaPropertiesSquidSensor_RBL4_4233fc4aTest,START,,prepare per-class sandbox and run generation prewarm without invoking GPT/EvoSuite
2026-07-23T18:14:52+00:00,maven_reactor_prewarm,39195736,sonar-jproperties-plugin,,22,39195736:sonar-jproperties-plugin/src/main/java/org/sonar/plugins/jproperties/javapropertiessquidsensor.java,JavaPropertiesSquidSensor,,START,,prewarm reactor dependencies for -pl sonar-jproperties-plugin; synthesized placeholder test hidden during prewarm: JavaPropertiesSquidSensor_RBL4_4233fc4aTest.java
2026-07-23T18:15:05+00:00,maven_reactor_prewarm,39195736,jproperties-checks,,19,39195736:jproperties-checks/src/main/java/org/sonar/jproperties/checks/generic/linelengthcheck.java,LineLengthCheck,,PASS,13.553,"kit-2.7-SNAPSHOT-sources.jar to C:\Users\admin\.m2\repository\org\codehaus\sonar-plugins\jproperties\jproperties-checks-testkit\2.7-SNAPSHOT\jproperties-checks-testkit-2.7-SNAPSHOT-sources.jar
[INFO] 
[INFO] -----< org.codehaus.sonar-plugins.jproperties:jproperties-checks >------
[INFO] Building SonarQube Java Properties Analyzer :: Checks 2.7-SNAPSHOT [4/4]
[INFO]   from jproperties-checks\pom.xml
[INFO] --------------------------------[ jar ]---------------------------------
[INFO] 
[INFO] --- buildnumber:1.4:create (default) @ jproperties-checks ---
[INFO] 
[INFO] --- enforcer:3.0.0-M1:enforce (enforce) @ jproperties-checks ---
[INFO] Skipping Rule Enforcement.
[INFO] 
[INFO] --- license:3.0:check (enforce-license-headers) @ jproperties-checks ---
[INFO] 
[INFO] --- jacoco:0.7.9:prepare-agent (agent) @ jproperties-checks ---
[INFO] Skipping JaCoCo execution because property jacoco.skip is set.
[INFO] argLine set to empty
[INFO] 
[INFO] --- bsh:1.4:run (compute-artifact-display-version) @ jproperties-checks ---
[INFO] Executing Script
[INFO] file class java.lang.Object
[INFO] script class java.lang.String
[INFO] evaluating script if (! ""2.7-SNAPSHOT"".endsWith(""-SNAPSHOT"")) { [+ 15 omitted line(s)]
[INFO] 
[INFO] --- resources:3.0.2:resources (default-resources) @ jproperties-checks ---
[INFO] Using 'UTF-8' encoding to copy filtered resources.
[INFO] Copying 27 resources
[INFO] 
[INFO] --- compiler:3.7.0:compile (default-compile) @ jproperties-checks ---
[INFO] Changes detected - recompiling the module!
[INFO] Compiling 35 source files to D:\A_ThucNghiem\scripts_v2\workspaces\20260724_010022_d3f7f7b1__baseline_readiness\019_39195736_9e0529ba\compiledrepos\39195736\jproperties-checks\target\classes
[INFO] 
[INFO] --- resources:3.0.2:testResources (default-testResources) @ jproperties-checks ---
[INFO] Using 'UTF-8' encoding to copy filtered resources.
[INFO] Copying 71 resources
[INFO] 
[INFO] --- compiler:3.7.0:testCompile (default-testCompile) @ jproperties-checks ---
[INFO] Changes detected - recompiling the module!
[INFO] Compiling 26 source files to D:\A_ThucNghiem\scripts_v2\workspaces\20260724_010022_d3f7f7b1__baseline_readiness\019_39195736_9e0529ba\compiledrepos\39195736\jproperties-checks\target\test-classes
[INFO] 
[INFO] --- surefire:2.20.1:test (default-test) @ jproperties-checks ---
[INFO] Tests are skipped.
[INFO] 
[INFO] --- jar:3.0.2:jar (default-jar) @ jproperties-checks ---
[INFO] Building jar: D:\A_ThucNghiem\scripts_v2\workspaces\20260724_010022_d3f7f7b1__baseline_readiness\019_39195736_9e0529ba\compiledrepos\39195736\jproperties-checks\target\jproperties-checks-2.7-SNAPSHOT.jar
[INFO] 
[INFO] --- javadoc:2.10.4:jar (attach-javadocs) @ jproperties-checks ---
[INFO] Skipping javadoc generation
[INFO] 
[INFO] --- source:3.0.1:jar-no-fork (attach-sources) @ jproperties-checks ---
[INFO] Building jar: D:\A_ThucNghiem\scripts_v2\workspaces\20260724_010022_d3f7f7b1__baseline_readiness\019_39195736_9e0529ba\compiledrepos\39195736\jproperties-checks\target\jproperties-checks-2.7-SNAPSHOT-sources.jar
[INFO] 
[INFO] --- install:2.5.2:install (default-install) @ jproperties-checks ---
[INFO] Installing D:\A_ThucNghiem\scripts_v2\workspaces\20260724_010022_d3f7f7b1__baseline_readiness\019_39195736_9e0529ba\compiledrepos\39195736\jproperties-checks\target\jproperties-checks-2.7-SNAPSHOT.jar to C:\Users\admin\.m2\repository\org\codehaus\sonar-plugins\jproperties\jproperties-checks\2.7-SNAPSHOT\jproperties-checks-2.7-SNAPSHOT.jar
[INFO] Installing D:\A_ThucNghiem\scripts_v2\workspaces\20260724_010022_d3f7f7b1__baseline_readiness\019_39195736_9e0529ba\compiledrepos\39195736\jproperties-checks\pom.xml to C:\Users\admin\.m2\repository\org\codehaus\sonar-plugins\jproperties\jproperties-checks\2.7-SNAPSHOT\jproperties-checks-2.7-SNAPSHOT.pom
[INFO] Installing D:\A_ThucNghiem\scripts_v2\workspaces\20260724_010022_d3f7f7b1__baseline_readiness\019_39195736_9e0529ba\compiledrepos\39195736\jproperties-checks\target\jproperties-che"
2026-07-23T18:15:05+00:00,maven_reactor_prewarm_wait,39195736,jproperties-checks,,20,39195736:jproperties-checks/src/main/java/org/sonar/jproperties/checks/generic/commentconventioncheck.java,CommentConventionCheck,,PASS,26.777,waited 26.777s for same repo/scope prewarm lock: maven:jproperties-checks
2026-07-23T18:15:05+00:00,baseline_sandbox_readiness,39195736,jproperties-checks,,19,39195736:jproperties-checks/src/main/java/org/sonar/jproperties/checks/generic/linelengthcheck.java,LineLengthCheck,LineLengthCheck_RBL4_9e0529baTest,PASS,27.306,ok; sandbox readiness passed
2026-07-23T18:15:05+00:00,maven_reactor_prewarm,39195736,jproperties-checks,,20,39195736:jproperties-checks/src/main/java/org/sonar/jproperties/checks/generic/commentconventioncheck.java,CommentConventionCheck,,START,,prewarm reactor dependencies for -pl jproperties-checks; synthesized placeholder test hidden during prewarm: CommentConventionCheck_RBL4_9bdc6cb7Test.java
2026-07-23T18:15:05+00:00,baseline_sandbox_readiness,39195736,jproperties-checks,,23,39195736:jproperties-checks/src/main/java/org/sonar/jproperties/checks/generic/hardcodedcredentialscheck.java,HardCodedCredentialsCheck,HardCodedCredentialsCheck_RBL4_931043c2Test,START,,prepare per-class sandbox and run generation prewarm without invoking GPT/EvoSuite
2026-07-23T18:15:09+00:00,maven_reactor_prewarm,39195736,sonar-jproperties-plugin,,22,39195736:sonar-jproperties-plugin/src/main/java/org/sonar/plugins/jproperties/javapropertiessquidsensor.java,JavaPropertiesSquidSensor,,PASS,16.248," specifically included
[INFO] net.sf.cglib.transform.ClassReaderGenerator not removed because it was specifically included
[INFO] net.sf.cglib.proxy.Proxy not removed because it was specifically included
[INFO] net.sf.cglib.beans.BulkBean$Generator not removed because it was specifically included
[INFO] net.sf.cglib.util.ParallelSorter$FloatComparer not removed because it was specifically included
[INFO] net.sf.cglib.transform.MethodFilterTransformer not removed because it was specifically included
[INFO] net.sf.cglib.beans.BulkBean not removed because it was specifically included
[INFO] net.sf.cglib.transform.impl.UndeclaredThrowableStrategy$1 not removed because it was specifically included
[INFO] net.sf.cglib.transform.ClassVisitorTee not removed because it was specifically included
[INFO] net.sf.cglib.transform.TransformingClassLoader not removed because it was specifically included
[INFO] net.sf.cglib.transform.ClassEmitterTransformer not removed because it was specifically included
[INFO] net.sf.cglib.transform.ClassTransformerChain not removed because it was specifically included
[INFO] net.sf.cglib.transform.impl.InterceptFieldCallback not removed because it was specifically included
[INFO] net.sf.cglib.proxy.MixinEverythingEmitter not removed because it was specifically included
[INFO] net.sf.cglib.transform.impl.AccessFieldTransformer$Callback not removed because it was specifically included
[INFO] net.sf.cglib.reflect.MethodDelegate$MethodDelegateKey not removed because it was specifically included
[INFO] net.sf.cglib.beans.BeanMapEmitter$1 not removed because it was specifically included
[INFO] net.sf.cglib.beans.BeanMapEmitter$3 not removed because it was specifically included
[INFO] net.sf.cglib.beans.BeanMapEmitter$2 not removed because it was specifically included
[INFO] Minimized 3227 -> 1620 (50%)
[INFO] Replacing original artifact with shaded artifact.
[INFO] Replacing D:\A_ThucNghiem\scripts_v2\workspaces\20260724_010022_d3f7f7b1__baseline_readiness\022_39195736_4233fc4a\compiledrepos\39195736\sonar-jproperties-plugin\target\sonar-jproperties-plugin-2.7-SNAPSHOT.jar with D:\A_ThucNghiem\scripts_v2\workspaces\20260724_010022_d3f7f7b1__baseline_readiness\022_39195736_4233fc4a\compiledrepos\39195736\sonar-jproperties-plugin\target\sonar-jproperties-plugin-2.7-SNAPSHOT-shaded.jar
[INFO] 
[INFO] --- javadoc:2.10.4:jar (attach-javadocs) @ sonar-jproperties-plugin ---
[INFO] Skipping javadoc generation
[INFO] 
[INFO] --- enforcer:3.0.0-M1:enforce (enforce-plugin-size) @ sonar-jproperties-plugin ---
[INFO] Skipping Rule Enforcement.
[INFO] 
[INFO] --- source:3.0.1:jar-no-fork (attach-sources) @ sonar-jproperties-plugin ---
[INFO] Building jar: D:\A_ThucNghiem\scripts_v2\workspaces\20260724_010022_d3f7f7b1__baseline_readiness\022_39195736_4233fc4a\compiledrepos\39195736\sonar-jproperties-plugin\target\sonar-jproperties-plugin-2.7-SNAPSHOT-sources.jar
[INFO] 
[INFO] --- install:2.5.2:install (default-install) @ sonar-jproperties-plugin ---
[INFO] Installing D:\A_ThucNghiem\scripts_v2\workspaces\20260724_010022_d3f7f7b1__baseline_readiness\022_39195736_4233fc4a\compiledrepos\39195736\sonar-jproperties-plugin\target\sonar-jproperties-plugin-2.7-SNAPSHOT.jar to C:\Users\admin\.m2\repository\org\codehaus\sonar-plugins\jproperties\sonar-jproperties-plugin\2.7-SNAPSHOT\sonar-jproperties-plugin-2.7-SNAPSHOT.jar
[INFO] Installing D:\A_ThucNghiem\scripts_v2\workspaces\20260724_010022_d3f7f7b1__baseline_readiness\022_39195736_4233fc4a\compiledrepos\39195736\sonar-jproperties-plugin\pom.xml to C:\Users\admin\.m2\repository\org\codehaus\sonar-plugins\jproperties\sonar-jproperties-plugin\2.7-SNAPSHOT\sonar-jproperties-plugin-2.7-SNAPSHOT.pom
[INFO] Installing D:\A_ThucNghiem\scripts_v2\workspaces\20260724_010022_d3f7f7b1__baseline_readiness\022_39195736_4233fc4a\compiledrepos\39195736\sonar-jproperties-plugin\target\sonar-jproperties-plugin-2.7-SNAPSHOT-sources.jar to C:\Users\admin\.m2\repository\org\codehaus\sonar-plugins\jprop"
2026-07-23T18:15:09+00:00,baseline_sandbox_readiness,39195736,sonar-jproperties-plugin,,22,39195736:sonar-jproperties-plugin/src/main/java/org/sonar/plugins/jproperties/javapropertiessquidsensor.java,JavaPropertiesSquidSensor,JavaPropertiesSquidSensor_RBL4_4233fc4aTest,PASS,16.498,ok; sandbox readiness passed
2026-07-23T18:15:09+00:00,baseline_sandbox_readiness,41547678,turin-compiler,,24,41547678:turin-compiler/src/main/java/me/tomassetti/turin/typesystem/voidtypeusage.java,VoidTypeUsage,VoidTypeUsage_RBL4_cbda56d1Test,START,,prepare per-class sandbox and run generation prewarm without invoking GPT/EvoSuite
2026-07-23T18:15:17+00:00,maven_reactor_prewarm,41547678,turin-compiler,,24,41547678:turin-compiler/src/main/java/me/tomassetti/turin/typesystem/voidtypeusage.java,VoidTypeUsage,,START,,prewarm reactor dependencies for -pl turin-compiler; synthesized placeholder test hidden during prewarm: VoidTypeUsage_RBL4_cbda56d1Test.java
2026-07-23T18:15:17+00:00,maven_reactor_prewarm,39195736,jproperties-checks,,20,39195736:jproperties-checks/src/main/java/org/sonar/jproperties/checks/generic/commentconventioncheck.java,CommentConventionCheck,,PASS,12.09,"tkit-2.7-SNAPSHOT-sources.jar to C:\Users\admin\.m2\repository\org\codehaus\sonar-plugins\jproperties\jproperties-checks-testkit\2.7-SNAPSHOT\jproperties-checks-testkit-2.7-SNAPSHOT-sources.jar
[INFO] 
[INFO] -----< org.codehaus.sonar-plugins.jproperties:jproperties-checks >------
[INFO] Building SonarQube Java Properties Analyzer :: Checks 2.7-SNAPSHOT [4/4]
[INFO]   from jproperties-checks\pom.xml
[INFO] --------------------------------[ jar ]---------------------------------
[INFO] 
[INFO] --- buildnumber:1.4:create (default) @ jproperties-checks ---
[INFO] 
[INFO] --- enforcer:3.0.0-M1:enforce (enforce) @ jproperties-checks ---
[INFO] Skipping Rule Enforcement.
[INFO] 
[INFO] --- license:3.0:check (enforce-license-headers) @ jproperties-checks ---
[INFO] 
[INFO] --- jacoco:0.7.9:prepare-agent (agent) @ jproperties-checks ---
[INFO] Skipping JaCoCo execution because property jacoco.skip is set.
[INFO] argLine set to empty
[INFO] 
[INFO] --- bsh:1.4:run (compute-artifact-display-version) @ jproperties-checks ---
[INFO] Executing Script
[INFO] file class java.lang.Object
[INFO] script class java.lang.String
[INFO] evaluating script if (! ""2.7-SNAPSHOT"".endsWith(""-SNAPSHOT"")) { [+ 15 omitted line(s)]
[INFO] 
[INFO] --- resources:3.0.2:resources (default-resources) @ jproperties-checks ---
[INFO] Using 'UTF-8' encoding to copy filtered resources.
[INFO] Copying 27 resources
[INFO] 
[INFO] --- compiler:3.7.0:compile (default-compile) @ jproperties-checks ---
[INFO] Changes detected - recompiling the module!
[INFO] Compiling 35 source files to D:\A_ThucNghiem\scripts_v2\workspaces\20260724_010022_d3f7f7b1__baseline_readiness\020_39195736_9bdc6cb7\compiledrepos\39195736\jproperties-checks\target\classes
[INFO] 
[INFO] --- resources:3.0.2:testResources (default-testResources) @ jproperties-checks ---
[INFO] Using 'UTF-8' encoding to copy filtered resources.
[INFO] Copying 71 resources
[INFO] 
[INFO] --- compiler:3.7.0:testCompile (default-testCompile) @ jproperties-checks ---
[INFO] Changes detected - recompiling the module!
[INFO] Compiling 26 source files to D:\A_ThucNghiem\scripts_v2\workspaces\20260724_010022_d3f7f7b1__baseline_readiness\020_39195736_9bdc6cb7\compiledrepos\39195736\jproperties-checks\target\test-classes
[INFO] 
[INFO] --- surefire:2.20.1:test (default-test) @ jproperties-checks ---
[INFO] Tests are skipped.
[INFO] 
[INFO] --- jar:3.0.2:jar (default-jar) @ jproperties-checks ---
[INFO] Building jar: D:\A_ThucNghiem\scripts_v2\workspaces\20260724_010022_d3f7f7b1__baseline_readiness\020_39195736_9bdc6cb7\compiledrepos\39195736\jproperties-checks\target\jproperties-checks-2.7-SNAPSHOT.jar
[INFO] 
[INFO] --- javadoc:2.10.4:jar (attach-javadocs) @ jproperties-checks ---
[INFO] Skipping javadoc generation
[INFO] 
[INFO] --- source:3.0.1:jar-no-fork (attach-sources) @ jproperties-checks ---
[INFO] Building jar: D:\A_ThucNghiem\scripts_v2\workspaces\20260724_010022_d3f7f7b1__baseline_readiness\020_39195736_9bdc6cb7\compiledrepos\39195736\jproperties-checks\target\jproperties-checks-2.7-SNAPSHOT-sources.jar
[INFO] 
[INFO] --- install:2.5.2:install (default-install) @ jproperties-checks ---
[INFO] Installing D:\A_ThucNghiem\scripts_v2\workspaces\20260724_010022_d3f7f7b1__baseline_readiness\020_39195736_9bdc6cb7\compiledrepos\39195736\jproperties-checks\target\jproperties-checks-2.7-SNAPSHOT.jar to C:\Users\admin\.m2\repository\org\codehaus\sonar-plugins\jproperties\jproperties-checks\2.7-SNAPSHOT\jproperties-checks-2.7-SNAPSHOT.jar
[INFO] Installing D:\A_ThucNghiem\scripts_v2\workspaces\20260724_010022_d3f7f7b1__baseline_readiness\020_39195736_9bdc6cb7\compiledrepos\39195736\jproperties-checks\pom.xml to C:\Users\admin\.m2\repository\org\codehaus\sonar-plugins\jproperties\jproperties-checks\2.7-SNAPSHOT\jproperties-checks-2.7-SNAPSHOT.pom
[INFO] Installing D:\A_ThucNghiem\scripts_v2\workspaces\20260724_010022_d3f7f7b1__baseline_readiness\020_39195736_9bdc6cb7\compiledrepos\39195736\jproperties-checks\target\jproperties-ch"
2026-07-23T18:15:17+00:00,maven_reactor_prewarm_wait,39195736,jproperties-checks,,21,39195736:jproperties-checks/src/main/java/org/sonar/jproperties/checks/generic/duplicatedvaluescheck.java,DuplicatedValuesCheck,,PASS,25.406,waited 25.406s for same repo/scope prewarm lock: maven:jproperties-checks
2026-07-23T18:15:17+00:00,baseline_sandbox_readiness,39195736,jproperties-checks,,20,39195736:jproperties-checks/src/main/java/org/sonar/jproperties/checks/generic/commentconventioncheck.java,CommentConventionCheck,CommentConventionCheck_RBL4_9bdc6cb7Test,PASS,39.351,ok; sandbox readiness passed
2026-07-23T18:15:17+00:00,maven_reactor_prewarm,39195736,jproperties-checks,,21,39195736:jproperties-checks/src/main/java/org/sonar/jproperties/checks/generic/duplicatedvaluescheck.java,DuplicatedValuesCheck,,START,,prewarm reactor dependencies for -pl jproperties-checks; synthesized placeholder test hidden during prewarm: DuplicatedValuesCheck_RBL4_5ebd9ad4Test.java
2026-07-23T18:15:17+00:00,baseline_sandbox_readiness,41547678,turin-standard-library,,25,41547678:turin-standard-library/src/main/java/turin/relations/onetomanyrelation.java,OneToManyRelation,OneToManyRelation_RBL4_0ba40af0Test,START,,prepare per-class sandbox and run generation prewarm without invoking GPT/EvoSuite
2026-07-23T18:15:18+00:00,baseline_sandbox_readiness,41547678,turin-standard-library,,25,41547678:turin-standard-library/src/main/java/turin/relations/onetomanyrelation.java,OneToManyRelation,OneToManyRelation_RBL4_0ba40af0Test,PASS,0.284,ok; sandbox readiness passed
2026-07-23T18:15:18+00:00,baseline_sandbox_readiness,41547678,turin-compiler,,26,41547678:turin-compiler/src/main/java/me/tomassetti/turin/typesystem/arraytypeusage.java,ArrayTypeUsage,ArrayTypeUsage_RBL4_cf9a0032Test,START,,prepare per-class sandbox and run generation prewarm without invoking GPT/EvoSuite
2026-07-23T18:15:31+00:00,maven_reactor_prewarm,41547678,turin-compiler,,24,41547678:turin-compiler/src/main/java/me/tomassetti/turin/typesystem/voidtypeusage.java,VoidTypeUsage,,PASS,14.895,"ectory D:\A_ThucNghiem\scripts_v2\workspaces\20260724_010022_d3f7f7b1__baseline_readiness\024_41547678_cbda56d1\compiledrepos\41547678\turin-compiler\src\main\resources
[INFO] 
[INFO] --- compiler:3.0:compile (default-compile) @ turin-compiler ---
[INFO] Changes detected - recompiling the module!
[INFO] Compiling 157 source files to D:\A_ThucNghiem\scripts_v2\workspaces\20260724_010022_d3f7f7b1__baseline_readiness\024_41547678_cbda56d1\compiledrepos\41547678\turin-compiler\target\classes
[WARNING] /D:/A_ThucNghiem/scripts_v2/workspaces/20260724_010022_d3f7f7b1__baseline_readiness/024_41547678_cbda56d1/compiledrepos/41547678/turin-compiler/src/main/java/me/tomassetti/turin/compiler/Compilation.java: D:\A_ThucNghiem\scripts_v2\workspaces\20260724_010022_d3f7f7b1__baseline_readiness\024_41547678_cbda56d1\compiledrepos\41547678\turin-compiler\src\main\java\me\tomassetti\turin\compiler\Compilation.java uses or overrides a deprecated API.
[WARNING] /D:/A_ThucNghiem/scripts_v2/workspaces/20260724_010022_d3f7f7b1__baseline_readiness/024_41547678_cbda56d1/compiledrepos/41547678/turin-compiler/src/main/java/me/tomassetti/turin/compiler/Compilation.java: Recompile with -Xlint:deprecation for details.
[WARNING] /D:/A_ThucNghiem/scripts_v2/workspaces/20260724_010022_d3f7f7b1__baseline_readiness/024_41547678_cbda56d1/compiledrepos/41547678/turin-compiler/src/main/java/me/tomassetti/turin/util/Either.java: D:\A_ThucNghiem\scripts_v2\workspaces\20260724_010022_d3f7f7b1__baseline_readiness\024_41547678_cbda56d1\compiledrepos\41547678\turin-compiler\src\main\java\me\tomassetti\turin\util\Either.java uses unchecked or unsafe operations.
[WARNING] /D:/A_ThucNghiem/scripts_v2/workspaces/20260724_010022_d3f7f7b1__baseline_readiness/024_41547678_cbda56d1/compiledrepos/41547678/turin-compiler/src/main/java/me/tomassetti/turin/util/Either.java: Recompile with -Xlint:unchecked for details.
[INFO] 
[INFO] --- resources:3.4.0:testResources (default-testResources) @ turin-compiler ---
[INFO] Copying 89 resources from src\test\resources to target\test-classes
[INFO] 
[INFO] --- compiler:3.0:testCompile (default-testCompile) @ turin-compiler ---
[INFO] Changes detected - recompiling the module!
[INFO] Compiling 50 source files to D:\A_ThucNghiem\scripts_v2\workspaces\20260724_010022_d3f7f7b1__baseline_readiness\024_41547678_cbda56d1\compiledrepos\41547678\turin-compiler\target\test-classes
[WARNING] /D:/A_ThucNghiem/scripts_v2/workspaces/20260724_010022_d3f7f7b1__baseline_readiness/024_41547678_cbda56d1/compiledrepos/41547678/turin-compiler/src/test/java/me/tomassetti/turin/compiler/AbstractCompilerTest.java: Some input files use unchecked or unsafe operations.
[WARNING] /D:/A_ThucNghiem/scripts_v2/workspaces/20260724_010022_d3f7f7b1__baseline_readiness/024_41547678_cbda56d1/compiledrepos/41547678/turin-compiler/src/test/java/me/tomassetti/turin/compiler/AbstractCompilerTest.java: Recompile with -Xlint:unchecked for details.
[INFO] 
[INFO] --- surefire:3.5.4:test (default-test) @ turin-compiler ---
[INFO] Tests are skipped.
[INFO] 
[INFO] --- jacoco:0.7.5.201505241946:report (default-report) @ turin-compiler ---
[INFO] Skipping JaCoCo execution because property jacoco.skip is set.
[INFO] 
[INFO] --- jar:3.5.0:jar (default-jar) @ turin-compiler ---
[INFO] Building jar: D:\A_ThucNghiem\scripts_v2\workspaces\20260724_010022_d3f7f7b1__baseline_readiness\024_41547678_cbda56d1\compiledrepos\41547678\turin-compiler\target\turin-compiler-0.0.3-SNAPSHOT.jar
[INFO] 
[INFO] --- install:2.4:install (default-install) @ turin-compiler ---
[INFO] Installing D:\A_ThucNghiem\scripts_v2\workspaces\20260724_010022_d3f7f7b1__baseline_readiness\024_41547678_cbda56d1\compiledrepos\41547678\turin-compiler\target\turin-compiler-0.0.3-SNAPSHOT.jar to C:\Users\admin\.m2\repository\me\tomassetti\turin-compiler\0.0.3-SNAPSHOT\turin-compiler-0.0.3-SNAPSHOT.jar
[INFO] Installing D:\A_ThucNghiem\scripts_v2\workspaces\20260724_010022_d3f7f7b1__baseline_readiness\024_41547678_cbda56d1\comp"
2026-07-23T18:15:31+00:00,maven_reactor_prewarm_wait,41547678,turin-compiler,,26,41547678:turin-compiler/src/main/java/me/tomassetti/turin/typesystem/arraytypeusage.java,ArrayTypeUsage,,PASS,13.52,waited 13.520s for same repo/scope prewarm lock: maven:turin-compiler
2026-07-23T18:15:31+00:00,baseline_sandbox_readiness,41547678,turin-compiler,,24,41547678:turin-compiler/src/main/java/me/tomassetti/turin/typesystem/voidtypeusage.java,VoidTypeUsage,VoidTypeUsage_RBL4_cbda56d1Test,PASS,22.709,ok; sandbox readiness passed
2026-07-23T18:15:31+00:00,maven_reactor_prewarm,41547678,turin-compiler,,26,41547678:turin-compiler/src/main/java/me/tomassetti/turin/typesystem/arraytypeusage.java,ArrayTypeUsage,,START,,prewarm reactor dependencies for -pl turin-compiler; synthesized placeholder test hidden during prewarm: ArrayTypeUsage_RBL4_cf9a0032Test.java
2026-07-23T18:15:31+00:00,baseline_sandbox_readiness,41547678,turin-compiler,,27,41547678:turin-compiler/src/main/java/me/tomassetti/turin/typesystem/invokablereferencetypeusage.java,InvokableReferenceTypeUsage,InvokableReferenceTypeUsage_RBL4_9b774e58Test,START,,prepare per-class sandbox and run generation prewarm without invoking GPT/EvoSuite
2026-07-23T18:15:32+00:00,maven_reactor_prewarm,39195736,jproperties-checks,,21,39195736:jproperties-checks/src/main/java/org/sonar/jproperties/checks/generic/duplicatedvaluescheck.java,DuplicatedValuesCheck,,PASS,14.484,"kit-2.7-SNAPSHOT-sources.jar to C:\Users\admin\.m2\repository\org\codehaus\sonar-plugins\jproperties\jproperties-checks-testkit\2.7-SNAPSHOT\jproperties-checks-testkit-2.7-SNAPSHOT-sources.jar
[INFO] 
[INFO] -----< org.codehaus.sonar-plugins.jproperties:jproperties-checks >------
[INFO] Building SonarQube Java Properties Analyzer :: Checks 2.7-SNAPSHOT [4/4]
[INFO]   from jproperties-checks\pom.xml
[INFO] --------------------------------[ jar ]---------------------------------
[INFO] 
[INFO] --- buildnumber:1.4:create (default) @ jproperties-checks ---
[INFO] 
[INFO] --- enforcer:3.0.0-M1:enforce (enforce) @ jproperties-checks ---
[INFO] Skipping Rule Enforcement.
[INFO] 
[INFO] --- license:3.0:check (enforce-license-headers) @ jproperties-checks ---
[INFO] 
[INFO] --- jacoco:0.7.9:prepare-agent (agent) @ jproperties-checks ---
[INFO] Skipping JaCoCo execution because property jacoco.skip is set.
[INFO] argLine set to empty
[INFO] 
[INFO] --- bsh:1.4:run (compute-artifact-display-version) @ jproperties-checks ---
[INFO] Executing Script
[INFO] file class java.lang.Object
[INFO] script class java.lang.String
[INFO] evaluating script if (! ""2.7-SNAPSHOT"".endsWith(""-SNAPSHOT"")) { [+ 15 omitted line(s)]
[INFO] 
[INFO] --- resources:3.0.2:resources (default-resources) @ jproperties-checks ---
[INFO] Using 'UTF-8' encoding to copy filtered resources.
[INFO] Copying 27 resources
[INFO] 
[INFO] --- compiler:3.7.0:compile (default-compile) @ jproperties-checks ---
[INFO] Changes detected - recompiling the module!
[INFO] Compiling 35 source files to D:\A_ThucNghiem\scripts_v2\workspaces\20260724_010022_d3f7f7b1__baseline_readiness\021_39195736_5ebd9ad4\compiledrepos\39195736\jproperties-checks\target\classes
[INFO] 
[INFO] --- resources:3.0.2:testResources (default-testResources) @ jproperties-checks ---
[INFO] Using 'UTF-8' encoding to copy filtered resources.
[INFO] Copying 71 resources
[INFO] 
[INFO] --- compiler:3.7.0:testCompile (default-testCompile) @ jproperties-checks ---
[INFO] Changes detected - recompiling the module!
[INFO] Compiling 26 source files to D:\A_ThucNghiem\scripts_v2\workspaces\20260724_010022_d3f7f7b1__baseline_readiness\021_39195736_5ebd9ad4\compiledrepos\39195736\jproperties-checks\target\test-classes
[INFO] 
[INFO] --- surefire:2.20.1:test (default-test) @ jproperties-checks ---
[INFO] Tests are skipped.
[INFO] 
[INFO] --- jar:3.0.2:jar (default-jar) @ jproperties-checks ---
[INFO] Building jar: D:\A_ThucNghiem\scripts_v2\workspaces\20260724_010022_d3f7f7b1__baseline_readiness\021_39195736_5ebd9ad4\compiledrepos\39195736\jproperties-checks\target\jproperties-checks-2.7-SNAPSHOT.jar
[INFO] 
[INFO] --- javadoc:2.10.4:jar (attach-javadocs) @ jproperties-checks ---
[INFO] Skipping javadoc generation
[INFO] 
[INFO] --- source:3.0.1:jar-no-fork (attach-sources) @ jproperties-checks ---
[INFO] Building jar: D:\A_ThucNghiem\scripts_v2\workspaces\20260724_010022_d3f7f7b1__baseline_readiness\021_39195736_5ebd9ad4\compiledrepos\39195736\jproperties-checks\target\jproperties-checks-2.7-SNAPSHOT-sources.jar
[INFO] 
[INFO] --- install:2.5.2:install (default-install) @ jproperties-checks ---
[INFO] Installing D:\A_ThucNghiem\scripts_v2\workspaces\20260724_010022_d3f7f7b1__baseline_readiness\021_39195736_5ebd9ad4\compiledrepos\39195736\jproperties-checks\target\jproperties-checks-2.7-SNAPSHOT.jar to C:\Users\admin\.m2\repository\org\codehaus\sonar-plugins\jproperties\jproperties-checks\2.7-SNAPSHOT\jproperties-checks-2.7-SNAPSHOT.jar
[INFO] Installing D:\A_ThucNghiem\scripts_v2\workspaces\20260724_010022_d3f7f7b1__baseline_readiness\021_39195736_5ebd9ad4\compiledrepos\39195736\jproperties-checks\pom.xml to C:\Users\admin\.m2\repository\org\codehaus\sonar-plugins\jproperties\jproperties-checks\2.7-SNAPSHOT\jproperties-checks-2.7-SNAPSHOT.pom
[INFO] Installing D:\A_ThucNghiem\scripts_v2\workspaces\20260724_010022_d3f7f7b1__baseline_readiness\021_39195736_5ebd9ad4\compiledrepos\39195736\jproperties-checks\target\jproperties-che"
2026-07-23T18:15:32+00:00,baseline_sandbox_readiness,39195736,jproperties-checks,,21,39195736:jproperties-checks/src/main/java/org/sonar/jproperties/checks/generic/duplicatedvaluescheck.java,DuplicatedValuesCheck,DuplicatedValuesCheck_RBL4_5ebd9ad4Test,PASS,40.141,ok; sandbox readiness passed
2026-07-23T18:15:32+00:00,maven_reactor_prewarm_wait,39195736,jproperties-checks,,23,39195736:jproperties-checks/src/main/java/org/sonar/jproperties/checks/generic/hardcodedcredentialscheck.java,HardCodedCredentialsCheck,,PASS,26.218,waited 26.218s for same repo/scope prewarm lock: maven:jproperties-checks
2026-07-23T18:15:32+00:00,baseline_sandbox_readiness,41547678,turin-compiler,,28,41547678:turin-compiler/src/main/java/me/tomassetti/turin/typesystem/primitivetypeusage.java,PrimitiveTypeUsage,PrimitiveTypeUsage_RBL4_d8ff3e11Test,START,,prepare per-class sandbox and run generation prewarm without invoking GPT/EvoSuite
2026-07-23T18:15:32+00:00,maven_reactor_prewarm,39195736,jproperties-checks,,23,39195736:jproperties-checks/src/main/java/org/sonar/jproperties/checks/generic/hardcodedcredentialscheck.java,HardCodedCredentialsCheck,,START,,prewarm reactor dependencies for -pl jproperties-checks; synthesized placeholder test hidden during prewarm: HardCodedCredentialsCheck_RBL4_931043c2Test.java
2026-07-23T18:15:46+00:00,maven_reactor_prewarm,41547678,turin-compiler,,26,41547678:turin-compiler/src/main/java/me/tomassetti/turin/typesystem/arraytypeusage.java,ArrayTypeUsage,,PASS,14.433,"ectory D:\A_ThucNghiem\scripts_v2\workspaces\20260724_010022_d3f7f7b1__baseline_readiness\026_41547678_cf9a0032\compiledrepos\41547678\turin-compiler\src\main\resources
[INFO] 
[INFO] --- compiler:3.0:compile (default-compile) @ turin-compiler ---
[INFO] Changes detected - recompiling the module!
[INFO] Compiling 157 source files to D:\A_ThucNghiem\scripts_v2\workspaces\20260724_010022_d3f7f7b1__baseline_readiness\026_41547678_cf9a0032\compiledrepos\41547678\turin-compiler\target\classes
[WARNING] /D:/A_ThucNghiem/scripts_v2/workspaces/20260724_010022_d3f7f7b1__baseline_readiness/026_41547678_cf9a0032/compiledrepos/41547678/turin-compiler/src/main/java/me/tomassetti/turin/compiler/Compilation.java: D:\A_ThucNghiem\scripts_v2\workspaces\20260724_010022_d3f7f7b1__baseline_readiness\026_41547678_cf9a0032\compiledrepos\41547678\turin-compiler\src\main\java\me\tomassetti\turin\compiler\Compilation.java uses or overrides a deprecated API.
[WARNING] /D:/A_ThucNghiem/scripts_v2/workspaces/20260724_010022_d3f7f7b1__baseline_readiness/026_41547678_cf9a0032/compiledrepos/41547678/turin-compiler/src/main/java/me/tomassetti/turin/compiler/Compilation.java: Recompile with -Xlint:deprecation for details.
[WARNING] /D:/A_ThucNghiem/scripts_v2/workspaces/20260724_010022_d3f7f7b1__baseline_readiness/026_41547678_cf9a0032/compiledrepos/41547678/turin-compiler/src/main/java/me/tomassetti/turin/util/Either.java: D:\A_ThucNghiem\scripts_v2\workspaces\20260724_010022_d3f7f7b1__baseline_readiness\026_41547678_cf9a0032\compiledrepos\41547678\turin-compiler\src\main\java\me\tomassetti\turin\util\Either.java uses unchecked or unsafe operations.
[WARNING] /D:/A_ThucNghiem/scripts_v2/workspaces/20260724_010022_d3f7f7b1__baseline_readiness/026_41547678_cf9a0032/compiledrepos/41547678/turin-compiler/src/main/java/me/tomassetti/turin/util/Either.java: Recompile with -Xlint:unchecked for details.
[INFO] 
[INFO] --- resources:3.4.0:testResources (default-testResources) @ turin-compiler ---
[INFO] Copying 89 resources from src\test\resources to target\test-classes
[INFO] 
[INFO] --- compiler:3.0:testCompile (default-testCompile) @ turin-compiler ---
[INFO] Changes detected - recompiling the module!
[INFO] Compiling 50 source files to D:\A_ThucNghiem\scripts_v2\workspaces\20260724_010022_d3f7f7b1__baseline_readiness\026_41547678_cf9a0032\compiledrepos\41547678\turin-compiler\target\test-classes
[WARNING] /D:/A_ThucNghiem/scripts_v2/workspaces/20260724_010022_d3f7f7b1__baseline_readiness/026_41547678_cf9a0032/compiledrepos/41547678/turin-compiler/src/test/java/me/tomassetti/turin/compiler/AbstractCompilerTest.java: Some input files use unchecked or unsafe operations.
[WARNING] /D:/A_ThucNghiem/scripts_v2/workspaces/20260724_010022_d3f7f7b1__baseline_readiness/026_41547678_cf9a0032/compiledrepos/41547678/turin-compiler/src/test/java/me/tomassetti/turin/compiler/AbstractCompilerTest.java: Recompile with -Xlint:unchecked for details.
[INFO] 
[INFO] --- surefire:3.5.4:test (default-test) @ turin-compiler ---
[INFO] Tests are skipped.
[INFO] 
[INFO] --- jacoco:0.7.5.201505241946:report (default-report) @ turin-compiler ---
[INFO] Skipping JaCoCo execution because property jacoco.skip is set.
[INFO] 
[INFO] --- jar:3.5.0:jar (default-jar) @ turin-compiler ---
[INFO] Building jar: D:\A_ThucNghiem\scripts_v2\workspaces\20260724_010022_d3f7f7b1__baseline_readiness\026_41547678_cf9a0032\compiledrepos\41547678\turin-compiler\target\turin-compiler-0.0.3-SNAPSHOT.jar
[INFO] 
[INFO] --- install:2.4:install (default-install) @ turin-compiler ---
[INFO] Installing D:\A_ThucNghiem\scripts_v2\workspaces\20260724_010022_d3f7f7b1__baseline_readiness\026_41547678_cf9a0032\compiledrepos\41547678\turin-compiler\target\turin-compiler-0.0.3-SNAPSHOT.jar to C:\Users\admin\.m2\repository\me\tomassetti\turin-compiler\0.0.3-SNAPSHOT\turin-compiler-0.0.3-SNAPSHOT.jar
[INFO] Installing D:\A_ThucNghiem\scripts_v2\workspaces\20260724_010022_d3f7f7b1__baseline_readiness\026_41547678_cf9a0032\comp"
2026-07-23T18:15:46+00:00,baseline_sandbox_readiness,41547678,turin-compiler,,26,41547678:turin-compiler/src/main/java/me/tomassetti/turin/typesystem/arraytypeusage.java,ArrayTypeUsage,ArrayTypeUsage_RBL4_cf9a0032Test,PASS,28.255,ok; sandbox readiness passed
2026-07-23T18:15:46+00:00,maven_reactor_prewarm_wait,41547678,turin-compiler,,27,41547678:turin-compiler/src/main/java/me/tomassetti/turin/typesystem/invokablereferencetypeusage.java,InvokableReferenceTypeUsage,,PASS,14.09,waited 14.090s for same repo/scope prewarm lock: maven:turin-compiler
2026-07-23T18:15:46+00:00,baseline_sandbox_readiness,41547678,turin-compiler,,29,41547678:turin-compiler/src/main/java/me/tomassetti/turin/compiler/paramutils.java,ParamUtils,ParamUtils_RBL4_6e5d9f86Test,START,,prepare per-class sandbox and run generation prewarm without invoking GPT/EvoSuite
2026-07-23T18:15:46+00:00,maven_reactor_prewarm,41547678,turin-compiler,,27,41547678:turin-compiler/src/main/java/me/tomassetti/turin/typesystem/invokablereferencetypeusage.java,InvokableReferenceTypeUsage,,START,,prewarm reactor dependencies for -pl turin-compiler; synthesized placeholder test hidden during prewarm: InvokableReferenceTypeUsage_RBL4_9b774e58Test.java
2026-07-23T18:15:46+00:00,maven_reactor_prewarm,39195736,jproperties-checks,,23,39195736:jproperties-checks/src/main/java/org/sonar/jproperties/checks/generic/hardcodedcredentialscheck.java,HardCodedCredentialsCheck,,PASS,14.41,"kit-2.7-SNAPSHOT-sources.jar to C:\Users\admin\.m2\repository\org\codehaus\sonar-plugins\jproperties\jproperties-checks-testkit\2.7-SNAPSHOT\jproperties-checks-testkit-2.7-SNAPSHOT-sources.jar
[INFO] 
[INFO] -----< org.codehaus.sonar-plugins.jproperties:jproperties-checks >------
[INFO] Building SonarQube Java Properties Analyzer :: Checks 2.7-SNAPSHOT [4/4]
[INFO]   from jproperties-checks\pom.xml
[INFO] --------------------------------[ jar ]---------------------------------
[INFO] 
[INFO] --- buildnumber:1.4:create (default) @ jproperties-checks ---
[INFO] 
[INFO] --- enforcer:3.0.0-M1:enforce (enforce) @ jproperties-checks ---
[INFO] Skipping Rule Enforcement.
[INFO] 
[INFO] --- license:3.0:check (enforce-license-headers) @ jproperties-checks ---
[INFO] 
[INFO] --- jacoco:0.7.9:prepare-agent (agent) @ jproperties-checks ---
[INFO] Skipping JaCoCo execution because property jacoco.skip is set.
[INFO] argLine set to empty
[INFO] 
[INFO] --- bsh:1.4:run (compute-artifact-display-version) @ jproperties-checks ---
[INFO] Executing Script
[INFO] file class java.lang.Object
[INFO] script class java.lang.String
[INFO] evaluating script if (! ""2.7-SNAPSHOT"".endsWith(""-SNAPSHOT"")) { [+ 15 omitted line(s)]
[INFO] 
[INFO] --- resources:3.0.2:resources (default-resources) @ jproperties-checks ---
[INFO] Using 'UTF-8' encoding to copy filtered resources.
[INFO] Copying 27 resources
[INFO] 
[INFO] --- compiler:3.7.0:compile (default-compile) @ jproperties-checks ---
[INFO] Changes detected - recompiling the module!
[INFO] Compiling 35 source files to D:\A_ThucNghiem\scripts_v2\workspaces\20260724_010022_d3f7f7b1__baseline_readiness\023_39195736_931043c2\compiledrepos\39195736\jproperties-checks\target\classes
[INFO] 
[INFO] --- resources:3.0.2:testResources (default-testResources) @ jproperties-checks ---
[INFO] Using 'UTF-8' encoding to copy filtered resources.
[INFO] Copying 71 resources
[INFO] 
[INFO] --- compiler:3.7.0:testCompile (default-testCompile) @ jproperties-checks ---
[INFO] Changes detected - recompiling the module!
[INFO] Compiling 26 source files to D:\A_ThucNghiem\scripts_v2\workspaces\20260724_010022_d3f7f7b1__baseline_readiness\023_39195736_931043c2\compiledrepos\39195736\jproperties-checks\target\test-classes
[INFO] 
[INFO] --- surefire:2.20.1:test (default-test) @ jproperties-checks ---
[INFO] Tests are skipped.
[INFO] 
[INFO] --- jar:3.0.2:jar (default-jar) @ jproperties-checks ---
[INFO] Building jar: D:\A_ThucNghiem\scripts_v2\workspaces\20260724_010022_d3f7f7b1__baseline_readiness\023_39195736_931043c2\compiledrepos\39195736\jproperties-checks\target\jproperties-checks-2.7-SNAPSHOT.jar
[INFO] 
[INFO] --- javadoc:2.10.4:jar (attach-javadocs) @ jproperties-checks ---
[INFO] Skipping javadoc generation
[INFO] 
[INFO] --- source:3.0.1:jar-no-fork (attach-sources) @ jproperties-checks ---
[INFO] Building jar: D:\A_ThucNghiem\scripts_v2\workspaces\20260724_010022_d3f7f7b1__baseline_readiness\023_39195736_931043c2\compiledrepos\39195736\jproperties-checks\target\jproperties-checks-2.7-SNAPSHOT-sources.jar
[INFO] 
[INFO] --- install:2.5.2:install (default-install) @ jproperties-checks ---
[INFO] Installing D:\A_ThucNghiem\scripts_v2\workspaces\20260724_010022_d3f7f7b1__baseline_readiness\023_39195736_931043c2\compiledrepos\39195736\jproperties-checks\target\jproperties-checks-2.7-SNAPSHOT.jar to C:\Users\admin\.m2\repository\org\codehaus\sonar-plugins\jproperties\jproperties-checks\2.7-SNAPSHOT\jproperties-checks-2.7-SNAPSHOT.jar
[INFO] Installing D:\A_ThucNghiem\scripts_v2\workspaces\20260724_010022_d3f7f7b1__baseline_readiness\023_39195736_931043c2\compiledrepos\39195736\jproperties-checks\pom.xml to C:\Users\admin\.m2\repository\org\codehaus\sonar-plugins\jproperties\jproperties-checks\2.7-SNAPSHOT\jproperties-checks-2.7-SNAPSHOT.pom
[INFO] Installing D:\A_ThucNghiem\scripts_v2\workspaces\20260724_010022_d3f7f7b1__baseline_readiness\023_39195736_931043c2\compiledrepos\39195736\jproperties-checks\target\jproperties-che"
2026-07-23T18:15:46+00:00,baseline_sandbox_readiness,39195736,jproperties-checks,,23,39195736:jproperties-checks/src/main/java/org/sonar/jproperties/checks/generic/hardcodedcredentialscheck.java,HardCodedCredentialsCheck,HardCodedCredentialsCheck_RBL4_931043c2Test,PASS,40.994,ok; sandbox readiness passed
2026-07-23T18:15:46+00:00,baseline_sandbox_readiness,41547678,turin-compiler,,30,41547678:turin-compiler/src/main/java/me/tomassetti/turin/parser/ast/qualifiedname.java,QualifiedName,QualifiedName_RBL4_3bf6f68aTest,START,,prepare per-class sandbox and run generation prewarm without invoking GPT/EvoSuite
2026-07-23T18:15:58+00:00,maven_reactor_prewarm,41547678,turin-compiler,,27,41547678:turin-compiler/src/main/java/me/tomassetti/turin/typesystem/invokablereferencetypeusage.java,InvokableReferenceTypeUsage,,PASS,12.281,"rectory D:\A_ThucNghiem\scripts_v2\workspaces\20260724_010022_d3f7f7b1__baseline_readiness\027_41547678_9b774e58\compiledrepos\41547678\turin-compiler\src\main\resources
[INFO] 
[INFO] --- compiler:3.0:compile (default-compile) @ turin-compiler ---
[INFO] Changes detected - recompiling the module!
[INFO] Compiling 157 source files to D:\A_ThucNghiem\scripts_v2\workspaces\20260724_010022_d3f7f7b1__baseline_readiness\027_41547678_9b774e58\compiledrepos\41547678\turin-compiler\target\classes
[WARNING] /D:/A_ThucNghiem/scripts_v2/workspaces/20260724_010022_d3f7f7b1__baseline_readiness/027_41547678_9b774e58/compiledrepos/41547678/turin-compiler/src/main/java/me/tomassetti/turin/compiler/Compilation.java: D:\A_ThucNghiem\scripts_v2\workspaces\20260724_010022_d3f7f7b1__baseline_readiness\027_41547678_9b774e58\compiledrepos\41547678\turin-compiler\src\main\java\me\tomassetti\turin\compiler\Compilation.java uses or overrides a deprecated API.
[WARNING] /D:/A_ThucNghiem/scripts_v2/workspaces/20260724_010022_d3f7f7b1__baseline_readiness/027_41547678_9b774e58/compiledrepos/41547678/turin-compiler/src/main/java/me/tomassetti/turin/compiler/Compilation.java: Recompile with -Xlint:deprecation for details.
[WARNING] /D:/A_ThucNghiem/scripts_v2/workspaces/20260724_010022_d3f7f7b1__baseline_readiness/027_41547678_9b774e58/compiledrepos/41547678/turin-compiler/src/main/java/me/tomassetti/turin/util/Either.java: D:\A_ThucNghiem\scripts_v2\workspaces\20260724_010022_d3f7f7b1__baseline_readiness\027_41547678_9b774e58\compiledrepos\41547678\turin-compiler\src\main\java\me\tomassetti\turin\util\Either.java uses unchecked or unsafe operations.
[WARNING] /D:/A_ThucNghiem/scripts_v2/workspaces/20260724_010022_d3f7f7b1__baseline_readiness/027_41547678_9b774e58/compiledrepos/41547678/turin-compiler/src/main/java/me/tomassetti/turin/util/Either.java: Recompile with -Xlint:unchecked for details.
[INFO] 
[INFO] --- resources:3.4.0:testResources (default-testResources) @ turin-compiler ---
[INFO] Copying 89 resources from src\test\resources to target\test-classes
[INFO] 
[INFO] --- compiler:3.0:testCompile (default-testCompile) @ turin-compiler ---
[INFO] Changes detected - recompiling the module!
[INFO] Compiling 50 source files to D:\A_ThucNghiem\scripts_v2\workspaces\20260724_010022_d3f7f7b1__baseline_readiness\027_41547678_9b774e58\compiledrepos\41547678\turin-compiler\target\test-classes
[WARNING] /D:/A_ThucNghiem/scripts_v2/workspaces/20260724_010022_d3f7f7b1__baseline_readiness/027_41547678_9b774e58/compiledrepos/41547678/turin-compiler/src/test/java/me/tomassetti/turin/compiler/AbstractCompilerTest.java: Some input files use unchecked or unsafe operations.
[WARNING] /D:/A_ThucNghiem/scripts_v2/workspaces/20260724_010022_d3f7f7b1__baseline_readiness/027_41547678_9b774e58/compiledrepos/41547678/turin-compiler/src/test/java/me/tomassetti/turin/compiler/AbstractCompilerTest.java: Recompile with -Xlint:unchecked for details.
[INFO] 
[INFO] --- surefire:3.5.4:test (default-test) @ turin-compiler ---
[INFO] Tests are skipped.
[INFO] 
[INFO] --- jacoco:0.7.5.201505241946:report (default-report) @ turin-compiler ---
[INFO] Skipping JaCoCo execution because property jacoco.skip is set.
[INFO] 
[INFO] --- jar:3.5.0:jar (default-jar) @ turin-compiler ---
[INFO] Building jar: D:\A_ThucNghiem\scripts_v2\workspaces\20260724_010022_d3f7f7b1__baseline_readiness\027_41547678_9b774e58\compiledrepos\41547678\turin-compiler\target\turin-compiler-0.0.3-SNAPSHOT.jar
[INFO] 
[INFO] --- install:2.4:install (default-install) @ turin-compiler ---
[INFO] Installing D:\A_ThucNghiem\scripts_v2\workspaces\20260724_010022_d3f7f7b1__baseline_readiness\027_41547678_9b774e58\compiledrepos\41547678\turin-compiler\target\turin-compiler-0.0.3-SNAPSHOT.jar to C:\Users\admin\.m2\repository\me\tomassetti\turin-compiler\0.0.3-SNAPSHOT\turin-compiler-0.0.3-SNAPSHOT.jar
[INFO] Installing D:\A_ThucNghiem\scripts_v2\workspaces\20260724_010022_d3f7f7b1__baseline_readiness\027_41547678_9b774e58\com"
2026-07-23T18:15:58+00:00,baseline_sandbox_readiness,41547678,turin-compiler,,27,41547678:turin-compiler/src/main/java/me/tomassetti/turin/typesystem/invokablereferencetypeusage.java,InvokableReferenceTypeUsage,InvokableReferenceTypeUsage_RBL4_9b774e58Test,PASS,26.721,ok; sandbox readiness passed
2026-07-23T18:15:58+00:00,maven_reactor_prewarm_wait,41547678,turin-compiler,,28,41547678:turin-compiler/src/main/java/me/tomassetti/turin/typesystem/primitivetypeusage.java,PrimitiveTypeUsage,,PASS,26.023,waited 26.023s for same repo/scope prewarm lock: maven:turin-compiler
2026-07-23T18:15:58+00:00,baseline_sandbox_readiness,41547678,turin-compiler,,31,41547678:turin-compiler/src/main/java/me/tomassetti/turin/parser/ast/turintypedefinition.java,TurinTypeDefinition,TurinTypeDefinition_RBL4_09c89a18Test,START,,prepare per-class sandbox and run generation prewarm without invoking GPT/EvoSuite
2026-07-23T18:15:58+00:00,maven_reactor_prewarm,41547678,turin-compiler,,28,41547678:turin-compiler/src/main/java/me/tomassetti/turin/typesystem/primitivetypeusage.java,PrimitiveTypeUsage,,START,,prewarm reactor dependencies for -pl turin-compiler; synthesized placeholder test hidden during prewarm: PrimitiveTypeUsage_RBL4_d8ff3e11Test.java
2026-07-23T18:16:11+00:00,maven_reactor_prewarm,41547678,turin-compiler,,28,41547678:turin-compiler/src/main/java/me/tomassetti/turin/typesystem/primitivetypeusage.java,PrimitiveTypeUsage,,PASS,12.492,"rectory D:\A_ThucNghiem\scripts_v2\workspaces\20260724_010022_d3f7f7b1__baseline_readiness\028_41547678_d8ff3e11\compiledrepos\41547678\turin-compiler\src\main\resources
[INFO] 
[INFO] --- compiler:3.0:compile (default-compile) @ turin-compiler ---
[INFO] Changes detected - recompiling the module!
[INFO] Compiling 157 source files to D:\A_ThucNghiem\scripts_v2\workspaces\20260724_010022_d3f7f7b1__baseline_readiness\028_41547678_d8ff3e11\compiledrepos\41547678\turin-compiler\target\classes
[WARNING] /D:/A_ThucNghiem/scripts_v2/workspaces/20260724_010022_d3f7f7b1__baseline_readiness/028_41547678_d8ff3e11/compiledrepos/41547678/turin-compiler/src/main/java/me/tomassetti/turin/compiler/Compilation.java: D:\A_ThucNghiem\scripts_v2\workspaces\20260724_010022_d3f7f7b1__baseline_readiness\028_41547678_d8ff3e11\compiledrepos\41547678\turin-compiler\src\main\java\me\tomassetti\turin\compiler\Compilation.java uses or overrides a deprecated API.
[WARNING] /D:/A_ThucNghiem/scripts_v2/workspaces/20260724_010022_d3f7f7b1__baseline_readiness/028_41547678_d8ff3e11/compiledrepos/41547678/turin-compiler/src/main/java/me/tomassetti/turin/compiler/Compilation.java: Recompile with -Xlint:deprecation for details.
[WARNING] /D:/A_ThucNghiem/scripts_v2/workspaces/20260724_010022_d3f7f7b1__baseline_readiness/028_41547678_d8ff3e11/compiledrepos/41547678/turin-compiler/src/main/java/me/tomassetti/turin/util/Either.java: D:\A_ThucNghiem\scripts_v2\workspaces\20260724_010022_d3f7f7b1__baseline_readiness\028_41547678_d8ff3e11\compiledrepos\41547678\turin-compiler\src\main\java\me\tomassetti\turin\util\Either.java uses unchecked or unsafe operations.
[WARNING] /D:/A_ThucNghiem/scripts_v2/workspaces/20260724_010022_d3f7f7b1__baseline_readiness/028_41547678_d8ff3e11/compiledrepos/41547678/turin-compiler/src/main/java/me/tomassetti/turin/util/Either.java: Recompile with -Xlint:unchecked for details.
[INFO] 
[INFO] --- resources:3.4.0:testResources (default-testResources) @ turin-compiler ---
[INFO] Copying 89 resources from src\test\resources to target\test-classes
[INFO] 
[INFO] --- compiler:3.0:testCompile (default-testCompile) @ turin-compiler ---
[INFO] Changes detected - recompiling the module!
[INFO] Compiling 50 source files to D:\A_ThucNghiem\scripts_v2\workspaces\20260724_010022_d3f7f7b1__baseline_readiness\028_41547678_d8ff3e11\compiledrepos\41547678\turin-compiler\target\test-classes
[WARNING] /D:/A_ThucNghiem/scripts_v2/workspaces/20260724_010022_d3f7f7b1__baseline_readiness/028_41547678_d8ff3e11/compiledrepos/41547678/turin-compiler/src/test/java/me/tomassetti/turin/compiler/AbstractCompilerTest.java: Some input files use unchecked or unsafe operations.
[WARNING] /D:/A_ThucNghiem/scripts_v2/workspaces/20260724_010022_d3f7f7b1__baseline_readiness/028_41547678_d8ff3e11/compiledrepos/41547678/turin-compiler/src/test/java/me/tomassetti/turin/compiler/AbstractCompilerTest.java: Recompile with -Xlint:unchecked for details.
[INFO] 
[INFO] --- surefire:3.5.4:test (default-test) @ turin-compiler ---
[INFO] Tests are skipped.
[INFO] 
[INFO] --- jacoco:0.7.5.201505241946:report (default-report) @ turin-compiler ---
[INFO] Skipping JaCoCo execution because property jacoco.skip is set.
[INFO] 
[INFO] --- jar:3.5.0:jar (default-jar) @ turin-compiler ---
[INFO] Building jar: D:\A_ThucNghiem\scripts_v2\workspaces\20260724_010022_d3f7f7b1__baseline_readiness\028_41547678_d8ff3e11\compiledrepos\41547678\turin-compiler\target\turin-compiler-0.0.3-SNAPSHOT.jar
[INFO] 
[INFO] --- install:2.4:install (default-install) @ turin-compiler ---
[INFO] Installing D:\A_ThucNghiem\scripts_v2\workspaces\20260724_010022_d3f7f7b1__baseline_readiness\028_41547678_d8ff3e11\compiledrepos\41547678\turin-compiler\target\turin-compiler-0.0.3-SNAPSHOT.jar to C:\Users\admin\.m2\repository\me\tomassetti\turin-compiler\0.0.3-SNAPSHOT\turin-compiler-0.0.3-SNAPSHOT.jar
[INFO] Installing D:\A_ThucNghiem\scripts_v2\workspaces\20260724_010022_d3f7f7b1__baseline_readiness\028_41547678_d8ff3e11\com"
2026-07-23T18:16:11+00:00,baseline_sandbox_readiness,41547678,turin-compiler,,28,41547678:turin-compiler/src/main/java/me/tomassetti/turin/typesystem/primitivetypeusage.java,PrimitiveTypeUsage,PrimitiveTypeUsage_RBL4_d8ff3e11Test,PASS,38.837,ok; sandbox readiness passed
2026-07-23T18:16:11+00:00,maven_reactor_prewarm_wait,41547678,turin-compiler,,29,41547678:turin-compiler/src/main/java/me/tomassetti/turin/compiler/paramutils.java,ParamUtils,,PASS,24.462,waited 24.461s for same repo/scope prewarm lock: maven:turin-compiler
2026-07-23T18:16:11+00:00,baseline_sandbox_readiness,41627638,leetcode/battleships-in-a-board,,32,41627638:leetcode/battleships-in-a-board/src/main/java/com/github/singlenumber/solution.java,Solution,Solution_RBL4_899cbe08Test,START,,prepare per-class sandbox and run generation prewarm without invoking GPT/EvoSuite
2026-07-23T18:16:11+00:00,maven_reactor_prewarm,41547678,turin-compiler,,29,41547678:turin-compiler/src/main/java/me/tomassetti/turin/compiler/paramutils.java,ParamUtils,,START,,prewarm reactor dependencies for -pl turin-compiler; synthesized placeholder test hidden during prewarm: ParamUtils_RBL4_6e5d9f86Test.java
2026-07-23T18:16:26+00:00,gradle_sandbox_prewarm,41627638,leetcode/battleships-in-a-board,,32,41627638:leetcode/battleships-in-a-board/src/main/java/com/github/singlenumber/solution.java,Solution,,START,,normalized Gradle wrapper D:\A_ThucNghiem\scripts_v2\workspaces\20260724_010022_d3f7f7b1__baseline_readiness\032_41627638_899cbe08\compiledrepos\41627638\gradlew.bat -> D:\A_ThucNghiem\scripts_v2\workspaces\20260724_010022_d3f7f7b1__baseline_readiness\032_41627638_899cbe08\compiledrepos\41627638\leetcode\battleships-in-a-board\gradlew.bat; baseline cwd D:\A_ThucNghiem\scripts_v2\workspaces\20260724_010022_d3f7f7b1__baseline_readiness\032_41627638_899cbe08\compiledrepos\41627638 -> D:\A_ThucNghiem\scripts_v2\workspaces\20260724_010022_d3f7f7b1__baseline_readiness\032_41627638_899cbe08\compiledrepos\41627638\leetcode\battleships-in-a-board; compile Gradle sandbox before AgoneTest/EvoSuite; synthesized placeholder test hidden during prewarm: Solution_RBL4_899cbe08Test.java
2026-07-23T18:16:27+00:00,maven_reactor_prewarm,41547678,turin-compiler,,29,41547678:turin-compiler/src/main/java/me/tomassetti/turin/compiler/paramutils.java,ParamUtils,,PASS,15.886,"ectory D:\A_ThucNghiem\scripts_v2\workspaces\20260724_010022_d3f7f7b1__baseline_readiness\029_41547678_6e5d9f86\compiledrepos\41547678\turin-compiler\src\main\resources
[INFO] 
[INFO] --- compiler:3.0:compile (default-compile) @ turin-compiler ---
[INFO] Changes detected - recompiling the module!
[INFO] Compiling 157 source files to D:\A_ThucNghiem\scripts_v2\workspaces\20260724_010022_d3f7f7b1__baseline_readiness\029_41547678_6e5d9f86\compiledrepos\41547678\turin-compiler\target\classes
[WARNING] /D:/A_ThucNghiem/scripts_v2/workspaces/20260724_010022_d3f7f7b1__baseline_readiness/029_41547678_6e5d9f86/compiledrepos/41547678/turin-compiler/src/main/java/me/tomassetti/turin/compiler/Compilation.java: D:\A_ThucNghiem\scripts_v2\workspaces\20260724_010022_d3f7f7b1__baseline_readiness\029_41547678_6e5d9f86\compiledrepos\41547678\turin-compiler\src\main\java\me\tomassetti\turin\compiler\Compilation.java uses or overrides a deprecated API.
[WARNING] /D:/A_ThucNghiem/scripts_v2/workspaces/20260724_010022_d3f7f7b1__baseline_readiness/029_41547678_6e5d9f86/compiledrepos/41547678/turin-compiler/src/main/java/me/tomassetti/turin/compiler/Compilation.java: Recompile with -Xlint:deprecation for details.
[WARNING] /D:/A_ThucNghiem/scripts_v2/workspaces/20260724_010022_d3f7f7b1__baseline_readiness/029_41547678_6e5d9f86/compiledrepos/41547678/turin-compiler/src/main/java/me/tomassetti/turin/util/Either.java: D:\A_ThucNghiem\scripts_v2\workspaces\20260724_010022_d3f7f7b1__baseline_readiness\029_41547678_6e5d9f86\compiledrepos\41547678\turin-compiler\src\main\java\me\tomassetti\turin\util\Either.java uses unchecked or unsafe operations.
[WARNING] /D:/A_ThucNghiem/scripts_v2/workspaces/20260724_010022_d3f7f7b1__baseline_readiness/029_41547678_6e5d9f86/compiledrepos/41547678/turin-compiler/src/main/java/me/tomassetti/turin/util/Either.java: Recompile with -Xlint:unchecked for details.
[INFO] 
[INFO] --- resources:3.4.0:testResources (default-testResources) @ turin-compiler ---
[INFO] Copying 89 resources from src\test\resources to target\test-classes
[INFO] 
[INFO] --- compiler:3.0:testCompile (default-testCompile) @ turin-compiler ---
[INFO] Changes detected - recompiling the module!
[INFO] Compiling 50 source files to D:\A_ThucNghiem\scripts_v2\workspaces\20260724_010022_d3f7f7b1__baseline_readiness\029_41547678_6e5d9f86\compiledrepos\41547678\turin-compiler\target\test-classes
[WARNING] /D:/A_ThucNghiem/scripts_v2/workspaces/20260724_010022_d3f7f7b1__baseline_readiness/029_41547678_6e5d9f86/compiledrepos/41547678/turin-compiler/src/test/java/me/tomassetti/turin/compiler/AbstractCompilerTest.java: Some input files use unchecked or unsafe operations.
[WARNING] /D:/A_ThucNghiem/scripts_v2/workspaces/20260724_010022_d3f7f7b1__baseline_readiness/029_41547678_6e5d9f86/compiledrepos/41547678/turin-compiler/src/test/java/me/tomassetti/turin/compiler/AbstractCompilerTest.java: Recompile with -Xlint:unchecked for details.
[INFO] 
[INFO] --- surefire:3.5.4:test (default-test) @ turin-compiler ---
[INFO] Tests are skipped.
[INFO] 
[INFO] --- jacoco:0.7.5.201505241946:report (default-report) @ turin-compiler ---
[INFO] Skipping JaCoCo execution because property jacoco.skip is set.
[INFO] 
[INFO] --- jar:3.5.0:jar (default-jar) @ turin-compiler ---
[INFO] Building jar: D:\A_ThucNghiem\scripts_v2\workspaces\20260724_010022_d3f7f7b1__baseline_readiness\029_41547678_6e5d9f86\compiledrepos\41547678\turin-compiler\target\turin-compiler-0.0.3-SNAPSHOT.jar
[INFO] 
[INFO] --- install:2.4:install (default-install) @ turin-compiler ---
[INFO] Installing D:\A_ThucNghiem\scripts_v2\workspaces\20260724_010022_d3f7f7b1__baseline_readiness\029_41547678_6e5d9f86\compiledrepos\41547678\turin-compiler\target\turin-compiler-0.0.3-SNAPSHOT.jar to C:\Users\admin\.m2\repository\me\tomassetti\turin-compiler\0.0.3-SNAPSHOT\turin-compiler-0.0.3-SNAPSHOT.jar
[INFO] Installing D:\A_ThucNghiem\scripts_v2\workspaces\20260724_010022_d3f7f7b1__baseline_readiness\029_41547678_6e5d9f86\comp"
2026-07-23T18:16:27+00:00,baseline_sandbox_readiness,41547678,turin-compiler,,29,41547678:turin-compiler/src/main/java/me/tomassetti/turin/compiler/paramutils.java,ParamUtils,ParamUtils_RBL4_6e5d9f86Test,PASS,40.671,ok; sandbox readiness passed
2026-07-23T18:16:27+00:00,maven_reactor_prewarm_wait,41547678,turin-compiler,,30,41547678:turin-compiler/src/main/java/me/tomassetti/turin/parser/ast/qualifiedname.java,QualifiedName,,PASS,40.073,waited 40.073s for same repo/scope prewarm lock: maven:turin-compiler
2026-07-23T18:16:27+00:00,baseline_sandbox_readiness,41627638,leetcode/battleships-in-a-board,,33,41627638:leetcode/battleships-in-a-board/src/main/java/com/github/invertbinarytree/solution.java,Solution,Solution_RBL4_900e296fTest,START,,prepare per-class sandbox and run generation prewarm without invoking GPT/EvoSuite
2026-07-23T18:16:27+00:00,maven_reactor_prewarm,41547678,turin-compiler,,30,41547678:turin-compiler/src/main/java/me/tomassetti/turin/parser/ast/qualifiedname.java,QualifiedName,,START,,prewarm reactor dependencies for -pl turin-compiler; synthesized placeholder test hidden during prewarm: QualifiedName_RBL4_3bf6f68aTest.java
2026-07-23T18:16:27+00:00,gradle_sandbox_prewarm,41627638,leetcode/battleships-in-a-board,,33,41627638:leetcode/battleships-in-a-board/src/main/java/com/github/invertbinarytree/solution.java,Solution,,START,,normalized Gradle wrapper D:\A_ThucNghiem\scripts_v2\workspaces\20260724_010022_d3f7f7b1__baseline_readiness\033_41627638_900e296f\compiledrepos\41627638\gradlew.bat -> D:\A_ThucNghiem\scripts_v2\workspaces\20260724_010022_d3f7f7b1__baseline_readiness\033_41627638_900e296f\compiledrepos\41627638\leetcode\battleships-in-a-board\gradlew.bat; baseline cwd D:\A_ThucNghiem\scripts_v2\workspaces\20260724_010022_d3f7f7b1__baseline_readiness\033_41627638_900e296f\compiledrepos\41627638 -> D:\A_ThucNghiem\scripts_v2\workspaces\20260724_010022_d3f7f7b1__baseline_readiness\033_41627638_900e296f\compiledrepos\41627638\leetcode\battleships-in-a-board; compile Gradle sandbox before AgoneTest/EvoSuite; synthesized placeholder test hidden during prewarm: Solution_RBL4_900e296fTest.java
2026-07-23T18:16:41+00:00,gradle_sandbox_prewarm,41627638,leetcode/battleships-in-a-board,,32,41627638:leetcode/battleships-in-a-board/src/main/java/com/github/singlenumber/solution.java,Solution,,PASS,14.786,"normalized Gradle wrapper D:\A_ThucNghiem\scripts_v2\workspaces\20260724_010022_d3f7f7b1__baseline_readiness\032_41627638_899cbe08\compiledrepos\41627638\gradlew.bat -> D:\A_ThucNghiem\scripts_v2\workspaces\20260724_010022_d3f7f7b1__baseline_readiness\032_41627638_899cbe08\compiledrepos\41627638\leetcode\battleships-in-a-board\gradlew.bat; baseline cwd D:\A_ThucNghiem\scripts_v2\workspaces\20260724_010022_d3f7f7b1__baseline_readiness\032_41627638_899cbe08\compiledrepos\41627638 -> D:\A_ThucNghiem\scripts_v2\workspaces\20260724_010022_d3f7f7b1__baseline_readiness\032_41627638_899cbe08\compiledrepos\41627638\leetcode\battleships-in-a-board; compile Gradle sandbox before AgoneTest/EvoSuite; synthesized placeholder test hidden during prewarm: Solution_RBL4_899cbe08Test.java; classes_dir=D:\A_ThucNghiem\scripts_v2\workspaces\20260724_010022_d3f7f7b1__baseline_readiness\032_41627638_899cbe08\compiledrepos\41627638\leetcode\battleships-in-a-board\build\classes\main
:clean UP-TO-DATE
:compileJava
:processResources UP-TO-DATE
:classes
:compileTestJava
:processTestResources
:testClasses

BUILD SUCCESSFUL

Total time: 9.425 secs"
2026-07-23T18:16:41+00:00,baseline_sandbox_readiness,41627638,leetcode/battleships-in-a-board,,32,41627638:leetcode/battleships-in-a-board/src/main/java/com/github/singlenumber/solution.java,Solution,Solution_RBL4_899cbe08Test,PASS,30.528,ok; sandbox readiness passed
2026-07-23T18:16:41+00:00,baseline_sandbox_readiness,41627638,leetcode/battleships-in-a-board,,34,41627638:leetcode/battleships-in-a-board/src/main/java/com/github/maximumdepthofbinarytree/solution.java,Solution,Solution_RBL4_194905a6Test,START,,prepare per-class sandbox and run generation prewarm without invoking GPT/EvoSuite
2026-07-23T18:16:42+00:00,gradle_sandbox_prewarm,41627638,leetcode/battleships-in-a-board,,34,41627638:leetcode/battleships-in-a-board/src/main/java/com/github/maximumdepthofbinarytree/solution.java,Solution,,START,,normalized Gradle wrapper D:\A_ThucNghiem\scripts_v2\workspaces\20260724_010022_d3f7f7b1__baseline_readiness\034_41627638_194905a6\compiledrepos\41627638\gradlew.bat -> D:\A_ThucNghiem\scripts_v2\workspaces\20260724_010022_d3f7f7b1__baseline_readiness\034_41627638_194905a6\compiledrepos\41627638\leetcode\battleships-in-a-board\gradlew.bat; baseline cwd D:\A_ThucNghiem\scripts_v2\workspaces\20260724_010022_d3f7f7b1__baseline_readiness\034_41627638_194905a6\compiledrepos\41627638 -> D:\A_ThucNghiem\scripts_v2\workspaces\20260724_010022_d3f7f7b1__baseline_readiness\034_41627638_194905a6\compiledrepos\41627638\leetcode\battleships-in-a-board; compile Gradle sandbox before AgoneTest/EvoSuite; synthesized placeholder test hidden during prewarm: Solution_RBL4_194905a6Test.java
2026-07-23T18:16:44+00:00,gradle_sandbox_prewarm,41627638,leetcode/battleships-in-a-board,,33,41627638:leetcode/battleships-in-a-board/src/main/java/com/github/invertbinarytree/solution.java,Solution,,PASS,16.851,"normalized Gradle wrapper D:\A_ThucNghiem\scripts_v2\workspaces\20260724_010022_d3f7f7b1__baseline_readiness\033_41627638_900e296f\compiledrepos\41627638\gradlew.bat -> D:\A_ThucNghiem\scripts_v2\workspaces\20260724_010022_d3f7f7b1__baseline_readiness\033_41627638_900e296f\compiledrepos\41627638\leetcode\battleships-in-a-board\gradlew.bat; baseline cwd D:\A_ThucNghiem\scripts_v2\workspaces\20260724_010022_d3f7f7b1__baseline_readiness\033_41627638_900e296f\compiledrepos\41627638 -> D:\A_ThucNghiem\scripts_v2\workspaces\20260724_010022_d3f7f7b1__baseline_readiness\033_41627638_900e296f\compiledrepos\41627638\leetcode\battleships-in-a-board; compile Gradle sandbox before AgoneTest/EvoSuite; synthesized placeholder test hidden during prewarm: Solution_RBL4_900e296fTest.java; classes_dir=D:\A_ThucNghiem\scripts_v2\workspaces\20260724_010022_d3f7f7b1__baseline_readiness\033_41627638_900e296f\compiledrepos\41627638\leetcode\battleships-in-a-board\build\classes\main
:clean UP-TO-DATE
:compileJava
:processResources UP-TO-DATE
:classes
:compileTestJava
:processTestResources
:testClasses

BUILD SUCCESSFUL

Total time: 9.926 secs"
2026-07-23T18:16:44+00:00,baseline_sandbox_readiness,41627638,leetcode/battleships-in-a-board,,33,41627638:leetcode/battleships-in-a-board/src/main/java/com/github/invertbinarytree/solution.java,Solution,Solution_RBL4_900e296fTest,PASS,17.601,ok; sandbox readiness passed
2026-07-23T18:16:44+00:00,baseline_sandbox_readiness,41627638,leetcode/battleships-in-a-board,,35,41627638:leetcode/battleships-in-a-board/src/main/java/com/github/battleship/parser.java,Parser,Parser_RBL4_6bf65714Test,START,,prepare per-class sandbox and run generation prewarm without invoking GPT/EvoSuite
2026-07-23T18:16:48+00:00,gradle_sandbox_prewarm,41627638,leetcode/battleships-in-a-board,,35,41627638:leetcode/battleships-in-a-board/src/main/java/com/github/battleship/parser.java,Parser,,START,,normalized Gradle wrapper D:\A_ThucNghiem\scripts_v2\workspaces\20260724_010022_d3f7f7b1__baseline_readiness\035_41627638_6bf65714\compiledrepos\41627638\gradlew.bat -> D:\A_ThucNghiem\scripts_v2\workspaces\20260724_010022_d3f7f7b1__baseline_readiness\035_41627638_6bf65714\compiledrepos\41627638\leetcode\battleships-in-a-board\gradlew.bat; baseline cwd D:\A_ThucNghiem\scripts_v2\workspaces\20260724_010022_d3f7f7b1__baseline_readiness\035_41627638_6bf65714\compiledrepos\41627638 -> D:\A_ThucNghiem\scripts_v2\workspaces\20260724_010022_d3f7f7b1__baseline_readiness\035_41627638_6bf65714\compiledrepos\41627638\leetcode\battleships-in-a-board; compile Gradle sandbox before AgoneTest/EvoSuite; synthesized placeholder test hidden during prewarm: Parser_RBL4_6bf65714Test.java
2026-07-23T18:17:06+00:00,maven_reactor_prewarm,41547678,turin-compiler,,30,41547678:turin-compiler/src/main/java/me/tomassetti/turin/parser/ast/qualifiedname.java,QualifiedName,,PASS,39.138,"ectory D:\A_ThucNghiem\scripts_v2\workspaces\20260724_010022_d3f7f7b1__baseline_readiness\030_41547678_3bf6f68a\compiledrepos\41547678\turin-compiler\src\main\resources
[INFO] 
[INFO] --- compiler:3.0:compile (default-compile) @ turin-compiler ---
[INFO] Changes detected - recompiling the module!
[INFO] Compiling 157 source files to D:\A_ThucNghiem\scripts_v2\workspaces\20260724_010022_d3f7f7b1__baseline_readiness\030_41547678_3bf6f68a\compiledrepos\41547678\turin-compiler\target\classes
[WARNING] /D:/A_ThucNghiem/scripts_v2/workspaces/20260724_010022_d3f7f7b1__baseline_readiness/030_41547678_3bf6f68a/compiledrepos/41547678/turin-compiler/src/main/java/me/tomassetti/turin/compiler/Compilation.java: D:\A_ThucNghiem\scripts_v2\workspaces\20260724_010022_d3f7f7b1__baseline_readiness\030_41547678_3bf6f68a\compiledrepos\41547678\turin-compiler\src\main\java\me\tomassetti\turin\compiler\Compilation.java uses or overrides a deprecated API.
[WARNING] /D:/A_ThucNghiem/scripts_v2/workspaces/20260724_010022_d3f7f7b1__baseline_readiness/030_41547678_3bf6f68a/compiledrepos/41547678/turin-compiler/src/main/java/me/tomassetti/turin/compiler/Compilation.java: Recompile with -Xlint:deprecation for details.
[WARNING] /D:/A_ThucNghiem/scripts_v2/workspaces/20260724_010022_d3f7f7b1__baseline_readiness/030_41547678_3bf6f68a/compiledrepos/41547678/turin-compiler/src/main/java/me/tomassetti/turin/util/Either.java: D:\A_ThucNghiem\scripts_v2\workspaces\20260724_010022_d3f7f7b1__baseline_readiness\030_41547678_3bf6f68a\compiledrepos\41547678\turin-compiler\src\main\java\me\tomassetti\turin\util\Either.java uses unchecked or unsafe operations.
[WARNING] /D:/A_ThucNghiem/scripts_v2/workspaces/20260724_010022_d3f7f7b1__baseline_readiness/030_41547678_3bf6f68a/compiledrepos/41547678/turin-compiler/src/main/java/me/tomassetti/turin/util/Either.java: Recompile with -Xlint:unchecked for details.
[INFO] 
[INFO] --- resources:3.4.0:testResources (default-testResources) @ turin-compiler ---
[INFO] Copying 89 resources from src\test\resources to target\test-classes
[INFO] 
[INFO] --- compiler:3.0:testCompile (default-testCompile) @ turin-compiler ---
[INFO] Changes detected - recompiling the module!
[INFO] Compiling 50 source files to D:\A_ThucNghiem\scripts_v2\workspaces\20260724_010022_d3f7f7b1__baseline_readiness\030_41547678_3bf6f68a\compiledrepos\41547678\turin-compiler\target\test-classes
[WARNING] /D:/A_ThucNghiem/scripts_v2/workspaces/20260724_010022_d3f7f7b1__baseline_readiness/030_41547678_3bf6f68a/compiledrepos/41547678/turin-compiler/src/test/java/me/tomassetti/turin/compiler/AbstractCompilerTest.java: Some input files use unchecked or unsafe operations.
[WARNING] /D:/A_ThucNghiem/scripts_v2/workspaces/20260724_010022_d3f7f7b1__baseline_readiness/030_41547678_3bf6f68a/compiledrepos/41547678/turin-compiler/src/test/java/me/tomassetti/turin/compiler/AbstractCompilerTest.java: Recompile with -Xlint:unchecked for details.
[INFO] 
[INFO] --- surefire:3.5.4:test (default-test) @ turin-compiler ---
[INFO] Tests are skipped.
[INFO] 
[INFO] --- jacoco:0.7.5.201505241946:report (default-report) @ turin-compiler ---
[INFO] Skipping JaCoCo execution because property jacoco.skip is set.
[INFO] 
[INFO] --- jar:3.5.0:jar (default-jar) @ turin-compiler ---
[INFO] Building jar: D:\A_ThucNghiem\scripts_v2\workspaces\20260724_010022_d3f7f7b1__baseline_readiness\030_41547678_3bf6f68a\compiledrepos\41547678\turin-compiler\target\turin-compiler-0.0.3-SNAPSHOT.jar
[INFO] 
[INFO] --- install:2.4:install (default-install) @ turin-compiler ---
[INFO] Installing D:\A_ThucNghiem\scripts_v2\workspaces\20260724_010022_d3f7f7b1__baseline_readiness\030_41547678_3bf6f68a\compiledrepos\41547678\turin-compiler\target\turin-compiler-0.0.3-SNAPSHOT.jar to C:\Users\admin\.m2\repository\me\tomassetti\turin-compiler\0.0.3-SNAPSHOT\turin-compiler-0.0.3-SNAPSHOT.jar
[INFO] Installing D:\A_ThucNghiem\scripts_v2\workspaces\20260724_010022_d3f7f7b1__baseline_readiness\030_41547678_3bf6f68a\comp"
2026-07-23T18:17:06+00:00,maven_reactor_prewarm_wait,41547678,turin-compiler,,31,41547678:turin-compiler/src/main/java/me/tomassetti/turin/parser/ast/turintypedefinition.java,TurinTypeDefinition,,PASS,67.285,waited 67.285s for same repo/scope prewarm lock: maven:turin-compiler
2026-07-23T18:17:06+00:00,baseline_sandbox_readiness,41547678,turin-compiler,,30,41547678:turin-compiler/src/main/java/me/tomassetti/turin/parser/ast/qualifiedname.java,QualifiedName,QualifiedName_RBL4_3bf6f68aTest,PASS,79.456,ok; sandbox readiness passed
2026-07-23T18:17:06+00:00,maven_reactor_prewarm,41547678,turin-compiler,,31,41547678:turin-compiler/src/main/java/me/tomassetti/turin/parser/ast/turintypedefinition.java,TurinTypeDefinition,,START,,prewarm reactor dependencies for -pl turin-compiler; synthesized placeholder test hidden during prewarm: TurinTypeDefinition_RBL4_09c89a18Test.java
2026-07-23T18:17:06+00:00,baseline_sandbox_readiness,41627638,leetcode/battleships-in-a-board,,36,41627638:leetcode/battleships-in-a-board/src/main/java/com/github/wordladder/solution.java,Solution,Solution_RBL4_5af78817Test,START,,prepare per-class sandbox and run generation prewarm without invoking GPT/EvoSuite
2026-07-23T18:17:07+00:00,gradle_sandbox_prewarm,41627638,leetcode/battleships-in-a-board,,36,41627638:leetcode/battleships-in-a-board/src/main/java/com/github/wordladder/solution.java,Solution,,START,,normalized Gradle wrapper D:\A_ThucNghiem\scripts_v2\workspaces\20260724_010022_d3f7f7b1__baseline_readiness\036_41627638_5af78817\compiledrepos\41627638\gradlew.bat -> D:\A_ThucNghiem\scripts_v2\workspaces\20260724_010022_d3f7f7b1__baseline_readiness\036_41627638_5af78817\compiledrepos\41627638\leetcode\battleships-in-a-board\gradlew.bat; baseline cwd D:\A_ThucNghiem\scripts_v2\workspaces\20260724_010022_d3f7f7b1__baseline_readiness\036_41627638_5af78817\compiledrepos\41627638 -> D:\A_ThucNghiem\scripts_v2\workspaces\20260724_010022_d3f7f7b1__baseline_readiness\036_41627638_5af78817\compiledrepos\41627638\leetcode\battleships-in-a-board; compile Gradle sandbox before AgoneTest/EvoSuite; synthesized placeholder test hidden during prewarm: Solution_RBL4_5af78817Test.java
2026-07-23T18:17:15+00:00,gradle_sandbox_prewarm,41627638,leetcode/battleships-in-a-board,,34,41627638:leetcode/battleships-in-a-board/src/main/java/com/github/maximumdepthofbinarytree/solution.java,Solution,,PASS,32.831,"normalized Gradle wrapper D:\A_ThucNghiem\scripts_v2\workspaces\20260724_010022_d3f7f7b1__baseline_readiness\034_41627638_194905a6\compiledrepos\41627638\gradlew.bat -> D:\A_ThucNghiem\scripts_v2\workspaces\20260724_010022_d3f7f7b1__baseline_readiness\034_41627638_194905a6\compiledrepos\41627638\leetcode\battleships-in-a-board\gradlew.bat; baseline cwd D:\A_ThucNghiem\scripts_v2\workspaces\20260724_010022_d3f7f7b1__baseline_readiness\034_41627638_194905a6\compiledrepos\41627638 -> D:\A_ThucNghiem\scripts_v2\workspaces\20260724_010022_d3f7f7b1__baseline_readiness\034_41627638_194905a6\compiledrepos\41627638\leetcode\battleships-in-a-board; compile Gradle sandbox before AgoneTest/EvoSuite; synthesized placeholder test hidden during prewarm: Solution_RBL4_194905a6Test.java; classes_dir=D:\A_ThucNghiem\scripts_v2\workspaces\20260724_010022_d3f7f7b1__baseline_readiness\034_41627638_194905a6\compiledrepos\41627638\leetcode\battleships-in-a-board\build\classes\main
:clean UP-TO-DATE
:compileJava
:processResources UP-TO-DATE
:classes
:compileTestJava
:processTestResources
:testClasses

BUILD SUCCESSFUL

Total time: 12.305 secs"
2026-07-23T18:17:15+00:00,baseline_sandbox_readiness,41627638,leetcode/battleships-in-a-board,,34,41627638:leetcode/battleships-in-a-board/src/main/java/com/github/maximumdepthofbinarytree/solution.java,Solution,Solution_RBL4_194905a6Test,PASS,34.158,ok; sandbox readiness passed
2026-07-23T18:17:15+00:00,baseline_sandbox_readiness,41627638,leetcode/battleships-in-a-board,,37,41627638:leetcode/battleships-in-a-board/src/main/java/com/github/movezeroes/solution.java,Solution,Solution_RBL4_2857f9c6Test,START,,prepare per-class sandbox and run generation prewarm without invoking GPT/EvoSuite
2026-07-23T18:17:16+00:00,gradle_sandbox_prewarm,41627638,leetcode/battleships-in-a-board,,35,41627638:leetcode/battleships-in-a-board/src/main/java/com/github/battleship/parser.java,Parser,,PASS,28.342,"normalized Gradle wrapper D:\A_ThucNghiem\scripts_v2\workspaces\20260724_010022_d3f7f7b1__baseline_readiness\035_41627638_6bf65714\compiledrepos\41627638\gradlew.bat -> D:\A_ThucNghiem\scripts_v2\workspaces\20260724_010022_d3f7f7b1__baseline_readiness\035_41627638_6bf65714\compiledrepos\41627638\leetcode\battleships-in-a-board\gradlew.bat; baseline cwd D:\A_ThucNghiem\scripts_v2\workspaces\20260724_010022_d3f7f7b1__baseline_readiness\035_41627638_6bf65714\compiledrepos\41627638 -> D:\A_ThucNghiem\scripts_v2\workspaces\20260724_010022_d3f7f7b1__baseline_readiness\035_41627638_6bf65714\compiledrepos\41627638\leetcode\battleships-in-a-board; compile Gradle sandbox before AgoneTest/EvoSuite; synthesized placeholder test hidden during prewarm: Parser_RBL4_6bf65714Test.java; classes_dir=D:\A_ThucNghiem\scripts_v2\workspaces\20260724_010022_d3f7f7b1__baseline_readiness\035_41627638_6bf65714\compiledrepos\41627638\leetcode\battleships-in-a-board\build\classes\main
:clean UP-TO-DATE
:compileJava
:processResources UP-TO-DATE
:classes
:compileTestJava
:processTestResources
:testClasses

BUILD SUCCESSFUL

Total time: 12.918 secs"
2026-07-23T18:17:16+00:00,baseline_sandbox_readiness,41627638,leetcode/battleships-in-a-board,,35,41627638:leetcode/battleships-in-a-board/src/main/java/com/github/battleship/parser.java,Parser,Parser_RBL4_6bf65714Test,PASS,31.777,ok; sandbox readiness passed
2026-07-23T18:17:16+00:00,baseline_sandbox_readiness,41627638,leetcode/battleships-in-a-board,,38,41627638:leetcode/battleships-in-a-board/src/main/java/com/github/reverselinkedlist/solution.java,Solution,Solution_RBL4_9f4d73afTest,START,,prepare per-class sandbox and run generation prewarm without invoking GPT/EvoSuite
2026-07-23T18:17:16+00:00,gradle_sandbox_prewarm,41627638,leetcode/battleships-in-a-board,,37,41627638:leetcode/battleships-in-a-board/src/main/java/com/github/movezeroes/solution.java,Solution,,START,,normalized Gradle wrapper D:\A_ThucNghiem\scripts_v2\workspaces\20260724_010022_d3f7f7b1__baseline_readiness\037_41627638_2857f9c6\compiledrepos\41627638\gradlew.bat -> D:\A_ThucNghiem\scripts_v2\workspaces\20260724_010022_d3f7f7b1__baseline_readiness\037_41627638_2857f9c6\compiledrepos\41627638\leetcode\battleships-in-a-board\gradlew.bat; baseline cwd D:\A_ThucNghiem\scripts_v2\workspaces\20260724_010022_d3f7f7b1__baseline_readiness\037_41627638_2857f9c6\compiledrepos\41627638 -> D:\A_ThucNghiem\scripts_v2\workspaces\20260724_010022_d3f7f7b1__baseline_readiness\037_41627638_2857f9c6\compiledrepos\41627638\leetcode\battleships-in-a-board; compile Gradle sandbox before AgoneTest/EvoSuite; synthesized placeholder test hidden during prewarm: Solution_RBL4_2857f9c6Test.java
2026-07-23T18:17:18+00:00,gradle_sandbox_prewarm,41627638,leetcode/battleships-in-a-board,,38,41627638:leetcode/battleships-in-a-board/src/main/java/com/github/reverselinkedlist/solution.java,Solution,,START,,normalized Gradle wrapper D:\A_ThucNghiem\scripts_v2\workspaces\20260724_010022_d3f7f7b1__baseline_readiness\038_41627638_9f4d73af\compiledrepos\41627638\gradlew.bat -> D:\A_ThucNghiem\scripts_v2\workspaces\20260724_010022_d3f7f7b1__baseline_readiness\038_41627638_9f4d73af\compiledrepos\41627638\leetcode\battleships-in-a-board\gradlew.bat; baseline cwd D:\A_ThucNghiem\scripts_v2\workspaces\20260724_010022_d3f7f7b1__baseline_readiness\038_41627638_9f4d73af\compiledrepos\41627638 -> D:\A_ThucNghiem\scripts_v2\workspaces\20260724_010022_d3f7f7b1__baseline_readiness\038_41627638_9f4d73af\compiledrepos\41627638\leetcode\battleships-in-a-board; compile Gradle sandbox before AgoneTest/EvoSuite; synthesized placeholder test hidden during prewarm: Solution_RBL4_9f4d73afTest.java
2026-07-23T18:17:30+00:00,gradle_sandbox_prewarm,41627638,leetcode/battleships-in-a-board,,36,41627638:leetcode/battleships-in-a-board/src/main/java/com/github/wordladder/solution.java,Solution,,PASS,22.324,"normalized Gradle wrapper D:\A_ThucNghiem\scripts_v2\workspaces\20260724_010022_d3f7f7b1__baseline_readiness\036_41627638_5af78817\compiledrepos\41627638\gradlew.bat -> D:\A_ThucNghiem\scripts_v2\workspaces\20260724_010022_d3f7f7b1__baseline_readiness\036_41627638_5af78817\compiledrepos\41627638\leetcode\battleships-in-a-board\gradlew.bat; baseline cwd D:\A_ThucNghiem\scripts_v2\workspaces\20260724_010022_d3f7f7b1__baseline_readiness\036_41627638_5af78817\compiledrepos\41627638 -> D:\A_ThucNghiem\scripts_v2\workspaces\20260724_010022_d3f7f7b1__baseline_readiness\036_41627638_5af78817\compiledrepos\41627638\leetcode\battleships-in-a-board; compile Gradle sandbox before AgoneTest/EvoSuite; synthesized placeholder test hidden during prewarm: Solution_RBL4_5af78817Test.java; classes_dir=D:\A_ThucNghiem\scripts_v2\workspaces\20260724_010022_d3f7f7b1__baseline_readiness\036_41627638_5af78817\compiledrepos\41627638\leetcode\battleships-in-a-board\build\classes\main
:clean UP-TO-DATE
:compileJava
:processResources UP-TO-DATE
:classes
:compileTestJava
:processTestResources
:testClasses

BUILD SUCCESSFUL

Total time: 13.288 secs"
2026-07-23T18:17:30+00:00,baseline_sandbox_readiness,41627638,leetcode/battleships-in-a-board,,36,41627638:leetcode/battleships-in-a-board/src/main/java/com/github/wordladder/solution.java,Solution,Solution_RBL4_5af78817Test,PASS,23.853,ok; sandbox readiness passed
2026-07-23T18:17:30+00:00,baseline_sandbox_readiness,41627638,leetcode/battleships-in-a-board,,39,41627638:leetcode/battleships-in-a-board/src/main/java/com/github/islandperimeter/solution.java,Solution,Solution_RBL4_562560bfTest,START,,prepare per-class sandbox and run generation prewarm without invoking GPT/EvoSuite
2026-07-23T18:17:32+00:00,gradle_sandbox_prewarm,41627638,leetcode/battleships-in-a-board,,39,41627638:leetcode/battleships-in-a-board/src/main/java/com/github/islandperimeter/solution.java,Solution,,START,,normalized Gradle wrapper D:\A_ThucNghiem\scripts_v2\workspaces\20260724_010022_d3f7f7b1__baseline_readiness\039_41627638_562560bf\compiledrepos\41627638\gradlew.bat -> D:\A_ThucNghiem\scripts_v2\workspaces\20260724_010022_d3f7f7b1__baseline_readiness\039_41627638_562560bf\compiledrepos\41627638\leetcode\battleships-in-a-board\gradlew.bat; baseline cwd D:\A_ThucNghiem\scripts_v2\workspaces\20260724_010022_d3f7f7b1__baseline_readiness\039_41627638_562560bf\compiledrepos\41627638 -> D:\A_ThucNghiem\scripts_v2\workspaces\20260724_010022_d3f7f7b1__baseline_readiness\039_41627638_562560bf\compiledrepos\41627638\leetcode\battleships-in-a-board; compile Gradle sandbox before AgoneTest/EvoSuite; synthesized placeholder test hidden during prewarm: Solution_RBL4_562560bfTest.java
2026-07-23T18:17:50+00:00,gradle_sandbox_prewarm,41627638,leetcode/battleships-in-a-board,,37,41627638:leetcode/battleships-in-a-board/src/main/java/com/github/movezeroes/solution.java,Solution,,PASS,33.801,"normalized Gradle wrapper D:\A_ThucNghiem\scripts_v2\workspaces\20260724_010022_d3f7f7b1__baseline_readiness\037_41627638_2857f9c6\compiledrepos\41627638\gradlew.bat -> D:\A_ThucNghiem\scripts_v2\workspaces\20260724_010022_d3f7f7b1__baseline_readiness\037_41627638_2857f9c6\compiledrepos\41627638\leetcode\battleships-in-a-board\gradlew.bat; baseline cwd D:\A_ThucNghiem\scripts_v2\workspaces\20260724_010022_d3f7f7b1__baseline_readiness\037_41627638_2857f9c6\compiledrepos\41627638 -> D:\A_ThucNghiem\scripts_v2\workspaces\20260724_010022_d3f7f7b1__baseline_readiness\037_41627638_2857f9c6\compiledrepos\41627638\leetcode\battleships-in-a-board; compile Gradle sandbox before AgoneTest/EvoSuite; synthesized placeholder test hidden during prewarm: Solution_RBL4_2857f9c6Test.java; classes_dir=D:\A_ThucNghiem\scripts_v2\workspaces\20260724_010022_d3f7f7b1__baseline_readiness\037_41627638_2857f9c6\compiledrepos\41627638\leetcode\battleships-in-a-board\build\classes\main
:clean UP-TO-DATE
:compileJava
:processResources UP-TO-DATE
:classes
:compileTestJava
:processTestResources
:testClasses

BUILD SUCCESSFUL

Total time: 21.231 secs"
2026-07-23T18:17:50+00:00,baseline_sandbox_readiness,41627638,leetcode/battleships-in-a-board,,37,41627638:leetcode/battleships-in-a-board/src/main/java/com/github/movezeroes/solution.java,Solution,Solution_RBL4_2857f9c6Test,PASS,34.955,ok; sandbox readiness passed
2026-07-23T18:17:50+00:00,baseline_sandbox_readiness,43105609,weixin-mp,,40,43105609:weixin-mp/src/main/java/com/riversoft/weixin/mp/user/blacklists.java,BlackLists,BlackLists_RBL4_840860a6Test,START,,prepare per-class sandbox and run generation prewarm without invoking GPT/EvoSuite
2026-07-23T18:17:54+00:00,gradle_sandbox_prewarm,41627638,leetcode/battleships-in-a-board,,38,41627638:leetcode/battleships-in-a-board/src/main/java/com/github/reverselinkedlist/solution.java,Solution,,PASS,35.413,"normalized Gradle wrapper D:\A_ThucNghiem\scripts_v2\workspaces\20260724_010022_d3f7f7b1__baseline_readiness\038_41627638_9f4d73af\compiledrepos\41627638\gradlew.bat -> D:\A_ThucNghiem\scripts_v2\workspaces\20260724_010022_d3f7f7b1__baseline_readiness\038_41627638_9f4d73af\compiledrepos\41627638\leetcode\battleships-in-a-board\gradlew.bat; baseline cwd D:\A_ThucNghiem\scripts_v2\workspaces\20260724_010022_d3f7f7b1__baseline_readiness\038_41627638_9f4d73af\compiledrepos\41627638 -> D:\A_ThucNghiem\scripts_v2\workspaces\20260724_010022_d3f7f7b1__baseline_readiness\038_41627638_9f4d73af\compiledrepos\41627638\leetcode\battleships-in-a-board; compile Gradle sandbox before AgoneTest/EvoSuite; synthesized placeholder test hidden during prewarm: Solution_RBL4_9f4d73afTest.java; classes_dir=D:\A_ThucNghiem\scripts_v2\workspaces\20260724_010022_d3f7f7b1__baseline_readiness\038_41627638_9f4d73af\compiledrepos\41627638\leetcode\battleships-in-a-board\build\classes\main
:clean UP-TO-DATE
:compileJava
:processResources UP-TO-DATE
:classes
:compileTestJava
:processTestResources
:testClasses

BUILD SUCCESSFUL

Total time: 15.028 secs"
2026-07-23T18:17:54+00:00,baseline_sandbox_readiness,41627638,leetcode/battleships-in-a-board,,38,41627638:leetcode/battleships-in-a-board/src/main/java/com/github/reverselinkedlist/solution.java,Solution,Solution_RBL4_9f4d73afTest,PASS,37.837,ok; sandbox readiness passed
2026-07-23T18:17:54+00:00,baseline_sandbox_readiness,43105609,weixin-mp,,41,43105609:weixin-mp/src/main/java/com/riversoft/weixin/mp/user/users.java,Users,Users_RBL4_95026f6cTest,START,,prepare per-class sandbox and run generation prewarm without invoking GPT/EvoSuite
2026-07-23T18:17:54+00:00,maven_reactor_prewarm,41547678,turin-compiler,,31,41547678:turin-compiler/src/main/java/me/tomassetti/turin/parser/ast/turintypedefinition.java,TurinTypeDefinition,,PASS,48.259,"ectory D:\A_ThucNghiem\scripts_v2\workspaces\20260724_010022_d3f7f7b1__baseline_readiness\031_41547678_09c89a18\compiledrepos\41547678\turin-compiler\src\main\resources
[INFO] 
[INFO] --- compiler:3.0:compile (default-compile) @ turin-compiler ---
[INFO] Changes detected - recompiling the module!
[INFO] Compiling 157 source files to D:\A_ThucNghiem\scripts_v2\workspaces\20260724_010022_d3f7f7b1__baseline_readiness\031_41547678_09c89a18\compiledrepos\41547678\turin-compiler\target\classes
[WARNING] /D:/A_ThucNghiem/scripts_v2/workspaces/20260724_010022_d3f7f7b1__baseline_readiness/031_41547678_09c89a18/compiledrepos/41547678/turin-compiler/src/main/java/me/tomassetti/turin/compiler/Compilation.java: D:\A_ThucNghiem\scripts_v2\workspaces\20260724_010022_d3f7f7b1__baseline_readiness\031_41547678_09c89a18\compiledrepos\41547678\turin-compiler\src\main\java\me\tomassetti\turin\compiler\Compilation.java uses or overrides a deprecated API.
[WARNING] /D:/A_ThucNghiem/scripts_v2/workspaces/20260724_010022_d3f7f7b1__baseline_readiness/031_41547678_09c89a18/compiledrepos/41547678/turin-compiler/src/main/java/me/tomassetti/turin/compiler/Compilation.java: Recompile with -Xlint:deprecation for details.
[WARNING] /D:/A_ThucNghiem/scripts_v2/workspaces/20260724_010022_d3f7f7b1__baseline_readiness/031_41547678_09c89a18/compiledrepos/41547678/turin-compiler/src/main/java/me/tomassetti/turin/util/Either.java: D:\A_ThucNghiem\scripts_v2\workspaces\20260724_010022_d3f7f7b1__baseline_readiness\031_41547678_09c89a18\compiledrepos\41547678\turin-compiler\src\main\java\me\tomassetti\turin\util\Either.java uses unchecked or unsafe operations.
[WARNING] /D:/A_ThucNghiem/scripts_v2/workspaces/20260724_010022_d3f7f7b1__baseline_readiness/031_41547678_09c89a18/compiledrepos/41547678/turin-compiler/src/main/java/me/tomassetti/turin/util/Either.java: Recompile with -Xlint:unchecked for details.
[INFO] 
[INFO] --- resources:3.4.0:testResources (default-testResources) @ turin-compiler ---
[INFO] Copying 89 resources from src\test\resources to target\test-classes
[INFO] 
[INFO] --- compiler:3.0:testCompile (default-testCompile) @ turin-compiler ---
[INFO] Changes detected - recompiling the module!
[INFO] Compiling 50 source files to D:\A_ThucNghiem\scripts_v2\workspaces\20260724_010022_d3f7f7b1__baseline_readiness\031_41547678_09c89a18\compiledrepos\41547678\turin-compiler\target\test-classes
[WARNING] /D:/A_ThucNghiem/scripts_v2/workspaces/20260724_010022_d3f7f7b1__baseline_readiness/031_41547678_09c89a18/compiledrepos/41547678/turin-compiler/src/test/java/me/tomassetti/turin/compiler/AbstractCompilerTest.java: Some input files use unchecked or unsafe operations.
[WARNING] /D:/A_ThucNghiem/scripts_v2/workspaces/20260724_010022_d3f7f7b1__baseline_readiness/031_41547678_09c89a18/compiledrepos/41547678/turin-compiler/src/test/java/me/tomassetti/turin/compiler/AbstractCompilerTest.java: Recompile with -Xlint:unchecked for details.
[INFO] 
[INFO] --- surefire:3.5.4:test (default-test) @ turin-compiler ---
[INFO] Tests are skipped.
[INFO] 
[INFO] --- jacoco:0.7.5.201505241946:report (default-report) @ turin-compiler ---
[INFO] Skipping JaCoCo execution because property jacoco.skip is set.
[INFO] 
[INFO] --- jar:3.5.0:jar (default-jar) @ turin-compiler ---
[INFO] Building jar: D:\A_ThucNghiem\scripts_v2\workspaces\20260724_010022_d3f7f7b1__baseline_readiness\031_41547678_09c89a18\compiledrepos\41547678\turin-compiler\target\turin-compiler-0.0.3-SNAPSHOT.jar
[INFO] 
[INFO] --- install:2.4:install (default-install) @ turin-compiler ---
[INFO] Installing D:\A_ThucNghiem\scripts_v2\workspaces\20260724_010022_d3f7f7b1__baseline_readiness\031_41547678_09c89a18\compiledrepos\41547678\turin-compiler\target\turin-compiler-0.0.3-SNAPSHOT.jar to C:\Users\admin\.m2\repository\me\tomassetti\turin-compiler\0.0.3-SNAPSHOT\turin-compiler-0.0.3-SNAPSHOT.jar
[INFO] Installing D:\A_ThucNghiem\scripts_v2\workspaces\20260724_010022_d3f7f7b1__baseline_readiness\031_41547678_09c89a18\comp"
2026-07-23T18:17:54+00:00,baseline_sandbox_readiness,41547678,turin-compiler,,31,41547678:turin-compiler/src/main/java/me/tomassetti/turin/parser/ast/turintypedefinition.java,TurinTypeDefinition,TurinTypeDefinition_RBL4_09c89a18Test,PASS,115.793,ok; sandbox readiness passed
2026-07-23T18:17:54+00:00,baseline_sandbox_readiness,43105609,weixin-mp,,42,43105609:weixin-mp/src/main/java/com/riversoft/weixin/mp/menu/menus.java,Menus,Menus_RBL4_2abcc2c1Test,START,,prepare per-class sandbox and run generation prewarm without invoking GPT/EvoSuite
2026-07-23T18:17:56+00:00,gradle_sandbox_prewarm,41627638,leetcode/battleships-in-a-board,,39,41627638:leetcode/battleships-in-a-board/src/main/java/com/github/islandperimeter/solution.java,Solution,,PASS,24.257,"normalized Gradle wrapper D:\A_ThucNghiem\scripts_v2\workspaces\20260724_010022_d3f7f7b1__baseline_readiness\039_41627638_562560bf\compiledrepos\41627638\gradlew.bat -> D:\A_ThucNghiem\scripts_v2\workspaces\20260724_010022_d3f7f7b1__baseline_readiness\039_41627638_562560bf\compiledrepos\41627638\leetcode\battleships-in-a-board\gradlew.bat; baseline cwd D:\A_ThucNghiem\scripts_v2\workspaces\20260724_010022_d3f7f7b1__baseline_readiness\039_41627638_562560bf\compiledrepos\41627638 -> D:\A_ThucNghiem\scripts_v2\workspaces\20260724_010022_d3f7f7b1__baseline_readiness\039_41627638_562560bf\compiledrepos\41627638\leetcode\battleships-in-a-board; compile Gradle sandbox before AgoneTest/EvoSuite; synthesized placeholder test hidden during prewarm: Solution_RBL4_562560bfTest.java; classes_dir=D:\A_ThucNghiem\scripts_v2\workspaces\20260724_010022_d3f7f7b1__baseline_readiness\039_41627638_562560bf\compiledrepos\41627638\leetcode\battleships-in-a-board\build\classes\main
:clean UP-TO-DATE
:compileJava
:processResources UP-TO-DATE
:classes
:compileTestJava
:processTestResources
:testClasses

BUILD SUCCESSFUL

Total time: 9.287 secs"
2026-07-23T18:17:56+00:00,baseline_sandbox_readiness,41627638,leetcode/battleships-in-a-board,,39,41627638:leetcode/battleships-in-a-board/src/main/java/com/github/islandperimeter/solution.java,Solution,Solution_RBL4_562560bfTest,PASS,26.414,ok; sandbox readiness passed
2026-07-23T18:17:56+00:00,baseline_sandbox_readiness,43105609,weixin-mp,,43,43105609:weixin-mp/src/main/java/com/riversoft/weixin/mp/user/tags.java,Tags,Tags_RBL4_07837a1cTest,START,,prepare per-class sandbox and run generation prewarm without invoking GPT/EvoSuite
2026-07-23T18:18:07+00:00,maven_reactor_prewarm,43105609,weixin-mp,,41,43105609:weixin-mp/src/main/java/com/riversoft/weixin/mp/user/users.java,Users,,START,,prewarm reactor dependencies for -pl weixin-mp; synthesized placeholder test hidden during prewarm: Users_RBL4_95026f6cTest.java
2026-07-23T18:18:16+00:00,maven_reactor_prewarm,43105609,weixin-mp,,41,43105609:weixin-mp/src/main/java/com/riversoft/weixin/mp/user/users.java,Users,,PASS,9.193,"3105609\weixin-common\target\weixin-common-0.9.9-SNAPSHOT-sources.jar to C:\Users\admin\.m2\repository\cn\com\riversoft\weixin-common\0.9.9-SNAPSHOT\weixin-common-0.9.9-SNAPSHOT-sources.jar
[INFO] 
[INFO] ---------------------< cn.com.riversoft:weixin-mp >---------------------
[INFO] Building weixin sdk mp 0.9.9-SNAPSHOT                              [4/4]
[INFO]   from weixin-mp\pom.xml
[INFO] --------------------------------[ jar ]---------------------------------
[INFO] 
[INFO] --- resources:3.4.0:resources (default-resources) @ weixin-mp ---
[INFO] Copying 1 resource from src\main\resources to target\classes
[INFO] 
[INFO] --- compiler:3.0:compile (default-compile) @ weixin-mp ---
[INFO] Changes detected - recompiling the module!
[INFO] Compiling 78 source files to D:\A_ThucNghiem\scripts_v2\workspaces\20260724_010022_d3f7f7b1__baseline_readiness\041_43105609_95026f6c\compiledrepos\43105609\weixin-mp\target\classes
[WARNING] bootstrap class path not set in conjunction with -source 1.7
[WARNING] /D:/A_ThucNghiem/scripts_v2/workspaces/20260724_010022_d3f7f7b1__baseline_readiness/041_43105609_95026f6c/compiledrepos/43105609/weixin-mp/src/main/java/com/riversoft/weixin/mp/card/Cards.java: D:\A_ThucNghiem\scripts_v2\workspaces\20260724_010022_d3f7f7b1__baseline_readiness\041_43105609_95026f6c\compiledrepos\43105609\weixin-mp\src\main\java\com\riversoft\weixin\mp\card\Cards.java uses unchecked or unsafe operations.
[WARNING] /D:/A_ThucNghiem/scripts_v2/workspaces/20260724_010022_d3f7f7b1__baseline_readiness/041_43105609_95026f6c/compiledrepos/43105609/weixin-mp/src/main/java/com/riversoft/weixin/mp/card/Cards.java: Recompile with -Xlint:unchecked for details.
[INFO] 
[INFO] --- resources:3.4.0:testResources (default-testResources) @ weixin-mp ---
[INFO] Copying 24 resources from src\test\resources to target\test-classes
[INFO] 
[INFO] --- compiler:3.0:testCompile (default-testCompile) @ weixin-mp ---
[INFO] Changes detected - recompiling the module!
[INFO] Compiling 22 source files to D:\A_ThucNghiem\scripts_v2\workspaces\20260724_010022_d3f7f7b1__baseline_readiness\041_43105609_95026f6c\compiledrepos\43105609\weixin-mp\target\test-classes
[WARNING] bootstrap class path not set in conjunction with -source 1.7
[INFO] 
[INFO] --- surefire:2.19:test (default-test) @ weixin-mp ---
[INFO] Tests are skipped.
[INFO] 
[INFO] --- jar:3.5.0:jar (default-jar) @ weixin-mp ---
[INFO] Building jar: D:\A_ThucNghiem\scripts_v2\workspaces\20260724_010022_d3f7f7b1__baseline_readiness\041_43105609_95026f6c\compiledrepos\43105609\weixin-mp\target\weixin-mp-0.9.9-SNAPSHOT.jar
[INFO] 
[INFO] >>> source:2.4:jar (attach-sources) > generate-sources @ weixin-mp >>>
[INFO] 
[INFO] <<< source:2.4:jar (attach-sources) < generate-sources @ weixin-mp <<<
[INFO] 
[INFO] 
[INFO] --- source:2.4:jar (attach-sources) @ weixin-mp ---
[INFO] Building jar: D:\A_ThucNghiem\scripts_v2\workspaces\20260724_010022_d3f7f7b1__baseline_readiness\041_43105609_95026f6c\compiledrepos\43105609\weixin-mp\target\weixin-mp-0.9.9-SNAPSHOT-sources.jar
[INFO] 
[INFO] --- source:2.4:jar-no-fork (attach-sources) @ weixin-mp ---
[WARNING] artifact cn.com.riversoft:weixin-mp:java-source:sources:0.9.9-SNAPSHOT already attached, replace previous instance
[INFO] 
[INFO] --- install:3.1.4:install (default-install) @ weixin-mp ---
[INFO] Installing D:\A_ThucNghiem\scripts_v2\workspaces\20260724_010022_d3f7f7b1__baseline_readiness\041_43105609_95026f6c\compiledrepos\43105609\weixin-mp\pom.xml to C:\Users\admin\.m2\repository\cn\com\riversoft\weixin-mp\0.9.9-SNAPSHOT\weixin-mp-0.9.9-SNAPSHOT.pom
[INFO] Installing D:\A_ThucNghiem\scripts_v2\workspaces\20260724_010022_d3f7f7b1__baseline_readiness\041_43105609_95026f6c\compiledrepos\43105609\weixin-mp\target\weixin-mp-0.9.9-SNAPSHOT.jar to C:\Users\admin\.m2\repository\cn\com\riversoft\weixin-mp\0.9.9-SNAPSHOT\weixin-mp-0.9.9-SNAPSHOT.jar
[INFO] Installing D:\A_ThucNghiem\scripts_v2\workspaces\20260724_010022_d3f7f7b1__baseline_readiness\041_4310560"
2026-07-23T18:18:16+00:00,baseline_sandbox_readiness,43105609,weixin-mp,,41,43105609:weixin-mp/src/main/java/com/riversoft/weixin/mp/user/users.java,Users,Users_RBL4_95026f6cTest,PASS,22.321,ok; sandbox readiness passed
2026-07-23T18:18:16+00:00,maven_reactor_prewarm_wait,43105609,weixin-mp,,42,43105609:weixin-mp/src/main/java/com/riversoft/weixin/mp/menu/menus.java,Menus,,PASS,9.194,waited 9.194s for same repo/scope prewarm lock: maven:weixin-mp
2026-07-23T18:18:16+00:00,baseline_sandbox_readiness,43105609,weixin-mp,,44,43105609:weixin-mp/src/main/java/com/riversoft/weixin/mp/card/cards.java,Cards,Cards_RBL4_1f16a0efTest,START,,prepare per-class sandbox and run generation prewarm without invoking GPT/EvoSuite
2026-07-23T18:18:16+00:00,maven_reactor_prewarm,43105609,weixin-mp,,42,43105609:weixin-mp/src/main/java/com/riversoft/weixin/mp/menu/menus.java,Menus,,START,,prewarm reactor dependencies for -pl weixin-mp; synthesized placeholder test hidden during prewarm: Menus_RBL4_2abcc2c1Test.java
2026-07-23T18:18:24+00:00,maven_reactor_prewarm,43105609,weixin-mp,,42,43105609:weixin-mp/src/main/java/com/riversoft/weixin/mp/menu/menus.java,Menus,,PASS,7.877,"3105609\weixin-common\target\weixin-common-0.9.9-SNAPSHOT-sources.jar to C:\Users\admin\.m2\repository\cn\com\riversoft\weixin-common\0.9.9-SNAPSHOT\weixin-common-0.9.9-SNAPSHOT-sources.jar
[INFO] 
[INFO] ---------------------< cn.com.riversoft:weixin-mp >---------------------
[INFO] Building weixin sdk mp 0.9.9-SNAPSHOT                              [4/4]
[INFO]   from weixin-mp\pom.xml
[INFO] --------------------------------[ jar ]---------------------------------
[INFO] 
[INFO] --- resources:3.4.0:resources (default-resources) @ weixin-mp ---
[INFO] Copying 1 resource from src\main\resources to target\classes
[INFO] 
[INFO] --- compiler:3.0:compile (default-compile) @ weixin-mp ---
[INFO] Changes detected - recompiling the module!
[INFO] Compiling 78 source files to D:\A_ThucNghiem\scripts_v2\workspaces\20260724_010022_d3f7f7b1__baseline_readiness\042_43105609_2abcc2c1\compiledrepos\43105609\weixin-mp\target\classes
[WARNING] bootstrap class path not set in conjunction with -source 1.7
[WARNING] /D:/A_ThucNghiem/scripts_v2/workspaces/20260724_010022_d3f7f7b1__baseline_readiness/042_43105609_2abcc2c1/compiledrepos/43105609/weixin-mp/src/main/java/com/riversoft/weixin/mp/card/Cards.java: D:\A_ThucNghiem\scripts_v2\workspaces\20260724_010022_d3f7f7b1__baseline_readiness\042_43105609_2abcc2c1\compiledrepos\43105609\weixin-mp\src\main\java\com\riversoft\weixin\mp\card\Cards.java uses unchecked or unsafe operations.
[WARNING] /D:/A_ThucNghiem/scripts_v2/workspaces/20260724_010022_d3f7f7b1__baseline_readiness/042_43105609_2abcc2c1/compiledrepos/43105609/weixin-mp/src/main/java/com/riversoft/weixin/mp/card/Cards.java: Recompile with -Xlint:unchecked for details.
[INFO] 
[INFO] --- resources:3.4.0:testResources (default-testResources) @ weixin-mp ---
[INFO] Copying 24 resources from src\test\resources to target\test-classes
[INFO] 
[INFO] --- compiler:3.0:testCompile (default-testCompile) @ weixin-mp ---
[INFO] Changes detected - recompiling the module!
[INFO] Compiling 22 source files to D:\A_ThucNghiem\scripts_v2\workspaces\20260724_010022_d3f7f7b1__baseline_readiness\042_43105609_2abcc2c1\compiledrepos\43105609\weixin-mp\target\test-classes
[WARNING] bootstrap class path not set in conjunction with -source 1.7
[INFO] 
[INFO] --- surefire:2.19:test (default-test) @ weixin-mp ---
[INFO] Tests are skipped.
[INFO] 
[INFO] --- jar:3.5.0:jar (default-jar) @ weixin-mp ---
[INFO] Building jar: D:\A_ThucNghiem\scripts_v2\workspaces\20260724_010022_d3f7f7b1__baseline_readiness\042_43105609_2abcc2c1\compiledrepos\43105609\weixin-mp\target\weixin-mp-0.9.9-SNAPSHOT.jar
[INFO] 
[INFO] >>> source:2.4:jar (attach-sources) > generate-sources @ weixin-mp >>>
[INFO] 
[INFO] <<< source:2.4:jar (attach-sources) < generate-sources @ weixin-mp <<<
[INFO] 
[INFO] 
[INFO] --- source:2.4:jar (attach-sources) @ weixin-mp ---
[INFO] Building jar: D:\A_ThucNghiem\scripts_v2\workspaces\20260724_010022_d3f7f7b1__baseline_readiness\042_43105609_2abcc2c1\compiledrepos\43105609\weixin-mp\target\weixin-mp-0.9.9-SNAPSHOT-sources.jar
[INFO] 
[INFO] --- source:2.4:jar-no-fork (attach-sources) @ weixin-mp ---
[WARNING] artifact cn.com.riversoft:weixin-mp:java-source:sources:0.9.9-SNAPSHOT already attached, replace previous instance
[INFO] 
[INFO] --- install:3.1.4:install (default-install) @ weixin-mp ---
[INFO] Installing D:\A_ThucNghiem\scripts_v2\workspaces\20260724_010022_d3f7f7b1__baseline_readiness\042_43105609_2abcc2c1\compiledrepos\43105609\weixin-mp\pom.xml to C:\Users\admin\.m2\repository\cn\com\riversoft\weixin-mp\0.9.9-SNAPSHOT\weixin-mp-0.9.9-SNAPSHOT.pom
[INFO] Installing D:\A_ThucNghiem\scripts_v2\workspaces\20260724_010022_d3f7f7b1__baseline_readiness\042_43105609_2abcc2c1\compiledrepos\43105609\weixin-mp\target\weixin-mp-0.9.9-SNAPSHOT.jar to C:\Users\admin\.m2\repository\cn\com\riversoft\weixin-mp\0.9.9-SNAPSHOT\weixin-mp-0.9.9-SNAPSHOT.jar
[INFO] Installing D:\A_ThucNghiem\scripts_v2\workspaces\20260724_010022_d3f7f7b1__baseline_readiness\042_4310560"
2026-07-23T18:18:24+00:00,maven_reactor_prewarm_wait,43105609,weixin-mp,,43,43105609:weixin-mp/src/main/java/com/riversoft/weixin/mp/user/tags.java,Tags,,PASS,17.076,waited 17.076s for same repo/scope prewarm lock: maven:weixin-mp
2026-07-23T18:18:24+00:00,baseline_sandbox_readiness,43105609,weixin-mp,,42,43105609:weixin-mp/src/main/java/com/riversoft/weixin/mp/menu/menus.java,Menus,Menus_RBL4_2abcc2c1Test,PASS,30.016,ok; sandbox readiness passed
2026-07-23T18:18:24+00:00,baseline_sandbox_readiness,43105609,weixin-mp,,45,43105609:weixin-mp/src/main/java/com/riversoft/weixin/mp/message/mpmessages.java,MpMessages,MpMessages_RBL4_bb977cfcTest,START,,prepare per-class sandbox and run generation prewarm without invoking GPT/EvoSuite
2026-07-23T18:18:24+00:00,maven_reactor_prewarm,43105609,weixin-mp,,43,43105609:weixin-mp/src/main/java/com/riversoft/weixin/mp/user/tags.java,Tags,,START,,prewarm reactor dependencies for -pl weixin-mp; synthesized placeholder test hidden during prewarm: Tags_RBL4_07837a1cTest.java
2026-07-23T18:18:32+00:00,maven_reactor_prewarm,43105609,weixin-mp,,43,43105609:weixin-mp/src/main/java/com/riversoft/weixin/mp/user/tags.java,Tags,,PASS,8.234,"3105609\weixin-common\target\weixin-common-0.9.9-SNAPSHOT-sources.jar to C:\Users\admin\.m2\repository\cn\com\riversoft\weixin-common\0.9.9-SNAPSHOT\weixin-common-0.9.9-SNAPSHOT-sources.jar
[INFO] 
[INFO] ---------------------< cn.com.riversoft:weixin-mp >---------------------
[INFO] Building weixin sdk mp 0.9.9-SNAPSHOT                              [4/4]
[INFO]   from weixin-mp\pom.xml
[INFO] --------------------------------[ jar ]---------------------------------
[INFO] 
[INFO] --- resources:3.4.0:resources (default-resources) @ weixin-mp ---
[INFO] Copying 1 resource from src\main\resources to target\classes
[INFO] 
[INFO] --- compiler:3.0:compile (default-compile) @ weixin-mp ---
[INFO] Changes detected - recompiling the module!
[INFO] Compiling 78 source files to D:\A_ThucNghiem\scripts_v2\workspaces\20260724_010022_d3f7f7b1__baseline_readiness\043_43105609_07837a1c\compiledrepos\43105609\weixin-mp\target\classes
[WARNING] bootstrap class path not set in conjunction with -source 1.7
[WARNING] /D:/A_ThucNghiem/scripts_v2/workspaces/20260724_010022_d3f7f7b1__baseline_readiness/043_43105609_07837a1c/compiledrepos/43105609/weixin-mp/src/main/java/com/riversoft/weixin/mp/card/Cards.java: D:\A_ThucNghiem\scripts_v2\workspaces\20260724_010022_d3f7f7b1__baseline_readiness\043_43105609_07837a1c\compiledrepos\43105609\weixin-mp\src\main\java\com\riversoft\weixin\mp\card\Cards.java uses unchecked or unsafe operations.
[WARNING] /D:/A_ThucNghiem/scripts_v2/workspaces/20260724_010022_d3f7f7b1__baseline_readiness/043_43105609_07837a1c/compiledrepos/43105609/weixin-mp/src/main/java/com/riversoft/weixin/mp/card/Cards.java: Recompile with -Xlint:unchecked for details.
[INFO] 
[INFO] --- resources:3.4.0:testResources (default-testResources) @ weixin-mp ---
[INFO] Copying 24 resources from src\test\resources to target\test-classes
[INFO] 
[INFO] --- compiler:3.0:testCompile (default-testCompile) @ weixin-mp ---
[INFO] Changes detected - recompiling the module!
[INFO] Compiling 22 source files to D:\A_ThucNghiem\scripts_v2\workspaces\20260724_010022_d3f7f7b1__baseline_readiness\043_43105609_07837a1c\compiledrepos\43105609\weixin-mp\target\test-classes
[WARNING] bootstrap class path not set in conjunction with -source 1.7
[INFO] 
[INFO] --- surefire:2.19:test (default-test) @ weixin-mp ---
[INFO] Tests are skipped.
[INFO] 
[INFO] --- jar:3.5.0:jar (default-jar) @ weixin-mp ---
[INFO] Building jar: D:\A_ThucNghiem\scripts_v2\workspaces\20260724_010022_d3f7f7b1__baseline_readiness\043_43105609_07837a1c\compiledrepos\43105609\weixin-mp\target\weixin-mp-0.9.9-SNAPSHOT.jar
[INFO] 
[INFO] >>> source:2.4:jar (attach-sources) > generate-sources @ weixin-mp >>>
[INFO] 
[INFO] <<< source:2.4:jar (attach-sources) < generate-sources @ weixin-mp <<<
[INFO] 
[INFO] 
[INFO] --- source:2.4:jar (attach-sources) @ weixin-mp ---
[INFO] Building jar: D:\A_ThucNghiem\scripts_v2\workspaces\20260724_010022_d3f7f7b1__baseline_readiness\043_43105609_07837a1c\compiledrepos\43105609\weixin-mp\target\weixin-mp-0.9.9-SNAPSHOT-sources.jar
[INFO] 
[INFO] --- source:2.4:jar-no-fork (attach-sources) @ weixin-mp ---
[WARNING] artifact cn.com.riversoft:weixin-mp:java-source:sources:0.9.9-SNAPSHOT already attached, replace previous instance
[INFO] 
[INFO] --- install:3.1.4:install (default-install) @ weixin-mp ---
[INFO] Installing D:\A_ThucNghiem\scripts_v2\workspaces\20260724_010022_d3f7f7b1__baseline_readiness\043_43105609_07837a1c\compiledrepos\43105609\weixin-mp\pom.xml to C:\Users\admin\.m2\repository\cn\com\riversoft\weixin-mp\0.9.9-SNAPSHOT\weixin-mp-0.9.9-SNAPSHOT.pom
[INFO] Installing D:\A_ThucNghiem\scripts_v2\workspaces\20260724_010022_d3f7f7b1__baseline_readiness\043_43105609_07837a1c\compiledrepos\43105609\weixin-mp\target\weixin-mp-0.9.9-SNAPSHOT.jar to C:\Users\admin\.m2\repository\cn\com\riversoft\weixin-mp\0.9.9-SNAPSHOT\weixin-mp-0.9.9-SNAPSHOT.jar
[INFO] Installing D:\A_ThucNghiem\scripts_v2\workspaces\20260724_010022_d3f7f7b1__baseline_readiness\043_4310560"
2026-07-23T18:18:32+00:00,baseline_sandbox_readiness,43105609,weixin-mp,,43,43105609:weixin-mp/src/main/java/com/riversoft/weixin/mp/user/tags.java,Tags,Tags_RBL4_07837a1cTest,PASS,36.306,ok; sandbox readiness passed
2026-07-23T18:18:32+00:00,maven_reactor_prewarm_wait,43105609,weixin-mp,,40,43105609:weixin-mp/src/main/java/com/riversoft/weixin/mp/user/blacklists.java,BlackLists,,PASS,25.375,waited 25.375s for same repo/scope prewarm lock: maven:weixin-mp
2026-07-23T18:18:32+00:00,baseline_sandbox_readiness,43105609,weixin-mp,,46,43105609:weixin-mp/src/main/java/com/riversoft/weixin/mp/jsapi/jsapis.java,JsAPIs,JsAPIs_RBL4_b72d8019Test,START,,prepare per-class sandbox and run generation prewarm without invoking GPT/EvoSuite
2026-07-23T18:18:32+00:00,maven_reactor_prewarm,43105609,weixin-mp,,40,43105609:weixin-mp/src/main/java/com/riversoft/weixin/mp/user/blacklists.java,BlackLists,,START,,prewarm reactor dependencies for -pl weixin-mp; synthesized placeholder test hidden during prewarm: BlackLists_RBL4_840860a6Test.java
2026-07-23T18:18:40+00:00,maven_reactor_prewarm,43105609,weixin-mp,,40,43105609:weixin-mp/src/main/java/com/riversoft/weixin/mp/user/blacklists.java,BlackLists,,PASS,8.186,"3105609\weixin-common\target\weixin-common-0.9.9-SNAPSHOT-sources.jar to C:\Users\admin\.m2\repository\cn\com\riversoft\weixin-common\0.9.9-SNAPSHOT\weixin-common-0.9.9-SNAPSHOT-sources.jar
[INFO] 
[INFO] ---------------------< cn.com.riversoft:weixin-mp >---------------------
[INFO] Building weixin sdk mp 0.9.9-SNAPSHOT                              [4/4]
[INFO]   from weixin-mp\pom.xml
[INFO] --------------------------------[ jar ]---------------------------------
[INFO] 
[INFO] --- resources:3.4.0:resources (default-resources) @ weixin-mp ---
[INFO] Copying 1 resource from src\main\resources to target\classes
[INFO] 
[INFO] --- compiler:3.0:compile (default-compile) @ weixin-mp ---
[INFO] Changes detected - recompiling the module!
[INFO] Compiling 78 source files to D:\A_ThucNghiem\scripts_v2\workspaces\20260724_010022_d3f7f7b1__baseline_readiness\040_43105609_840860a6\compiledrepos\43105609\weixin-mp\target\classes
[WARNING] bootstrap class path not set in conjunction with -source 1.7
[WARNING] /D:/A_ThucNghiem/scripts_v2/workspaces/20260724_010022_d3f7f7b1__baseline_readiness/040_43105609_840860a6/compiledrepos/43105609/weixin-mp/src/main/java/com/riversoft/weixin/mp/card/Cards.java: D:\A_ThucNghiem\scripts_v2\workspaces\20260724_010022_d3f7f7b1__baseline_readiness\040_43105609_840860a6\compiledrepos\43105609\weixin-mp\src\main\java\com\riversoft\weixin\mp\card\Cards.java uses unchecked or unsafe operations.
[WARNING] /D:/A_ThucNghiem/scripts_v2/workspaces/20260724_010022_d3f7f7b1__baseline_readiness/040_43105609_840860a6/compiledrepos/43105609/weixin-mp/src/main/java/com/riversoft/weixin/mp/card/Cards.java: Recompile with -Xlint:unchecked for details.
[INFO] 
[INFO] --- resources:3.4.0:testResources (default-testResources) @ weixin-mp ---
[INFO] Copying 24 resources from src\test\resources to target\test-classes
[INFO] 
[INFO] --- compiler:3.0:testCompile (default-testCompile) @ weixin-mp ---
[INFO] Changes detected - recompiling the module!
[INFO] Compiling 22 source files to D:\A_ThucNghiem\scripts_v2\workspaces\20260724_010022_d3f7f7b1__baseline_readiness\040_43105609_840860a6\compiledrepos\43105609\weixin-mp\target\test-classes
[WARNING] bootstrap class path not set in conjunction with -source 1.7
[INFO] 
[INFO] --- surefire:2.19:test (default-test) @ weixin-mp ---
[INFO] Tests are skipped.
[INFO] 
[INFO] --- jar:3.5.0:jar (default-jar) @ weixin-mp ---
[INFO] Building jar: D:\A_ThucNghiem\scripts_v2\workspaces\20260724_010022_d3f7f7b1__baseline_readiness\040_43105609_840860a6\compiledrepos\43105609\weixin-mp\target\weixin-mp-0.9.9-SNAPSHOT.jar
[INFO] 
[INFO] >>> source:2.4:jar (attach-sources) > generate-sources @ weixin-mp >>>
[INFO] 
[INFO] <<< source:2.4:jar (attach-sources) < generate-sources @ weixin-mp <<<
[INFO] 
[INFO] 
[INFO] --- source:2.4:jar (attach-sources) @ weixin-mp ---
[INFO] Building jar: D:\A_ThucNghiem\scripts_v2\workspaces\20260724_010022_d3f7f7b1__baseline_readiness\040_43105609_840860a6\compiledrepos\43105609\weixin-mp\target\weixin-mp-0.9.9-SNAPSHOT-sources.jar
[INFO] 
[INFO] --- source:2.4:jar-no-fork (attach-sources) @ weixin-mp ---
[WARNING] artifact cn.com.riversoft:weixin-mp:java-source:sources:0.9.9-SNAPSHOT already attached, replace previous instance
[INFO] 
[INFO] --- install:3.1.4:install (default-install) @ weixin-mp ---
[INFO] Installing D:\A_ThucNghiem\scripts_v2\workspaces\20260724_010022_d3f7f7b1__baseline_readiness\040_43105609_840860a6\compiledrepos\43105609\weixin-mp\pom.xml to C:\Users\admin\.m2\repository\cn\com\riversoft\weixin-mp\0.9.9-SNAPSHOT\weixin-mp-0.9.9-SNAPSHOT.pom
[INFO] Installing D:\A_ThucNghiem\scripts_v2\workspaces\20260724_010022_d3f7f7b1__baseline_readiness\040_43105609_840860a6\compiledrepos\43105609\weixin-mp\target\weixin-mp-0.9.9-SNAPSHOT.jar to C:\Users\admin\.m2\repository\cn\com\riversoft\weixin-mp\0.9.9-SNAPSHOT\weixin-mp-0.9.9-SNAPSHOT.jar
[INFO] Installing D:\A_ThucNghiem\scripts_v2\workspaces\20260724_010022_d3f7f7b1__baseline_readiness\040_4310560"
2026-07-23T18:18:40+00:00,maven_reactor_prewarm_wait,43105609,weixin-mp,,44,43105609:weixin-mp/src/main/java/com/riversoft/weixin/mp/card/cards.java,Cards,,PASS,24.059,waited 24.059s for same repo/scope prewarm lock: maven:weixin-mp
2026-07-23T18:18:40+00:00,baseline_sandbox_readiness,43105609,weixin-mp,,40,43105609:weixin-mp/src/main/java/com/riversoft/weixin/mp/user/blacklists.java,BlackLists,BlackLists_RBL4_840860a6Test,PASS,50.166,ok; sandbox readiness passed
2026-07-23T18:18:40+00:00,maven_reactor_prewarm,43105609,weixin-mp,,44,43105609:weixin-mp/src/main/java/com/riversoft/weixin/mp/card/cards.java,Cards,,START,,prewarm reactor dependencies for -pl weixin-mp; synthesized placeholder test hidden during prewarm: Cards_RBL4_1f16a0efTest.java
2026-07-23T18:18:40+00:00,baseline_sandbox_readiness,43105609,weixin-mp,,47,43105609:weixin-mp/src/main/java/com/riversoft/weixin/mp/message/mpxmlmessages.java,MpXmlMessages,MpXmlMessages_RBL4_368a2ac2Test,START,,prepare per-class sandbox and run generation prewarm without invoking GPT/EvoSuite
2026-07-23T18:18:49+00:00,maven_reactor_prewarm,43105609,weixin-mp,,44,43105609:weixin-mp/src/main/java/com/riversoft/weixin/mp/card/cards.java,Cards,,PASS,8.531,"3105609\weixin-common\target\weixin-common-0.9.9-SNAPSHOT-sources.jar to C:\Users\admin\.m2\repository\cn\com\riversoft\weixin-common\0.9.9-SNAPSHOT\weixin-common-0.9.9-SNAPSHOT-sources.jar
[INFO] 
[INFO] ---------------------< cn.com.riversoft:weixin-mp >---------------------
[INFO] Building weixin sdk mp 0.9.9-SNAPSHOT                              [4/4]
[INFO]   from weixin-mp\pom.xml
[INFO] --------------------------------[ jar ]---------------------------------
[INFO] 
[INFO] --- resources:3.4.0:resources (default-resources) @ weixin-mp ---
[INFO] Copying 1 resource from src\main\resources to target\classes
[INFO] 
[INFO] --- compiler:3.0:compile (default-compile) @ weixin-mp ---
[INFO] Changes detected - recompiling the module!
[INFO] Compiling 78 source files to D:\A_ThucNghiem\scripts_v2\workspaces\20260724_010022_d3f7f7b1__baseline_readiness\044_43105609_1f16a0ef\compiledrepos\43105609\weixin-mp\target\classes
[WARNING] bootstrap class path not set in conjunction with -source 1.7
[WARNING] /D:/A_ThucNghiem/scripts_v2/workspaces/20260724_010022_d3f7f7b1__baseline_readiness/044_43105609_1f16a0ef/compiledrepos/43105609/weixin-mp/src/main/java/com/riversoft/weixin/mp/card/Cards.java: D:\A_ThucNghiem\scripts_v2\workspaces\20260724_010022_d3f7f7b1__baseline_readiness\044_43105609_1f16a0ef\compiledrepos\43105609\weixin-mp\src\main\java\com\riversoft\weixin\mp\card\Cards.java uses unchecked or unsafe operations.
[WARNING] /D:/A_ThucNghiem/scripts_v2/workspaces/20260724_010022_d3f7f7b1__baseline_readiness/044_43105609_1f16a0ef/compiledrepos/43105609/weixin-mp/src/main/java/com/riversoft/weixin/mp/card/Cards.java: Recompile with -Xlint:unchecked for details.
[INFO] 
[INFO] --- resources:3.4.0:testResources (default-testResources) @ weixin-mp ---
[INFO] Copying 24 resources from src\test\resources to target\test-classes
[INFO] 
[INFO] --- compiler:3.0:testCompile (default-testCompile) @ weixin-mp ---
[INFO] Changes detected - recompiling the module!
[INFO] Compiling 22 source files to D:\A_ThucNghiem\scripts_v2\workspaces\20260724_010022_d3f7f7b1__baseline_readiness\044_43105609_1f16a0ef\compiledrepos\43105609\weixin-mp\target\test-classes
[WARNING] bootstrap class path not set in conjunction with -source 1.7
[INFO] 
[INFO] --- surefire:2.19:test (default-test) @ weixin-mp ---
[INFO] Tests are skipped.
[INFO] 
[INFO] --- jar:3.5.0:jar (default-jar) @ weixin-mp ---
[INFO] Building jar: D:\A_ThucNghiem\scripts_v2\workspaces\20260724_010022_d3f7f7b1__baseline_readiness\044_43105609_1f16a0ef\compiledrepos\43105609\weixin-mp\target\weixin-mp-0.9.9-SNAPSHOT.jar
[INFO] 
[INFO] >>> source:2.4:jar (attach-sources) > generate-sources @ weixin-mp >>>
[INFO] 
[INFO] <<< source:2.4:jar (attach-sources) < generate-sources @ weixin-mp <<<
[INFO] 
[INFO] 
[INFO] --- source:2.4:jar (attach-sources) @ weixin-mp ---
[INFO] Building jar: D:\A_ThucNghiem\scripts_v2\workspaces\20260724_010022_d3f7f7b1__baseline_readiness\044_43105609_1f16a0ef\compiledrepos\43105609\weixin-mp\target\weixin-mp-0.9.9-SNAPSHOT-sources.jar
[INFO] 
[INFO] --- source:2.4:jar-no-fork (attach-sources) @ weixin-mp ---
[WARNING] artifact cn.com.riversoft:weixin-mp:java-source:sources:0.9.9-SNAPSHOT already attached, replace previous instance
[INFO] 
[INFO] --- install:3.1.4:install (default-install) @ weixin-mp ---
[INFO] Installing D:\A_ThucNghiem\scripts_v2\workspaces\20260724_010022_d3f7f7b1__baseline_readiness\044_43105609_1f16a0ef\compiledrepos\43105609\weixin-mp\pom.xml to C:\Users\admin\.m2\repository\cn\com\riversoft\weixin-mp\0.9.9-SNAPSHOT\weixin-mp-0.9.9-SNAPSHOT.pom
[INFO] Installing D:\A_ThucNghiem\scripts_v2\workspaces\20260724_010022_d3f7f7b1__baseline_readiness\044_43105609_1f16a0ef\compiledrepos\43105609\weixin-mp\target\weixin-mp-0.9.9-SNAPSHOT.jar to C:\Users\admin\.m2\repository\cn\com\riversoft\weixin-mp\0.9.9-SNAPSHOT\weixin-mp-0.9.9-SNAPSHOT.jar
[INFO] Installing D:\A_ThucNghiem\scripts_v2\workspaces\20260724_010022_d3f7f7b1__baseline_readiness\044_4310560"
2026-07-23T18:18:49+00:00,baseline_sandbox_readiness,43105609,weixin-mp,,44,43105609:weixin-mp/src/main/java/com/riversoft/weixin/mp/card/cards.java,Cards,Cards_RBL4_1f16a0efTest,PASS,32.913,ok; sandbox readiness passed
2026-07-23T18:18:49+00:00,maven_reactor_prewarm_wait,43105609,weixin-mp,,45,43105609:weixin-mp/src/main/java/com/riversoft/weixin/mp/message/mpmessages.java,MpMessages,,PASS,24.538,waited 24.538s for same repo/scope prewarm lock: maven:weixin-mp
2026-07-23T18:18:49+00:00,baseline_sandbox_readiness,44308560,src/RobotFrameworkCore/org.robotframework.ide.core-functions,,48,44308560:src/robotframeworkcore/org.robotframework.ide.core-functions/src/main/java/org/rf/ide/core/execution/server/response/terminateexecution.java,TerminateExecution,TerminateExecution_RBL4_2bc9cc41Test,START,,prepare per-class sandbox and run generation prewarm without invoking GPT/EvoSuite
2026-07-23T18:18:49+00:00,maven_reactor_prewarm,43105609,weixin-mp,,45,43105609:weixin-mp/src/main/java/com/riversoft/weixin/mp/message/mpmessages.java,MpMessages,,START,,prewarm reactor dependencies for -pl weixin-mp; synthesized placeholder test hidden during prewarm: MpMessages_RBL4_bb977cfcTest.java
2026-07-23T18:18:57+00:00,maven_reactor_prewarm,43105609,weixin-mp,,45,43105609:weixin-mp/src/main/java/com/riversoft/weixin/mp/message/mpmessages.java,MpMessages,,PASS,8.433,"3105609\weixin-common\target\weixin-common-0.9.9-SNAPSHOT-sources.jar to C:\Users\admin\.m2\repository\cn\com\riversoft\weixin-common\0.9.9-SNAPSHOT\weixin-common-0.9.9-SNAPSHOT-sources.jar
[INFO] 
[INFO] ---------------------< cn.com.riversoft:weixin-mp >---------------------
[INFO] Building weixin sdk mp 0.9.9-SNAPSHOT                              [4/4]
[INFO]   from weixin-mp\pom.xml
[INFO] --------------------------------[ jar ]---------------------------------
[INFO] 
[INFO] --- resources:3.4.0:resources (default-resources) @ weixin-mp ---
[INFO] Copying 1 resource from src\main\resources to target\classes
[INFO] 
[INFO] --- compiler:3.0:compile (default-compile) @ weixin-mp ---
[INFO] Changes detected - recompiling the module!
[INFO] Compiling 78 source files to D:\A_ThucNghiem\scripts_v2\workspaces\20260724_010022_d3f7f7b1__baseline_readiness\045_43105609_bb977cfc\compiledrepos\43105609\weixin-mp\target\classes
[WARNING] bootstrap class path not set in conjunction with -source 1.7
[WARNING] /D:/A_ThucNghiem/scripts_v2/workspaces/20260724_010022_d3f7f7b1__baseline_readiness/045_43105609_bb977cfc/compiledrepos/43105609/weixin-mp/src/main/java/com/riversoft/weixin/mp/card/Cards.java: D:\A_ThucNghiem\scripts_v2\workspaces\20260724_010022_d3f7f7b1__baseline_readiness\045_43105609_bb977cfc\compiledrepos\43105609\weixin-mp\src\main\java\com\riversoft\weixin\mp\card\Cards.java uses unchecked or unsafe operations.
[WARNING] /D:/A_ThucNghiem/scripts_v2/workspaces/20260724_010022_d3f7f7b1__baseline_readiness/045_43105609_bb977cfc/compiledrepos/43105609/weixin-mp/src/main/java/com/riversoft/weixin/mp/card/Cards.java: Recompile with -Xlint:unchecked for details.
[INFO] 
[INFO] --- resources:3.4.0:testResources (default-testResources) @ weixin-mp ---
[INFO] Copying 24 resources from src\test\resources to target\test-classes
[INFO] 
[INFO] --- compiler:3.0:testCompile (default-testCompile) @ weixin-mp ---
[INFO] Changes detected - recompiling the module!
[INFO] Compiling 22 source files to D:\A_ThucNghiem\scripts_v2\workspaces\20260724_010022_d3f7f7b1__baseline_readiness\045_43105609_bb977cfc\compiledrepos\43105609\weixin-mp\target\test-classes
[WARNING] bootstrap class path not set in conjunction with -source 1.7
[INFO] 
[INFO] --- surefire:2.19:test (default-test) @ weixin-mp ---
[INFO] Tests are skipped.
[INFO] 
[INFO] --- jar:3.5.0:jar (default-jar) @ weixin-mp ---
[INFO] Building jar: D:\A_ThucNghiem\scripts_v2\workspaces\20260724_010022_d3f7f7b1__baseline_readiness\045_43105609_bb977cfc\compiledrepos\43105609\weixin-mp\target\weixin-mp-0.9.9-SNAPSHOT.jar
[INFO] 
[INFO] >>> source:2.4:jar (attach-sources) > generate-sources @ weixin-mp >>>
[INFO] 
[INFO] <<< source:2.4:jar (attach-sources) < generate-sources @ weixin-mp <<<
[INFO] 
[INFO] 
[INFO] --- source:2.4:jar (attach-sources) @ weixin-mp ---
[INFO] Building jar: D:\A_ThucNghiem\scripts_v2\workspaces\20260724_010022_d3f7f7b1__baseline_readiness\045_43105609_bb977cfc\compiledrepos\43105609\weixin-mp\target\weixin-mp-0.9.9-SNAPSHOT-sources.jar
[INFO] 
[INFO] --- source:2.4:jar-no-fork (attach-sources) @ weixin-mp ---
[WARNING] artifact cn.com.riversoft:weixin-mp:java-source:sources:0.9.9-SNAPSHOT already attached, replace previous instance
[INFO] 
[INFO] --- install:3.1.4:install (default-install) @ weixin-mp ---
[INFO] Installing D:\A_ThucNghiem\scripts_v2\workspaces\20260724_010022_d3f7f7b1__baseline_readiness\045_43105609_bb977cfc\compiledrepos\43105609\weixin-mp\pom.xml to C:\Users\admin\.m2\repository\cn\com\riversoft\weixin-mp\0.9.9-SNAPSHOT\weixin-mp-0.9.9-SNAPSHOT.pom
[INFO] Installing D:\A_ThucNghiem\scripts_v2\workspaces\20260724_010022_d3f7f7b1__baseline_readiness\045_43105609_bb977cfc\compiledrepos\43105609\weixin-mp\target\weixin-mp-0.9.9-SNAPSHOT.jar to C:\Users\admin\.m2\repository\cn\com\riversoft\weixin-mp\0.9.9-SNAPSHOT\weixin-mp-0.9.9-SNAPSHOT.jar
[INFO] Installing D:\A_ThucNghiem\scripts_v2\workspaces\20260724_010022_d3f7f7b1__baseline_readiness\045_4310560"
2026-07-23T18:18:57+00:00,baseline_sandbox_readiness,43105609,weixin-mp,,45,43105609:weixin-mp/src/main/java/com/riversoft/weixin/mp/message/mpmessages.java,MpMessages,MpMessages_RBL4_bb977cfcTest,PASS,33.473,ok; sandbox readiness passed
2026-07-23T18:18:57+00:00,maven_reactor_prewarm_wait,43105609,weixin-mp,,46,43105609:weixin-mp/src/main/java/com/riversoft/weixin/mp/jsapi/jsapis.java,JsAPIs,,PASS,24.847,waited 24.847s for same repo/scope prewarm lock: maven:weixin-mp
2026-07-23T18:18:57+00:00,baseline_sandbox_readiness,44308560,src/RobotFrameworkCore/org.robotframework.ide.core-functions,,49,44308560:src/robotframeworkcore/org.robotframework.ide.core-functions/src/main/java/org/rf/ide/core/execution/server/response/evaluatecondition.java,EvaluateCondition,EvaluateCondition_RBL4_00edbe66Test,START,,prepare per-class sandbox and run generation prewarm without invoking GPT/EvoSuite
2026-07-23T18:18:57+00:00,maven_reactor_prewarm,43105609,weixin-mp,,46,43105609:weixin-mp/src/main/java/com/riversoft/weixin/mp/jsapi/jsapis.java,JsAPIs,,START,,prewarm reactor dependencies for -pl weixin-mp; synthesized placeholder test hidden during prewarm: JsAPIs_RBL4_b72d8019Test.java
2026-07-23T18:19:06+00:00,maven_reactor_prewarm,43105609,weixin-mp,,46,43105609:weixin-mp/src/main/java/com/riversoft/weixin/mp/jsapi/jsapis.java,JsAPIs,,PASS,8.371,"3105609\weixin-common\target\weixin-common-0.9.9-SNAPSHOT-sources.jar to C:\Users\admin\.m2\repository\cn\com\riversoft\weixin-common\0.9.9-SNAPSHOT\weixin-common-0.9.9-SNAPSHOT-sources.jar
[INFO] 
[INFO] ---------------------< cn.com.riversoft:weixin-mp >---------------------
[INFO] Building weixin sdk mp 0.9.9-SNAPSHOT                              [4/4]
[INFO]   from weixin-mp\pom.xml
[INFO] --------------------------------[ jar ]---------------------------------
[INFO] 
[INFO] --- resources:3.4.0:resources (default-resources) @ weixin-mp ---
[INFO] Copying 1 resource from src\main\resources to target\classes
[INFO] 
[INFO] --- compiler:3.0:compile (default-compile) @ weixin-mp ---
[INFO] Changes detected - recompiling the module!
[INFO] Compiling 78 source files to D:\A_ThucNghiem\scripts_v2\workspaces\20260724_010022_d3f7f7b1__baseline_readiness\046_43105609_b72d8019\compiledrepos\43105609\weixin-mp\target\classes
[WARNING] bootstrap class path not set in conjunction with -source 1.7
[WARNING] /D:/A_ThucNghiem/scripts_v2/workspaces/20260724_010022_d3f7f7b1__baseline_readiness/046_43105609_b72d8019/compiledrepos/43105609/weixin-mp/src/main/java/com/riversoft/weixin/mp/card/Cards.java: D:\A_ThucNghiem\scripts_v2\workspaces\20260724_010022_d3f7f7b1__baseline_readiness\046_43105609_b72d8019\compiledrepos\43105609\weixin-mp\src\main\java\com\riversoft\weixin\mp\card\Cards.java uses unchecked or unsafe operations.
[WARNING] /D:/A_ThucNghiem/scripts_v2/workspaces/20260724_010022_d3f7f7b1__baseline_readiness/046_43105609_b72d8019/compiledrepos/43105609/weixin-mp/src/main/java/com/riversoft/weixin/mp/card/Cards.java: Recompile with -Xlint:unchecked for details.
[INFO] 
[INFO] --- resources:3.4.0:testResources (default-testResources) @ weixin-mp ---
[INFO] Copying 24 resources from src\test\resources to target\test-classes
[INFO] 
[INFO] --- compiler:3.0:testCompile (default-testCompile) @ weixin-mp ---
[INFO] Changes detected - recompiling the module!
[INFO] Compiling 22 source files to D:\A_ThucNghiem\scripts_v2\workspaces\20260724_010022_d3f7f7b1__baseline_readiness\046_43105609_b72d8019\compiledrepos\43105609\weixin-mp\target\test-classes
[WARNING] bootstrap class path not set in conjunction with -source 1.7
[INFO] 
[INFO] --- surefire:2.19:test (default-test) @ weixin-mp ---
[INFO] Tests are skipped.
[INFO] 
[INFO] --- jar:3.5.0:jar (default-jar) @ weixin-mp ---
[INFO] Building jar: D:\A_ThucNghiem\scripts_v2\workspaces\20260724_010022_d3f7f7b1__baseline_readiness\046_43105609_b72d8019\compiledrepos\43105609\weixin-mp\target\weixin-mp-0.9.9-SNAPSHOT.jar
[INFO] 
[INFO] >>> source:2.4:jar (attach-sources) > generate-sources @ weixin-mp >>>
[INFO] 
[INFO] <<< source:2.4:jar (attach-sources) < generate-sources @ weixin-mp <<<
[INFO] 
[INFO] 
[INFO] --- source:2.4:jar (attach-sources) @ weixin-mp ---
[INFO] Building jar: D:\A_ThucNghiem\scripts_v2\workspaces\20260724_010022_d3f7f7b1__baseline_readiness\046_43105609_b72d8019\compiledrepos\43105609\weixin-mp\target\weixin-mp-0.9.9-SNAPSHOT-sources.jar
[INFO] 
[INFO] --- source:2.4:jar-no-fork (attach-sources) @ weixin-mp ---
[WARNING] artifact cn.com.riversoft:weixin-mp:java-source:sources:0.9.9-SNAPSHOT already attached, replace previous instance
[INFO] 
[INFO] --- install:3.1.4:install (default-install) @ weixin-mp ---
[INFO] Installing D:\A_ThucNghiem\scripts_v2\workspaces\20260724_010022_d3f7f7b1__baseline_readiness\046_43105609_b72d8019\compiledrepos\43105609\weixin-mp\pom.xml to C:\Users\admin\.m2\repository\cn\com\riversoft\weixin-mp\0.9.9-SNAPSHOT\weixin-mp-0.9.9-SNAPSHOT.pom
[INFO] Installing D:\A_ThucNghiem\scripts_v2\workspaces\20260724_010022_d3f7f7b1__baseline_readiness\046_43105609_b72d8019\compiledrepos\43105609\weixin-mp\target\weixin-mp-0.9.9-SNAPSHOT.jar to C:\Users\admin\.m2\repository\cn\com\riversoft\weixin-mp\0.9.9-SNAPSHOT\weixin-mp-0.9.9-SNAPSHOT.jar
[INFO] Installing D:\A_ThucNghiem\scripts_v2\workspaces\20260724_010022_d3f7f7b1__baseline_readiness\046_4310560"
2026-07-23T18:19:06+00:00,baseline_sandbox_readiness,43105609,weixin-mp,,46,43105609:weixin-mp/src/main/java/com/riversoft/weixin/mp/jsapi/jsapis.java,JsAPIs,JsAPIs_RBL4_b72d8019Test,PASS,33.548,ok; sandbox readiness passed
2026-07-23T18:19:06+00:00,maven_reactor_prewarm_wait,43105609,weixin-mp,,47,43105609:weixin-mp/src/main/java/com/riversoft/weixin/mp/message/mpxmlmessages.java,MpXmlMessages,,PASS,24.587,waited 24.587s for same repo/scope prewarm lock: maven:weixin-mp
2026-07-23T18:19:06+00:00,baseline_sandbox_readiness,44308560,src/RobotFrameworkCore/org.robotframework.ide.core-functions,,50,44308560:src/robotframeworkcore/org.robotframework.ide.core-functions/src/main/java/org/rf/ide/core/execution/server/agentserverversionschecker.java,AgentServerVersionsChecker,AgentServerVersionsChecker_RBL4_17a13120Test,START,,prepare per-class sandbox and run generation prewarm without invoking GPT/EvoSuite
2026-07-23T18:19:06+00:00,maven_reactor_prewarm,43105609,weixin-mp,,47,43105609:weixin-mp/src/main/java/com/riversoft/weixin/mp/message/mpxmlmessages.java,MpXmlMessages,,START,,prewarm reactor dependencies for -pl weixin-mp; synthesized placeholder test hidden during prewarm: MpXmlMessages_RBL4_368a2ac2Test.java
2026-07-23T18:19:14+00:00,maven_reactor_prewarm,43105609,weixin-mp,,47,43105609:weixin-mp/src/main/java/com/riversoft/weixin/mp/message/mpxmlmessages.java,MpXmlMessages,,PASS,8.474,"3105609\weixin-common\target\weixin-common-0.9.9-SNAPSHOT-sources.jar to C:\Users\admin\.m2\repository\cn\com\riversoft\weixin-common\0.9.9-SNAPSHOT\weixin-common-0.9.9-SNAPSHOT-sources.jar
[INFO] 
[INFO] ---------------------< cn.com.riversoft:weixin-mp >---------------------
[INFO] Building weixin sdk mp 0.9.9-SNAPSHOT                              [4/4]
[INFO]   from weixin-mp\pom.xml
[INFO] --------------------------------[ jar ]---------------------------------
[INFO] 
[INFO] --- resources:3.4.0:resources (default-resources) @ weixin-mp ---
[INFO] Copying 1 resource from src\main\resources to target\classes
[INFO] 
[INFO] --- compiler:3.0:compile (default-compile) @ weixin-mp ---
[INFO] Changes detected - recompiling the module!
[INFO] Compiling 78 source files to D:\A_ThucNghiem\scripts_v2\workspaces\20260724_010022_d3f7f7b1__baseline_readiness\047_43105609_368a2ac2\compiledrepos\43105609\weixin-mp\target\classes
[WARNING] bootstrap class path not set in conjunction with -source 1.7
[WARNING] /D:/A_ThucNghiem/scripts_v2/workspaces/20260724_010022_d3f7f7b1__baseline_readiness/047_43105609_368a2ac2/compiledrepos/43105609/weixin-mp/src/main/java/com/riversoft/weixin/mp/card/Cards.java: D:\A_ThucNghiem\scripts_v2\workspaces\20260724_010022_d3f7f7b1__baseline_readiness\047_43105609_368a2ac2\compiledrepos\43105609\weixin-mp\src\main\java\com\riversoft\weixin\mp\card\Cards.java uses unchecked or unsafe operations.
[WARNING] /D:/A_ThucNghiem/scripts_v2/workspaces/20260724_010022_d3f7f7b1__baseline_readiness/047_43105609_368a2ac2/compiledrepos/43105609/weixin-mp/src/main/java/com/riversoft/weixin/mp/card/Cards.java: Recompile with -Xlint:unchecked for details.
[INFO] 
[INFO] --- resources:3.4.0:testResources (default-testResources) @ weixin-mp ---
[INFO] Copying 24 resources from src\test\resources to target\test-classes
[INFO] 
[INFO] --- compiler:3.0:testCompile (default-testCompile) @ weixin-mp ---
[INFO] Changes detected - recompiling the module!
[INFO] Compiling 22 source files to D:\A_ThucNghiem\scripts_v2\workspaces\20260724_010022_d3f7f7b1__baseline_readiness\047_43105609_368a2ac2\compiledrepos\43105609\weixin-mp\target\test-classes
[WARNING] bootstrap class path not set in conjunction with -source 1.7
[INFO] 
[INFO] --- surefire:2.19:test (default-test) @ weixin-mp ---
[INFO] Tests are skipped.
[INFO] 
[INFO] --- jar:3.5.0:jar (default-jar) @ weixin-mp ---
[INFO] Building jar: D:\A_ThucNghiem\scripts_v2\workspaces\20260724_010022_d3f7f7b1__baseline_readiness\047_43105609_368a2ac2\compiledrepos\43105609\weixin-mp\target\weixin-mp-0.9.9-SNAPSHOT.jar
[INFO] 
[INFO] >>> source:2.4:jar (attach-sources) > generate-sources @ weixin-mp >>>
[INFO] 
[INFO] <<< source:2.4:jar (attach-sources) < generate-sources @ weixin-mp <<<
[INFO] 
[INFO] 
[INFO] --- source:2.4:jar (attach-sources) @ weixin-mp ---
[INFO] Building jar: D:\A_ThucNghiem\scripts_v2\workspaces\20260724_010022_d3f7f7b1__baseline_readiness\047_43105609_368a2ac2\compiledrepos\43105609\weixin-mp\target\weixin-mp-0.9.9-SNAPSHOT-sources.jar
[INFO] 
[INFO] --- source:2.4:jar-no-fork (attach-sources) @ weixin-mp ---
[WARNING] artifact cn.com.riversoft:weixin-mp:java-source:sources:0.9.9-SNAPSHOT already attached, replace previous instance
[INFO] 
[INFO] --- install:3.1.4:install (default-install) @ weixin-mp ---
[INFO] Installing D:\A_ThucNghiem\scripts_v2\workspaces\20260724_010022_d3f7f7b1__baseline_readiness\047_43105609_368a2ac2\compiledrepos\43105609\weixin-mp\pom.xml to C:\Users\admin\.m2\repository\cn\com\riversoft\weixin-mp\0.9.9-SNAPSHOT\weixin-mp-0.9.9-SNAPSHOT.pom
[INFO] Installing D:\A_ThucNghiem\scripts_v2\workspaces\20260724_010022_d3f7f7b1__baseline_readiness\047_43105609_368a2ac2\compiledrepos\43105609\weixin-mp\target\weixin-mp-0.9.9-SNAPSHOT.jar to C:\Users\admin\.m2\repository\cn\com\riversoft\weixin-mp\0.9.9-SNAPSHOT\weixin-mp-0.9.9-SNAPSHOT.jar
[INFO] Installing D:\A_ThucNghiem\scripts_v2\workspaces\20260724_010022_d3f7f7b1__baseline_readiness\047_4310560"
2026-07-23T18:19:14+00:00,baseline_sandbox_readiness,43105609,weixin-mp,,47,43105609:weixin-mp/src/main/java/com/riversoft/weixin/mp/message/mpxmlmessages.java,MpXmlMessages,MpXmlMessages_RBL4_368a2ac2Test,PASS,33.827,ok; sandbox readiness passed
2026-07-23T18:19:14+00:00,baseline_sandbox_readiness,44308560,src/RobotFrameworkCore/org.robotframework.ide.core-functions,,51,44308560:src/robotframeworkcore/org.robotframework.ide.core-functions/src/main/java/org/rf/ide/core/execution/agent/event/resourceimportevent.java,ResourceImportEvent,ResourceImportEvent_RBL4_fa900415Test,START,,prepare per-class sandbox and run generation prewarm without invoking GPT/EvoSuite
2026-07-23T18:20:50+00:00,baseline_sandbox_readiness,44308560,src/RobotFrameworkCore/org.robotframework.ide.core-functions,,50,44308560:src/robotframeworkcore/org.robotframework.ide.core-functions/src/main/java/org/rf/ide/core/execution/server/agentserverversionschecker.java,AgentServerVersionsChecker,AgentServerVersionsChecker_RBL4_17a13120Test,PASS,103.744,ok; sandbox readiness passed
2026-07-23T18:20:50+00:00,baseline_sandbox_readiness,44308560,src/RobotFrameworkCore/org.robotframework.ide.core-functions,,52,44308560:src/robotframeworkcore/org.robotframework.ide.core-functions/src/main/java/org/rf/ide/core/environment/pythonversion.java,PythonVersion,PythonVersion_RBL4_7d08f477Test,START,,prepare per-class sandbox and run generation prewarm without invoking GPT/EvoSuite
2026-07-23T18:20:50+00:00,baseline_sandbox_readiness,44308560,src/RobotFrameworkCore/org.robotframework.ide.core-functions,,48,44308560:src/robotframeworkcore/org.robotframework.ide.core-functions/src/main/java/org/rf/ide/core/execution/server/response/terminateexecution.java,TerminateExecution,TerminateExecution_RBL4_2bc9cc41Test,PASS,120.57,ok; sandbox readiness passed
2026-07-23T18:20:50+00:00,baseline_sandbox_readiness,44308560,src/RobotFrameworkCore/org.robotframework.ide.core-functions,,49,44308560:src/robotframeworkcore/org.robotframework.ide.core-functions/src/main/java/org/rf/ide/core/execution/server/response/evaluatecondition.java,EvaluateCondition,EvaluateCondition_RBL4_00edbe66Test,PASS,112.132,ok; sandbox readiness passed
2026-07-23T18:20:50+00:00,baseline_sandbox_readiness,44308560,src/RobotFrameworkCore/org.robotframework.ide.core-functions,,51,44308560:src/robotframeworkcore/org.robotframework.ide.core-functions/src/main/java/org/rf/ide/core/execution/agent/event/resourceimportevent.java,ResourceImportEvent,ResourceImportEvent_RBL4_fa900415Test,PASS,95.276,ok; sandbox readiness passed
2026-07-23T18:20:50+00:00,baseline_sandbox_readiness,44308560,src/RobotFrameworkCore/org.robotframework.ide.core-functions,,53,44308560:src/robotframeworkcore/org.robotframework.ide.core-functions/src/main/java/org/rf/ide/core/execution/agent/event/suiteendedevent.java,SuiteEndedEvent,SuiteEndedEvent_RBL4_7aed3afcTest,START,,prepare per-class sandbox and run generation prewarm without invoking GPT/EvoSuite
2026-07-23T18:20:50+00:00,baseline_sandbox_readiness,44308560,src/RobotFrameworkCore/org.robotframework.ide.core-functions,,54,44308560:src/robotframeworkcore/org.robotframework.ide.core-functions/src/main/java/org/rf/ide/core/execution/debug/contexts/executablecallcontext.java,ExecutableCallContext,ExecutableCallContext_RBL4_4fbd413bTest,START,,prepare per-class sandbox and run generation prewarm without invoking GPT/EvoSuite
2026-07-23T18:20:50+00:00,baseline_sandbox_readiness,44308560,src/RobotFrameworkCore/org.robotframework.ide.core-functions,,55,44308560:src/robotframeworkcore/org.robotframework.ide.core-functions/src/main/java/org/rf/ide/core/execution/agent/event/versionsevent.java,VersionsEvent,VersionsEvent_RBL4_b783240eTest,START,,prepare per-class sandbox and run generation prewarm without invoking GPT/EvoSuite
2026-07-23T18:20:56+00:00,baseline_sandbox_readiness,44308560,src/RobotFrameworkCore/org.robotframework.ide.core-functions,,55,44308560:src/robotframeworkcore/org.robotframework.ide.core-functions/src/main/java/org/rf/ide/core/execution/agent/event/versionsevent.java,VersionsEvent,VersionsEvent_RBL4_b783240eTest,PASS,6.388,ok; sandbox readiness passed
2026-07-23T18:20:56+00:00,baseline_sandbox_readiness,45997449,WebRex,,56,45997449:webrex/src/main/java/com/ebayopensource/webrex/resource/resourcefactory.java,ResourceFactory,ResourceFactory_RBL4_d6d7f2bdTest,START,,prepare per-class sandbox and run generation prewarm without invoking GPT/EvoSuite
2026-07-23T18:20:56+00:00,baseline_sandbox_readiness,44308560,src/RobotFrameworkCore/org.robotframework.ide.core-functions,,54,44308560:src/robotframeworkcore/org.robotframework.ide.core-functions/src/main/java/org/rf/ide/core/execution/debug/contexts/executablecallcontext.java,ExecutableCallContext,ExecutableCallContext_RBL4_4fbd413bTest,PASS,6.397,ok; sandbox readiness passed
2026-07-23T18:20:56+00:00,baseline_sandbox_readiness,45997449,WebRex,,57,45997449:webrex/src/main/java/com/ebayopensource/webrex/util/xmls.java,Xmls,Xmls_RBL4_522a42d1Test,START,,prepare per-class sandbox and run generation prewarm without invoking GPT/EvoSuite
2026-07-23T18:20:56+00:00,baseline_sandbox_readiness,44308560,src/RobotFrameworkCore/org.robotframework.ide.core-functions,,52,44308560:src/robotframeworkcore/org.robotframework.ide.core-functions/src/main/java/org/rf/ide/core/environment/pythonversion.java,PythonVersion,PythonVersion_RBL4_7d08f477Test,PASS,6.424,ok; sandbox readiness passed
2026-07-23T18:20:56+00:00,baseline_sandbox_readiness,45997449,WebRex,,58,45997449:webrex/src/main/java/com/ebayopensource/webrex/util/reflects.java,Reflects,Reflects_RBL4_ebe207aeTest,START,,prepare per-class sandbox and run generation prewarm without invoking GPT/EvoSuite
2026-07-23T18:20:56+00:00,baseline_sandbox_readiness,44308560,src/RobotFrameworkCore/org.robotframework.ide.core-functions,,53,44308560:src/robotframeworkcore/org.robotframework.ide.core-functions/src/main/java/org/rf/ide/core/execution/agent/event/suiteendedevent.java,SuiteEndedEvent,SuiteEndedEvent_RBL4_7aed3afcTest,PASS,6.492,ok; sandbox readiness passed
2026-07-23T18:20:56+00:00,baseline_sandbox_readiness,45997449,WebRex,,59,45997449:webrex/src/main/java/com/ebayopensource/webrex/resource/resourceargumentsurn.java,ResourceArgumentsUrn,ResourceArgumentsUrn_RBL4_4484f2f5Test,START,,prepare per-class sandbox and run generation prewarm without invoking GPT/EvoSuite
2026-07-23T18:21:05+00:00,baseline_sandbox_readiness,45997449,WebRex,,58,45997449:webrex/src/main/java/com/ebayopensource/webrex/util/reflects.java,Reflects,Reflects_RBL4_ebe207aeTest,PASS,9.382,ok; sandbox readiness passed
2026-07-23T18:21:05+00:00,baseline_sandbox_readiness,45997449,WebRex,,59,45997449:webrex/src/main/java/com/ebayopensource/webrex/resource/resourceargumentsurn.java,ResourceArgumentsUrn,ResourceArgumentsUrn_RBL4_4484f2f5Test,PASS,9.299,ok; sandbox readiness passed
2026-07-23T18:21:05+00:00,baseline_sandbox_readiness,45997449,WebRex,,56,45997449:webrex/src/main/java/com/ebayopensource/webrex/resource/resourcefactory.java,ResourceFactory,ResourceFactory_RBL4_d6d7f2bdTest,PASS,9.401,ok; sandbox readiness passed
2026-07-23T18:21:05+00:00,baseline_sandbox_readiness,45997449,WebRex,,57,45997449:webrex/src/main/java/com/ebayopensource/webrex/util/xmls.java,Xmls,Xmls_RBL4_522a42d1Test,PASS,9.394,ok; sandbox readiness passed
2026-07-23T18:21:05+00:00,baseline_sandbox_readiness,45997449,WebRex,,60,45997449:webrex/src/main/java/com/ebayopensource/webrex/util/splitters.java,Splitters,Splitters_RBL4_4e640540Test,START,,prepare per-class sandbox and run generation prewarm without invoking GPT/EvoSuite
2026-07-23T18:21:05+00:00,baseline_sandbox_readiness,45997449,WebRex,,61,45997449:webrex/src/main/java/com/ebayopensource/webrex/util/joiners.java,Joiners,Joiners_RBL4_dbe644b5Test,START,,prepare per-class sandbox and run generation prewarm without invoking GPT/EvoSuite
2026-07-23T18:21:05+00:00,baseline_sandbox_readiness,45997449,WebRex,,62,45997449:webrex/src/main/java/com/ebayopensource/webrex/resource/cache/resourcecache.java,ResourceCache,ResourceCache_RBL4_57adf17bTest,START,,prepare per-class sandbox and run generation prewarm without invoking GPT/EvoSuite
2026-07-23T18:21:05+00:00,baseline_sandbox_readiness,45997449,WebRex,,63,45997449:webrex/src/main/java/com/ebayopensource/webrex/resource/resourceurn.java,ResourceUrn,ResourceUrn_RBL4_ef2a07abTest,START,,prepare per-class sandbox and run generation prewarm without invoking GPT/EvoSuite
2026-07-23T18:21:06+00:00,baseline_sandbox_readiness,45997449,WebRex,,62,45997449:webrex/src/main/java/com/ebayopensource/webrex/resource/cache/resourcecache.java,ResourceCache,ResourceCache_RBL4_57adf17bTest,PASS,0.434,ok; sandbox readiness passed
2026-07-23T18:21:06+00:00,baseline_sandbox_readiness,46396068,hbase0.98/hbase-manager-0.98,,64,46396068:hbase0.98/hbase-manager-0.98/src/main/java/com/kakao/hbase/manager/command/assign.java,Assign,Assign_RBL4_9ed5bed6Test,START,,prepare per-class sandbox and run generation prewarm without invoking GPT/EvoSuite
2026-07-23T18:21:06+00:00,baseline_sandbox_readiness,45997449,WebRex,,63,45997449:webrex/src/main/java/com/ebayopensource/webrex/resource/resourceurn.java,ResourceUrn,ResourceUrn_RBL4_ef2a07abTest,PASS,0.439,ok; sandbox readiness passed
2026-07-23T18:21:06+00:00,baseline_sandbox_readiness,46396068,hbase0.98/hbase-table-stat-0.98,,65,46396068:hbase0.98/hbase-table-stat-0.98/src/main/java/com/kakao/hbase/stat/print/formatter.java,Formatter,Formatter_RBL4_598cee20Test,START,,prepare per-class sandbox and run generation prewarm without invoking GPT/EvoSuite
2026-07-23T18:21:06+00:00,baseline_sandbox_readiness,45997449,WebRex,,60,45997449:webrex/src/main/java/com/ebayopensource/webrex/util/splitters.java,Splitters,Splitters_RBL4_4e640540Test,PASS,0.445,ok; sandbox readiness passed
2026-07-23T18:21:06+00:00,baseline_sandbox_readiness,46396068,hbase0.98/hbase-common-0.98,,66,46396068:hbase0.98/hbase-common-0.98/src/main/java/com/kakao/hbase/common/util/decimalstringsplit.java,DecimalStringSplit,DecimalStringSplit_RBL4_3a04c22aTest,START,,prepare per-class sandbox and run generation prewarm without invoking GPT/EvoSuite
2026-07-23T18:21:06+00:00,baseline_sandbox_readiness,45997449,WebRex,,61,45997449:webrex/src/main/java/com/ebayopensource/webrex/util/joiners.java,Joiners,Joiners_RBL4_dbe644b5Test,PASS,0.453,ok; sandbox readiness passed
2026-07-23T18:21:06+00:00,baseline_sandbox_readiness,46396068,hbase0.98/hbase-manager-0.98,,67,46396068:hbase0.98/hbase-manager-0.98/src/main/java/com/kakao/hbase/manager/manager.java,Manager,Manager_RBL4_cc963dd8Test,START,,prepare per-class sandbox and run generation prewarm without invoking GPT/EvoSuite
2026-07-23T18:21:12+00:00,maven_reactor_prewarm,46396068,hbase0.98/hbase-manager-0.98,,64,46396068:hbase0.98/hbase-manager-0.98/src/main/java/com/kakao/hbase/manager/command/assign.java,Assign,,START,,normalized missing POM D:\A_ThucNghiem\scripts_v2\workspaces\20260724_010022_d3f7f7b1__baseline_readiness\064_46396068_9ed5bed6\compiledrepos\46396068\pom.xml -> D:\A_ThucNghiem\scripts_v2\workspaces\20260724_010022_d3f7f7b1__baseline_readiness\064_46396068_9ed5bed6\compiledrepos\46396068\hbase0.98\pom.xml; prewarm reactor dependencies for -pl hbase-manager-0.98; synthesized placeholder test hidden during prewarm: Assign_RBL4_9ed5bed6Test.java
2026-07-23T18:21:12+00:00,baseline_sandbox_readiness,46396068,hbase0.98/hbase-common-0.98,,66,46396068:hbase0.98/hbase-common-0.98/src/main/java/com/kakao/hbase/common/util/decimalstringsplit.java,DecimalStringSplit,DecimalStringSplit_RBL4_3a04c22aTest,PASS,6.456,ok; sandbox readiness passed
2026-07-23T18:21:12+00:00,maven_reactor_prewarm,46396068,hbase0.98/hbase-table-stat-0.98,,65,46396068:hbase0.98/hbase-table-stat-0.98/src/main/java/com/kakao/hbase/stat/print/formatter.java,Formatter,,START,,normalized missing POM D:\A_ThucNghiem\scripts_v2\workspaces\20260724_010022_d3f7f7b1__baseline_readiness\065_46396068_598cee20\compiledrepos\46396068\pom.xml -> D:\A_ThucNghiem\scripts_v2\workspaces\20260724_010022_d3f7f7b1__baseline_readiness\065_46396068_598cee20\compiledrepos\46396068\hbase0.98\pom.xml; prewarm reactor dependencies for -pl hbase-table-stat-0.98; synthesized placeholder test hidden during prewarm: Formatter_RBL4_598cee20Test.java
2026-07-23T18:21:12+00:00,baseline_sandbox_readiness,46396068,hbase0.98/hbase-manager-0.98,,68,46396068:hbase0.98/hbase-manager-0.98/src/main/java/com/kakao/hbase/manager/command/balance.java,Balance,Balance_RBL4_d86eb020Test,START,,prepare per-class sandbox and run generation prewarm without invoking GPT/EvoSuite
2026-07-23T18:21:37+00:00,maven_reactor_prewarm,46396068,hbase0.98/hbase-table-stat-0.98,,65,46396068:hbase0.98/hbase-table-stat-0.98/src/main/java/com/kakao/hbase/stat/print/formatter.java,Formatter,,PASS,24.323,"et\hbase-common-0.98-1.6.0-tests.jar to C:\Users\admin\.m2\repository\com\kakao\hbase\hbase-common-0.98\1.6.0\hbase-common-0.98-1.6.0-tests.jar
[INFO] 
[INFO] --- source:2.4:jar-no-fork (attach-sources) @ hbase-common-0.98 ---
[INFO] Building jar: D:\A_ThucNghiem\scripts_v2\workspaces\20260724_010022_d3f7f7b1__baseline_readiness\065_46396068_598cee20\compiledrepos\46396068\hbase0.98\hbase-common-0.98\target\hbase-common-0.98-1.6.0-sources.jar
[INFO] 
[INFO] --- javadoc:2.10.3:jar (attach-javadocs) @ hbase-common-0.98 ---
[INFO] Skipping javadoc generation
[INFO] 
[INFO] ---------------< com.kakao.hbase:hbase-table-stat-0.98 >----------------
[INFO] Building hbase-table-stat-0.98 1.6.0                               [3/3]
[INFO]   from hbase-table-stat-0.98\pom.xml
[INFO] --------------------------------[ jar ]---------------------------------
[INFO] 
[INFO] --- resources:3.4.0:resources (default-resources) @ hbase-table-stat-0.98 ---
[INFO] Copying 2 resources from src\main\resources to target\classes
[INFO] 
[INFO] --- compiler:3.2:compile (default-compile) @ hbase-table-stat-0.98 ---
[INFO] Changes detected - recompiling the module!
[INFO] Compiling 20 source files to D:\A_ThucNghiem\scripts_v2\workspaces\20260724_010022_d3f7f7b1__baseline_readiness\065_46396068_598cee20\compiledrepos\46396068\hbase0.98\hbase-table-stat-0.98\target\classes
[INFO] 
[INFO] --- resources:3.4.0:testResources (default-testResources) @ hbase-table-stat-0.98 ---
[INFO] skip non existing resourceDirectory D:\A_ThucNghiem\scripts_v2\workspaces\20260724_010022_d3f7f7b1__baseline_readiness\065_46396068_598cee20\compiledrepos\46396068\hbase0.98\hbase-table-stat-0.98\src\test\resources
[INFO] 
[INFO] --- compiler:3.2:testCompile (default-testCompile) @ hbase-table-stat-0.98 ---
[INFO] Changes detected - recompiling the module!
[INFO] Compiling 13 source files to D:\A_ThucNghiem\scripts_v2\workspaces\20260724_010022_d3f7f7b1__baseline_readiness\065_46396068_598cee20\compiledrepos\46396068\hbase0.98\hbase-table-stat-0.98\target\test-classes
[INFO] 
[INFO] --- surefire:2.18.1:test (default-test) @ hbase-table-stat-0.98 ---
[INFO] Tests are skipped.
[INFO] 
[INFO] --- jar:3.5.0:jar (default-jar) @ hbase-table-stat-0.98 ---
[INFO] Building jar: D:\A_ThucNghiem\scripts_v2\workspaces\20260724_010022_d3f7f7b1__baseline_readiness\065_46396068_598cee20\compiledrepos\46396068\hbase0.98\hbase-table-stat-0.98\target\hbase-table-stat-0.98-1.6.0.jar
[INFO] 
[INFO] --- assembly:2.5.3:single (create-jar) @ hbase-table-stat-0.98 ---
[INFO] Building jar: D:\A_ThucNghiem\scripts_v2\workspaces\20260724_010022_d3f7f7b1__baseline_readiness\065_46396068_598cee20\compiledrepos\46396068\hbase0.98\hbase-table-stat-0.98\target\hbase-table-stat-0.98-1.6.0-jar-with-dependencies.jar
[INFO] 
[INFO] --- install:3.1.4:install (default-install) @ hbase-table-stat-0.98 ---
[INFO] Installing D:\A_ThucNghiem\scripts_v2\workspaces\20260724_010022_d3f7f7b1__baseline_readiness\065_46396068_598cee20\compiledrepos\46396068\hbase0.98\hbase-table-stat-0.98\pom.xml to C:\Users\admin\.m2\repository\com\kakao\hbase\hbase-table-stat-0.98\1.6.0\hbase-table-stat-0.98-1.6.0.pom
[INFO] Installing D:\A_ThucNghiem\scripts_v2\workspaces\20260724_010022_d3f7f7b1__baseline_readiness\065_46396068_598cee20\compiledrepos\46396068\hbase0.98\hbase-table-stat-0.98\target\hbase-table-stat-0.98-1.6.0.jar to C:\Users\admin\.m2\repository\com\kakao\hbase\hbase-table-stat-0.98\1.6.0\hbase-table-stat-0.98-1.6.0.jar
[INFO] Installing D:\A_ThucNghiem\scripts_v2\workspaces\20260724_010022_d3f7f7b1__baseline_readiness\065_46396068_598cee20\compiledrepos\46396068\hbase0.98\hbase-table-stat-0.98\target\hbase-table-stat-0.98-1.6.0-jar-with-dependencies.jar to C:\Users\admin\.m2\repository\com\kakao\hbase\hbase-table-stat-0.98\1.6.0\hbase-table-stat-0.98-1.6.0-jar-with-dependencies.jar
[INFO] 
[INFO] --- source:2.4:jar-no-fork (attach-sources) @ hbase-table-stat-0.98 ---
[INFO] Building jar: D:\A_ThucNghiem\scripts_v2\workspaces\20"
2026-07-23T18:21:37+00:00,baseline_sandbox_readiness,46396068,hbase0.98/hbase-table-stat-0.98,,65,46396068:hbase0.98/hbase-table-stat-0.98/src/main/java/com/kakao/hbase/stat/print/formatter.java,Formatter,Formatter_RBL4_598cee20Test,PASS,30.785,ok; sandbox readiness passed
2026-07-23T18:21:37+00:00,baseline_sandbox_readiness,46396068,hbase0.98/hbase-table-stat-0.98,,69,46396068:hbase0.98/hbase-table-stat-0.98/src/main/java/com/kakao/hbase/stat/load/loadio.java,LoadIO,LoadIO_RBL4_2ca68fd5Test,START,,prepare per-class sandbox and run generation prewarm without invoking GPT/EvoSuite
2026-07-23T18:21:37+00:00,maven_reactor_prewarm,46396068,hbase0.98/hbase-table-stat-0.98,,69,46396068:hbase0.98/hbase-table-stat-0.98/src/main/java/com/kakao/hbase/stat/load/loadio.java,LoadIO,,START,,normalized missing POM D:\A_ThucNghiem\scripts_v2\workspaces\20260724_010022_d3f7f7b1__baseline_readiness\069_46396068_2ca68fd5\compiledrepos\46396068\pom.xml -> D:\A_ThucNghiem\scripts_v2\workspaces\20260724_010022_d3f7f7b1__baseline_readiness\069_46396068_2ca68fd5\compiledrepos\46396068\hbase0.98\pom.xml; prewarm reactor dependencies for -pl hbase-table-stat-0.98; synthesized placeholder test hidden during prewarm: LoadIO_RBL4_2ca68fd5Test.java
2026-07-23T18:21:45+00:00,maven_reactor_prewarm,46396068,hbase0.98/hbase-manager-0.98,,64,46396068:hbase0.98/hbase-manager-0.98/src/main/java/com/kakao/hbase/manager/command/assign.java,Assign,,PASS,32.744,"INFO] --- source:2.4:jar-no-fork (attach-sources) @ hbase-table-stat-0.98 ---
[INFO] Building jar: D:\A_ThucNghiem\scripts_v2\workspaces\20260724_010022_d3f7f7b1__baseline_readiness\064_46396068_9ed5bed6\compiledrepos\46396068\hbase0.98\hbase-table-stat-0.98\target\hbase-table-stat-0.98-1.6.0-sources.jar
[INFO] 
[INFO] --- javadoc:2.10.3:jar (attach-javadocs) @ hbase-table-stat-0.98 ---
[INFO] Skipping javadoc generation
[INFO] 
[INFO] -----------------< com.kakao.hbase:hbase-manager-0.98 >-----------------
[INFO] Building hbase-manager-0.98 1.6.0                                  [4/4]
[INFO]   from hbase-manager-0.98\pom.xml
[INFO] --------------------------------[ jar ]---------------------------------
[INFO] 
[INFO] --- resources:3.4.0:resources (default-resources) @ hbase-manager-0.98 ---
[INFO] skip non existing resourceDirectory D:\A_ThucNghiem\scripts_v2\workspaces\20260724_010022_d3f7f7b1__baseline_readiness\064_46396068_9ed5bed6\compiledrepos\46396068\hbase0.98\hbase-manager-0.98\src\main\resources
[INFO] 
[INFO] --- compiler:3.2:compile (default-compile) @ hbase-manager-0.98 ---
[INFO] Changes detected - recompiling the module!
[INFO] Compiling 13 source files to D:\A_ThucNghiem\scripts_v2\workspaces\20260724_010022_d3f7f7b1__baseline_readiness\064_46396068_9ed5bed6\compiledrepos\46396068\hbase0.98\hbase-manager-0.98\target\classes
[INFO] 
[INFO] --- resources:3.4.0:testResources (default-testResources) @ hbase-manager-0.98 ---
[INFO] skip non existing resourceDirectory D:\A_ThucNghiem\scripts_v2\workspaces\20260724_010022_d3f7f7b1__baseline_readiness\064_46396068_9ed5bed6\compiledrepos\46396068\hbase0.98\hbase-manager-0.98\src\test\resources
[INFO] 
[INFO] --- compiler:3.2:testCompile (default-testCompile) @ hbase-manager-0.98 ---
[INFO] Changes detected - recompiling the module!
[INFO] Compiling 18 source files to D:\A_ThucNghiem\scripts_v2\workspaces\20260724_010022_d3f7f7b1__baseline_readiness\064_46396068_9ed5bed6\compiledrepos\46396068\hbase0.98\hbase-manager-0.98\target\test-classes
[INFO] 
[INFO] --- surefire:2.18.1:test (default-test) @ hbase-manager-0.98 ---
[INFO] Tests are skipped.
[INFO] 
[INFO] --- jar:3.5.0:jar (default-jar) @ hbase-manager-0.98 ---
[INFO] Building jar: D:\A_ThucNghiem\scripts_v2\workspaces\20260724_010022_d3f7f7b1__baseline_readiness\064_46396068_9ed5bed6\compiledrepos\46396068\hbase0.98\hbase-manager-0.98\target\hbase-manager-0.98-1.6.0.jar
[INFO] 
[INFO] --- assembly:2.5.3:single (create-jar) @ hbase-manager-0.98 ---
[INFO] Building jar: D:\A_ThucNghiem\scripts_v2\workspaces\20260724_010022_d3f7f7b1__baseline_readiness\064_46396068_9ed5bed6\compiledrepos\46396068\hbase0.98\hbase-manager-0.98\target\hbase-manager-0.98-1.6.0-jar-with-dependencies.jar
[INFO] 
[INFO] --- install:3.1.4:install (default-install) @ hbase-manager-0.98 ---
[INFO] Installing D:\A_ThucNghiem\scripts_v2\workspaces\20260724_010022_d3f7f7b1__baseline_readiness\064_46396068_9ed5bed6\compiledrepos\46396068\hbase0.98\hbase-manager-0.98\pom.xml to C:\Users\admin\.m2\repository\com\kakao\hbase\hbase-manager-0.98\1.6.0\hbase-manager-0.98-1.6.0.pom
[INFO] Installing D:\A_ThucNghiem\scripts_v2\workspaces\20260724_010022_d3f7f7b1__baseline_readiness\064_46396068_9ed5bed6\compiledrepos\46396068\hbase0.98\hbase-manager-0.98\target\hbase-manager-0.98-1.6.0.jar to C:\Users\admin\.m2\repository\com\kakao\hbase\hbase-manager-0.98\1.6.0\hbase-manager-0.98-1.6.0.jar
[INFO] Installing D:\A_ThucNghiem\scripts_v2\workspaces\20260724_010022_d3f7f7b1__baseline_readiness\064_46396068_9ed5bed6\compiledrepos\46396068\hbase0.98\hbase-manager-0.98\target\hbase-manager-0.98-1.6.0-jar-with-dependencies.jar to C:\Users\admin\.m2\repository\com\kakao\hbase\hbase-manager-0.98\1.6.0\hbase-manager-0.98-1.6.0-jar-with-dependencies.jar
[INFO] 
[INFO] --- source:2.4:jar-no-fork (attach-sources) @ hbase-manager-0.98 ---
[INFO] Building jar: D:\A_ThucNghiem\scripts_v2\workspaces\20260724_010022_d3f7f7b1__baseline_readiness\064_46396068_9ed5bed6\compil"
2026-07-23T18:21:45+00:00,baseline_sandbox_readiness,46396068,hbase0.98/hbase-manager-0.98,,64,46396068:hbase0.98/hbase-manager-0.98/src/main/java/com/kakao/hbase/manager/command/assign.java,Assign,Assign_RBL4_9ed5bed6Test,PASS,39.208,ok; sandbox readiness passed
2026-07-23T18:21:45+00:00,maven_reactor_prewarm_wait,46396068,hbase0.98/hbase-manager-0.98,,67,46396068:hbase0.98/hbase-manager-0.98/src/main/java/com/kakao/hbase/manager/manager.java,Manager,,PASS,32.739,waited 32.739s for same repo/scope prewarm lock: maven:hbase0.98/hbase-manager-0.98
2026-07-23T18:21:45+00:00,baseline_sandbox_readiness,46396068,hbase0.98/hbase-common-0.98,,70,46396068:hbase0.98/hbase-common-0.98/src/main/java/com/kakao/hbase/common/util/util.java,Util,Util_RBL4_ac867cd2Test,START,,prepare per-class sandbox and run generation prewarm without invoking GPT/EvoSuite
2026-07-23T18:21:45+00:00,maven_reactor_prewarm,46396068,hbase0.98/hbase-manager-0.98,,67,46396068:hbase0.98/hbase-manager-0.98/src/main/java/com/kakao/hbase/manager/manager.java,Manager,,START,,normalized missing POM D:\A_ThucNghiem\scripts_v2\workspaces\20260724_010022_d3f7f7b1__baseline_readiness\067_46396068_cc963dd8\compiledrepos\46396068\pom.xml -> D:\A_ThucNghiem\scripts_v2\workspaces\20260724_010022_d3f7f7b1__baseline_readiness\067_46396068_cc963dd8\compiledrepos\46396068\hbase0.98\pom.xml; prewarm reactor dependencies for -pl hbase-manager-0.98; synthesized placeholder test hidden during prewarm: Manager_RBL4_cc963dd8Test.java
2026-07-23T18:21:45+00:00,baseline_sandbox_readiness,46396068,hbase0.98/hbase-common-0.98,,70,46396068:hbase0.98/hbase-common-0.98/src/main/java/com/kakao/hbase/common/util/util.java,Util,Util_RBL4_ac867cd2Test,PASS,0.299,ok; sandbox readiness passed
2026-07-23T18:21:45+00:00,baseline_sandbox_readiness,46396068,hbase0.98/hbase-snapshot-0.98,,71,46396068:hbase0.98/hbase-snapshot-0.98/src/main/java/com/kakao/hbase/snapshot/snapshot.java,Snapshot,Snapshot_RBL4_46effb3eTest,START,,prepare per-class sandbox and run generation prewarm without invoking GPT/EvoSuite
2026-07-23T18:21:46+00:00,maven_reactor_prewarm,46396068,hbase0.98/hbase-snapshot-0.98,,71,46396068:hbase0.98/hbase-snapshot-0.98/src/main/java/com/kakao/hbase/snapshot/snapshot.java,Snapshot,,START,,normalized missing POM D:\A_ThucNghiem\scripts_v2\workspaces\20260724_010022_d3f7f7b1__baseline_readiness\071_46396068_46effb3e\compiledrepos\46396068\pom.xml -> D:\A_ThucNghiem\scripts_v2\workspaces\20260724_010022_d3f7f7b1__baseline_readiness\071_46396068_46effb3e\compiledrepos\46396068\hbase0.98\pom.xml; prewarm reactor dependencies for -pl hbase-snapshot-0.98; synthesized placeholder test hidden during prewarm: Snapshot_RBL4_46effb3eTest.java
2026-07-23T18:22:04+00:00,maven_reactor_prewarm,46396068,hbase0.98/hbase-table-stat-0.98,,69,46396068:hbase0.98/hbase-table-stat-0.98/src/main/java/com/kakao/hbase/stat/load/loadio.java,LoadIO,,PASS,27.204,"et\hbase-common-0.98-1.6.0-tests.jar to C:\Users\admin\.m2\repository\com\kakao\hbase\hbase-common-0.98\1.6.0\hbase-common-0.98-1.6.0-tests.jar
[INFO] 
[INFO] --- source:2.4:jar-no-fork (attach-sources) @ hbase-common-0.98 ---
[INFO] Building jar: D:\A_ThucNghiem\scripts_v2\workspaces\20260724_010022_d3f7f7b1__baseline_readiness\069_46396068_2ca68fd5\compiledrepos\46396068\hbase0.98\hbase-common-0.98\target\hbase-common-0.98-1.6.0-sources.jar
[INFO] 
[INFO] --- javadoc:2.10.3:jar (attach-javadocs) @ hbase-common-0.98 ---
[INFO] Skipping javadoc generation
[INFO] 
[INFO] ---------------< com.kakao.hbase:hbase-table-stat-0.98 >----------------
[INFO] Building hbase-table-stat-0.98 1.6.0                               [3/3]
[INFO]   from hbase-table-stat-0.98\pom.xml
[INFO] --------------------------------[ jar ]---------------------------------
[INFO] 
[INFO] --- resources:3.4.0:resources (default-resources) @ hbase-table-stat-0.98 ---
[INFO] Copying 2 resources from src\main\resources to target\classes
[INFO] 
[INFO] --- compiler:3.2:compile (default-compile) @ hbase-table-stat-0.98 ---
[INFO] Changes detected - recompiling the module!
[INFO] Compiling 20 source files to D:\A_ThucNghiem\scripts_v2\workspaces\20260724_010022_d3f7f7b1__baseline_readiness\069_46396068_2ca68fd5\compiledrepos\46396068\hbase0.98\hbase-table-stat-0.98\target\classes
[INFO] 
[INFO] --- resources:3.4.0:testResources (default-testResources) @ hbase-table-stat-0.98 ---
[INFO] skip non existing resourceDirectory D:\A_ThucNghiem\scripts_v2\workspaces\20260724_010022_d3f7f7b1__baseline_readiness\069_46396068_2ca68fd5\compiledrepos\46396068\hbase0.98\hbase-table-stat-0.98\src\test\resources
[INFO] 
[INFO] --- compiler:3.2:testCompile (default-testCompile) @ hbase-table-stat-0.98 ---
[INFO] Changes detected - recompiling the module!
[INFO] Compiling 13 source files to D:\A_ThucNghiem\scripts_v2\workspaces\20260724_010022_d3f7f7b1__baseline_readiness\069_46396068_2ca68fd5\compiledrepos\46396068\hbase0.98\hbase-table-stat-0.98\target\test-classes
[INFO] 
[INFO] --- surefire:2.18.1:test (default-test) @ hbase-table-stat-0.98 ---
[INFO] Tests are skipped.
[INFO] 
[INFO] --- jar:3.5.0:jar (default-jar) @ hbase-table-stat-0.98 ---
[INFO] Building jar: D:\A_ThucNghiem\scripts_v2\workspaces\20260724_010022_d3f7f7b1__baseline_readiness\069_46396068_2ca68fd5\compiledrepos\46396068\hbase0.98\hbase-table-stat-0.98\target\hbase-table-stat-0.98-1.6.0.jar
[INFO] 
[INFO] --- assembly:2.5.3:single (create-jar) @ hbase-table-stat-0.98 ---
[INFO] Building jar: D:\A_ThucNghiem\scripts_v2\workspaces\20260724_010022_d3f7f7b1__baseline_readiness\069_46396068_2ca68fd5\compiledrepos\46396068\hbase0.98\hbase-table-stat-0.98\target\hbase-table-stat-0.98-1.6.0-jar-with-dependencies.jar
[INFO] 
[INFO] --- install:3.1.4:install (default-install) @ hbase-table-stat-0.98 ---
[INFO] Installing D:\A_ThucNghiem\scripts_v2\workspaces\20260724_010022_d3f7f7b1__baseline_readiness\069_46396068_2ca68fd5\compiledrepos\46396068\hbase0.98\hbase-table-stat-0.98\pom.xml to C:\Users\admin\.m2\repository\com\kakao\hbase\hbase-table-stat-0.98\1.6.0\hbase-table-stat-0.98-1.6.0.pom
[INFO] Installing D:\A_ThucNghiem\scripts_v2\workspaces\20260724_010022_d3f7f7b1__baseline_readiness\069_46396068_2ca68fd5\compiledrepos\46396068\hbase0.98\hbase-table-stat-0.98\target\hbase-table-stat-0.98-1.6.0.jar to C:\Users\admin\.m2\repository\com\kakao\hbase\hbase-table-stat-0.98\1.6.0\hbase-table-stat-0.98-1.6.0.jar
[INFO] Installing D:\A_ThucNghiem\scripts_v2\workspaces\20260724_010022_d3f7f7b1__baseline_readiness\069_46396068_2ca68fd5\compiledrepos\46396068\hbase0.98\hbase-table-stat-0.98\target\hbase-table-stat-0.98-1.6.0-jar-with-dependencies.jar to C:\Users\admin\.m2\repository\com\kakao\hbase\hbase-table-stat-0.98\1.6.0\hbase-table-stat-0.98-1.6.0-jar-with-dependencies.jar
[INFO] 
[INFO] --- source:2.4:jar-no-fork (attach-sources) @ hbase-table-stat-0.98 ---
[INFO] Building jar: D:\A_ThucNghiem\scripts_v2\workspaces\20"
2026-07-23T18:22:04+00:00,baseline_sandbox_readiness,46396068,hbase0.98/hbase-table-stat-0.98,,69,46396068:hbase0.98/hbase-table-stat-0.98/src/main/java/com/kakao/hbase/stat/load/loadio.java,LoadIO,LoadIO_RBL4_2ca68fd5Test,PASS,27.457,ok; sandbox readiness passed
2026-07-23T18:22:04+00:00,baseline_sandbox_readiness,46450575,flo-workflow,,72,46450575:flo-workflow/src/main/java/com/spotify/flo/evalcontextwithtask.java,EvalContextWithTask,EvalContextWithTask_RBL4_ef73684bTest,START,,prepare per-class sandbox and run generation prewarm without invoking GPT/EvoSuite
2026-07-23T18:22:12+00:00,maven_reactor_prewarm,46396068,hbase0.98/hbase-snapshot-0.98,,71,46396068:hbase0.98/hbase-snapshot-0.98/src/main/java/com/kakao/hbase/snapshot/snapshot.java,Snapshot,,PASS,26.476,"base-common-0.98\1.6.0\hbase-common-0.98-1.6.0-tests.jar
[INFO] 
[INFO] --- source:2.4:jar-no-fork (attach-sources) @ hbase-common-0.98 ---
[INFO] Building jar: D:\A_ThucNghiem\scripts_v2\workspaces\20260724_010022_d3f7f7b1__baseline_readiness\071_46396068_46effb3e\compiledrepos\46396068\hbase0.98\hbase-common-0.98\target\hbase-common-0.98-1.6.0-sources.jar
[INFO] 
[INFO] --- javadoc:2.10.3:jar (attach-javadocs) @ hbase-common-0.98 ---
[INFO] Skipping javadoc generation
[INFO] 
[INFO] ----------------< com.kakao.hbase:hbase-snapshot-0.98 >-----------------
[INFO] Building hbase-snapshot-0.98 1.6.0                                 [3/3]
[INFO]   from hbase-snapshot-0.98\pom.xml
[INFO] --------------------------------[ jar ]---------------------------------
[INFO] 
[INFO] --- resources:3.4.0:resources (default-resources) @ hbase-snapshot-0.98 ---
[INFO] skip non existing resourceDirectory D:\A_ThucNghiem\scripts_v2\workspaces\20260724_010022_d3f7f7b1__baseline_readiness\071_46396068_46effb3e\compiledrepos\46396068\hbase0.98\hbase-snapshot-0.98\src\main\resources
[INFO] 
[INFO] --- compiler:3.2:compile (default-compile) @ hbase-snapshot-0.98 ---
[INFO] Changes detected - recompiling the module!
[INFO] Compiling 3 source files to D:\A_ThucNghiem\scripts_v2\workspaces\20260724_010022_d3f7f7b1__baseline_readiness\071_46396068_46effb3e\compiledrepos\46396068\hbase0.98\hbase-snapshot-0.98\target\classes
[INFO] 
[INFO] --- resources:3.4.0:testResources (default-testResources) @ hbase-snapshot-0.98 ---
[INFO] skip non existing resourceDirectory D:\A_ThucNghiem\scripts_v2\workspaces\20260724_010022_d3f7f7b1__baseline_readiness\071_46396068_46effb3e\compiledrepos\46396068\hbase0.98\hbase-snapshot-0.98\src\test\resources
[INFO] 
[INFO] --- compiler:3.2:testCompile (default-testCompile) @ hbase-snapshot-0.98 ---
[INFO] Changes detected - recompiling the module!
[INFO] Compiling 5 source files to D:\A_ThucNghiem\scripts_v2\workspaces\20260724_010022_d3f7f7b1__baseline_readiness\071_46396068_46effb3e\compiledrepos\46396068\hbase0.98\hbase-snapshot-0.98\target\test-classes
[INFO] 
[INFO] --- surefire:2.18.1:test (default-test) @ hbase-snapshot-0.98 ---
[INFO] Tests are skipped.
[INFO] 
[INFO] --- jar:3.5.0:jar (default-jar) @ hbase-snapshot-0.98 ---
[INFO] Building jar: D:\A_ThucNghiem\scripts_v2\workspaces\20260724_010022_d3f7f7b1__baseline_readiness\071_46396068_46effb3e\compiledrepos\46396068\hbase0.98\hbase-snapshot-0.98\target\hbase-snapshot-0.98-1.6.0.jar
[INFO] 
[INFO] --- assembly:2.5.3:single (create-jar) @ hbase-snapshot-0.98 ---
[INFO] Building jar: D:\A_ThucNghiem\scripts_v2\workspaces\20260724_010022_d3f7f7b1__baseline_readiness\071_46396068_46effb3e\compiledrepos\46396068\hbase0.98\hbase-snapshot-0.98\target\hbase-snapshot-0.98-1.6.0-jar-with-dependencies.jar
[INFO] 
[INFO] --- install:3.1.4:install (default-install) @ hbase-snapshot-0.98 ---
[INFO] Installing D:\A_ThucNghiem\scripts_v2\workspaces\20260724_010022_d3f7f7b1__baseline_readiness\071_46396068_46effb3e\compiledrepos\46396068\hbase0.98\hbase-snapshot-0.98\pom.xml to C:\Users\admin\.m2\repository\com\kakao\hbase\hbase-snapshot-0.98\1.6.0\hbase-snapshot-0.98-1.6.0.pom
[INFO] Installing D:\A_ThucNghiem\scripts_v2\workspaces\20260724_010022_d3f7f7b1__baseline_readiness\071_46396068_46effb3e\compiledrepos\46396068\hbase0.98\hbase-snapshot-0.98\target\hbase-snapshot-0.98-1.6.0.jar to C:\Users\admin\.m2\repository\com\kakao\hbase\hbase-snapshot-0.98\1.6.0\hbase-snapshot-0.98-1.6.0.jar
[INFO] Installing D:\A_ThucNghiem\scripts_v2\workspaces\20260724_010022_d3f7f7b1__baseline_readiness\071_46396068_46effb3e\compiledrepos\46396068\hbase0.98\hbase-snapshot-0.98\target\hbase-snapshot-0.98-1.6.0-jar-with-dependencies.jar to C:\Users\admin\.m2\repository\com\kakao\hbase\hbase-snapshot-0.98\1.6.0\hbase-snapshot-0.98-1.6.0-jar-with-dependencies.jar
[INFO] 
[INFO] --- source:2.4:jar-no-fork (attach-sources) @ hbase-snapshot-0.98 ---
[INFO] Building jar: D:\A_ThucNghiem\scripts_v2\workspa"
2026-07-23T18:22:12+00:00,baseline_sandbox_readiness,46396068,hbase0.98/hbase-snapshot-0.98,,71,46396068:hbase0.98/hbase-snapshot-0.98/src/main/java/com/kakao/hbase/snapshot/snapshot.java,Snapshot,Snapshot_RBL4_46effb3eTest,PASS,26.756,ok; sandbox readiness passed
2026-07-23T18:22:12+00:00,baseline_sandbox_readiness,46450575,contrib/flo-styx,,73,46450575:contrib/flo-styx/src/main/java/com/spotify/flo/contrib/styx/structuredlogging.java,StructuredLogging,StructuredLogging_RBL4_4178ab2dTest,START,,prepare per-class sandbox and run generation prewarm without invoking GPT/EvoSuite
2026-07-23T18:22:15+00:00,maven_reactor_prewarm,46450575,contrib/flo-styx,,73,46450575:contrib/flo-styx/src/main/java/com/spotify/flo/contrib/styx/structuredlogging.java,StructuredLogging,,START,,prewarm reactor dependencies for -pl contrib/flo-styx; synthesized placeholder test hidden during prewarm: StructuredLogging_RBL4_4178ab2dTest.java
2026-07-23T18:22:15+00:00,maven_reactor_prewarm,46450575,flo-workflow,,72,46450575:flo-workflow/src/main/java/com/spotify/flo/evalcontextwithtask.java,EvalContextWithTask,,START,,prewarm reactor dependencies for -pl flo-workflow; synthesized placeholder test hidden during prewarm: EvalContextWithTask_RBL4_ef73684bTest.java
2026-07-23T18:22:21+00:00,maven_reactor_prewarm,46396068,hbase0.98/hbase-manager-0.98,,67,46396068:hbase0.98/hbase-manager-0.98/src/main/java/com/kakao/hbase/manager/manager.java,Manager,,PASS,36.265,"INFO] --- source:2.4:jar-no-fork (attach-sources) @ hbase-table-stat-0.98 ---
[INFO] Building jar: D:\A_ThucNghiem\scripts_v2\workspaces\20260724_010022_d3f7f7b1__baseline_readiness\067_46396068_cc963dd8\compiledrepos\46396068\hbase0.98\hbase-table-stat-0.98\target\hbase-table-stat-0.98-1.6.0-sources.jar
[INFO] 
[INFO] --- javadoc:2.10.3:jar (attach-javadocs) @ hbase-table-stat-0.98 ---
[INFO] Skipping javadoc generation
[INFO] 
[INFO] -----------------< com.kakao.hbase:hbase-manager-0.98 >-----------------
[INFO] Building hbase-manager-0.98 1.6.0                                  [4/4]
[INFO]   from hbase-manager-0.98\pom.xml
[INFO] --------------------------------[ jar ]---------------------------------
[INFO] 
[INFO] --- resources:3.4.0:resources (default-resources) @ hbase-manager-0.98 ---
[INFO] skip non existing resourceDirectory D:\A_ThucNghiem\scripts_v2\workspaces\20260724_010022_d3f7f7b1__baseline_readiness\067_46396068_cc963dd8\compiledrepos\46396068\hbase0.98\hbase-manager-0.98\src\main\resources
[INFO] 
[INFO] --- compiler:3.2:compile (default-compile) @ hbase-manager-0.98 ---
[INFO] Changes detected - recompiling the module!
[INFO] Compiling 13 source files to D:\A_ThucNghiem\scripts_v2\workspaces\20260724_010022_d3f7f7b1__baseline_readiness\067_46396068_cc963dd8\compiledrepos\46396068\hbase0.98\hbase-manager-0.98\target\classes
[INFO] 
[INFO] --- resources:3.4.0:testResources (default-testResources) @ hbase-manager-0.98 ---
[INFO] skip non existing resourceDirectory D:\A_ThucNghiem\scripts_v2\workspaces\20260724_010022_d3f7f7b1__baseline_readiness\067_46396068_cc963dd8\compiledrepos\46396068\hbase0.98\hbase-manager-0.98\src\test\resources
[INFO] 
[INFO] --- compiler:3.2:testCompile (default-testCompile) @ hbase-manager-0.98 ---
[INFO] Changes detected - recompiling the module!
[INFO] Compiling 18 source files to D:\A_ThucNghiem\scripts_v2\workspaces\20260724_010022_d3f7f7b1__baseline_readiness\067_46396068_cc963dd8\compiledrepos\46396068\hbase0.98\hbase-manager-0.98\target\test-classes
[INFO] 
[INFO] --- surefire:2.18.1:test (default-test) @ hbase-manager-0.98 ---
[INFO] Tests are skipped.
[INFO] 
[INFO] --- jar:3.5.0:jar (default-jar) @ hbase-manager-0.98 ---
[INFO] Building jar: D:\A_ThucNghiem\scripts_v2\workspaces\20260724_010022_d3f7f7b1__baseline_readiness\067_46396068_cc963dd8\compiledrepos\46396068\hbase0.98\hbase-manager-0.98\target\hbase-manager-0.98-1.6.0.jar
[INFO] 
[INFO] --- assembly:2.5.3:single (create-jar) @ hbase-manager-0.98 ---
[INFO] Building jar: D:\A_ThucNghiem\scripts_v2\workspaces\20260724_010022_d3f7f7b1__baseline_readiness\067_46396068_cc963dd8\compiledrepos\46396068\hbase0.98\hbase-manager-0.98\target\hbase-manager-0.98-1.6.0-jar-with-dependencies.jar
[INFO] 
[INFO] --- install:3.1.4:install (default-install) @ hbase-manager-0.98 ---
[INFO] Installing D:\A_ThucNghiem\scripts_v2\workspaces\20260724_010022_d3f7f7b1__baseline_readiness\067_46396068_cc963dd8\compiledrepos\46396068\hbase0.98\hbase-manager-0.98\pom.xml to C:\Users\admin\.m2\repository\com\kakao\hbase\hbase-manager-0.98\1.6.0\hbase-manager-0.98-1.6.0.pom
[INFO] Installing D:\A_ThucNghiem\scripts_v2\workspaces\20260724_010022_d3f7f7b1__baseline_readiness\067_46396068_cc963dd8\compiledrepos\46396068\hbase0.98\hbase-manager-0.98\target\hbase-manager-0.98-1.6.0.jar to C:\Users\admin\.m2\repository\com\kakao\hbase\hbase-manager-0.98\1.6.0\hbase-manager-0.98-1.6.0.jar
[INFO] Installing D:\A_ThucNghiem\scripts_v2\workspaces\20260724_010022_d3f7f7b1__baseline_readiness\067_46396068_cc963dd8\compiledrepos\46396068\hbase0.98\hbase-manager-0.98\target\hbase-manager-0.98-1.6.0-jar-with-dependencies.jar to C:\Users\admin\.m2\repository\com\kakao\hbase\hbase-manager-0.98\1.6.0\hbase-manager-0.98-1.6.0-jar-with-dependencies.jar
[INFO] 
[INFO] --- source:2.4:jar-no-fork (attach-sources) @ hbase-manager-0.98 ---
[INFO] Building jar: D:\A_ThucNghiem\scripts_v2\workspaces\20260724_010022_d3f7f7b1__baseline_readiness\067_46396068_cc963dd8\compil"
2026-07-23T18:22:21+00:00,maven_reactor_prewarm_wait,46396068,hbase0.98/hbase-manager-0.98,,68,46396068:hbase0.98/hbase-manager-0.98/src/main/java/com/kakao/hbase/manager/command/balance.java,Balance,,PASS,68.777,waited 68.777s for same repo/scope prewarm lock: maven:hbase0.98/hbase-manager-0.98
2026-07-23T18:22:21+00:00,baseline_sandbox_readiness,46396068,hbase0.98/hbase-manager-0.98,,67,46396068:hbase0.98/hbase-manager-0.98/src/main/java/com/kakao/hbase/manager/manager.java,Manager,Manager_RBL4_cc963dd8Test,PASS,75.462,ok; sandbox readiness passed
2026-07-23T18:22:21+00:00,maven_reactor_prewarm,46396068,hbase0.98/hbase-manager-0.98,,68,46396068:hbase0.98/hbase-manager-0.98/src/main/java/com/kakao/hbase/manager/command/balance.java,Balance,,START,,normalized missing POM D:\A_ThucNghiem\scripts_v2\workspaces\20260724_010022_d3f7f7b1__baseline_readiness\068_46396068_d86eb020\compiledrepos\46396068\pom.xml -> D:\A_ThucNghiem\scripts_v2\workspaces\20260724_010022_d3f7f7b1__baseline_readiness\068_46396068_d86eb020\compiledrepos\46396068\hbase0.98\pom.xml; prewarm reactor dependencies for -pl hbase-manager-0.98; synthesized placeholder test hidden during prewarm: Balance_RBL4_d86eb020Test.java
2026-07-23T18:22:21+00:00,baseline_sandbox_readiness,46450575,flo-workflow,,74,46450575:flo-workflow/src/main/java/com/spotify/flo/context/forwardingevalcontext.java,ForwardingEvalContext,ForwardingEvalContext_RBL4_07864a44Test,START,,prepare per-class sandbox and run generation prewarm without invoking GPT/EvoSuite
2026-07-23T18:22:33+00:00,maven_reactor_prewarm,46450575,flo-workflow,,72,46450575:flo-workflow/src/main/java/com/spotify/flo/evalcontextwithtask.java,EvalContextWithTask,,PASS,17.722,"rg.trimou.engine.config.noValueIndicatesProblem=false
org.trimou.engine.config.nestedTemplateSupportEnabled=true
org.trimou.engine.config.templateCacheEnabled=true
org.trimou.engine.resolver.ReflectionResolver.memberCacheMaxSize=10000
org.trimou.engine.config.precompileAllTemplates=false
org.trimou.engine.config.debugMode=false
org.trimou.engine.config.handlebarsSupportEnabled=true
org.trimou.engine.config.iterationMetadataAlias=iter
----------
[WARNING] /D:/A_ThucNghiem/scripts_v2/workspaces/20260724_010022_d3f7f7b1__baseline_readiness/072_46450575_ef73684b/compiledrepos/46450575/flo-workflow/src/test/java/com/spotify/flo/context/ForwardingEvalContextTest.java:[26,26] org.mockito.Matchers in org.mockito has been deprecated
[WARNING] /D:/A_ThucNghiem/scripts_v2/workspaces/20260724_010022_d3f7f7b1__baseline_readiness/072_46450575_ef73684b/compiledrepos/46450575/flo-workflow/src/test/java/com/spotify/flo/context/ForwardingEvalContextTest.java:[26,26] org.mockito.Matchers in org.mockito has been deprecated
[WARNING] /D:/A_ThucNghiem/scripts_v2/workspaces/20260724_010022_d3f7f7b1__baseline_readiness/072_46450575_ef73684b/compiledrepos/46450575/flo-workflow/src/test/java/com/spotify/flo/context/ForwardingEvalContextTest.java:[26,26] org.mockito.Matchers in org.mockito has been deprecated
[WARNING] /D:/A_ThucNghiem/scripts_v2/workspaces/20260724_010022_d3f7f7b1__baseline_readiness/072_46450575_ef73684b/compiledrepos/46450575/flo-workflow/src/test/java/com/spotify/flo/context/ForwardingEvalContextTest.java:[26,26] org.mockito.Matchers in org.mockito has been deprecated
[WARNING] /D:/A_ThucNghiem/scripts_v2/workspaces/20260724_010022_d3f7f7b1__baseline_readiness/072_46450575_ef73684b/compiledrepos/46450575/flo-workflow/src/test/java/com/spotify/flo/ControlledBlockingContext.java:[165,73] unchecked cast
  required: com.spotify.flo.ControlledBlockingContext.Interceptor<T>
  found:    com.spotify.flo.ControlledBlockingContext.Interceptor<capture#1 of ?>
[INFO] 
[INFO] --- surefire:2.21.0:test (default-test) @ flo-workflow ---
[INFO] Tests are skipped.
[INFO] 
[INFO] --- jar:3.0.2:jar (default-jar) @ flo-workflow ---
[INFO] Building jar: D:\A_ThucNghiem\scripts_v2\workspaces\20260724_010022_d3f7f7b1__baseline_readiness\072_46450575_ef73684b\compiledrepos\46450575\flo-workflow\target\flo-workflow-0.6.4-SNAPSHOT.jar
[INFO] 
[INFO] --- shade:3.1.1:shade (default) @ flo-workflow ---
[INFO] Excluding org.slf4j:slf4j-api:jar:1.7.30 from the shaded jar.
[INFO] Including io.grpc:grpc-context:jar:1.22.1 in the shaded jar.
[INFO] Replacing original artifact with shaded artifact.
[INFO] Replacing D:\A_ThucNghiem\scripts_v2\workspaces\20260724_010022_d3f7f7b1__baseline_readiness\072_46450575_ef73684b\compiledrepos\46450575\flo-workflow\target\flo-workflow-0.6.4-SNAPSHOT.jar with D:\A_ThucNghiem\scripts_v2\workspaces\20260724_010022_d3f7f7b1__baseline_readiness\072_46450575_ef73684b\compiledrepos\46450575\flo-workflow\target\flo-workflow-0.6.4-SNAPSHOT-shaded.jar
[INFO] Dependency-reduced POM written at: D:\A_ThucNghiem\scripts_v2\workspaces\20260724_010022_d3f7f7b1__baseline_readiness\072_46450575_ef73684b\compiledrepos\46450575\flo-workflow\dependency-reduced-pom.xml
[INFO] 
[INFO] --- failsafe:2.19.1:integration-test (default) @ flo-workflow ---
[INFO] Tests are skipped.
[INFO] 
[INFO] --- failsafe:2.19.1:verify (default) @ flo-workflow ---
[INFO] Tests are skipped.
[INFO] 
[INFO] --- install:3.1.4:install (default-install) @ flo-workflow ---
[INFO] Installing D:\A_ThucNghiem\scripts_v2\workspaces\20260724_010022_d3f7f7b1__baseline_readiness\072_46450575_ef73684b\compiledrepos\46450575\flo-workflow\dependency-reduced-pom.xml to C:\Users\admin\.m2\repository\com\spotify\flo-workflow\0.6.4-SNAPSHOT\flo-workflow-0.6.4-SNAPSHOT.pom
[INFO] Installing D:\A_ThucNghiem\scripts_v2\workspaces\20260724_010022_d3f7f7b1__baseline_readiness\072_46450575_ef73684b\compiledrepos\46450575\flo-workflow\target\flo-workflow-0.6.4-SNAPSHOT.jar to C:\Users\admin\.m2\repo"
2026-07-23T18:22:33+00:00,maven_reactor_prewarm_wait,46450575,flo-workflow,,74,46450575:flo-workflow/src/main/java/com/spotify/flo/context/forwardingevalcontext.java,ForwardingEvalContext,,PASS,11.556,waited 11.556s for same repo/scope prewarm lock: maven:flo-workflow
2026-07-23T18:22:33+00:00,baseline_sandbox_readiness,46450575,flo-workflow,,72,46450575:flo-workflow/src/main/java/com/spotify/flo/evalcontextwithtask.java,EvalContextWithTask,EvalContextWithTask_RBL4_ef73684bTest,PASS,29.171,ok; sandbox readiness passed
2026-07-23T18:22:33+00:00,maven_reactor_prewarm,46450575,flo-workflow,,74,46450575:flo-workflow/src/main/java/com/spotify/flo/context/forwardingevalcontext.java,ForwardingEvalContext,,START,,prewarm reactor dependencies for -pl flo-workflow; synthesized placeholder test hidden during prewarm: ForwardingEvalContext_RBL4_07864a44Test.java
2026-07-23T18:22:33+00:00,baseline_sandbox_readiness,46450575,contrib/flo-bigquery,,75,46450575:contrib/flo-bigquery/src/main/java/com/spotify/flo/contrib/bigquery/bigqueryoperator.java,BigQueryOperator,BigQueryOperator_RBL4_6f1aba76Test,START,,prepare per-class sandbox and run generation prewarm without invoking GPT/EvoSuite
2026-07-23T18:22:34+00:00,maven_reactor_prewarm,46450575,contrib/flo-bigquery,,75,46450575:contrib/flo-bigquery/src/main/java/com/spotify/flo/contrib/bigquery/bigqueryoperator.java,BigQueryOperator,,START,,prewarm reactor dependencies for -pl contrib/flo-bigquery; synthesized placeholder test hidden during prewarm: BigQueryOperator_RBL4_6f1aba76Test.java
2026-07-23T18:22:39+00:00,maven_reactor_prewarm,46450575,contrib/flo-styx,,73,46450575:contrib/flo-styx/src/main/java/com/spotify/flo/contrib/styx/structuredlogging.java,StructuredLogging,,PASS,24.007,"t-install) @ flo-runner ---
[INFO] Installing D:\A_ThucNghiem\scripts_v2\workspaces\20260724_010022_d3f7f7b1__baseline_readiness\073_46450575_4178ab2d\compiledrepos\46450575\flo-runner\pom.xml to C:\Users\admin\.m2\repository\com\spotify\flo-runner\0.6.4-SNAPSHOT\flo-runner-0.6.4-SNAPSHOT.pom
[INFO] Installing D:\A_ThucNghiem\scripts_v2\workspaces\20260724_010022_d3f7f7b1__baseline_readiness\073_46450575_4178ab2d\compiledrepos\46450575\flo-runner\target\flo-runner-0.6.4-SNAPSHOT.jar to C:\Users\admin\.m2\repository\com\spotify\flo-runner\0.6.4-SNAPSHOT\flo-runner-0.6.4-SNAPSHOT.jar
[INFO] 
[INFO] ------------------------< com.spotify:flo-styx >------------------------
[INFO] Building Flo Styx 0.6.4-SNAPSHOT                                   [6/6]
[INFO]   from contrib\flo-styx\pom.xml
[INFO] --------------------------------[ jar ]---------------------------------
[INFO] 
[INFO] --- enforcer:1.4.1:enforce (enforce) @ flo-styx ---
[INFO] Skipping Rule Enforcement.
[INFO] 
[INFO] --- license:1.9:check-file-header (check-file-header) @ flo-styx ---
[INFO] Will search files to update from root D:\A_ThucNghiem\scripts_v2\workspaces\20260724_010022_d3f7f7b1__baseline_readiness\073_46450575_4178ab2d\compiledrepos\46450575\contrib\flo-styx\src\main\java
[INFO] Will search files to update from root D:\A_ThucNghiem\scripts_v2\workspaces\20260724_010022_d3f7f7b1__baseline_readiness\073_46450575_4178ab2d\compiledrepos\46450575\contrib\flo-styx\src\test\java
[INFO] Scan 8 files header done in 27.52ms.
[INFO] All files are up-to-date.
[INFO] 
[INFO] --- resources:3.4.0:resources (default-resources) @ flo-styx ---
[INFO] skip non existing resourceDirectory D:\A_ThucNghiem\scripts_v2\workspaces\20260724_010022_d3f7f7b1__baseline_readiness\073_46450575_4178ab2d\compiledrepos\46450575\contrib\flo-styx\src\main\resources
[INFO] 
[INFO] --- compiler:3.5.1:compile (default-compile) @ flo-styx ---
[INFO] Changes detected - recompiling the module!
[INFO] Compiling 5 source files to D:\A_ThucNghiem\scripts_v2\workspaces\20260724_010022_d3f7f7b1__baseline_readiness\073_46450575_4178ab2d\compiledrepos\46450575\contrib\flo-styx\target\classes
[INFO] 
[INFO] --- resources:3.4.0:testResources (default-testResources) @ flo-styx ---
[INFO] Copying 1 resource from src\test\resources to target\test-classes
[INFO] 
[INFO] --- compiler:3.5.1:testCompile (default-testCompile) @ flo-styx ---
[INFO] Changes detected - recompiling the module!
[INFO] Compiling 3 source files to D:\A_ThucNghiem\scripts_v2\workspaces\20260724_010022_d3f7f7b1__baseline_readiness\073_46450575_4178ab2d\compiledrepos\46450575\contrib\flo-styx\target\test-classes
[INFO] 
[INFO] --- surefire:2.21.0:test (default-test) @ flo-styx ---
[INFO] Tests are skipped.
[INFO] 
[INFO] --- jar:3.0.2:jar (default-jar) @ flo-styx ---
[INFO] Building jar: D:\A_ThucNghiem\scripts_v2\workspaces\20260724_010022_d3f7f7b1__baseline_readiness\073_46450575_4178ab2d\compiledrepos\46450575\contrib\flo-styx\target\flo-styx-0.6.4-SNAPSHOT.jar
[INFO] 
[INFO] --- failsafe:2.19.1:integration-test (default) @ flo-styx ---
[INFO] Tests are skipped.
[INFO] 
[INFO] --- failsafe:2.19.1:verify (default) @ flo-styx ---
[INFO] Tests are skipped.
[INFO] 
[INFO] --- install:3.1.4:install (default-install) @ flo-styx ---
[INFO] Installing D:\A_ThucNghiem\scripts_v2\workspaces\20260724_010022_d3f7f7b1__baseline_readiness\073_46450575_4178ab2d\compiledrepos\46450575\contrib\flo-styx\pom.xml to C:\Users\admin\.m2\repository\com\spotify\flo-styx\0.6.4-SNAPSHOT\flo-styx-0.6.4-SNAPSHOT.pom
[INFO] Installing D:\A_ThucNghiem\scripts_v2\workspaces\20260724_010022_d3f7f7b1__baseline_readiness\073_46450575_4178ab2d\compiledrepos\46450575\contrib\flo-styx\target\flo-styx-0.6.4-SNAPSHOT.jar to C:\Users\admin\.m2\repository\com\spotify\flo-styx\0.6.4-SNAPSHOT\flo-styx-0.6.4-SNAPSHOT.jar
[INFO] ------------------------------------------------------------------------
[INFO] Reactor Summary for Flo 0.6.4-SNAPSHOT:
[INFO] 
[INFO] Flo ..............."
2026-07-23T18:22:39+00:00,baseline_sandbox_readiness,46450575,contrib/flo-styx,,73,46450575:contrib/flo-styx/src/main/java/com/spotify/flo/contrib/styx/structuredlogging.java,StructuredLogging,StructuredLogging_RBL4_4178ab2dTest,PASS,27.438,ok; sandbox readiness passed
2026-07-23T18:22:39+00:00,baseline_sandbox_readiness,46450575,flo-workflow,,76,46450575:flo-workflow/src/main/java/com/spotify/flo/serialization.java,Serialization,Serialization_RBL4_0293e98eTest,START,,prepare per-class sandbox and run generation prewarm without invoking GPT/EvoSuite
2026-07-23T18:22:50+00:00,maven_reactor_prewarm,46450575,flo-workflow,,74,46450575:flo-workflow/src/main/java/com/spotify/flo/context/forwardingevalcontext.java,ForwardingEvalContext,,PASS,16.923,"rg.trimou.engine.config.noValueIndicatesProblem=false
org.trimou.engine.config.nestedTemplateSupportEnabled=true
org.trimou.engine.config.templateCacheEnabled=true
org.trimou.engine.resolver.ReflectionResolver.memberCacheMaxSize=10000
org.trimou.engine.config.precompileAllTemplates=false
org.trimou.engine.config.debugMode=false
org.trimou.engine.config.handlebarsSupportEnabled=true
org.trimou.engine.config.iterationMetadataAlias=iter
----------
[WARNING] /D:/A_ThucNghiem/scripts_v2/workspaces/20260724_010022_d3f7f7b1__baseline_readiness/074_46450575_07864a44/compiledrepos/46450575/flo-workflow/src/test/java/com/spotify/flo/context/ForwardingEvalContextTest.java:[26,26] org.mockito.Matchers in org.mockito has been deprecated
[WARNING] /D:/A_ThucNghiem/scripts_v2/workspaces/20260724_010022_d3f7f7b1__baseline_readiness/074_46450575_07864a44/compiledrepos/46450575/flo-workflow/src/test/java/com/spotify/flo/context/ForwardingEvalContextTest.java:[26,26] org.mockito.Matchers in org.mockito has been deprecated
[WARNING] /D:/A_ThucNghiem/scripts_v2/workspaces/20260724_010022_d3f7f7b1__baseline_readiness/074_46450575_07864a44/compiledrepos/46450575/flo-workflow/src/test/java/com/spotify/flo/context/ForwardingEvalContextTest.java:[26,26] org.mockito.Matchers in org.mockito has been deprecated
[WARNING] /D:/A_ThucNghiem/scripts_v2/workspaces/20260724_010022_d3f7f7b1__baseline_readiness/074_46450575_07864a44/compiledrepos/46450575/flo-workflow/src/test/java/com/spotify/flo/context/ForwardingEvalContextTest.java:[26,26] org.mockito.Matchers in org.mockito has been deprecated
[WARNING] /D:/A_ThucNghiem/scripts_v2/workspaces/20260724_010022_d3f7f7b1__baseline_readiness/074_46450575_07864a44/compiledrepos/46450575/flo-workflow/src/test/java/com/spotify/flo/ControlledBlockingContext.java:[165,73] unchecked cast
  required: com.spotify.flo.ControlledBlockingContext.Interceptor<T>
  found:    com.spotify.flo.ControlledBlockingContext.Interceptor<capture#1 of ?>
[INFO] 
[INFO] --- surefire:2.21.0:test (default-test) @ flo-workflow ---
[INFO] Tests are skipped.
[INFO] 
[INFO] --- jar:3.0.2:jar (default-jar) @ flo-workflow ---
[INFO] Building jar: D:\A_ThucNghiem\scripts_v2\workspaces\20260724_010022_d3f7f7b1__baseline_readiness\074_46450575_07864a44\compiledrepos\46450575\flo-workflow\target\flo-workflow-0.6.4-SNAPSHOT.jar
[INFO] 
[INFO] --- shade:3.1.1:shade (default) @ flo-workflow ---
[INFO] Excluding org.slf4j:slf4j-api:jar:1.7.30 from the shaded jar.
[INFO] Including io.grpc:grpc-context:jar:1.22.1 in the shaded jar.
[INFO] Replacing original artifact with shaded artifact.
[INFO] Replacing D:\A_ThucNghiem\scripts_v2\workspaces\20260724_010022_d3f7f7b1__baseline_readiness\074_46450575_07864a44\compiledrepos\46450575\flo-workflow\target\flo-workflow-0.6.4-SNAPSHOT.jar with D:\A_ThucNghiem\scripts_v2\workspaces\20260724_010022_d3f7f7b1__baseline_readiness\074_46450575_07864a44\compiledrepos\46450575\flo-workflow\target\flo-workflow-0.6.4-SNAPSHOT-shaded.jar
[INFO] Dependency-reduced POM written at: D:\A_ThucNghiem\scripts_v2\workspaces\20260724_010022_d3f7f7b1__baseline_readiness\074_46450575_07864a44\compiledrepos\46450575\flo-workflow\dependency-reduced-pom.xml
[INFO] 
[INFO] --- failsafe:2.19.1:integration-test (default) @ flo-workflow ---
[INFO] Tests are skipped.
[INFO] 
[INFO] --- failsafe:2.19.1:verify (default) @ flo-workflow ---
[INFO] Tests are skipped.
[INFO] 
[INFO] --- install:3.1.4:install (default-install) @ flo-workflow ---
[INFO] Installing D:\A_ThucNghiem\scripts_v2\workspaces\20260724_010022_d3f7f7b1__baseline_readiness\074_46450575_07864a44\compiledrepos\46450575\flo-workflow\dependency-reduced-pom.xml to C:\Users\admin\.m2\repository\com\spotify\flo-workflow\0.6.4-SNAPSHOT\flo-workflow-0.6.4-SNAPSHOT.pom
[INFO] Installing D:\A_ThucNghiem\scripts_v2\workspaces\20260724_010022_d3f7f7b1__baseline_readiness\074_46450575_07864a44\compiledrepos\46450575\flo-workflow\target\flo-workflow-0.6.4-SNAPSHOT.jar to C:\Users\admin\.m2\repo"
2026-07-23T18:22:50+00:00,baseline_sandbox_readiness,46450575,flo-workflow,,74,46450575:flo-workflow/src/main/java/com/spotify/flo/context/forwardingevalcontext.java,ForwardingEvalContext,ForwardingEvalContext_RBL4_07864a44Test,PASS,28.868,ok; sandbox readiness passed
2026-07-23T18:22:50+00:00,maven_reactor_prewarm_wait,46450575,flo-workflow,,76,46450575:flo-workflow/src/main/java/com/spotify/flo/serialization.java,Serialization,,PASS,10.317,waited 10.317s for same repo/scope prewarm lock: maven:flo-workflow
2026-07-23T18:22:50+00:00,baseline_sandbox_readiness,46450575,contrib/flo-bigquery,,77,46450575:contrib/flo-bigquery/src/main/java/com/spotify/flo/contrib/bigquery/bigqueryoutput.java,BigQueryOutput,BigQueryOutput_RBL4_ea016342Test,START,,prepare per-class sandbox and run generation prewarm without invoking GPT/EvoSuite
2026-07-23T18:22:50+00:00,maven_reactor_prewarm,46450575,flo-workflow,,76,46450575:flo-workflow/src/main/java/com/spotify/flo/serialization.java,Serialization,,START,,prewarm reactor dependencies for -pl flo-workflow; synthesized placeholder test hidden during prewarm: Serialization_RBL4_0293e98eTest.java
2026-07-23T18:22:56+00:00,maven_reactor_prewarm,46450575,contrib/flo-bigquery,,75,46450575:contrib/flo-bigquery/src/main/java/com/spotify/flo/contrib/bigquery/bigqueryoperator.java,BigQueryOperator,,PASS,22.921,"tify/flo/contrib/bigquery/GcpOptions.java:[23,52] com.google.api.client.googleapis.auth.oauth2.GoogleCredential in com.google.api.client.googleapis.auth.oauth2 has been deprecated
[INFO] 
[INFO] --- resources:3.4.0:testResources (default-testResources) @ flo-bigquery ---
[INFO] skip non existing resourceDirectory D:\A_ThucNghiem\scripts_v2\workspaces\20260724_010022_d3f7f7b1__baseline_readiness\075_46450575_6f1aba76\compiledrepos\46450575\contrib\flo-bigquery\src\test\resources
[INFO] 
[INFO] --- compiler:3.5.1:testCompile (default-testCompile) @ flo-bigquery ---
[INFO] Changes detected - recompiling the module!
[INFO] Compiling 4 source files to D:\A_ThucNghiem\scripts_v2\workspaces\20260724_010022_d3f7f7b1__baseline_readiness\075_46450575_6f1aba76\compiledrepos\46450575\contrib\flo-bigquery\target\test-classes
[WARNING] /D:/A_ThucNghiem/scripts_v2/workspaces/20260724_010022_d3f7f7b1__baseline_readiness/075_46450575_6f1aba76/compiledrepos/46450575/contrib/flo-bigquery/src/test/java/com/spotify/flo/contrib/bigquery/BigQueryOutputTest.java:[27,26] org.mockito.Matchers in org.mockito has been deprecated
[WARNING] /D:/A_ThucNghiem/scripts_v2/workspaces/20260724_010022_d3f7f7b1__baseline_readiness/075_46450575_6f1aba76/compiledrepos/46450575/contrib/flo-bigquery/src/test/java/com/spotify/flo/contrib/bigquery/BigQueryTasksTest.java:[29,26] org.mockito.Matchers in org.mockito has been deprecated
[WARNING] /D:/A_ThucNghiem/scripts_v2/workspaces/20260724_010022_d3f7f7b1__baseline_readiness/075_46450575_6f1aba76/compiledrepos/46450575/contrib/flo-bigquery/src/test/java/com/spotify/flo/contrib/bigquery/BigQueryOutputTest.java:[27,26] org.mockito.Matchers in org.mockito has been deprecated
[WARNING] /D:/A_ThucNghiem/scripts_v2/workspaces/20260724_010022_d3f7f7b1__baseline_readiness/075_46450575_6f1aba76/compiledrepos/46450575/contrib/flo-bigquery/src/test/java/com/spotify/flo/contrib/bigquery/BigQueryTasksTest.java:[29,26] org.mockito.Matchers in org.mockito has been deprecated
[WARNING] /D:/A_ThucNghiem/scripts_v2/workspaces/20260724_010022_d3f7f7b1__baseline_readiness/075_46450575_6f1aba76/compiledrepos/46450575/contrib/flo-bigquery/src/test/java/com/spotify/flo/contrib/bigquery/BigQueryOutputTest.java:[27,26] org.mockito.Matchers in org.mockito has been deprecated
[WARNING] /D:/A_ThucNghiem/scripts_v2/workspaces/20260724_010022_d3f7f7b1__baseline_readiness/075_46450575_6f1aba76/compiledrepos/46450575/contrib/flo-bigquery/src/test/java/com/spotify/flo/contrib/bigquery/BigQueryTasksTest.java:[29,26] org.mockito.Matchers in org.mockito has been deprecated
[INFO] 
[INFO] --- surefire:2.21.0:test (default-test) @ flo-bigquery ---
[INFO] Tests are skipped.
[INFO] 
[INFO] --- jar:3.0.2:jar (default-jar) @ flo-bigquery ---
[INFO] Building jar: D:\A_ThucNghiem\scripts_v2\workspaces\20260724_010022_d3f7f7b1__baseline_readiness\075_46450575_6f1aba76\compiledrepos\46450575\contrib\flo-bigquery\target\flo-bigquery-0.6.4-SNAPSHOT.jar
[INFO] 
[INFO] --- failsafe:2.19.1:integration-test (default) @ flo-bigquery ---
[INFO] Tests are skipped.
[INFO] 
[INFO] --- failsafe:2.19.1:verify (default) @ flo-bigquery ---
[INFO] Tests are skipped.
[INFO] 
[INFO] --- install:3.1.4:install (default-install) @ flo-bigquery ---
[INFO] Installing D:\A_ThucNghiem\scripts_v2\workspaces\20260724_010022_d3f7f7b1__baseline_readiness\075_46450575_6f1aba76\compiledrepos\46450575\contrib\flo-bigquery\pom.xml to C:\Users\admin\.m2\repository\com\spotify\flo-bigquery\0.6.4-SNAPSHOT\flo-bigquery-0.6.4-SNAPSHOT.pom
[INFO] Installing D:\A_ThucNghiem\scripts_v2\workspaces\20260724_010022_d3f7f7b1__baseline_readiness\075_46450575_6f1aba76\compiledrepos\46450575\contrib\flo-bigquery\target\flo-bigquery-0.6.4-SNAPSHOT.jar to C:\Users\admin\.m2\repository\com\spotify\flo-bigquery\0.6.4-SNAPSHOT\flo-bigquery-0.6.4-SNAPSHOT.jar
[INFO] ------------------------------------------------------------------------
[INFO] Reactor Summary for Flo 0.6.4-SNAPSHOT:
[INFO] 
[INFO] Flo ..............."
2026-07-23T18:22:56+00:00,maven_reactor_prewarm_wait,46450575,contrib/flo-bigquery,,77,46450575:contrib/flo-bigquery/src/main/java/com/spotify/flo/contrib/bigquery/bigqueryoutput.java,BigQueryOutput,,PASS,6.125,waited 6.125s for same repo/scope prewarm lock: maven:contrib/flo-bigquery
2026-07-23T18:22:56+00:00,baseline_sandbox_readiness,46450575,contrib/flo-bigquery,,75,46450575:contrib/flo-bigquery/src/main/java/com/spotify/flo/contrib/bigquery/bigqueryoperator.java,BigQueryOperator,BigQueryOperator_RBL4_6f1aba76Test,PASS,23.233,ok; sandbox readiness passed
2026-07-23T18:22:56+00:00,maven_reactor_prewarm,46450575,contrib/flo-bigquery,,77,46450575:contrib/flo-bigquery/src/main/java/com/spotify/flo/contrib/bigquery/bigqueryoutput.java,BigQueryOutput,,START,,prewarm reactor dependencies for -pl contrib/flo-bigquery; synthesized placeholder test hidden during prewarm: BigQueryOutput_RBL4_ea016342Test.java
2026-07-23T18:22:56+00:00,baseline_sandbox_readiness,46450575,contrib/flo-styx,,78,46450575:contrib/flo-styx/src/main/java/com/spotify/flo/contrib/styx/terminationlogging.java,TerminationLogging,TerminationLogging_RBL4_bd50ba45Test,START,,prepare per-class sandbox and run generation prewarm without invoking GPT/EvoSuite
2026-07-23T18:22:57+00:00,maven_reactor_prewarm,46450575,contrib/flo-styx,,78,46450575:contrib/flo-styx/src/main/java/com/spotify/flo/contrib/styx/terminationlogging.java,TerminationLogging,,START,,prewarm reactor dependencies for -pl contrib/flo-styx; synthesized placeholder test hidden during prewarm: TerminationLogging_RBL4_bd50ba45Test.java
2026-07-23T18:23:05+00:00,maven_reactor_prewarm,46450575,flo-workflow,,76,46450575:flo-workflow/src/main/java/com/spotify/flo/serialization.java,Serialization,,PASS,15.294,"rg.trimou.engine.config.noValueIndicatesProblem=false
org.trimou.engine.config.nestedTemplateSupportEnabled=true
org.trimou.engine.config.templateCacheEnabled=true
org.trimou.engine.resolver.ReflectionResolver.memberCacheMaxSize=10000
org.trimou.engine.config.precompileAllTemplates=false
org.trimou.engine.config.debugMode=false
org.trimou.engine.config.handlebarsSupportEnabled=true
org.trimou.engine.config.iterationMetadataAlias=iter
----------
[WARNING] /D:/A_ThucNghiem/scripts_v2/workspaces/20260724_010022_d3f7f7b1__baseline_readiness/076_46450575_0293e98e/compiledrepos/46450575/flo-workflow/src/test/java/com/spotify/flo/context/ForwardingEvalContextTest.java:[26,26] org.mockito.Matchers in org.mockito has been deprecated
[WARNING] /D:/A_ThucNghiem/scripts_v2/workspaces/20260724_010022_d3f7f7b1__baseline_readiness/076_46450575_0293e98e/compiledrepos/46450575/flo-workflow/src/test/java/com/spotify/flo/context/ForwardingEvalContextTest.java:[26,26] org.mockito.Matchers in org.mockito has been deprecated
[WARNING] /D:/A_ThucNghiem/scripts_v2/workspaces/20260724_010022_d3f7f7b1__baseline_readiness/076_46450575_0293e98e/compiledrepos/46450575/flo-workflow/src/test/java/com/spotify/flo/context/ForwardingEvalContextTest.java:[26,26] org.mockito.Matchers in org.mockito has been deprecated
[WARNING] /D:/A_ThucNghiem/scripts_v2/workspaces/20260724_010022_d3f7f7b1__baseline_readiness/076_46450575_0293e98e/compiledrepos/46450575/flo-workflow/src/test/java/com/spotify/flo/context/ForwardingEvalContextTest.java:[26,26] org.mockito.Matchers in org.mockito has been deprecated
[WARNING] /D:/A_ThucNghiem/scripts_v2/workspaces/20260724_010022_d3f7f7b1__baseline_readiness/076_46450575_0293e98e/compiledrepos/46450575/flo-workflow/src/test/java/com/spotify/flo/ControlledBlockingContext.java:[165,73] unchecked cast
  required: com.spotify.flo.ControlledBlockingContext.Interceptor<T>
  found:    com.spotify.flo.ControlledBlockingContext.Interceptor<capture#1 of ?>
[INFO] 
[INFO] --- surefire:2.21.0:test (default-test) @ flo-workflow ---
[INFO] Tests are skipped.
[INFO] 
[INFO] --- jar:3.0.2:jar (default-jar) @ flo-workflow ---
[INFO] Building jar: D:\A_ThucNghiem\scripts_v2\workspaces\20260724_010022_d3f7f7b1__baseline_readiness\076_46450575_0293e98e\compiledrepos\46450575\flo-workflow\target\flo-workflow-0.6.4-SNAPSHOT.jar
[INFO] 
[INFO] --- shade:3.1.1:shade (default) @ flo-workflow ---
[INFO] Excluding org.slf4j:slf4j-api:jar:1.7.30 from the shaded jar.
[INFO] Including io.grpc:grpc-context:jar:1.22.1 in the shaded jar.
[INFO] Replacing original artifact with shaded artifact.
[INFO] Replacing D:\A_ThucNghiem\scripts_v2\workspaces\20260724_010022_d3f7f7b1__baseline_readiness\076_46450575_0293e98e\compiledrepos\46450575\flo-workflow\target\flo-workflow-0.6.4-SNAPSHOT.jar with D:\A_ThucNghiem\scripts_v2\workspaces\20260724_010022_d3f7f7b1__baseline_readiness\076_46450575_0293e98e\compiledrepos\46450575\flo-workflow\target\flo-workflow-0.6.4-SNAPSHOT-shaded.jar
[INFO] Dependency-reduced POM written at: D:\A_ThucNghiem\scripts_v2\workspaces\20260724_010022_d3f7f7b1__baseline_readiness\076_46450575_0293e98e\compiledrepos\46450575\flo-workflow\dependency-reduced-pom.xml
[INFO] 
[INFO] --- failsafe:2.19.1:integration-test (default) @ flo-workflow ---
[INFO] Tests are skipped.
[INFO] 
[INFO] --- failsafe:2.19.1:verify (default) @ flo-workflow ---
[INFO] Tests are skipped.
[INFO] 
[INFO] --- install:3.1.4:install (default-install) @ flo-workflow ---
[INFO] Installing D:\A_ThucNghiem\scripts_v2\workspaces\20260724_010022_d3f7f7b1__baseline_readiness\076_46450575_0293e98e\compiledrepos\46450575\flo-workflow\dependency-reduced-pom.xml to C:\Users\admin\.m2\repository\com\spotify\flo-workflow\0.6.4-SNAPSHOT\flo-workflow-0.6.4-SNAPSHOT.pom
[INFO] Installing D:\A_ThucNghiem\scripts_v2\workspaces\20260724_010022_d3f7f7b1__baseline_readiness\076_46450575_0293e98e\compiledrepos\46450575\flo-workflow\target\flo-workflow-0.6.4-SNAPSHOT.jar to C:\Users\admin\.m2\repo"
2026-07-23T18:23:05+00:00,baseline_sandbox_readiness,46450575,flo-workflow,,76,46450575:flo-workflow/src/main/java/com/spotify/flo/serialization.java,Serialization,Serialization_RBL4_0293e98eTest,PASS,25.942,ok; sandbox readiness passed
2026-07-23T18:23:05+00:00,baseline_sandbox_readiness,46450575,flo-workflow,,79,46450575:flo-workflow/src/main/java/com/spotify/flo/context/memoizingcontext.java,MemoizingContext,MemoizingContext_RBL4_c253e1f9Test,START,,prepare per-class sandbox and run generation prewarm without invoking GPT/EvoSuite
2026-07-23T18:23:06+00:00,maven_reactor_prewarm,46450575,flo-workflow,,79,46450575:flo-workflow/src/main/java/com/spotify/flo/context/memoizingcontext.java,MemoizingContext,,START,,prewarm reactor dependencies for -pl flo-workflow; synthesized placeholder test hidden during prewarm: MemoizingContext_RBL4_c253e1f9Test.java
2026-07-23T18:23:06+00:00,maven_reactor_prewarm,46396068,hbase0.98/hbase-manager-0.98,,68,46396068:hbase0.98/hbase-manager-0.98/src/main/java/com/kakao/hbase/manager/command/balance.java,Balance,,PASS,44.652,"INFO] --- source:2.4:jar-no-fork (attach-sources) @ hbase-table-stat-0.98 ---
[INFO] Building jar: D:\A_ThucNghiem\scripts_v2\workspaces\20260724_010022_d3f7f7b1__baseline_readiness\068_46396068_d86eb020\compiledrepos\46396068\hbase0.98\hbase-table-stat-0.98\target\hbase-table-stat-0.98-1.6.0-sources.jar
[INFO] 
[INFO] --- javadoc:2.10.3:jar (attach-javadocs) @ hbase-table-stat-0.98 ---
[INFO] Skipping javadoc generation
[INFO] 
[INFO] -----------------< com.kakao.hbase:hbase-manager-0.98 >-----------------
[INFO] Building hbase-manager-0.98 1.6.0                                  [4/4]
[INFO]   from hbase-manager-0.98\pom.xml
[INFO] --------------------------------[ jar ]---------------------------------
[INFO] 
[INFO] --- resources:3.4.0:resources (default-resources) @ hbase-manager-0.98 ---
[INFO] skip non existing resourceDirectory D:\A_ThucNghiem\scripts_v2\workspaces\20260724_010022_d3f7f7b1__baseline_readiness\068_46396068_d86eb020\compiledrepos\46396068\hbase0.98\hbase-manager-0.98\src\main\resources
[INFO] 
[INFO] --- compiler:3.2:compile (default-compile) @ hbase-manager-0.98 ---
[INFO] Changes detected - recompiling the module!
[INFO] Compiling 13 source files to D:\A_ThucNghiem\scripts_v2\workspaces\20260724_010022_d3f7f7b1__baseline_readiness\068_46396068_d86eb020\compiledrepos\46396068\hbase0.98\hbase-manager-0.98\target\classes
[INFO] 
[INFO] --- resources:3.4.0:testResources (default-testResources) @ hbase-manager-0.98 ---
[INFO] skip non existing resourceDirectory D:\A_ThucNghiem\scripts_v2\workspaces\20260724_010022_d3f7f7b1__baseline_readiness\068_46396068_d86eb020\compiledrepos\46396068\hbase0.98\hbase-manager-0.98\src\test\resources
[INFO] 
[INFO] --- compiler:3.2:testCompile (default-testCompile) @ hbase-manager-0.98 ---
[INFO] Changes detected - recompiling the module!
[INFO] Compiling 18 source files to D:\A_ThucNghiem\scripts_v2\workspaces\20260724_010022_d3f7f7b1__baseline_readiness\068_46396068_d86eb020\compiledrepos\46396068\hbase0.98\hbase-manager-0.98\target\test-classes
[INFO] 
[INFO] --- surefire:2.18.1:test (default-test) @ hbase-manager-0.98 ---
[INFO] Tests are skipped.
[INFO] 
[INFO] --- jar:3.5.0:jar (default-jar) @ hbase-manager-0.98 ---
[INFO] Building jar: D:\A_ThucNghiem\scripts_v2\workspaces\20260724_010022_d3f7f7b1__baseline_readiness\068_46396068_d86eb020\compiledrepos\46396068\hbase0.98\hbase-manager-0.98\target\hbase-manager-0.98-1.6.0.jar
[INFO] 
[INFO] --- assembly:2.5.3:single (create-jar) @ hbase-manager-0.98 ---
[INFO] Building jar: D:\A_ThucNghiem\scripts_v2\workspaces\20260724_010022_d3f7f7b1__baseline_readiness\068_46396068_d86eb020\compiledrepos\46396068\hbase0.98\hbase-manager-0.98\target\hbase-manager-0.98-1.6.0-jar-with-dependencies.jar
[INFO] 
[INFO] --- install:3.1.4:install (default-install) @ hbase-manager-0.98 ---
[INFO] Installing D:\A_ThucNghiem\scripts_v2\workspaces\20260724_010022_d3f7f7b1__baseline_readiness\068_46396068_d86eb020\compiledrepos\46396068\hbase0.98\hbase-manager-0.98\pom.xml to C:\Users\admin\.m2\repository\com\kakao\hbase\hbase-manager-0.98\1.6.0\hbase-manager-0.98-1.6.0.pom
[INFO] Installing D:\A_ThucNghiem\scripts_v2\workspaces\20260724_010022_d3f7f7b1__baseline_readiness\068_46396068_d86eb020\compiledrepos\46396068\hbase0.98\hbase-manager-0.98\target\hbase-manager-0.98-1.6.0.jar to C:\Users\admin\.m2\repository\com\kakao\hbase\hbase-manager-0.98\1.6.0\hbase-manager-0.98-1.6.0.jar
[INFO] Installing D:\A_ThucNghiem\scripts_v2\workspaces\20260724_010022_d3f7f7b1__baseline_readiness\068_46396068_d86eb020\compiledrepos\46396068\hbase0.98\hbase-manager-0.98\target\hbase-manager-0.98-1.6.0-jar-with-dependencies.jar to C:\Users\admin\.m2\repository\com\kakao\hbase\hbase-manager-0.98\1.6.0\hbase-manager-0.98-1.6.0-jar-with-dependencies.jar
[INFO] 
[INFO] --- source:2.4:jar-no-fork (attach-sources) @ hbase-manager-0.98 ---
[INFO] Building jar: D:\A_ThucNghiem\scripts_v2\workspaces\20260724_010022_d3f7f7b1__baseline_readiness\068_46396068_d86eb020\compil"
2026-07-23T18:23:06+00:00,baseline_sandbox_readiness,46396068,hbase0.98/hbase-manager-0.98,,68,46396068:hbase0.98/hbase-manager-0.98/src/main/java/com/kakao/hbase/manager/command/balance.java,Balance,Balance_RBL4_d86eb020Test,PASS,113.666,ok; sandbox readiness passed
2026-07-23T18:23:06+00:00,baseline_sandbox_readiness,48046454,hazelcast-jet-core,,80,48046454:hazelcast-jet-core/src/main/java/com/hazelcast/jet/core/resettablesingletontraverser.java,ResettableSingletonTraverser,ResettableSingletonTraverser_RBL4_c7d874e7Test,START,,prepare per-class sandbox and run generation prewarm without invoking GPT/EvoSuite
2026-07-23T18:23:23+00:00,maven_reactor_prewarm,46450575,contrib/flo-styx,,78,46450575:contrib/flo-styx/src/main/java/com/spotify/flo/contrib/styx/terminationlogging.java,TerminationLogging,,PASS,26.196,"-install) @ flo-runner ---
[INFO] Installing D:\A_ThucNghiem\scripts_v2\workspaces\20260724_010022_d3f7f7b1__baseline_readiness\078_46450575_bd50ba45\compiledrepos\46450575\flo-runner\pom.xml to C:\Users\admin\.m2\repository\com\spotify\flo-runner\0.6.4-SNAPSHOT\flo-runner-0.6.4-SNAPSHOT.pom
[INFO] Installing D:\A_ThucNghiem\scripts_v2\workspaces\20260724_010022_d3f7f7b1__baseline_readiness\078_46450575_bd50ba45\compiledrepos\46450575\flo-runner\target\flo-runner-0.6.4-SNAPSHOT.jar to C:\Users\admin\.m2\repository\com\spotify\flo-runner\0.6.4-SNAPSHOT\flo-runner-0.6.4-SNAPSHOT.jar
[INFO] 
[INFO] ------------------------< com.spotify:flo-styx >------------------------
[INFO] Building Flo Styx 0.6.4-SNAPSHOT                                   [6/6]
[INFO]   from contrib\flo-styx\pom.xml
[INFO] --------------------------------[ jar ]---------------------------------
[INFO] 
[INFO] --- enforcer:1.4.1:enforce (enforce) @ flo-styx ---
[INFO] Skipping Rule Enforcement.
[INFO] 
[INFO] --- license:1.9:check-file-header (check-file-header) @ flo-styx ---
[INFO] Will search files to update from root D:\A_ThucNghiem\scripts_v2\workspaces\20260724_010022_d3f7f7b1__baseline_readiness\078_46450575_bd50ba45\compiledrepos\46450575\contrib\flo-styx\src\main\java
[INFO] Will search files to update from root D:\A_ThucNghiem\scripts_v2\workspaces\20260724_010022_d3f7f7b1__baseline_readiness\078_46450575_bd50ba45\compiledrepos\46450575\contrib\flo-styx\src\test\java
[INFO] Scan 8 files header done in 30.386ms.
[INFO] All files are up-to-date.
[INFO] 
[INFO] --- resources:3.4.0:resources (default-resources) @ flo-styx ---
[INFO] skip non existing resourceDirectory D:\A_ThucNghiem\scripts_v2\workspaces\20260724_010022_d3f7f7b1__baseline_readiness\078_46450575_bd50ba45\compiledrepos\46450575\contrib\flo-styx\src\main\resources
[INFO] 
[INFO] --- compiler:3.5.1:compile (default-compile) @ flo-styx ---
[INFO] Changes detected - recompiling the module!
[INFO] Compiling 5 source files to D:\A_ThucNghiem\scripts_v2\workspaces\20260724_010022_d3f7f7b1__baseline_readiness\078_46450575_bd50ba45\compiledrepos\46450575\contrib\flo-styx\target\classes
[INFO] 
[INFO] --- resources:3.4.0:testResources (default-testResources) @ flo-styx ---
[INFO] Copying 1 resource from src\test\resources to target\test-classes
[INFO] 
[INFO] --- compiler:3.5.1:testCompile (default-testCompile) @ flo-styx ---
[INFO] Changes detected - recompiling the module!
[INFO] Compiling 3 source files to D:\A_ThucNghiem\scripts_v2\workspaces\20260724_010022_d3f7f7b1__baseline_readiness\078_46450575_bd50ba45\compiledrepos\46450575\contrib\flo-styx\target\test-classes
[INFO] 
[INFO] --- surefire:2.21.0:test (default-test) @ flo-styx ---
[INFO] Tests are skipped.
[INFO] 
[INFO] --- jar:3.0.2:jar (default-jar) @ flo-styx ---
[INFO] Building jar: D:\A_ThucNghiem\scripts_v2\workspaces\20260724_010022_d3f7f7b1__baseline_readiness\078_46450575_bd50ba45\compiledrepos\46450575\contrib\flo-styx\target\flo-styx-0.6.4-SNAPSHOT.jar
[INFO] 
[INFO] --- failsafe:2.19.1:integration-test (default) @ flo-styx ---
[INFO] Tests are skipped.
[INFO] 
[INFO] --- failsafe:2.19.1:verify (default) @ flo-styx ---
[INFO] Tests are skipped.
[INFO] 
[INFO] --- install:3.1.4:install (default-install) @ flo-styx ---
[INFO] Installing D:\A_ThucNghiem\scripts_v2\workspaces\20260724_010022_d3f7f7b1__baseline_readiness\078_46450575_bd50ba45\compiledrepos\46450575\contrib\flo-styx\pom.xml to C:\Users\admin\.m2\repository\com\spotify\flo-styx\0.6.4-SNAPSHOT\flo-styx-0.6.4-SNAPSHOT.pom
[INFO] Installing D:\A_ThucNghiem\scripts_v2\workspaces\20260724_010022_d3f7f7b1__baseline_readiness\078_46450575_bd50ba45\compiledrepos\46450575\contrib\flo-styx\target\flo-styx-0.6.4-SNAPSHOT.jar to C:\Users\admin\.m2\repository\com\spotify\flo-styx\0.6.4-SNAPSHOT\flo-styx-0.6.4-SNAPSHOT.jar
[INFO] ------------------------------------------------------------------------
[INFO] Reactor Summary for Flo 0.6.4-SNAPSHOT:
[INFO] 
[INFO] Flo ..............."
2026-07-23T18:23:23+00:00,baseline_sandbox_readiness,46450575,contrib/flo-styx,,78,46450575:contrib/flo-styx/src/main/java/com/spotify/flo/contrib/styx/terminationlogging.java,TerminationLogging,TerminationLogging_RBL4_bd50ba45Test,PASS,26.503,ok; sandbox readiness passed
2026-07-23T18:23:23+00:00,baseline_sandbox_readiness,48046454,hazelcast-jet-core,,81,48046454:hazelcast-jet-core/src/main/java/com/hazelcast/jet/core/slidingwindowpolicy.java,SlidingWindowPolicy,SlidingWindowPolicy_RBL4_0ca1a5feTest,START,,prepare per-class sandbox and run generation prewarm without invoking GPT/EvoSuite
2026-07-23T18:23:23+00:00,maven_reactor_prewarm,46450575,contrib/flo-bigquery,,77,46450575:contrib/flo-bigquery/src/main/java/com/spotify/flo/contrib/bigquery/bigqueryoutput.java,BigQueryOutput,,PASS,26.71,"tify/flo/contrib/bigquery/GcpOptions.java:[23,52] com.google.api.client.googleapis.auth.oauth2.GoogleCredential in com.google.api.client.googleapis.auth.oauth2 has been deprecated
[INFO] 
[INFO] --- resources:3.4.0:testResources (default-testResources) @ flo-bigquery ---
[INFO] skip non existing resourceDirectory D:\A_ThucNghiem\scripts_v2\workspaces\20260724_010022_d3f7f7b1__baseline_readiness\077_46450575_ea016342\compiledrepos\46450575\contrib\flo-bigquery\src\test\resources
[INFO] 
[INFO] --- compiler:3.5.1:testCompile (default-testCompile) @ flo-bigquery ---
[INFO] Changes detected - recompiling the module!
[INFO] Compiling 4 source files to D:\A_ThucNghiem\scripts_v2\workspaces\20260724_010022_d3f7f7b1__baseline_readiness\077_46450575_ea016342\compiledrepos\46450575\contrib\flo-bigquery\target\test-classes
[WARNING] /D:/A_ThucNghiem/scripts_v2/workspaces/20260724_010022_d3f7f7b1__baseline_readiness/077_46450575_ea016342/compiledrepos/46450575/contrib/flo-bigquery/src/test/java/com/spotify/flo/contrib/bigquery/BigQueryOutputTest.java:[27,26] org.mockito.Matchers in org.mockito has been deprecated
[WARNING] /D:/A_ThucNghiem/scripts_v2/workspaces/20260724_010022_d3f7f7b1__baseline_readiness/077_46450575_ea016342/compiledrepos/46450575/contrib/flo-bigquery/src/test/java/com/spotify/flo/contrib/bigquery/BigQueryTasksTest.java:[29,26] org.mockito.Matchers in org.mockito has been deprecated
[WARNING] /D:/A_ThucNghiem/scripts_v2/workspaces/20260724_010022_d3f7f7b1__baseline_readiness/077_46450575_ea016342/compiledrepos/46450575/contrib/flo-bigquery/src/test/java/com/spotify/flo/contrib/bigquery/BigQueryOutputTest.java:[27,26] org.mockito.Matchers in org.mockito has been deprecated
[WARNING] /D:/A_ThucNghiem/scripts_v2/workspaces/20260724_010022_d3f7f7b1__baseline_readiness/077_46450575_ea016342/compiledrepos/46450575/contrib/flo-bigquery/src/test/java/com/spotify/flo/contrib/bigquery/BigQueryTasksTest.java:[29,26] org.mockito.Matchers in org.mockito has been deprecated
[WARNING] /D:/A_ThucNghiem/scripts_v2/workspaces/20260724_010022_d3f7f7b1__baseline_readiness/077_46450575_ea016342/compiledrepos/46450575/contrib/flo-bigquery/src/test/java/com/spotify/flo/contrib/bigquery/BigQueryOutputTest.java:[27,26] org.mockito.Matchers in org.mockito has been deprecated
[WARNING] /D:/A_ThucNghiem/scripts_v2/workspaces/20260724_010022_d3f7f7b1__baseline_readiness/077_46450575_ea016342/compiledrepos/46450575/contrib/flo-bigquery/src/test/java/com/spotify/flo/contrib/bigquery/BigQueryTasksTest.java:[29,26] org.mockito.Matchers in org.mockito has been deprecated
[INFO] 
[INFO] --- surefire:2.21.0:test (default-test) @ flo-bigquery ---
[INFO] Tests are skipped.
[INFO] 
[INFO] --- jar:3.0.2:jar (default-jar) @ flo-bigquery ---
[INFO] Building jar: D:\A_ThucNghiem\scripts_v2\workspaces\20260724_010022_d3f7f7b1__baseline_readiness\077_46450575_ea016342\compiledrepos\46450575\contrib\flo-bigquery\target\flo-bigquery-0.6.4-SNAPSHOT.jar
[INFO] 
[INFO] --- failsafe:2.19.1:integration-test (default) @ flo-bigquery ---
[INFO] Tests are skipped.
[INFO] 
[INFO] --- failsafe:2.19.1:verify (default) @ flo-bigquery ---
[INFO] Tests are skipped.
[INFO] 
[INFO] --- install:3.1.4:install (default-install) @ flo-bigquery ---
[INFO] Installing D:\A_ThucNghiem\scripts_v2\workspaces\20260724_010022_d3f7f7b1__baseline_readiness\077_46450575_ea016342\compiledrepos\46450575\contrib\flo-bigquery\pom.xml to C:\Users\admin\.m2\repository\com\spotify\flo-bigquery\0.6.4-SNAPSHOT\flo-bigquery-0.6.4-SNAPSHOT.pom
[INFO] Installing D:\A_ThucNghiem\scripts_v2\workspaces\20260724_010022_d3f7f7b1__baseline_readiness\077_46450575_ea016342\compiledrepos\46450575\contrib\flo-bigquery\target\flo-bigquery-0.6.4-SNAPSHOT.jar to C:\Users\admin\.m2\repository\com\spotify\flo-bigquery\0.6.4-SNAPSHOT\flo-bigquery-0.6.4-SNAPSHOT.jar
[INFO] ------------------------------------------------------------------------
[INFO] Reactor Summary for Flo 0.6.4-SNAPSHOT:
[INFO] 
[INFO] Flo ..............."
2026-07-23T18:23:23+00:00,baseline_sandbox_readiness,46450575,contrib/flo-bigquery,,77,46450575:contrib/flo-bigquery/src/main/java/com/spotify/flo/contrib/bigquery/bigqueryoutput.java,BigQueryOutput,BigQueryOutput_RBL4_ea016342Test,PASS,33.022,ok; sandbox readiness passed
2026-07-23T18:23:23+00:00,baseline_sandbox_readiness,48046454,hazelcast-jet-core,,82,48046454:hazelcast-jet-core/src/main/java/com/hazelcast/jet/impl/processor/insertwatermarksp.java,InsertWatermarksP,InsertWatermarksP_RBL4_c320ce76Test,START,,prepare per-class sandbox and run generation prewarm without invoking GPT/EvoSuite
2026-07-23T18:23:25+00:00,maven_reactor_prewarm,46450575,flo-workflow,,79,46450575:flo-workflow/src/main/java/com/spotify/flo/context/memoizingcontext.java,MemoizingContext,,PASS,19.698,"rg.trimou.engine.config.noValueIndicatesProblem=false
org.trimou.engine.config.nestedTemplateSupportEnabled=true
org.trimou.engine.config.templateCacheEnabled=true
org.trimou.engine.resolver.ReflectionResolver.memberCacheMaxSize=10000
org.trimou.engine.config.precompileAllTemplates=false
org.trimou.engine.config.debugMode=false
org.trimou.engine.config.handlebarsSupportEnabled=true
org.trimou.engine.config.iterationMetadataAlias=iter
----------
[WARNING] /D:/A_ThucNghiem/scripts_v2/workspaces/20260724_010022_d3f7f7b1__baseline_readiness/079_46450575_c253e1f9/compiledrepos/46450575/flo-workflow/src/test/java/com/spotify/flo/context/ForwardingEvalContextTest.java:[26,26] org.mockito.Matchers in org.mockito has been deprecated
[WARNING] /D:/A_ThucNghiem/scripts_v2/workspaces/20260724_010022_d3f7f7b1__baseline_readiness/079_46450575_c253e1f9/compiledrepos/46450575/flo-workflow/src/test/java/com/spotify/flo/context/ForwardingEvalContextTest.java:[26,26] org.mockito.Matchers in org.mockito has been deprecated
[WARNING] /D:/A_ThucNghiem/scripts_v2/workspaces/20260724_010022_d3f7f7b1__baseline_readiness/079_46450575_c253e1f9/compiledrepos/46450575/flo-workflow/src/test/java/com/spotify/flo/context/ForwardingEvalContextTest.java:[26,26] org.mockito.Matchers in org.mockito has been deprecated
[WARNING] /D:/A_ThucNghiem/scripts_v2/workspaces/20260724_010022_d3f7f7b1__baseline_readiness/079_46450575_c253e1f9/compiledrepos/46450575/flo-workflow/src/test/java/com/spotify/flo/context/ForwardingEvalContextTest.java:[26,26] org.mockito.Matchers in org.mockito has been deprecated
[WARNING] /D:/A_ThucNghiem/scripts_v2/workspaces/20260724_010022_d3f7f7b1__baseline_readiness/079_46450575_c253e1f9/compiledrepos/46450575/flo-workflow/src/test/java/com/spotify/flo/ControlledBlockingContext.java:[165,73] unchecked cast
  required: com.spotify.flo.ControlledBlockingContext.Interceptor<T>
  found:    com.spotify.flo.ControlledBlockingContext.Interceptor<capture#1 of ?>
[INFO] 
[INFO] --- surefire:2.21.0:test (default-test) @ flo-workflow ---
[INFO] Tests are skipped.
[INFO] 
[INFO] --- jar:3.0.2:jar (default-jar) @ flo-workflow ---
[INFO] Building jar: D:\A_ThucNghiem\scripts_v2\workspaces\20260724_010022_d3f7f7b1__baseline_readiness\079_46450575_c253e1f9\compiledrepos\46450575\flo-workflow\target\flo-workflow-0.6.4-SNAPSHOT.jar
[INFO] 
[INFO] --- shade:3.1.1:shade (default) @ flo-workflow ---
[INFO] Excluding org.slf4j:slf4j-api:jar:1.7.30 from the shaded jar.
[INFO] Including io.grpc:grpc-context:jar:1.22.1 in the shaded jar.
[INFO] Replacing original artifact with shaded artifact.
[INFO] Replacing D:\A_ThucNghiem\scripts_v2\workspaces\20260724_010022_d3f7f7b1__baseline_readiness\079_46450575_c253e1f9\compiledrepos\46450575\flo-workflow\target\flo-workflow-0.6.4-SNAPSHOT.jar with D:\A_ThucNghiem\scripts_v2\workspaces\20260724_010022_d3f7f7b1__baseline_readiness\079_46450575_c253e1f9\compiledrepos\46450575\flo-workflow\target\flo-workflow-0.6.4-SNAPSHOT-shaded.jar
[INFO] Dependency-reduced POM written at: D:\A_ThucNghiem\scripts_v2\workspaces\20260724_010022_d3f7f7b1__baseline_readiness\079_46450575_c253e1f9\compiledrepos\46450575\flo-workflow\dependency-reduced-pom.xml
[INFO] 
[INFO] --- failsafe:2.19.1:integration-test (default) @ flo-workflow ---
[INFO] Tests are skipped.
[INFO] 
[INFO] --- failsafe:2.19.1:verify (default) @ flo-workflow ---
[INFO] Tests are skipped.
[INFO] 
[INFO] --- install:3.1.4:install (default-install) @ flo-workflow ---
[INFO] Installing D:\A_ThucNghiem\scripts_v2\workspaces\20260724_010022_d3f7f7b1__baseline_readiness\079_46450575_c253e1f9\compiledrepos\46450575\flo-workflow\dependency-reduced-pom.xml to C:\Users\admin\.m2\repository\com\spotify\flo-workflow\0.6.4-SNAPSHOT\flo-workflow-0.6.4-SNAPSHOT.pom
[INFO] Installing D:\A_ThucNghiem\scripts_v2\workspaces\20260724_010022_d3f7f7b1__baseline_readiness\079_46450575_c253e1f9\compiledrepos\46450575\flo-workflow\target\flo-workflow-0.6.4-SNAPSHOT.jar to C:\Users\admin\.m2\repo"
2026-07-23T18:23:25+00:00,baseline_sandbox_readiness,46450575,flo-workflow,,79,46450575:flo-workflow/src/main/java/com/spotify/flo/context/memoizingcontext.java,MemoizingContext,MemoizingContext_RBL4_c253e1f9Test,PASS,19.929,ok; sandbox readiness passed
2026-07-23T18:23:25+00:00,baseline_sandbox_readiness,48046454,hazelcast-jet-core,,83,48046454:hazelcast-jet-core/src/main/java/com/hazelcast/jet/impl/serialization/delegatingserializationservice.java,DelegatingSerializationService,DelegatingSerializationService_RBL4_7ac59f01Test,START,,prepare per-class sandbox and run generation prewarm without invoking GPT/EvoSuite
2026-07-23T18:24:32+00:00,baseline_sandbox_readiness,48046454,hazelcast-jet-core,,81,48046454:hazelcast-jet-core/src/main/java/com/hazelcast/jet/core/slidingwindowpolicy.java,SlidingWindowPolicy,SlidingWindowPolicy_RBL4_0ca1a5feTest,PASS,69.004,ok; sandbox readiness passed
2026-07-23T18:24:32+00:00,baseline_sandbox_readiness,48046454,hazelcast-jet-core,,82,48046454:hazelcast-jet-core/src/main/java/com/hazelcast/jet/impl/processor/insertwatermarksp.java,InsertWatermarksP,InsertWatermarksP_RBL4_c320ce76Test,PASS,68.795,ok; sandbox readiness passed
2026-07-23T18:24:32+00:00,baseline_sandbox_readiness,48046454,hazelcast-jet-core,,83,48046454:hazelcast-jet-core/src/main/java/com/hazelcast/jet/impl/serialization/delegatingserializationservice.java,DelegatingSerializationService,DelegatingSerializationService_RBL4_7ac59f01Test,PASS,66.591,ok; sandbox readiness passed
2026-07-23T18:24:32+00:00,baseline_sandbox_readiness,48046454,hazelcast-jet-core,,80,48046454:hazelcast-jet-core/src/main/java/com/hazelcast/jet/core/resettablesingletontraverser.java,ResettableSingletonTraverser,ResettableSingletonTraverser_RBL4_c7d874e7Test,PASS,86.037,ok; sandbox readiness passed
2026-07-23T18:24:32+00:00,baseline_sandbox_readiness,48046454,hazelcast-jet-core,,84,48046454:hazelcast-jet-core/src/main/java/com/hazelcast/jet/impl/util/reflectionutils.java,ReflectionUtils,ReflectionUtils_RBL4_4f424f3bTest,START,,prepare per-class sandbox and run generation prewarm without invoking GPT/EvoSuite
2026-07-23T18:24:32+00:00,baseline_sandbox_readiness,48046454,hazelcast-jet-core,,85,48046454:hazelcast-jet-core/src/main/java/com/hazelcast/jet/impl/connector/writefilep.java,WriteFileP,WriteFileP_RBL4_85ca0ba5Test,START,,prepare per-class sandbox and run generation prewarm without invoking GPT/EvoSuite
2026-07-23T18:24:32+00:00,baseline_sandbox_readiness,48046454,hazelcast-jet-core,,86,48046454:hazelcast-jet-core/src/main/java/com/hazelcast/jet/impl/connector/streamfilesp.java,StreamFilesP,StreamFilesP_RBL4_cc4c3bc7Test,START,,prepare per-class sandbox and run generation prewarm without invoking GPT/EvoSuite
2026-07-23T18:24:32+00:00,baseline_sandbox_readiness,48046454,hazelcast-jet-core,,87,48046454:hazelcast-jet-core/src/main/java/com/hazelcast/jet/config/jobconfig.java,JobConfig,JobConfig_RBL4_3a062b6cTest,START,,prepare per-class sandbox and run generation prewarm without invoking GPT/EvoSuite
2026-07-23T18:24:37+00:00,baseline_sandbox_readiness,48046454,hazelcast-jet-core,,84,48046454:hazelcast-jet-core/src/main/java/com/hazelcast/jet/impl/util/reflectionutils.java,ReflectionUtils,ReflectionUtils_RBL4_4f424f3bTest,PASS,4.83,ok; sandbox readiness passed
2026-07-23T18:24:37+00:00,baseline_sandbox_readiness,49384652,niubi-job-framework/niubi-job-core,,88,49384652:niubi-job-framework/niubi-job-core/src/main/java/com/zuoxiaolong/niubi/job/core/helper/jsonhelper.java,JsonHelper,JsonHelper_RBL4_c3d480dcTest,START,,prepare per-class sandbox and run generation prewarm without invoking GPT/EvoSuite
2026-07-23T18:24:37+00:00,baseline_sandbox_readiness,48046454,hazelcast-jet-core,,87,48046454:hazelcast-jet-core/src/main/java/com/hazelcast/jet/config/jobconfig.java,JobConfig,JobConfig_RBL4_3a062b6cTest,PASS,4.85,ok; sandbox readiness passed
2026-07-23T18:24:37+00:00,baseline_sandbox_readiness,49384652,niubi-job-framework/niubi-job-service,,89,49384652:niubi-job-framework/niubi-job-service/src/main/java/com/zuoxiaolong/niubi/job/service/impl/masterslavejobsummaryserviceimpl.java,MasterSlaveJobSummaryServiceImpl,MasterSlaveJobSummaryServiceImpl_RBL4_7f5ca105Test,START,,prepare per-class sandbox and run generation prewarm without invoking GPT/EvoSuite
2026-07-23T18:24:37+00:00,baseline_sandbox_readiness,48046454,hazelcast-jet-core,,86,48046454:hazelcast-jet-core/src/main/java/com/hazelcast/jet/impl/connector/streamfilesp.java,StreamFilesP,StreamFilesP_RBL4_cc4c3bc7Test,PASS,4.894,ok; sandbox readiness passed
2026-07-23T18:24:37+00:00,baseline_sandbox_readiness,49384652,niubi-job-framework/niubi-job-service,,90,49384652:niubi-job-framework/niubi-job-service/src/main/java/com/zuoxiaolong/niubi/job/service/impl/standbyjobsummaryserviceimpl.java,StandbyJobSummaryServiceImpl,StandbyJobSummaryServiceImpl_RBL4_28ebbe05Test,START,,prepare per-class sandbox and run generation prewarm without invoking GPT/EvoSuite
2026-07-23T18:24:37+00:00,baseline_sandbox_readiness,48046454,hazelcast-jet-core,,85,48046454:hazelcast-jet-core/src/main/java/com/hazelcast/jet/impl/connector/writefilep.java,WriteFileP,WriteFileP_RBL4_85ca0ba5Test,PASS,4.91,ok; sandbox readiness passed
2026-07-23T18:24:37+00:00,baseline_sandbox_readiness,49384652,niubi-job-framework/niubi-job-service,,91,49384652:niubi-job-framework/niubi-job-service/src/main/java/com/zuoxiaolong/niubi/job/service/impl/standbynodeserviceimpl.java,StandbyNodeServiceImpl,StandbyNodeServiceImpl_RBL4_b0b0f02aTest,START,,prepare per-class sandbox and run generation prewarm without invoking GPT/EvoSuite
2026-07-23T18:24:50+00:00,maven_reactor_prewarm,49384652,niubi-job-framework/niubi-job-service,,91,49384652:niubi-job-framework/niubi-job-service/src/main/java/com/zuoxiaolong/niubi/job/service/impl/standbynodeserviceimpl.java,StandbyNodeServiceImpl,,START,,prewarm reactor dependencies for -pl niubi-job-framework/niubi-job-service; synthesized placeholder test hidden during prewarm: StandbyNodeServiceImpl_RBL4_b0b0f02aTest.java
2026-07-23T18:24:50+00:00,maven_reactor_prewarm,49384652,niubi-job-framework/niubi-job-core,,88,49384652:niubi-job-framework/niubi-job-core/src/main/java/com/zuoxiaolong/niubi/job/core/helper/jsonhelper.java,JsonHelper,,START,,prewarm reactor dependencies for -pl niubi-job-framework/niubi-job-core; synthesized placeholder test hidden during prewarm: JsonHelper_RBL4_c3d480dcTest.java
2026-07-23T18:25:01+00:00,maven_reactor_prewarm,49384652,niubi-job-framework/niubi-job-core,,88,49384652:niubi-job-framework/niubi-job-core/src/main/java/com/zuoxiaolong/niubi/job/core/helper/jsonhelper.java,JsonHelper,,PASS,10.584,"INFO] 
[INFO] ----------------< com.zuoxiaolong:niubi-job-framework >-----------------
[INFO] Building com.zuoxiaolong:niubi-job-framework 0.9.6.1-SNAPSHOT      [3/4]
[INFO]   from niubi-job-framework\pom.xml
[INFO] --------------------------------[ pom ]---------------------------------
[INFO] 
[INFO] --- source:2.4:jar-no-fork (attach-sources) @ niubi-job-framework ---
[INFO] 
[INFO] --- install:3.1.4:install (default-install) @ niubi-job-framework ---
[INFO] Installing D:\A_ThucNghiem\scripts_v2\workspaces\20260724_010022_d3f7f7b1__baseline_readiness\088_49384652_c3d480dc\compiledrepos\49384652\niubi-job-framework\pom.xml to C:\Users\admin\.m2\repository\com\zuoxiaolong\niubi-job-framework\0.9.6.1-SNAPSHOT\niubi-job-framework-0.9.6.1-SNAPSHOT.pom
[INFO] 
[INFO] -------------------< com.zuoxiaolong:niubi-job-core >-------------------
[INFO] Building com.zuoxiaolong:niubi-job-core 0.9.6.1-SNAPSHOT           [4/4]
[INFO]   from niubi-job-framework\niubi-job-core\pom.xml
[INFO] --------------------------------[ jar ]---------------------------------
[INFO] 
[INFO] --- resources:3.4.0:resources (default-resources) @ niubi-job-core ---
[INFO] skip non existing resourceDirectory D:\A_ThucNghiem\scripts_v2\workspaces\20260724_010022_d3f7f7b1__baseline_readiness\088_49384652_c3d480dc\compiledrepos\49384652\niubi-job-framework\niubi-job-core\src\main\resources
[INFO] 
[INFO] --- compiler:3.3:compile (default-compile) @ niubi-job-core ---
[INFO] Changes detected - recompiling the module!
[INFO] Compiling 16 source files to D:\A_ThucNghiem\scripts_v2\workspaces\20260724_010022_d3f7f7b1__baseline_readiness\088_49384652_c3d480dc\compiledrepos\49384652\niubi-job-framework\niubi-job-core\target\classes
[INFO] 
[INFO] --- resources:3.4.0:testResources (default-testResources) @ niubi-job-core ---
[INFO] skip non existing resourceDirectory D:\A_ThucNghiem\scripts_v2\workspaces\20260724_010022_d3f7f7b1__baseline_readiness\088_49384652_c3d480dc\compiledrepos\49384652\niubi-job-framework\niubi-job-core\src\test\resources
[INFO] 
[INFO] --- compiler:3.3:testCompile (default-testCompile) @ niubi-job-core ---
[INFO] Changes detected - recompiling the module!
[INFO] Compiling 13 source files to D:\A_ThucNghiem\scripts_v2\workspaces\20260724_010022_d3f7f7b1__baseline_readiness\088_49384652_c3d480dc\compiledrepos\49384652\niubi-job-framework\niubi-job-core\target\test-classes
[INFO] 
[INFO] --- surefire:3.5.4:test (default-test) @ niubi-job-core ---
[INFO] Tests are skipped.
[INFO] 
[INFO] --- jar:2.4:jar (default-jar) @ niubi-job-core ---
[INFO] Building jar: D:\A_ThucNghiem\scripts_v2\workspaces\20260724_010022_d3f7f7b1__baseline_readiness\088_49384652_c3d480dc\compiledrepos\49384652\niubi-job-framework\niubi-job-core\target\niubi-job-core-0.9.6.1-SNAPSHOT.jar
[INFO] 
[INFO] --- source:2.4:jar-no-fork (attach-sources) @ niubi-job-core ---
[INFO] Building jar: D:\A_ThucNghiem\scripts_v2\workspaces\20260724_010022_d3f7f7b1__baseline_readiness\088_49384652_c3d480dc\compiledrepos\49384652\niubi-job-framework\niubi-job-core\target\niubi-job-core-0.9.6.1-SNAPSHOT-sources.jar
[INFO] 
[INFO] --- install:3.1.4:install (default-install) @ niubi-job-core ---
[INFO] Installing D:\A_ThucNghiem\scripts_v2\workspaces\20260724_010022_d3f7f7b1__baseline_readiness\088_49384652_c3d480dc\compiledrepos\49384652\niubi-job-framework\niubi-job-core\pom.xml to C:\Users\admin\.m2\repository\com\zuoxiaolong\niubi-job-core\0.9.6.1-SNAPSHOT\niubi-job-core-0.9.6.1-SNAPSHOT.pom
[INFO] Installing D:\A_ThucNghiem\scripts_v2\workspaces\20260724_010022_d3f7f7b1__baseline_readiness\088_49384652_c3d480dc\compiledrepos\49384652\niubi-job-framework\niubi-job-core\target\niubi-job-core-0.9.6.1-SNAPSHOT.jar to C:\Users\admin\.m2\repository\com\zuoxiaolong\niubi-job-core\0.9.6.1-SNAPSHOT\niubi-job-core-0.9.6.1-SNAPSHOT.jar
[INFO] Installing D:\A_ThucNghiem\scripts_v2\workspaces\20260724_010022_d3f7f7b1__baseline_readiness\088_49384652_c3d480dc\compiledrepos\49384652\niubi-job-framework\niub"
2026-07-23T18:25:01+00:00,baseline_sandbox_readiness,49384652,niubi-job-framework/niubi-job-core,,88,49384652:niubi-job-framework/niubi-job-core/src/main/java/com/zuoxiaolong/niubi/job/core/helper/jsonhelper.java,JsonHelper,JsonHelper_RBL4_c3d480dcTest,PASS,24.012,ok; sandbox readiness passed
2026-07-23T18:25:01+00:00,baseline_sandbox_readiness,49384652,niubi-job-framework/niubi-job-service,,92,49384652:niubi-job-framework/niubi-job-service/src/main/java/com/zuoxiaolong/niubi/job/service/impl/masterslavenodeserviceimpl.java,MasterSlaveNodeServiceImpl,MasterSlaveNodeServiceImpl_RBL4_a80bae5fTest,START,,prepare per-class sandbox and run generation prewarm without invoking GPT/EvoSuite
2026-07-23T18:25:10+00:00,maven_reactor_prewarm,49384652,niubi-job-framework/niubi-job-service,,91,49384652:niubi-job-framework/niubi-job-service/src/main/java/com/zuoxiaolong/niubi/job/service/impl/standbynodeserviceimpl.java,StandbyNodeServiceImpl,,PASS,19.894,"7b1__baseline_readiness\091_49384652_b0b0f02a\compiledrepos\49384652\niubi-job-framework\niubi-job-persistent\target\niubi-job-persistent-0.9.6.1-SNAPSHOT.jar to C:\Users\admin\.m2\repository\com\zuoxiaolong\niubi-job-persistent\0.9.6.1-SNAPSHOT\niubi-job-persistent-0.9.6.1-SNAPSHOT.jar
[INFO] Installing D:\A_ThucNghiem\scripts_v2\workspaces\20260724_010022_d3f7f7b1__baseline_readiness\091_49384652_b0b0f02a\compiledrepos\49384652\niubi-job-framework\niubi-job-persistent\target\niubi-job-persistent-0.9.6.1-SNAPSHOT-sources.jar to C:\Users\admin\.m2\repository\com\zuoxiaolong\niubi-job-persistent\0.9.6.1-SNAPSHOT\niubi-job-persistent-0.9.6.1-SNAPSHOT-sources.jar
[INFO] 
[INFO] -----------------< com.zuoxiaolong:niubi-job-service >------------------
[INFO] Building com.zuoxiaolong:niubi-job-service 0.9.6.1-SNAPSHOT        [8/8]
[INFO]   from niubi-job-framework\niubi-job-service\pom.xml
[INFO] --------------------------------[ jar ]---------------------------------
[INFO] 
[INFO] --- resources:3.4.0:resources (default-resources) @ niubi-job-service ---
[INFO] Copying 2 resources from src\main\resources to target\classes
[INFO] 
[INFO] --- compiler:3.3:compile (default-compile) @ niubi-job-service ---
[INFO] Changes detected - recompiling the module!
[INFO] Compiling 29 source files to D:\A_ThucNghiem\scripts_v2\workspaces\20260724_010022_d3f7f7b1__baseline_readiness\091_49384652_b0b0f02a\compiledrepos\49384652\niubi-job-framework\niubi-job-service\target\classes
[INFO] 
[INFO] --- resources:3.4.0:testResources (default-testResources) @ niubi-job-service ---
[INFO] Copying 4 resources from src\test\resources to target\test-classes
[INFO] 
[INFO] --- compiler:3.3:testCompile (default-testCompile) @ niubi-job-service ---
[INFO] Changes detected - recompiling the module!
[INFO] Compiling 9 source files to D:\A_ThucNghiem\scripts_v2\workspaces\20260724_010022_d3f7f7b1__baseline_readiness\091_49384652_b0b0f02a\compiledrepos\49384652\niubi-job-framework\niubi-job-service\target\test-classes
[INFO] 
[INFO] --- surefire:3.5.4:test (default-test) @ niubi-job-service ---
[INFO] Tests are skipped.
[INFO] 
[INFO] --- jar:2.4:jar (default-jar) @ niubi-job-service ---
[INFO] Building jar: D:\A_ThucNghiem\scripts_v2\workspaces\20260724_010022_d3f7f7b1__baseline_readiness\091_49384652_b0b0f02a\compiledrepos\49384652\niubi-job-framework\niubi-job-service\target\niubi-job-service-0.9.6.1-SNAPSHOT.jar
[INFO] 
[INFO] --- source:2.4:jar-no-fork (attach-sources) @ niubi-job-service ---
[INFO] Building jar: D:\A_ThucNghiem\scripts_v2\workspaces\20260724_010022_d3f7f7b1__baseline_readiness\091_49384652_b0b0f02a\compiledrepos\49384652\niubi-job-framework\niubi-job-service\target\niubi-job-service-0.9.6.1-SNAPSHOT-sources.jar
[INFO] 
[INFO] --- install:3.1.4:install (default-install) @ niubi-job-service ---
[INFO] Installing D:\A_ThucNghiem\scripts_v2\workspaces\20260724_010022_d3f7f7b1__baseline_readiness\091_49384652_b0b0f02a\compiledrepos\49384652\niubi-job-framework\niubi-job-service\pom.xml to C:\Users\admin\.m2\repository\com\zuoxiaolong\niubi-job-service\0.9.6.1-SNAPSHOT\niubi-job-service-0.9.6.1-SNAPSHOT.pom
[INFO] Installing D:\A_ThucNghiem\scripts_v2\workspaces\20260724_010022_d3f7f7b1__baseline_readiness\091_49384652_b0b0f02a\compiledrepos\49384652\niubi-job-framework\niubi-job-service\target\niubi-job-service-0.9.6.1-SNAPSHOT.jar to C:\Users\admin\.m2\repository\com\zuoxiaolong\niubi-job-service\0.9.6.1-SNAPSHOT\niubi-job-service-0.9.6.1-SNAPSHOT.jar
[INFO] Installing D:\A_ThucNghiem\scripts_v2\workspaces\20260724_010022_d3f7f7b1__baseline_readiness\091_49384652_b0b0f02a\compiledrepos\49384652\niubi-job-framework\niubi-job-service\target\niubi-job-service-0.9.6.1-SNAPSHOT-sources.jar to C:\Users\admin\.m2\repository\com\zuoxiaolong\niubi-job-service\0.9.6.1-SNAPSHOT\niubi-job-service-0.9.6.1-SNAPSHOT-sources.jar
[INFO] ------------------------------------------------------------------------
[INFO] Reactor Summary for com.zuoxiaolong:niubi-job 0"
2026-07-23T18:25:10+00:00,baseline_sandbox_readiness,49384652,niubi-job-framework/niubi-job-service,,91,49384652:niubi-job-framework/niubi-job-service/src/main/java/com/zuoxiaolong/niubi/job/service/impl/standbynodeserviceimpl.java,StandbyNodeServiceImpl,StandbyNodeServiceImpl_RBL4_b0b0f02aTest,PASS,33.24,ok; sandbox readiness passed
2026-07-23T18:25:10+00:00,maven_reactor_prewarm_wait,49384652,niubi-job-framework/niubi-job-service,,89,49384652:niubi-job-framework/niubi-job-service/src/main/java/com/zuoxiaolong/niubi/job/service/impl/masterslavejobsummaryserviceimpl.java,MasterSlaveJobSummaryServiceImpl,,PASS,19.894,waited 19.894s for same repo/scope prewarm lock: maven:niubi-job-framework/niubi-job-service
2026-07-23T18:25:10+00:00,baseline_sandbox_readiness,49384652,niubi-job-framework/niubi-job-service,,93,49384652:niubi-job-framework/niubi-job-service/src/main/java/com/zuoxiaolong/niubi/job/service/impl/masterslavejobserviceimpl.java,MasterSlaveJobServiceImpl,MasterSlaveJobServiceImpl_RBL4_d070942aTest,START,,prepare per-class sandbox and run generation prewarm without invoking GPT/EvoSuite
2026-07-23T18:25:10+00:00,maven_reactor_prewarm,49384652,niubi-job-framework/niubi-job-service,,89,49384652:niubi-job-framework/niubi-job-service/src/main/java/com/zuoxiaolong/niubi/job/service/impl/masterslavejobsummaryserviceimpl.java,MasterSlaveJobSummaryServiceImpl,,START,,prewarm reactor dependencies for -pl niubi-job-framework/niubi-job-service; synthesized placeholder test hidden during prewarm: MasterSlaveJobSummaryServiceImpl_RBL4_7f5ca105Test.java
2026-07-23T18:25:27+00:00,maven_reactor_prewarm,49384652,niubi-job-framework/niubi-job-service,,89,49384652:niubi-job-framework/niubi-job-service/src/main/java/com/zuoxiaolong/niubi/job/service/impl/masterslavejobsummaryserviceimpl.java,MasterSlaveJobSummaryServiceImpl,,PASS,17.092,"7b1__baseline_readiness\089_49384652_7f5ca105\compiledrepos\49384652\niubi-job-framework\niubi-job-persistent\target\niubi-job-persistent-0.9.6.1-SNAPSHOT.jar to C:\Users\admin\.m2\repository\com\zuoxiaolong\niubi-job-persistent\0.9.6.1-SNAPSHOT\niubi-job-persistent-0.9.6.1-SNAPSHOT.jar
[INFO] Installing D:\A_ThucNghiem\scripts_v2\workspaces\20260724_010022_d3f7f7b1__baseline_readiness\089_49384652_7f5ca105\compiledrepos\49384652\niubi-job-framework\niubi-job-persistent\target\niubi-job-persistent-0.9.6.1-SNAPSHOT-sources.jar to C:\Users\admin\.m2\repository\com\zuoxiaolong\niubi-job-persistent\0.9.6.1-SNAPSHOT\niubi-job-persistent-0.9.6.1-SNAPSHOT-sources.jar
[INFO] 
[INFO] -----------------< com.zuoxiaolong:niubi-job-service >------------------
[INFO] Building com.zuoxiaolong:niubi-job-service 0.9.6.1-SNAPSHOT        [8/8]
[INFO]   from niubi-job-framework\niubi-job-service\pom.xml
[INFO] --------------------------------[ jar ]---------------------------------
[INFO] 
[INFO] --- resources:3.4.0:resources (default-resources) @ niubi-job-service ---
[INFO] Copying 2 resources from src\main\resources to target\classes
[INFO] 
[INFO] --- compiler:3.3:compile (default-compile) @ niubi-job-service ---
[INFO] Changes detected - recompiling the module!
[INFO] Compiling 29 source files to D:\A_ThucNghiem\scripts_v2\workspaces\20260724_010022_d3f7f7b1__baseline_readiness\089_49384652_7f5ca105\compiledrepos\49384652\niubi-job-framework\niubi-job-service\target\classes
[INFO] 
[INFO] --- resources:3.4.0:testResources (default-testResources) @ niubi-job-service ---
[INFO] Copying 4 resources from src\test\resources to target\test-classes
[INFO] 
[INFO] --- compiler:3.3:testCompile (default-testCompile) @ niubi-job-service ---
[INFO] Changes detected - recompiling the module!
[INFO] Compiling 9 source files to D:\A_ThucNghiem\scripts_v2\workspaces\20260724_010022_d3f7f7b1__baseline_readiness\089_49384652_7f5ca105\compiledrepos\49384652\niubi-job-framework\niubi-job-service\target\test-classes
[INFO] 
[INFO] --- surefire:3.5.4:test (default-test) @ niubi-job-service ---
[INFO] Tests are skipped.
[INFO] 
[INFO] --- jar:2.4:jar (default-jar) @ niubi-job-service ---
[INFO] Building jar: D:\A_ThucNghiem\scripts_v2\workspaces\20260724_010022_d3f7f7b1__baseline_readiness\089_49384652_7f5ca105\compiledrepos\49384652\niubi-job-framework\niubi-job-service\target\niubi-job-service-0.9.6.1-SNAPSHOT.jar
[INFO] 
[INFO] --- source:2.4:jar-no-fork (attach-sources) @ niubi-job-service ---
[INFO] Building jar: D:\A_ThucNghiem\scripts_v2\workspaces\20260724_010022_d3f7f7b1__baseline_readiness\089_49384652_7f5ca105\compiledrepos\49384652\niubi-job-framework\niubi-job-service\target\niubi-job-service-0.9.6.1-SNAPSHOT-sources.jar
[INFO] 
[INFO] --- install:3.1.4:install (default-install) @ niubi-job-service ---
[INFO] Installing D:\A_ThucNghiem\scripts_v2\workspaces\20260724_010022_d3f7f7b1__baseline_readiness\089_49384652_7f5ca105\compiledrepos\49384652\niubi-job-framework\niubi-job-service\pom.xml to C:\Users\admin\.m2\repository\com\zuoxiaolong\niubi-job-service\0.9.6.1-SNAPSHOT\niubi-job-service-0.9.6.1-SNAPSHOT.pom
[INFO] Installing D:\A_ThucNghiem\scripts_v2\workspaces\20260724_010022_d3f7f7b1__baseline_readiness\089_49384652_7f5ca105\compiledrepos\49384652\niubi-job-framework\niubi-job-service\target\niubi-job-service-0.9.6.1-SNAPSHOT.jar to C:\Users\admin\.m2\repository\com\zuoxiaolong\niubi-job-service\0.9.6.1-SNAPSHOT\niubi-job-service-0.9.6.1-SNAPSHOT.jar
[INFO] Installing D:\A_ThucNghiem\scripts_v2\workspaces\20260724_010022_d3f7f7b1__baseline_readiness\089_49384652_7f5ca105\compiledrepos\49384652\niubi-job-framework\niubi-job-service\target\niubi-job-service-0.9.6.1-SNAPSHOT-sources.jar to C:\Users\admin\.m2\repository\com\zuoxiaolong\niubi-job-service\0.9.6.1-SNAPSHOT\niubi-job-service-0.9.6.1-SNAPSHOT-sources.jar
[INFO] ------------------------------------------------------------------------
[INFO] Reactor Summary for com.zuoxiaolong:niubi-job 0"
2026-07-23T18:25:27+00:00,baseline_sandbox_readiness,49384652,niubi-job-framework/niubi-job-service,,89,49384652:niubi-job-framework/niubi-job-service/src/main/java/com/zuoxiaolong/niubi/job/service/impl/masterslavejobsummaryserviceimpl.java,MasterSlaveJobSummaryServiceImpl,MasterSlaveJobSummaryServiceImpl_RBL4_7f5ca105Test,PASS,50.391,ok; sandbox readiness passed
2026-07-23T18:25:27+00:00,maven_reactor_prewarm_wait,49384652,niubi-job-framework/niubi-job-service,,90,49384652:niubi-job-framework/niubi-job-service/src/main/java/com/zuoxiaolong/niubi/job/service/impl/standbyjobsummaryserviceimpl.java,StandbyJobSummaryServiceImpl,,PASS,36.989,waited 36.989s for same repo/scope prewarm lock: maven:niubi-job-framework/niubi-job-service
2026-07-23T18:25:27+00:00,baseline_sandbox_readiness,49384652,niubi-job-framework/niubi-job-service,,94,49384652:niubi-job-framework/niubi-job-service/src/main/java/com/zuoxiaolong/niubi/job/service/impl/standbyjoblogserviceimpl.java,StandbyJobLogServiceImpl,StandbyJobLogServiceImpl_RBL4_c897b221Test,START,,prepare per-class sandbox and run generation prewarm without invoking GPT/EvoSuite
2026-07-23T18:25:27+00:00,maven_reactor_prewarm,49384652,niubi-job-framework/niubi-job-service,,90,49384652:niubi-job-framework/niubi-job-service/src/main/java/com/zuoxiaolong/niubi/job/service/impl/standbyjobsummaryserviceimpl.java,StandbyJobSummaryServiceImpl,,START,,prewarm reactor dependencies for -pl niubi-job-framework/niubi-job-service; synthesized placeholder test hidden during prewarm: StandbyJobSummaryServiceImpl_RBL4_28ebbe05Test.java
2026-07-23T18:25:45+00:00,maven_reactor_prewarm,49384652,niubi-job-framework/niubi-job-service,,90,49384652:niubi-job-framework/niubi-job-service/src/main/java/com/zuoxiaolong/niubi/job/service/impl/standbyjobsummaryserviceimpl.java,StandbyJobSummaryServiceImpl,,PASS,18.184,"7b1__baseline_readiness\090_49384652_28ebbe05\compiledrepos\49384652\niubi-job-framework\niubi-job-persistent\target\niubi-job-persistent-0.9.6.1-SNAPSHOT.jar to C:\Users\admin\.m2\repository\com\zuoxiaolong\niubi-job-persistent\0.9.6.1-SNAPSHOT\niubi-job-persistent-0.9.6.1-SNAPSHOT.jar
[INFO] Installing D:\A_ThucNghiem\scripts_v2\workspaces\20260724_010022_d3f7f7b1__baseline_readiness\090_49384652_28ebbe05\compiledrepos\49384652\niubi-job-framework\niubi-job-persistent\target\niubi-job-persistent-0.9.6.1-SNAPSHOT-sources.jar to C:\Users\admin\.m2\repository\com\zuoxiaolong\niubi-job-persistent\0.9.6.1-SNAPSHOT\niubi-job-persistent-0.9.6.1-SNAPSHOT-sources.jar
[INFO] 
[INFO] -----------------< com.zuoxiaolong:niubi-job-service >------------------
[INFO] Building com.zuoxiaolong:niubi-job-service 0.9.6.1-SNAPSHOT        [8/8]
[INFO]   from niubi-job-framework\niubi-job-service\pom.xml
[INFO] --------------------------------[ jar ]---------------------------------
[INFO] 
[INFO] --- resources:3.4.0:resources (default-resources) @ niubi-job-service ---
[INFO] Copying 2 resources from src\main\resources to target\classes
[INFO] 
[INFO] --- compiler:3.3:compile (default-compile) @ niubi-job-service ---
[INFO] Changes detected - recompiling the module!
[INFO] Compiling 29 source files to D:\A_ThucNghiem\scripts_v2\workspaces\20260724_010022_d3f7f7b1__baseline_readiness\090_49384652_28ebbe05\compiledrepos\49384652\niubi-job-framework\niubi-job-service\target\classes
[INFO] 
[INFO] --- resources:3.4.0:testResources (default-testResources) @ niubi-job-service ---
[INFO] Copying 4 resources from src\test\resources to target\test-classes
[INFO] 
[INFO] --- compiler:3.3:testCompile (default-testCompile) @ niubi-job-service ---
[INFO] Changes detected - recompiling the module!
[INFO] Compiling 9 source files to D:\A_ThucNghiem\scripts_v2\workspaces\20260724_010022_d3f7f7b1__baseline_readiness\090_49384652_28ebbe05\compiledrepos\49384652\niubi-job-framework\niubi-job-service\target\test-classes
[INFO] 
[INFO] --- surefire:3.5.4:test (default-test) @ niubi-job-service ---
[INFO] Tests are skipped.
[INFO] 
[INFO] --- jar:2.4:jar (default-jar) @ niubi-job-service ---
[INFO] Building jar: D:\A_ThucNghiem\scripts_v2\workspaces\20260724_010022_d3f7f7b1__baseline_readiness\090_49384652_28ebbe05\compiledrepos\49384652\niubi-job-framework\niubi-job-service\target\niubi-job-service-0.9.6.1-SNAPSHOT.jar
[INFO] 
[INFO] --- source:2.4:jar-no-fork (attach-sources) @ niubi-job-service ---
[INFO] Building jar: D:\A_ThucNghiem\scripts_v2\workspaces\20260724_010022_d3f7f7b1__baseline_readiness\090_49384652_28ebbe05\compiledrepos\49384652\niubi-job-framework\niubi-job-service\target\niubi-job-service-0.9.6.1-SNAPSHOT-sources.jar
[INFO] 
[INFO] --- install:3.1.4:install (default-install) @ niubi-job-service ---
[INFO] Installing D:\A_ThucNghiem\scripts_v2\workspaces\20260724_010022_d3f7f7b1__baseline_readiness\090_49384652_28ebbe05\compiledrepos\49384652\niubi-job-framework\niubi-job-service\pom.xml to C:\Users\admin\.m2\repository\com\zuoxiaolong\niubi-job-service\0.9.6.1-SNAPSHOT\niubi-job-service-0.9.6.1-SNAPSHOT.pom
[INFO] Installing D:\A_ThucNghiem\scripts_v2\workspaces\20260724_010022_d3f7f7b1__baseline_readiness\090_49384652_28ebbe05\compiledrepos\49384652\niubi-job-framework\niubi-job-service\target\niubi-job-service-0.9.6.1-SNAPSHOT.jar to C:\Users\admin\.m2\repository\com\zuoxiaolong\niubi-job-service\0.9.6.1-SNAPSHOT\niubi-job-service-0.9.6.1-SNAPSHOT.jar
[INFO] Installing D:\A_ThucNghiem\scripts_v2\workspaces\20260724_010022_d3f7f7b1__baseline_readiness\090_49384652_28ebbe05\compiledrepos\49384652\niubi-job-framework\niubi-job-service\target\niubi-job-service-0.9.6.1-SNAPSHOT-sources.jar to C:\Users\admin\.m2\repository\com\zuoxiaolong\niubi-job-service\0.9.6.1-SNAPSHOT\niubi-job-service-0.9.6.1-SNAPSHOT-sources.jar
[INFO] ------------------------------------------------------------------------
[INFO] Reactor Summary for com.zuoxiaolong:niubi-job 0"
2026-07-23T18:25:45+00:00,baseline_sandbox_readiness,49384652,niubi-job-framework/niubi-job-service,,90,49384652:niubi-job-framework/niubi-job-service/src/main/java/com/zuoxiaolong/niubi/job/service/impl/standbyjobsummaryserviceimpl.java,StandbyJobSummaryServiceImpl,StandbyJobSummaryServiceImpl_RBL4_28ebbe05Test,PASS,68.539,ok; sandbox readiness passed
2026-07-23T18:25:45+00:00,maven_reactor_prewarm_wait,49384652,niubi-job-framework/niubi-job-service,,92,49384652:niubi-job-framework/niubi-job-service/src/main/java/com/zuoxiaolong/niubi/job/service/impl/masterslavenodeserviceimpl.java,MasterSlaveNodeServiceImpl,,PASS,44.247,waited 44.247s for same repo/scope prewarm lock: maven:niubi-job-framework/niubi-job-service
2026-07-23T18:25:45+00:00,baseline_sandbox_readiness,49384652,niubi-job-framework/niubi-job-core,,95,49384652:niubi-job-framework/niubi-job-core/src/main/java/com/zuoxiaolong/niubi/job/core/helper/loggerhelper.java,LoggerHelper,LoggerHelper_RBL4_5d49c4feTest,START,,prepare per-class sandbox and run generation prewarm without invoking GPT/EvoSuite
2026-07-23T18:25:45+00:00,maven_reactor_prewarm,49384652,niubi-job-framework/niubi-job-service,,92,49384652:niubi-job-framework/niubi-job-service/src/main/java/com/zuoxiaolong/niubi/job/service/impl/masterslavenodeserviceimpl.java,MasterSlaveNodeServiceImpl,,START,,prewarm reactor dependencies for -pl niubi-job-framework/niubi-job-service; synthesized placeholder test hidden during prewarm: MasterSlaveNodeServiceImpl_RBL4_a80bae5fTest.java
2026-07-23T18:25:46+00:00,maven_reactor_prewarm,49384652,niubi-job-framework/niubi-job-core,,95,49384652:niubi-job-framework/niubi-job-core/src/main/java/com/zuoxiaolong/niubi/job/core/helper/loggerhelper.java,LoggerHelper,,START,,prewarm reactor dependencies for -pl niubi-job-framework/niubi-job-core; synthesized placeholder test hidden during prewarm: LoggerHelper_RBL4_5d49c4feTest.java
2026-07-23T18:25:56+00:00,maven_reactor_prewarm,49384652,niubi-job-framework/niubi-job-core,,95,49384652:niubi-job-framework/niubi-job-core/src/main/java/com/zuoxiaolong/niubi/job/core/helper/loggerhelper.java,LoggerHelper,,PASS,10.287,"INFO] 
[INFO] ----------------< com.zuoxiaolong:niubi-job-framework >-----------------
[INFO] Building com.zuoxiaolong:niubi-job-framework 0.9.6.1-SNAPSHOT      [3/4]
[INFO]   from niubi-job-framework\pom.xml
[INFO] --------------------------------[ pom ]---------------------------------
[INFO] 
[INFO] --- source:2.4:jar-no-fork (attach-sources) @ niubi-job-framework ---
[INFO] 
[INFO] --- install:3.1.4:install (default-install) @ niubi-job-framework ---
[INFO] Installing D:\A_ThucNghiem\scripts_v2\workspaces\20260724_010022_d3f7f7b1__baseline_readiness\095_49384652_5d49c4fe\compiledrepos\49384652\niubi-job-framework\pom.xml to C:\Users\admin\.m2\repository\com\zuoxiaolong\niubi-job-framework\0.9.6.1-SNAPSHOT\niubi-job-framework-0.9.6.1-SNAPSHOT.pom
[INFO] 
[INFO] -------------------< com.zuoxiaolong:niubi-job-core >-------------------
[INFO] Building com.zuoxiaolong:niubi-job-core 0.9.6.1-SNAPSHOT           [4/4]
[INFO]   from niubi-job-framework\niubi-job-core\pom.xml
[INFO] --------------------------------[ jar ]---------------------------------
[INFO] 
[INFO] --- resources:3.4.0:resources (default-resources) @ niubi-job-core ---
[INFO] skip non existing resourceDirectory D:\A_ThucNghiem\scripts_v2\workspaces\20260724_010022_d3f7f7b1__baseline_readiness\095_49384652_5d49c4fe\compiledrepos\49384652\niubi-job-framework\niubi-job-core\src\main\resources
[INFO] 
[INFO] --- compiler:3.3:compile (default-compile) @ niubi-job-core ---
[INFO] Changes detected - recompiling the module!
[INFO] Compiling 16 source files to D:\A_ThucNghiem\scripts_v2\workspaces\20260724_010022_d3f7f7b1__baseline_readiness\095_49384652_5d49c4fe\compiledrepos\49384652\niubi-job-framework\niubi-job-core\target\classes
[INFO] 
[INFO] --- resources:3.4.0:testResources (default-testResources) @ niubi-job-core ---
[INFO] skip non existing resourceDirectory D:\A_ThucNghiem\scripts_v2\workspaces\20260724_010022_d3f7f7b1__baseline_readiness\095_49384652_5d49c4fe\compiledrepos\49384652\niubi-job-framework\niubi-job-core\src\test\resources
[INFO] 
[INFO] --- compiler:3.3:testCompile (default-testCompile) @ niubi-job-core ---
[INFO] Changes detected - recompiling the module!
[INFO] Compiling 13 source files to D:\A_ThucNghiem\scripts_v2\workspaces\20260724_010022_d3f7f7b1__baseline_readiness\095_49384652_5d49c4fe\compiledrepos\49384652\niubi-job-framework\niubi-job-core\target\test-classes
[INFO] 
[INFO] --- surefire:3.5.4:test (default-test) @ niubi-job-core ---
[INFO] Tests are skipped.
[INFO] 
[INFO] --- jar:2.4:jar (default-jar) @ niubi-job-core ---
[INFO] Building jar: D:\A_ThucNghiem\scripts_v2\workspaces\20260724_010022_d3f7f7b1__baseline_readiness\095_49384652_5d49c4fe\compiledrepos\49384652\niubi-job-framework\niubi-job-core\target\niubi-job-core-0.9.6.1-SNAPSHOT.jar
[INFO] 
[INFO] --- source:2.4:jar-no-fork (attach-sources) @ niubi-job-core ---
[INFO] Building jar: D:\A_ThucNghiem\scripts_v2\workspaces\20260724_010022_d3f7f7b1__baseline_readiness\095_49384652_5d49c4fe\compiledrepos\49384652\niubi-job-framework\niubi-job-core\target\niubi-job-core-0.9.6.1-SNAPSHOT-sources.jar
[INFO] 
[INFO] --- install:3.1.4:install (default-install) @ niubi-job-core ---
[INFO] Installing D:\A_ThucNghiem\scripts_v2\workspaces\20260724_010022_d3f7f7b1__baseline_readiness\095_49384652_5d49c4fe\compiledrepos\49384652\niubi-job-framework\niubi-job-core\pom.xml to C:\Users\admin\.m2\repository\com\zuoxiaolong\niubi-job-core\0.9.6.1-SNAPSHOT\niubi-job-core-0.9.6.1-SNAPSHOT.pom
[INFO] Installing D:\A_ThucNghiem\scripts_v2\workspaces\20260724_010022_d3f7f7b1__baseline_readiness\095_49384652_5d49c4fe\compiledrepos\49384652\niubi-job-framework\niubi-job-core\target\niubi-job-core-0.9.6.1-SNAPSHOT.jar to C:\Users\admin\.m2\repository\com\zuoxiaolong\niubi-job-core\0.9.6.1-SNAPSHOT\niubi-job-core-0.9.6.1-SNAPSHOT.jar
[INFO] Installing D:\A_ThucNghiem\scripts_v2\workspaces\20260724_010022_d3f7f7b1__baseline_readiness\095_49384652_5d49c4fe\compiledrepos\49384652\niubi-job-framework\niub"
2026-07-23T18:25:56+00:00,baseline_sandbox_readiness,49384652,niubi-job-framework/niubi-job-core,,95,49384652:niubi-job-framework/niubi-job-core/src/main/java/com/zuoxiaolong/niubi/job/core/helper/loggerhelper.java,LoggerHelper,LoggerHelper_RBL4_5d49c4feTest,PASS,10.64,ok; sandbox readiness passed
2026-07-23T18:25:56+00:00,baseline_sandbox_readiness,558963,httpcache4j-api,,96,558963:httpcache4j-api/src/main/java/org/codehaus/httpcache4j/payload/formdatapayload.java,FormDataPayload,FormDataPayload_RBL4_fff81761Test,START,,prepare per-class sandbox and run generation prewarm without invoking GPT/EvoSuite
2026-07-23T18:26:01+00:00,baseline_sandbox_readiness,558963,httpcache4j-api,,96,558963:httpcache4j-api/src/main/java/org/codehaus/httpcache4j/payload/formdatapayload.java,FormDataPayload,FormDataPayload_RBL4_fff81761Test,PASS,5.155,ok; sandbox readiness passed
2026-07-23T18:26:01+00:00,baseline_sandbox_readiness,558963,httpcache4j-api,,97,558963:httpcache4j-api/src/main/java/org/codehaus/httpcache4j/directives.java,Directives,Directives_RBL4_38f5b07cTest,START,,prepare per-class sandbox and run generation prewarm without invoking GPT/EvoSuite
2026-07-23T18:26:01+00:00,baseline_sandbox_readiness,558963,httpcache4j-api,,97,558963:httpcache4j-api/src/main/java/org/codehaus/httpcache4j/directives.java,Directives,Directives_RBL4_38f5b07cTest,PASS,0.253,ok; sandbox readiness passed
2026-07-23T18:26:01+00:00,baseline_sandbox_readiness,558963,httpcache4j-api,,98,558963:httpcache4j-api/src/main/java/org/codehaus/httpcache4j/headers.java,Headers,Headers_RBL4_341e479eTest,START,,prepare per-class sandbox and run generation prewarm without invoking GPT/EvoSuite
2026-07-23T18:26:02+00:00,baseline_sandbox_readiness,558963,httpcache4j-api,,98,558963:httpcache4j-api/src/main/java/org/codehaus/httpcache4j/headers.java,Headers,Headers_RBL4_341e479eTest,PASS,0.146,ok; sandbox readiness passed
2026-07-23T18:26:02+00:00,baseline_sandbox_readiness,558963,httpcache4j-api,,99,558963:httpcache4j-api/src/main/java/org/codehaus/httpcache4j/httpmethod.java,HTTPMethod,HTTPMethod_RBL4_383f035cTest,START,,prepare per-class sandbox and run generation prewarm without invoking GPT/EvoSuite
2026-07-23T18:26:02+00:00,baseline_sandbox_readiness,558963,httpcache4j-api,,99,558963:httpcache4j-api/src/main/java/org/codehaus/httpcache4j/httpmethod.java,HTTPMethod,HTTPMethod_RBL4_383f035cTest,PASS,0.222,ok; sandbox readiness passed
2026-07-23T18:26:02+00:00,baseline_sandbox_readiness,558963,httpcache4j-api,,100,558963:httpcache4j-api/src/main/java/org/codehaus/httpcache4j/mimetype.java,MIMEType,MIMEType_RBL4_d908a814Test,START,,prepare per-class sandbox and run generation prewarm without invoking GPT/EvoSuite
2026-07-23T18:26:02+00:00,baseline_sandbox_readiness,558963,httpcache4j-api,,100,558963:httpcache4j-api/src/main/java/org/codehaus/httpcache4j/mimetype.java,MIMEType,MIMEType_RBL4_d908a814Test,PASS,0.286,ok; sandbox readiness passed
2026-07-23T18:26:02+00:00,baseline_sandbox_readiness,558963,httpcache4j-api,,101,558963:httpcache4j-api/src/main/java/org/codehaus/httpcache4j/auth/defaultauthenticator.java,DefaultAuthenticator,DefaultAuthenticator_RBL4_64672f9fTest,START,,prepare per-class sandbox and run generation prewarm without invoking GPT/EvoSuite
2026-07-23T18:26:02+00:00,baseline_sandbox_readiness,558963,httpcache4j-api,,101,558963:httpcache4j-api/src/main/java/org/codehaus/httpcache4j/auth/defaultauthenticator.java,DefaultAuthenticator,DefaultAuthenticator_RBL4_64672f9fTest,PASS,0.248,ok; sandbox readiness passed
2026-07-23T18:26:02+00:00,baseline_sandbox_readiness,558963,httpcache4j-api,,102,558963:httpcache4j-api/src/main/java/org/codehaus/httpcache4j/httpresponse.java,HTTPResponse,HTTPResponse_RBL4_589cc16fTest,START,,prepare per-class sandbox and run generation prewarm without invoking GPT/EvoSuite
2026-07-23T18:26:03+00:00,baseline_sandbox_readiness,558963,httpcache4j-api,,102,558963:httpcache4j-api/src/main/java/org/codehaus/httpcache4j/httpresponse.java,HTTPResponse,HTTPResponse_RBL4_589cc16fTest,PASS,0.384,ok; sandbox readiness passed
2026-07-23T18:26:03+00:00,baseline_sandbox_readiness,558963,httpcache4j-api,,103,558963:httpcache4j-api/src/main/java/org/codehaus/httpcache4j/httprequest.java,HTTPRequest,HTTPRequest_RBL4_a04d55a6Test,START,,prepare per-class sandbox and run generation prewarm without invoking GPT/EvoSuite
2026-07-23T18:26:03+00:00,baseline_sandbox_readiness,558963,httpcache4j-api,,103,558963:httpcache4j-api/src/main/java/org/codehaus/httpcache4j/httprequest.java,HTTPRequest,HTTPRequest_RBL4_a04d55a6Test,PASS,0.263,ok; sandbox readiness passed
2026-07-23T18:26:03+00:00,baseline_sandbox_readiness,60578004,elastic-jobx-core,,104,60578004:elastic-jobx-core/src/main/java/com/dangdang/ddframe/job/internal/statistics/processcountjob.java,ProcessCountJob,ProcessCountJob_RBL4_fc02f3bfTest,START,,prepare per-class sandbox and run generation prewarm without invoking GPT/EvoSuite
2026-07-23T18:26:05+00:00,maven_reactor_prewarm,49384652,niubi-job-framework/niubi-job-service,,92,49384652:niubi-job-framework/niubi-job-service/src/main/java/com/zuoxiaolong/niubi/job/service/impl/masterslavenodeserviceimpl.java,MasterSlaveNodeServiceImpl,,PASS,19.906,"7b1__baseline_readiness\092_49384652_a80bae5f\compiledrepos\49384652\niubi-job-framework\niubi-job-persistent\target\niubi-job-persistent-0.9.6.1-SNAPSHOT.jar to C:\Users\admin\.m2\repository\com\zuoxiaolong\niubi-job-persistent\0.9.6.1-SNAPSHOT\niubi-job-persistent-0.9.6.1-SNAPSHOT.jar
[INFO] Installing D:\A_ThucNghiem\scripts_v2\workspaces\20260724_010022_d3f7f7b1__baseline_readiness\092_49384652_a80bae5f\compiledrepos\49384652\niubi-job-framework\niubi-job-persistent\target\niubi-job-persistent-0.9.6.1-SNAPSHOT-sources.jar to C:\Users\admin\.m2\repository\com\zuoxiaolong\niubi-job-persistent\0.9.6.1-SNAPSHOT\niubi-job-persistent-0.9.6.1-SNAPSHOT-sources.jar
[INFO] 
[INFO] -----------------< com.zuoxiaolong:niubi-job-service >------------------
[INFO] Building com.zuoxiaolong:niubi-job-service 0.9.6.1-SNAPSHOT        [8/8]
[INFO]   from niubi-job-framework\niubi-job-service\pom.xml
[INFO] --------------------------------[ jar ]---------------------------------
[INFO] 
[INFO] --- resources:3.4.0:resources (default-resources) @ niubi-job-service ---
[INFO] Copying 2 resources from src\main\resources to target\classes
[INFO] 
[INFO] --- compiler:3.3:compile (default-compile) @ niubi-job-service ---
[INFO] Changes detected - recompiling the module!
[INFO] Compiling 29 source files to D:\A_ThucNghiem\scripts_v2\workspaces\20260724_010022_d3f7f7b1__baseline_readiness\092_49384652_a80bae5f\compiledrepos\49384652\niubi-job-framework\niubi-job-service\target\classes
[INFO] 
[INFO] --- resources:3.4.0:testResources (default-testResources) @ niubi-job-service ---
[INFO] Copying 4 resources from src\test\resources to target\test-classes
[INFO] 
[INFO] --- compiler:3.3:testCompile (default-testCompile) @ niubi-job-service ---
[INFO] Changes detected - recompiling the module!
[INFO] Compiling 9 source files to D:\A_ThucNghiem\scripts_v2\workspaces\20260724_010022_d3f7f7b1__baseline_readiness\092_49384652_a80bae5f\compiledrepos\49384652\niubi-job-framework\niubi-job-service\target\test-classes
[INFO] 
[INFO] --- surefire:3.5.4:test (default-test) @ niubi-job-service ---
[INFO] Tests are skipped.
[INFO] 
[INFO] --- jar:2.4:jar (default-jar) @ niubi-job-service ---
[INFO] Building jar: D:\A_ThucNghiem\scripts_v2\workspaces\20260724_010022_d3f7f7b1__baseline_readiness\092_49384652_a80bae5f\compiledrepos\49384652\niubi-job-framework\niubi-job-service\target\niubi-job-service-0.9.6.1-SNAPSHOT.jar
[INFO] 
[INFO] --- source:2.4:jar-no-fork (attach-sources) @ niubi-job-service ---
[INFO] Building jar: D:\A_ThucNghiem\scripts_v2\workspaces\20260724_010022_d3f7f7b1__baseline_readiness\092_49384652_a80bae5f\compiledrepos\49384652\niubi-job-framework\niubi-job-service\target\niubi-job-service-0.9.6.1-SNAPSHOT-sources.jar
[INFO] 
[INFO] --- install:3.1.4:install (default-install) @ niubi-job-service ---
[INFO] Installing D:\A_ThucNghiem\scripts_v2\workspaces\20260724_010022_d3f7f7b1__baseline_readiness\092_49384652_a80bae5f\compiledrepos\49384652\niubi-job-framework\niubi-job-service\pom.xml to C:\Users\admin\.m2\repository\com\zuoxiaolong\niubi-job-service\0.9.6.1-SNAPSHOT\niubi-job-service-0.9.6.1-SNAPSHOT.pom
[INFO] Installing D:\A_ThucNghiem\scripts_v2\workspaces\20260724_010022_d3f7f7b1__baseline_readiness\092_49384652_a80bae5f\compiledrepos\49384652\niubi-job-framework\niubi-job-service\target\niubi-job-service-0.9.6.1-SNAPSHOT.jar to C:\Users\admin\.m2\repository\com\zuoxiaolong\niubi-job-service\0.9.6.1-SNAPSHOT\niubi-job-service-0.9.6.1-SNAPSHOT.jar
[INFO] Installing D:\A_ThucNghiem\scripts_v2\workspaces\20260724_010022_d3f7f7b1__baseline_readiness\092_49384652_a80bae5f\compiledrepos\49384652\niubi-job-framework\niubi-job-service\target\niubi-job-service-0.9.6.1-SNAPSHOT-sources.jar to C:\Users\admin\.m2\repository\com\zuoxiaolong\niubi-job-service\0.9.6.1-SNAPSHOT\niubi-job-service-0.9.6.1-SNAPSHOT-sources.jar
[INFO] ------------------------------------------------------------------------
[INFO] Reactor Summary for com.zuoxiaolong:niubi-job 0"
2026-07-23T18:26:05+00:00,baseline_sandbox_readiness,49384652,niubi-job-framework/niubi-job-service,,92,49384652:niubi-job-framework/niubi-job-service/src/main/java/com/zuoxiaolong/niubi/job/service/impl/masterslavenodeserviceimpl.java,MasterSlaveNodeServiceImpl,MasterSlaveNodeServiceImpl_RBL4_a80bae5fTest,PASS,64.502,ok; sandbox readiness passed
2026-07-23T18:26:05+00:00,maven_reactor_prewarm_wait,49384652,niubi-job-framework/niubi-job-service,,93,49384652:niubi-job-framework/niubi-job-service/src/main/java/com/zuoxiaolong/niubi/job/service/impl/masterslavejobserviceimpl.java,MasterSlaveJobServiceImpl,,PASS,54.929,waited 54.929s for same repo/scope prewarm lock: maven:niubi-job-framework/niubi-job-service
2026-07-23T18:26:05+00:00,baseline_sandbox_readiness,60578004,elastic-jobx-core,,105,60578004:elastic-jobx-core/src/main/java/com/dangdang/ddframe/job/internal/config/configurationnode.java,ConfigurationNode,ConfigurationNode_RBL4_5ed65ca9Test,START,,prepare per-class sandbox and run generation prewarm without invoking GPT/EvoSuite
2026-07-23T18:26:05+00:00,maven_reactor_prewarm,49384652,niubi-job-framework/niubi-job-service,,93,49384652:niubi-job-framework/niubi-job-service/src/main/java/com/zuoxiaolong/niubi/job/service/impl/masterslavejobserviceimpl.java,MasterSlaveJobServiceImpl,,START,,prewarm reactor dependencies for -pl niubi-job-framework/niubi-job-service; synthesized placeholder test hidden during prewarm: MasterSlaveJobServiceImpl_RBL4_d070942aTest.java
2026-07-23T18:26:17+00:00,baseline_sandbox_readiness,60578004,elastic-jobx-core,,105,60578004:elastic-jobx-core/src/main/java/com/dangdang/ddframe/job/internal/config/configurationnode.java,ConfigurationNode,ConfigurationNode_RBL4_5ed65ca9Test,PASS,11.204,ok; sandbox readiness passed
2026-07-23T18:26:17+00:00,baseline_sandbox_readiness,60578004,elastic-jobx-core,,106,60578004:elastic-jobx-core/src/main/java/com/dangdang/ddframe/job/plugin/sharding/strategy/averageallocationjobshardingstrategy.java,AverageAllocationJobShardingStrategy,AverageAllocationJobShardingStrategy_RBL4_bd05f034Test,START,,prepare per-class sandbox and run generation prewarm without invoking GPT/EvoSuite
2026-07-23T18:26:17+00:00,baseline_sandbox_readiness,60578004,elastic-jobx-core,,104,60578004:elastic-jobx-core/src/main/java/com/dangdang/ddframe/job/internal/statistics/processcountjob.java,ProcessCountJob,ProcessCountJob_RBL4_fc02f3bfTest,PASS,13.494,ok; sandbox readiness passed
2026-07-23T18:26:17+00:00,baseline_sandbox_readiness,60578004,elastic-jobx-core,,107,60578004:elastic-jobx-core/src/main/java/com/dangdang/ddframe/job/internal/election/leaderelectionservice.java,LeaderElectionService,LeaderElectionService_RBL4_04265ecaTest,START,,prepare per-class sandbox and run generation prewarm without invoking GPT/EvoSuite
2026-07-23T18:26:17+00:00,baseline_sandbox_readiness,60578004,elastic-jobx-core,,106,60578004:elastic-jobx-core/src/main/java/com/dangdang/ddframe/job/plugin/sharding/strategy/averageallocationjobshardingstrategy.java,AverageAllocationJobShardingStrategy,AverageAllocationJobShardingStrategy_RBL4_bd05f034Test,PASS,0.889,ok; sandbox readiness passed
2026-07-23T18:26:17+00:00,baseline_sandbox_readiness,60578004,elastic-jobx-core,,107,60578004:elastic-jobx-core/src/main/java/com/dangdang/ddframe/job/internal/election/leaderelectionservice.java,LeaderElectionService,LeaderElectionService_RBL4_04265ecaTest,PASS,0.885,ok; sandbox readiness passed
2026-07-23T18:26:17+00:00,baseline_sandbox_readiness,60578004,elastic-jobx-core,,108,60578004:elastic-jobx-core/src/main/java/com/dangdang/ddframe/job/internal/sharding/shardingservice.java,ShardingService,ShardingService_RBL4_724aba58Test,START,,prepare per-class sandbox and run generation prewarm without invoking GPT/EvoSuite
2026-07-23T18:26:17+00:00,baseline_sandbox_readiness,60578004,elastic-jobx-core,,109,60578004:elastic-jobx-core/src/main/java/com/dangdang/ddframe/job/internal/storage/jobnodestorage.java,JobNodeStorage,JobNodeStorage_RBL4_c67ff505Test,START,,prepare per-class sandbox and run generation prewarm without invoking GPT/EvoSuite
2026-07-23T18:26:18+00:00,baseline_sandbox_readiness,60578004,elastic-jobx-core,,108,60578004:elastic-jobx-core/src/main/java/com/dangdang/ddframe/job/internal/sharding/shardingservice.java,ShardingService,ShardingService_RBL4_724aba58Test,PASS,0.954,ok; sandbox readiness passed
2026-07-23T18:26:18+00:00,baseline_sandbox_readiness,60578004,elastic-jobx-core,,109,60578004:elastic-jobx-core/src/main/java/com/dangdang/ddframe/job/internal/storage/jobnodestorage.java,JobNodeStorage,JobNodeStorage_RBL4_c67ff505Test,PASS,0.953,ok; sandbox readiness passed
2026-07-23T18:26:18+00:00,baseline_sandbox_readiness,60578004,elastic-jobx-core,,110,60578004:elastic-jobx-core/src/main/java/com/dangdang/ddframe/job/internal/execution/executioncontextservice.java,ExecutionContextService,ExecutionContextService_RBL4_ba1be17bTest,START,,prepare per-class sandbox and run generation prewarm without invoking GPT/EvoSuite
2026-07-23T18:26:18+00:00,baseline_sandbox_readiness,60578004,elastic-jobx-core,,111,60578004:elastic-jobx-core/src/main/java/com/dangdang/ddframe/job/internal/config/configurationservice.java,ConfigurationService,ConfigurationService_RBL4_cf2e998cTest,START,,prepare per-class sandbox and run generation prewarm without invoking GPT/EvoSuite
2026-07-23T18:26:19+00:00,baseline_sandbox_readiness,60578004,elastic-jobx-core,,111,60578004:elastic-jobx-core/src/main/java/com/dangdang/ddframe/job/internal/config/configurationservice.java,ConfigurationService,ConfigurationService_RBL4_cf2e998cTest,PASS,0.914,ok; sandbox readiness passed
2026-07-23T18:26:19+00:00,baseline_sandbox_readiness,61565876,injector,,112,61565876:injector/src/main/java/ch/jalu/injector/context/resolutioncontext.java,ResolutionContext,ResolutionContext_RBL4_f0244fa3Test,START,,prepare per-class sandbox and run generation prewarm without invoking GPT/EvoSuite
2026-07-23T18:26:19+00:00,baseline_sandbox_readiness,60578004,elastic-jobx-core,,110,60578004:elastic-jobx-core/src/main/java/com/dangdang/ddframe/job/internal/execution/executioncontextservice.java,ExecutionContextService,ExecutionContextService_RBL4_ba1be17bTest,PASS,0.928,ok; sandbox readiness passed
2026-07-23T18:26:19+00:00,baseline_sandbox_readiness,61565876,injector,,113,61565876:injector/src/main/java/ch/jalu/injector/handlers/dependency/singletonstoredependencyhandler.java,SingletonStoreDependencyHandler,SingletonStoreDependencyHandler_RBL4_b36dd89fTest,START,,prepare per-class sandbox and run generation prewarm without invoking GPT/EvoSuite
2026-07-23T18:26:24+00:00,maven_reactor_prewarm,49384652,niubi-job-framework/niubi-job-service,,93,49384652:niubi-job-framework/niubi-job-service/src/main/java/com/zuoxiaolong/niubi/job/service/impl/masterslavejobserviceimpl.java,MasterSlaveJobServiceImpl,,PASS,18.277,"7b1__baseline_readiness\093_49384652_d070942a\compiledrepos\49384652\niubi-job-framework\niubi-job-persistent\target\niubi-job-persistent-0.9.6.1-SNAPSHOT.jar to C:\Users\admin\.m2\repository\com\zuoxiaolong\niubi-job-persistent\0.9.6.1-SNAPSHOT\niubi-job-persistent-0.9.6.1-SNAPSHOT.jar
[INFO] Installing D:\A_ThucNghiem\scripts_v2\workspaces\20260724_010022_d3f7f7b1__baseline_readiness\093_49384652_d070942a\compiledrepos\49384652\niubi-job-framework\niubi-job-persistent\target\niubi-job-persistent-0.9.6.1-SNAPSHOT-sources.jar to C:\Users\admin\.m2\repository\com\zuoxiaolong\niubi-job-persistent\0.9.6.1-SNAPSHOT\niubi-job-persistent-0.9.6.1-SNAPSHOT-sources.jar
[INFO] 
[INFO] -----------------< com.zuoxiaolong:niubi-job-service >------------------
[INFO] Building com.zuoxiaolong:niubi-job-service 0.9.6.1-SNAPSHOT        [8/8]
[INFO]   from niubi-job-framework\niubi-job-service\pom.xml
[INFO] --------------------------------[ jar ]---------------------------------
[INFO] 
[INFO] --- resources:3.4.0:resources (default-resources) @ niubi-job-service ---
[INFO] Copying 2 resources from src\main\resources to target\classes
[INFO] 
[INFO] --- compiler:3.3:compile (default-compile) @ niubi-job-service ---
[INFO] Changes detected - recompiling the module!
[INFO] Compiling 29 source files to D:\A_ThucNghiem\scripts_v2\workspaces\20260724_010022_d3f7f7b1__baseline_readiness\093_49384652_d070942a\compiledrepos\49384652\niubi-job-framework\niubi-job-service\target\classes
[INFO] 
[INFO] --- resources:3.4.0:testResources (default-testResources) @ niubi-job-service ---
[INFO] Copying 4 resources from src\test\resources to target\test-classes
[INFO] 
[INFO] --- compiler:3.3:testCompile (default-testCompile) @ niubi-job-service ---
[INFO] Changes detected - recompiling the module!
[INFO] Compiling 9 source files to D:\A_ThucNghiem\scripts_v2\workspaces\20260724_010022_d3f7f7b1__baseline_readiness\093_49384652_d070942a\compiledrepos\49384652\niubi-job-framework\niubi-job-service\target\test-classes
[INFO] 
[INFO] --- surefire:3.5.4:test (default-test) @ niubi-job-service ---
[INFO] Tests are skipped.
[INFO] 
[INFO] --- jar:2.4:jar (default-jar) @ niubi-job-service ---
[INFO] Building jar: D:\A_ThucNghiem\scripts_v2\workspaces\20260724_010022_d3f7f7b1__baseline_readiness\093_49384652_d070942a\compiledrepos\49384652\niubi-job-framework\niubi-job-service\target\niubi-job-service-0.9.6.1-SNAPSHOT.jar
[INFO] 
[INFO] --- source:2.4:jar-no-fork (attach-sources) @ niubi-job-service ---
[INFO] Building jar: D:\A_ThucNghiem\scripts_v2\workspaces\20260724_010022_d3f7f7b1__baseline_readiness\093_49384652_d070942a\compiledrepos\49384652\niubi-job-framework\niubi-job-service\target\niubi-job-service-0.9.6.1-SNAPSHOT-sources.jar
[INFO] 
[INFO] --- install:3.1.4:install (default-install) @ niubi-job-service ---
[INFO] Installing D:\A_ThucNghiem\scripts_v2\workspaces\20260724_010022_d3f7f7b1__baseline_readiness\093_49384652_d070942a\compiledrepos\49384652\niubi-job-framework\niubi-job-service\pom.xml to C:\Users\admin\.m2\repository\com\zuoxiaolong\niubi-job-service\0.9.6.1-SNAPSHOT\niubi-job-service-0.9.6.1-SNAPSHOT.pom
[INFO] Installing D:\A_ThucNghiem\scripts_v2\workspaces\20260724_010022_d3f7f7b1__baseline_readiness\093_49384652_d070942a\compiledrepos\49384652\niubi-job-framework\niubi-job-service\target\niubi-job-service-0.9.6.1-SNAPSHOT.jar to C:\Users\admin\.m2\repository\com\zuoxiaolong\niubi-job-service\0.9.6.1-SNAPSHOT\niubi-job-service-0.9.6.1-SNAPSHOT.jar
[INFO] Installing D:\A_ThucNghiem\scripts_v2\workspaces\20260724_010022_d3f7f7b1__baseline_readiness\093_49384652_d070942a\compiledrepos\49384652\niubi-job-framework\niubi-job-service\target\niubi-job-service-0.9.6.1-SNAPSHOT-sources.jar to C:\Users\admin\.m2\repository\com\zuoxiaolong\niubi-job-service\0.9.6.1-SNAPSHOT\niubi-job-service-0.9.6.1-SNAPSHOT-sources.jar
[INFO] ------------------------------------------------------------------------
[INFO] Reactor Summary for com.zuoxiaolong:niubi-job 0"
2026-07-23T18:26:24+00:00,maven_reactor_prewarm_wait,49384652,niubi-job-framework/niubi-job-service,,94,49384652:niubi-job-framework/niubi-job-service/src/main/java/com/zuoxiaolong/niubi/job/service/impl/standbyjoblogserviceimpl.java,StandbyJobLogServiceImpl,,PASS,56.068,waited 56.068s for same repo/scope prewarm lock: maven:niubi-job-framework/niubi-job-service
2026-07-23T18:26:24+00:00,baseline_sandbox_readiness,49384652,niubi-job-framework/niubi-job-service,,93,49384652:niubi-job-framework/niubi-job-service/src/main/java/com/zuoxiaolong/niubi/job/service/impl/masterslavejobserviceimpl.java,MasterSlaveJobServiceImpl,MasterSlaveJobServiceImpl_RBL4_d070942aTest,PASS,73.479,ok; sandbox readiness passed
2026-07-23T18:26:24+00:00,maven_reactor_prewarm,49384652,niubi-job-framework/niubi-job-service,,94,49384652:niubi-job-framework/niubi-job-service/src/main/java/com/zuoxiaolong/niubi/job/service/impl/standbyjoblogserviceimpl.java,StandbyJobLogServiceImpl,,START,,prewarm reactor dependencies for -pl niubi-job-framework/niubi-job-service; synthesized placeholder test hidden during prewarm: StandbyJobLogServiceImpl_RBL4_c897b221Test.java
2026-07-23T18:26:24+00:00,baseline_sandbox_readiness,61565876,injector,,114,61565876:injector/src/main/java/ch/jalu/injector/handlers/instantiation/standardinjection.java,StandardInjection,StandardInjection_RBL4_3a4b44fbTest,START,,prepare per-class sandbox and run generation prewarm without invoking GPT/EvoSuite
2026-07-23T18:26:24+00:00,baseline_sandbox_readiness,61565876,injector,,114,61565876:injector/src/main/java/ch/jalu/injector/handlers/instantiation/standardinjection.java,StandardInjection,StandardInjection_RBL4_3a4b44fbTest,PASS,0.316,ok; sandbox readiness passed
2026-07-23T18:26:24+00:00,baseline_sandbox_readiness,61565876,injector,,112,61565876:injector/src/main/java/ch/jalu/injector/context/resolutioncontext.java,ResolutionContext,ResolutionContext_RBL4_f0244fa3Test,PASS,4.632,ok; sandbox readiness passed
2026-07-23T18:26:24+00:00,baseline_sandbox_readiness,61565876,injector,,113,61565876:injector/src/main/java/ch/jalu/injector/handlers/dependency/singletonstoredependencyhandler.java,SingletonStoreDependencyHandler,SingletonStoreDependencyHandler_RBL4_b36dd89fTest,PASS,4.621,ok; sandbox readiness passed
2026-07-23T18:26:24+00:00,baseline_sandbox_readiness,61565876,injector,,115,61565876:injector/src/main/java/ch/jalu/injector/context/objectidentifier.java,ObjectIdentifier,ObjectIdentifier_RBL4_7460272fTest,START,,prepare per-class sandbox and run generation prewarm without invoking GPT/EvoSuite
2026-07-23T18:26:24+00:00,baseline_sandbox_readiness,61565876,injector,,116,61565876:injector/src/main/java/ch/jalu/injector/handlers/instantiation/defaultinjectionprovider.java,DefaultInjectionProvider,DefaultInjectionProvider_RBL4_b7272345Test,START,,prepare per-class sandbox and run generation prewarm without invoking GPT/EvoSuite
2026-07-23T18:26:24+00:00,baseline_sandbox_readiness,61565876,injector,,117,61565876:injector/src/main/java/ch/jalu/injector/utils/reflectionutils.java,ReflectionUtils,ReflectionUtils_RBL4_00880516Test,START,,prepare per-class sandbox and run generation prewarm without invoking GPT/EvoSuite
2026-07-23T18:26:24+00:00,baseline_sandbox_readiness,61565876,injector,,116,61565876:injector/src/main/java/ch/jalu/injector/handlers/instantiation/defaultinjectionprovider.java,DefaultInjectionProvider,DefaultInjectionProvider_RBL4_b7272345Test,PASS,0.52,ok; sandbox readiness passed
2026-07-23T18:26:24+00:00,baseline_sandbox_readiness,61565876,injector,,115,61565876:injector/src/main/java/ch/jalu/injector/context/objectidentifier.java,ObjectIdentifier,ObjectIdentifier_RBL4_7460272fTest,PASS,0.523,ok; sandbox readiness passed
2026-07-23T18:26:24+00:00,baseline_sandbox_readiness,61565876,injector,,118,61565876:injector/src/main/java/ch/jalu/injector/handlers/postconstruct/postconstructmethodinvoker.java,PostConstructMethodInvoker,PostConstructMethodInvoker_RBL4_68accc5aTest,START,,prepare per-class sandbox and run generation prewarm without invoking GPT/EvoSuite
2026-07-23T18:26:24+00:00,baseline_sandbox_readiness,61565876,injector,,119,61565876:injector/src/main/java/ch/jalu/injector/injectorimpl.java,InjectorImpl,InjectorImpl_RBL4_0d84927dTest,START,,prepare per-class sandbox and run generation prewarm without invoking GPT/EvoSuite
2026-07-23T18:26:24+00:00,baseline_sandbox_readiness,61565876,injector,,117,61565876:injector/src/main/java/ch/jalu/injector/utils/reflectionutils.java,ReflectionUtils,ReflectionUtils_RBL4_00880516Test,PASS,0.536,ok; sandbox readiness passed
2026-07-23T18:26:24+00:00,baseline_sandbox_readiness,6293402,server,,120,6293402:server/src/main/java/com/vaadin/data/provider/treedataprovider.java,TreeDataProvider,TreeDataProvider_RBL4_73451966Test,START,,prepare per-class sandbox and run generation prewarm without invoking GPT/EvoSuite
2026-07-23T18:26:25+00:00,baseline_sandbox_readiness,61565876,injector,,118,61565876:injector/src/main/java/ch/jalu/injector/handlers/postconstruct/postconstructmethodinvoker.java,PostConstructMethodInvoker,PostConstructMethodInvoker_RBL4_68accc5aTest,PASS,0.275,ok; sandbox readiness passed
2026-07-23T18:26:25+00:00,baseline_sandbox_readiness,6293402,server,,121,6293402:server/src/main/java/com/vaadin/server/vaadinportletrequest.java,VaadinPortletRequest,VaadinPortletRequest_RBL4_5e6ec39eTest,START,,prepare per-class sandbox and run generation prewarm without invoking GPT/EvoSuite
2026-07-23T18:26:25+00:00,baseline_sandbox_readiness,61565876,injector,,119,61565876:injector/src/main/java/ch/jalu/injector/injectorimpl.java,InjectorImpl,InjectorImpl_RBL4_0d84927dTest,PASS,0.275,ok; sandbox readiness passed
2026-07-23T18:26:25+00:00,baseline_sandbox_readiness,6293402,server,,122,6293402:server/src/main/java/com/vaadin/ui/abstractsingleselect.java,AbstractSingleSelect,AbstractSingleSelect_RBL4_76a24253Test,START,,prepare per-class sandbox and run generation prewarm without invoking GPT/EvoSuite
2026-07-23T18:26:42+00:00,maven_reactor_prewarm,49384652,niubi-job-framework/niubi-job-service,,94,49384652:niubi-job-framework/niubi-job-service/src/main/java/com/zuoxiaolong/niubi/job/service/impl/standbyjoblogserviceimpl.java,StandbyJobLogServiceImpl,,PASS,18.695,"7b1__baseline_readiness\094_49384652_c897b221\compiledrepos\49384652\niubi-job-framework\niubi-job-persistent\target\niubi-job-persistent-0.9.6.1-SNAPSHOT.jar to C:\Users\admin\.m2\repository\com\zuoxiaolong\niubi-job-persistent\0.9.6.1-SNAPSHOT\niubi-job-persistent-0.9.6.1-SNAPSHOT.jar
[INFO] Installing D:\A_ThucNghiem\scripts_v2\workspaces\20260724_010022_d3f7f7b1__baseline_readiness\094_49384652_c897b221\compiledrepos\49384652\niubi-job-framework\niubi-job-persistent\target\niubi-job-persistent-0.9.6.1-SNAPSHOT-sources.jar to C:\Users\admin\.m2\repository\com\zuoxiaolong\niubi-job-persistent\0.9.6.1-SNAPSHOT\niubi-job-persistent-0.9.6.1-SNAPSHOT-sources.jar
[INFO] 
[INFO] -----------------< com.zuoxiaolong:niubi-job-service >------------------
[INFO] Building com.zuoxiaolong:niubi-job-service 0.9.6.1-SNAPSHOT        [8/8]
[INFO]   from niubi-job-framework\niubi-job-service\pom.xml
[INFO] --------------------------------[ jar ]---------------------------------
[INFO] 
[INFO] --- resources:3.4.0:resources (default-resources) @ niubi-job-service ---
[INFO] Copying 2 resources from src\main\resources to target\classes
[INFO] 
[INFO] --- compiler:3.3:compile (default-compile) @ niubi-job-service ---
[INFO] Changes detected - recompiling the module!
[INFO] Compiling 29 source files to D:\A_ThucNghiem\scripts_v2\workspaces\20260724_010022_d3f7f7b1__baseline_readiness\094_49384652_c897b221\compiledrepos\49384652\niubi-job-framework\niubi-job-service\target\classes
[INFO] 
[INFO] --- resources:3.4.0:testResources (default-testResources) @ niubi-job-service ---
[INFO] Copying 4 resources from src\test\resources to target\test-classes
[INFO] 
[INFO] --- compiler:3.3:testCompile (default-testCompile) @ niubi-job-service ---
[INFO] Changes detected - recompiling the module!
[INFO] Compiling 9 source files to D:\A_ThucNghiem\scripts_v2\workspaces\20260724_010022_d3f7f7b1__baseline_readiness\094_49384652_c897b221\compiledrepos\49384652\niubi-job-framework\niubi-job-service\target\test-classes
[INFO] 
[INFO] --- surefire:3.5.4:test (default-test) @ niubi-job-service ---
[INFO] Tests are skipped.
[INFO] 
[INFO] --- jar:2.4:jar (default-jar) @ niubi-job-service ---
[INFO] Building jar: D:\A_ThucNghiem\scripts_v2\workspaces\20260724_010022_d3f7f7b1__baseline_readiness\094_49384652_c897b221\compiledrepos\49384652\niubi-job-framework\niubi-job-service\target\niubi-job-service-0.9.6.1-SNAPSHOT.jar
[INFO] 
[INFO] --- source:2.4:jar-no-fork (attach-sources) @ niubi-job-service ---
[INFO] Building jar: D:\A_ThucNghiem\scripts_v2\workspaces\20260724_010022_d3f7f7b1__baseline_readiness\094_49384652_c897b221\compiledrepos\49384652\niubi-job-framework\niubi-job-service\target\niubi-job-service-0.9.6.1-SNAPSHOT-sources.jar
[INFO] 
[INFO] --- install:3.1.4:install (default-install) @ niubi-job-service ---
[INFO] Installing D:\A_ThucNghiem\scripts_v2\workspaces\20260724_010022_d3f7f7b1__baseline_readiness\094_49384652_c897b221\compiledrepos\49384652\niubi-job-framework\niubi-job-service\pom.xml to C:\Users\admin\.m2\repository\com\zuoxiaolong\niubi-job-service\0.9.6.1-SNAPSHOT\niubi-job-service-0.9.6.1-SNAPSHOT.pom
[INFO] Installing D:\A_ThucNghiem\scripts_v2\workspaces\20260724_010022_d3f7f7b1__baseline_readiness\094_49384652_c897b221\compiledrepos\49384652\niubi-job-framework\niubi-job-service\target\niubi-job-service-0.9.6.1-SNAPSHOT.jar to C:\Users\admin\.m2\repository\com\zuoxiaolong\niubi-job-service\0.9.6.1-SNAPSHOT\niubi-job-service-0.9.6.1-SNAPSHOT.jar
[INFO] Installing D:\A_ThucNghiem\scripts_v2\workspaces\20260724_010022_d3f7f7b1__baseline_readiness\094_49384652_c897b221\compiledrepos\49384652\niubi-job-framework\niubi-job-service\target\niubi-job-service-0.9.6.1-SNAPSHOT-sources.jar to C:\Users\admin\.m2\repository\com\zuoxiaolong\niubi-job-service\0.9.6.1-SNAPSHOT\niubi-job-service-0.9.6.1-SNAPSHOT-sources.jar
[INFO] ------------------------------------------------------------------------
[INFO] Reactor Summary for com.zuoxiaolong:niubi-job 0"
2026-07-23T18:26:42+00:00,baseline_sandbox_readiness,49384652,niubi-job-framework/niubi-job-service,,94,49384652:niubi-job-framework/niubi-job-service/src/main/java/com/zuoxiaolong/niubi/job/service/impl/standbyjoblogserviceimpl.java,StandbyJobLogServiceImpl,StandbyJobLogServiceImpl_RBL4_c897b221Test,PASS,75.082,ok; sandbox readiness passed
2026-07-23T18:26:42+00:00,baseline_sandbox_readiness,6293402,server,,123,6293402:server/src/main/java/com/vaadin/util/encodeutil.java,EncodeUtil,EncodeUtil_RBL4_b4ce0ae0Test,START,,prepare per-class sandbox and run generation prewarm without invoking GPT/EvoSuite
2026-07-23T18:31:02+00:00,baseline_sandbox_readiness,6293402,server,,121,6293402:server/src/main/java/com/vaadin/server/vaadinportletrequest.java,VaadinPortletRequest,VaadinPortletRequest_RBL4_5e6ec39eTest,PASS,277.084,ok; sandbox readiness passed
2026-07-23T18:31:02+00:00,baseline_sandbox_readiness,6293402,server,,124,6293402:server/src/main/java/com/vaadin/server/localeservice.java,LocaleService,LocaleService_RBL4_e764fd86Test,START,,prepare per-class sandbox and run generation prewarm without invoking GPT/EvoSuite
2026-07-23T18:31:02+00:00,baseline_sandbox_readiness,6293402,server,,122,6293402:server/src/main/java/com/vaadin/ui/abstractsingleselect.java,AbstractSingleSelect,AbstractSingleSelect_RBL4_76a24253Test,PASS,277.087,ok; sandbox readiness passed
2026-07-23T18:31:02+00:00,baseline_sandbox_readiness,6293402,server,,123,6293402:server/src/main/java/com/vaadin/util/encodeutil.java,EncodeUtil,EncodeUtil_RBL4_b4ce0ae0Test,PASS,259.521,ok; sandbox readiness passed
2026-07-23T18:31:02+00:00,baseline_sandbox_readiness,6293402,server,,125,6293402:server/src/main/java/com/vaadin/data/provider/datacommunicator.java,DataCommunicator,DataCommunicator_RBL4_9bb6c751Test,START,,prepare per-class sandbox and run generation prewarm without invoking GPT/EvoSuite
2026-07-23T18:31:02+00:00,baseline_sandbox_readiness,6293402,server,,120,6293402:server/src/main/java/com/vaadin/data/provider/treedataprovider.java,TreeDataProvider,TreeDataProvider_RBL4_73451966Test,PASS,277.362,ok; sandbox readiness passed
2026-07-23T18:31:02+00:00,baseline_sandbox_readiness,6293402,server,,126,6293402:server/src/main/java/com/vaadin/server/communication/metadatawriter.java,MetadataWriter,MetadataWriter_RBL4_7f52707cTest,START,,prepare per-class sandbox and run generation prewarm without invoking GPT/EvoSuite
2026-07-23T18:31:02+00:00,baseline_sandbox_readiness,6293402,server,,127,6293402:server/src/main/java/com/vaadin/server/communication/serverrpchandler.java,ServerRpcHandler,ServerRpcHandler_RBL4_1a82f048Test,START,,prepare per-class sandbox and run generation prewarm without invoking GPT/EvoSuite
2026-07-23T18:31:17+00:00,baseline_sandbox_readiness,6293402,server,,127,6293402:server/src/main/java/com/vaadin/server/communication/serverrpchandler.java,ServerRpcHandler,ServerRpcHandler_RBL4_1a82f048Test,PASS,15.057,ok; sandbox readiness passed
2026-07-23T18:31:17+00:00,baseline_sandbox_readiness,6437134,enav-util,,128,6437134:enav-util/src/main/java/dk/dma/enav/util/coordinateconverter.java,CoordinateConverter,CoordinateConverter_RBL4_8d23156cTest,START,,prepare per-class sandbox and run generation prewarm without invoking GPT/EvoSuite
2026-07-23T18:31:17+00:00,baseline_sandbox_readiness,6293402,server,,125,6293402:server/src/main/java/com/vaadin/data/provider/datacommunicator.java,DataCommunicator,DataCommunicator_RBL4_9bb6c751Test,PASS,15.074,ok; sandbox readiness passed
2026-07-23T18:31:17+00:00,baseline_sandbox_readiness,6437134,enav-util,,129,6437134:enav-util/src/main/java/dk/dma/enav/util/compass/compassutils.java,CompassUtils,CompassUtils_RBL4_262d6b6cTest,START,,prepare per-class sandbox and run generation prewarm without invoking GPT/EvoSuite
2026-07-23T18:31:17+00:00,baseline_sandbox_readiness,6293402,server,,124,6293402:server/src/main/java/com/vaadin/server/localeservice.java,LocaleService,LocaleService_RBL4_e764fd86Test,PASS,15.135,ok; sandbox readiness passed
2026-07-23T18:31:17+00:00,baseline_sandbox_readiness,6437134,enav-model,,130,6437134:enav-model/src/main/java/dk/dma/enav/model/geometry/ellipse.java,Ellipse,Ellipse_RBL4_2da8caedTest,START,,prepare per-class sandbox and run generation prewarm without invoking GPT/EvoSuite
2026-07-23T18:31:17+00:00,baseline_sandbox_readiness,6293402,server,,126,6293402:server/src/main/java/com/vaadin/server/communication/metadatawriter.java,MetadataWriter,MetadataWriter_RBL4_7f52707cTest,PASS,15.161,ok; sandbox readiness passed
2026-07-23T18:31:17+00:00,baseline_sandbox_readiness,6437134,enav-model,,131,6437134:enav-model/src/main/java/dk/dma/enav/model/geometry/boundingbox.java,BoundingBox,BoundingBox_RBL4_1f61159dTest,START,,prepare per-class sandbox and run generation prewarm without invoking GPT/EvoSuite
2026-07-23T18:31:19+00:00,maven_reactor_prewarm,6437134,enav-model,,131,6437134:enav-model/src/main/java/dk/dma/enav/model/geometry/boundingbox.java,BoundingBox,,START,,prewarm reactor dependencies for -pl enav-model; synthesized placeholder test hidden during prewarm: BoundingBox_RBL4_1f61159dTest.java
2026-07-23T18:31:19+00:00,baseline_sandbox_readiness,6437134,enav-util,,129,6437134:enav-util/src/main/java/dk/dma/enav/util/compass/compassutils.java,CompassUtils,CompassUtils_RBL4_262d6b6cTest,PASS,2.4,ok; sandbox readiness passed
2026-07-23T18:31:19+00:00,baseline_sandbox_readiness,6437134,enav-util,,128,6437134:enav-util/src/main/java/dk/dma/enav/util/coordinateconverter.java,CoordinateConverter,CoordinateConverter_RBL4_8d23156cTest,PASS,2.409,ok; sandbox readiness passed
2026-07-23T18:31:19+00:00,baseline_sandbox_readiness,6437134,enav-serialization,,132,6437134:enav-serialization/src/main/java/dk/dma/enav/serialization/routerouteparser.java,RouteRouteParser,RouteRouteParser_RBL4_6c97342fTest,START,,prepare per-class sandbox and run generation prewarm without invoking GPT/EvoSuite
2026-07-23T18:31:19+00:00,baseline_sandbox_readiness,6437134,enav-serialization,,133,6437134:enav-serialization/src/main/java/dk/dma/enav/serialization/rourouteparser.java,RouRouteParser,RouRouteParser_RBL4_4b2ecd0dTest,START,,prepare per-class sandbox and run generation prewarm without invoking GPT/EvoSuite
2026-07-23T18:31:19+00:00,maven_reactor_prewarm,6437134,enav-serialization,,132,6437134:enav-serialization/src/main/java/dk/dma/enav/serialization/routerouteparser.java,RouteRouteParser,,START,,prewarm reactor dependencies for -pl enav-serialization; synthesized placeholder test hidden during prewarm: RouteRouteParser_RBL4_6c97342fTest.java
2026-07-23T18:31:29+00:00,maven_reactor_prewarm,6437134,enav-model,,131,6437134:enav-model/src/main/java/dk/dma/enav/model/geometry/boundingbox.java,BoundingBox,,FAIL,10.158,"test-classes
[INFO] 
[INFO] --- surefire:2.16:test (default-test) @ enav-util ---
[INFO] Tests are skipped.
[INFO] 
[INFO] --- jar:3.0.2:jar (default-jar) @ enav-util ---
[INFO] Building jar: D:\A_ThucNghiem\scripts_v2\workspaces\20260724_010022_d3f7f7b1__baseline_readiness\131_6437134_1f61159d\compiledrepos\6437134\enav-util\target\enav-util-0.6-SNAPSHOT.jar
[INFO] 
[INFO] --- install:2.5.2:install (default-install) @ enav-util ---
[INFO] Installing D:\A_ThucNghiem\scripts_v2\workspaces\20260724_010022_d3f7f7b1__baseline_readiness\131_6437134_1f61159d\compiledrepos\6437134\enav-util\target\enav-util-0.6-SNAPSHOT.jar to C:\Users\admin\.m2\repository\dk\dma\enav\enav-util\0.6-SNAPSHOT\enav-util-0.6-SNAPSHOT.jar
[INFO] Installing D:\A_ThucNghiem\scripts_v2\workspaces\20260724_010022_d3f7f7b1__baseline_readiness\131_6437134_1f61159d\compiledrepos\6437134\enav-util\pom.xml to C:\Users\admin\.m2\repository\dk\dma\enav\enav-util\0.6-SNAPSHOT\enav-util-0.6-SNAPSHOT.pom
[INFO] 
[INFO] -----------------------< dk.dma.enav:enav-model >-----------------------
[INFO] Building eNav Model 0.6-SNAPSHOT                                   [3/3]
[INFO]   from enav-model\pom.xml
[INFO] --------------------------------[ jar ]---------------------------------
[INFO] 
[INFO] --- enforcer:3.0.0-M2:enforce (enforce-maven) @ enav-model ---
[INFO] Skipping Rule Enforcement.
[INFO] 
[INFO] --- resources:3.4.0:resources (default-resources) @ enav-model ---
[INFO] Copying 1 resource from src\main\resources to target\classes
[INFO] 
[INFO] --- compiler:3.1:compile (default-compile) @ enav-model ---
[INFO] Changes detected - recompiling the module!
[INFO] Compiling 64 source files to D:\A_ThucNghiem\scripts_v2\workspaces\20260724_010022_d3f7f7b1__baseline_readiness\131_6437134_1f61159d\compiledrepos\6437134\enav-model\target\classes
[INFO] 
[INFO] --- resources:3.4.0:testResources (default-testResources) @ enav-model ---
[INFO] skip non existing resourceDirectory D:\A_ThucNghiem\scripts_v2\workspaces\20260724_010022_d3f7f7b1__baseline_readiness\131_6437134_1f61159d\compiledrepos\6437134\enav-model\src\test\resources
[INFO] 
[INFO] --- compiler:3.1:testCompile (default-testCompile) @ enav-model ---
[INFO] Changes detected - recompiling the module!
[INFO] Compiling 6 source files to D:\A_ThucNghiem\scripts_v2\workspaces\20260724_010022_d3f7f7b1__baseline_readiness\131_6437134_1f61159d\compiledrepos\6437134\enav-model\target\test-classes
[INFO] 
[INFO] --- surefire:2.16:test (default-test) @ enav-model ---
[INFO] Tests are skipped.
[INFO] 
[INFO] --- jar:3.0.2:jar (default-jar) @ enav-model ---
[INFO] Building jar: D:\A_ThucNghiem\scripts_v2\workspaces\20260724_010022_d3f7f7b1__baseline_readiness\131_6437134_1f61159d\compiledrepos\6437134\enav-model\target\enav-model-0.6-SNAPSHOT.jar
[INFO] 
[INFO] --- install:2.5.2:install (default-install) @ enav-model ---
[INFO] Installing D:\A_ThucNghiem\scripts_v2\workspaces\20260724_010022_d3f7f7b1__baseline_readiness\131_6437134_1f61159d\compiledrepos\6437134\enav-model\target\enav-model-0.6-SNAPSHOT.jar to C:\Users\admin\.m2\repository\dk\dma\enav\enav-model\0.6-SNAPSHOT\enav-model-0.6-SNAPSHOT.jar
[INFO] Installing D:\A_ThucNghiem\scripts_v2\workspaces\20260724_010022_d3f7f7b1__baseline_readiness\131_6437134_1f61159d\compiledrepos\6437134\enav-model\pom.xml to C:\Users\admin\.m2\repository\dk\dma\enav\enav-model\0.6-SNAPSHOT\enav-model-0.6-SNAPSHOT.pom
[INFO] ------------------------------------------------------------------------
[INFO] Reactor Summary for eNav Parent 0.6-SNAPSHOT:
[INFO] 
[INFO] eNav Parent ........................................ SUCCESS [  1.276 s]
[INFO] eNav Util .......................................... SUCCESS [  3.019 s]
[INFO] eNav Model ......................................... FAILURE [  1.473 s]
[INFO] ------------------------------------------------------------------------
[INFO] BUILD FAILURE
[INFO] ------------------------------------------------------------------------
[INFO] Total ti"
2026-07-23T18:31:29+00:00,maven_reactor_prewarm_wait,6437134,enav-model,,130,6437134:enav-model/src/main/java/dk/dma/enav/model/geometry/ellipse.java,Ellipse,,PASS,10.156,waited 10.156s for same repo/scope prewarm lock: maven:enav-model
2026-07-23T18:31:29+00:00,baseline_sandbox_readiness,6437134,enav-model,,131,6437134:enav-model/src/main/java/dk/dma/enav/model/geometry/boundingbox.java,BoundingBox,BoundingBox_RBL4_1f61159dTest,FAIL,12.464,maven_reactor_prewarm_failed; Maven reactor prewarm failed in baseline-equivalent sandbox
2026-07-23T18:31:29+00:00,maven_reactor_prewarm,6437134,enav-model,,130,6437134:enav-model/src/main/java/dk/dma/enav/model/geometry/ellipse.java,Ellipse,,START,,prewarm reactor dependencies for -pl enav-model; synthesized placeholder test hidden during prewarm: Ellipse_RBL4_2da8caedTest.java
2026-07-23T18:31:29+00:00,baseline_sandbox_readiness,6437134,enav-serialization,,134,6437134:enav-serialization/src/main/java/dk/dma/enav/serialization/simplerouteparser.java,SimpleRouteParser,SimpleRouteParser_RBL4_3ed00afbTest,START,,prepare per-class sandbox and run generation prewarm without invoking GPT/EvoSuite
2026-07-23T18:31:30+00:00,maven_reactor_prewarm,6437134,enav-serialization,,132,6437134:enav-serialization/src/main/java/dk/dma/enav/serialization/routerouteparser.java,RouteRouteParser,,PASS,10.828,"O] 
[INFO] --- resources:3.4.0:testResources (default-testResources) @ enav-model ---
[INFO] skip non existing resourceDirectory D:\A_ThucNghiem\scripts_v2\workspaces\20260724_010022_d3f7f7b1__baseline_readiness\132_6437134_6c97342f\compiledrepos\6437134\enav-model\src\test\resources
[INFO] 
[INFO] --- compiler:3.1:testCompile (default-testCompile) @ enav-model ---
[INFO] Changes detected - recompiling the module!
[INFO] Compiling 6 source files to D:\A_ThucNghiem\scripts_v2\workspaces\20260724_010022_d3f7f7b1__baseline_readiness\132_6437134_6c97342f\compiledrepos\6437134\enav-model\target\test-classes
[INFO] 
[INFO] --- surefire:2.16:test (default-test) @ enav-model ---
[INFO] Tests are skipped.
[INFO] 
[INFO] --- jar:3.0.2:jar (default-jar) @ enav-model ---
[INFO] Building jar: D:\A_ThucNghiem\scripts_v2\workspaces\20260724_010022_d3f7f7b1__baseline_readiness\132_6437134_6c97342f\compiledrepos\6437134\enav-model\target\enav-model-0.6-SNAPSHOT.jar
[INFO] 
[INFO] --- install:2.5.2:install (default-install) @ enav-model ---
[INFO] Installing D:\A_ThucNghiem\scripts_v2\workspaces\20260724_010022_d3f7f7b1__baseline_readiness\132_6437134_6c97342f\compiledrepos\6437134\enav-model\target\enav-model-0.6-SNAPSHOT.jar to C:\Users\admin\.m2\repository\dk\dma\enav\enav-model\0.6-SNAPSHOT\enav-model-0.6-SNAPSHOT.jar
[INFO] Installing D:\A_ThucNghiem\scripts_v2\workspaces\20260724_010022_d3f7f7b1__baseline_readiness\132_6437134_6c97342f\compiledrepos\6437134\enav-model\pom.xml to C:\Users\admin\.m2\repository\dk\dma\enav\enav-model\0.6-SNAPSHOT\enav-model-0.6-SNAPSHOT.pom
[INFO] 
[INFO] -------------------< dk.dma.enav:enav-serialization >-------------------
[INFO] Building eNav Serialization 0.6-SNAPSHOT                           [4/4]
[INFO]   from enav-serialization\pom.xml
[INFO] --------------------------------[ jar ]---------------------------------
[INFO] 
[INFO] --- enforcer:3.0.0-M2:enforce (enforce-maven) @ enav-serialization ---
[INFO] Skipping Rule Enforcement.
[INFO] 
[INFO] --- resources:3.4.0:resources (default-resources) @ enav-serialization ---
[INFO] skip non existing resourceDirectory D:\A_ThucNghiem\scripts_v2\workspaces\20260724_010022_d3f7f7b1__baseline_readiness\132_6437134_6c97342f\compiledrepos\6437134\enav-serialization\src\main\resources
[INFO] 
[INFO] --- compiler:3.1:compile (default-compile) @ enav-serialization ---
[INFO] Changes detected - recompiling the module!
[INFO] Compiling 8 source files to D:\A_ThucNghiem\scripts_v2\workspaces\20260724_010022_d3f7f7b1__baseline_readiness\132_6437134_6c97342f\compiledrepos\6437134\enav-serialization\target\classes
[INFO] 
[INFO] --- resources:3.4.0:testResources (default-testResources) @ enav-serialization ---
[INFO] Copying 8 resources from src\test\resources to target\test-classes
[INFO] 
[INFO] --- compiler:3.1:testCompile (default-testCompile) @ enav-serialization ---
[INFO] Changes detected - recompiling the module!
[INFO] Compiling 4 source files to D:\A_ThucNghiem\scripts_v2\workspaces\20260724_010022_d3f7f7b1__baseline_readiness\132_6437134_6c97342f\compiledrepos\6437134\enav-serialization\target\test-classes
[INFO] 
[INFO] --- surefire:2.16:test (default-test) @ enav-serialization ---
[INFO] Tests are skipped.
[INFO] 
[INFO] --- jar:3.0.2:jar (default-jar) @ enav-serialization ---
[INFO] Building jar: D:\A_ThucNghiem\scripts_v2\workspaces\20260724_010022_d3f7f7b1__baseline_readiness\132_6437134_6c97342f\compiledrepos\6437134\enav-serialization\target\enav-serialization-0.6-SNAPSHOT.jar
[INFO] 
[INFO] --- install:2.5.2:install (default-install) @ enav-serialization ---
[INFO] Installing D:\A_ThucNghiem\scripts_v2\workspaces\20260724_010022_d3f7f7b1__baseline_readiness\132_6437134_6c97342f\compiledrepos\6437134\enav-serialization\target\enav-serialization-0.6-SNAPSHOT.jar to C:\Users\admin\.m2\repository\dk\dma\enav\enav-serialization\0.6-SNAPSHOT\enav-serialization-0.6-SNAPSHOT.jar
[INFO] Installing D:\A_ThucNghiem\scripts_v2\workspaces\20260724_010022_d3f7f7b"
2026-07-23T18:31:30+00:00,baseline_sandbox_readiness,6437134,enav-serialization,,132,6437134:enav-serialization/src/main/java/dk/dma/enav/serialization/routerouteparser.java,RouteRouteParser,RouteRouteParser_RBL4_6c97342fTest,PASS,10.973,ok; sandbox readiness passed
2026-07-23T18:31:30+00:00,maven_reactor_prewarm_wait,6437134,enav-serialization,,133,6437134:enav-serialization/src/main/java/dk/dma/enav/serialization/rourouteparser.java,RouRouteParser,,PASS,10.831,waited 10.831s for same repo/scope prewarm lock: maven:enav-serialization
2026-07-23T18:31:30+00:00,baseline_sandbox_readiness,6437134,enav-serialization,,135,6437134:enav-serialization/src/main/java/dk/dma/enav/serialization/rt3routeparser.java,Rt3RouteParser,Rt3RouteParser_RBL4_b2fce36cTest,START,,prepare per-class sandbox and run generation prewarm without invoking GPT/EvoSuite
2026-07-23T18:31:30+00:00,maven_reactor_prewarm,6437134,enav-serialization,,133,6437134:enav-serialization/src/main/java/dk/dma/enav/serialization/rourouteparser.java,RouRouteParser,,START,,prewarm reactor dependencies for -pl enav-serialization; synthesized placeholder test hidden during prewarm: RouRouteParser_RBL4_4b2ecd0dTest.java
2026-07-23T18:31:38+00:00,maven_reactor_prewarm,6437134,enav-model,,130,6437134:enav-model/src/main/java/dk/dma/enav/model/geometry/ellipse.java,Ellipse,,PASS,8.635,"ult-compile) @ enav-util ---
[INFO] Changes detected - recompiling the module!
[INFO] Compiling 8 source files to D:\A_ThucNghiem\scripts_v2\workspaces\20260724_010022_d3f7f7b1__baseline_readiness\130_6437134_2da8caed\compiledrepos\6437134\enav-util\target\classes
[INFO] 
[INFO] --- resources:3.4.0:testResources (default-testResources) @ enav-util ---
[INFO] skip non existing resourceDirectory D:\A_ThucNghiem\scripts_v2\workspaces\20260724_010022_d3f7f7b1__baseline_readiness\130_6437134_2da8caed\compiledrepos\6437134\enav-util\src\test\resources
[INFO] 
[INFO] --- compiler:3.1:testCompile (default-testCompile) @ enav-util ---
[INFO] Changes detected - recompiling the module!
[INFO] Compiling 3 source files to D:\A_ThucNghiem\scripts_v2\workspaces\20260724_010022_d3f7f7b1__baseline_readiness\130_6437134_2da8caed\compiledrepos\6437134\enav-util\target\test-classes
[INFO] 
[INFO] --- surefire:2.16:test (default-test) @ enav-util ---
[INFO] Tests are skipped.
[INFO] 
[INFO] --- jar:3.0.2:jar (default-jar) @ enav-util ---
[INFO] Building jar: D:\A_ThucNghiem\scripts_v2\workspaces\20260724_010022_d3f7f7b1__baseline_readiness\130_6437134_2da8caed\compiledrepos\6437134\enav-util\target\enav-util-0.6-SNAPSHOT.jar
[INFO] 
[INFO] --- install:2.5.2:install (default-install) @ enav-util ---
[INFO] Installing D:\A_ThucNghiem\scripts_v2\workspaces\20260724_010022_d3f7f7b1__baseline_readiness\130_6437134_2da8caed\compiledrepos\6437134\enav-util\target\enav-util-0.6-SNAPSHOT.jar to C:\Users\admin\.m2\repository\dk\dma\enav\enav-util\0.6-SNAPSHOT\enav-util-0.6-SNAPSHOT.jar
[INFO] Installing D:\A_ThucNghiem\scripts_v2\workspaces\20260724_010022_d3f7f7b1__baseline_readiness\130_6437134_2da8caed\compiledrepos\6437134\enav-util\pom.xml to C:\Users\admin\.m2\repository\dk\dma\enav\enav-util\0.6-SNAPSHOT\enav-util-0.6-SNAPSHOT.pom
[INFO] 
[INFO] -----------------------< dk.dma.enav:enav-model >-----------------------
[INFO] Building eNav Model 0.6-SNAPSHOT                                   [3/3]
[INFO]   from enav-model\pom.xml
[INFO] --------------------------------[ jar ]---------------------------------
[INFO] 
[INFO] --- enforcer:3.0.0-M2:enforce (enforce-maven) @ enav-model ---
[INFO] Skipping Rule Enforcement.
[INFO] 
[INFO] --- resources:3.4.0:resources (default-resources) @ enav-model ---
[INFO] Copying 1 resource from src\main\resources to target\classes
[INFO] 
[INFO] --- compiler:3.1:compile (default-compile) @ enav-model ---
[INFO] Changes detected - recompiling the module!
[INFO] Compiling 64 source files to D:\A_ThucNghiem\scripts_v2\workspaces\20260724_010022_d3f7f7b1__baseline_readiness\130_6437134_2da8caed\compiledrepos\6437134\enav-model\target\classes
[INFO] 
[INFO] --- resources:3.4.0:testResources (default-testResources) @ enav-model ---
[INFO] skip non existing resourceDirectory D:\A_ThucNghiem\scripts_v2\workspaces\20260724_010022_d3f7f7b1__baseline_readiness\130_6437134_2da8caed\compiledrepos\6437134\enav-model\src\test\resources
[INFO] 
[INFO] --- compiler:3.1:testCompile (default-testCompile) @ enav-model ---
[INFO] Changes detected - recompiling the module!
[INFO] Compiling 6 source files to D:\A_ThucNghiem\scripts_v2\workspaces\20260724_010022_d3f7f7b1__baseline_readiness\130_6437134_2da8caed\compiledrepos\6437134\enav-model\target\test-classes
[INFO] 
[INFO] --- surefire:2.16:test (default-test) @ enav-model ---
[INFO] Tests are skipped.
[INFO] 
[INFO] --- jar:3.0.2:jar (default-jar) @ enav-model ---
[INFO] Building jar: D:\A_ThucNghiem\scripts_v2\workspaces\20260724_010022_d3f7f7b1__baseline_readiness\130_6437134_2da8caed\compiledrepos\6437134\enav-model\target\enav-model-0.6-SNAPSHOT.jar
[INFO] 
[INFO] --- install:2.5.2:install (default-install) @ enav-model ---
[INFO] Installing D:\A_ThucNghiem\scripts_v2\workspaces\20260724_010022_d3f7f7b1__baseline_readiness\130_6437134_2da8caed\compiledrepos\6437134\enav-model\target\enav-model-0.6-SNAPSHOT.jar to C:\Users\admin\.m2\repository\dk\dma\enav\enav-model\0.6-SNAPSHOT\ena"
2026-07-23T18:31:38+00:00,baseline_sandbox_readiness,6437134,enav-model,,130,6437134:enav-model/src/main/java/dk/dma/enav/model/geometry/ellipse.java,Ellipse,Ellipse_RBL4_2da8caedTest,PASS,21.144,ok; sandbox readiness passed
2026-07-23T18:31:38+00:00,baseline_sandbox_readiness,64487983,dependency-injection,,136,64487983:dependency-injection/src/main/java/com/iluwatar/dependency/injection/app.java,App,App_RBL4_f077e771Test,START,,prepare per-class sandbox and run generation prewarm without invoking GPT/EvoSuite
2026-07-23T18:31:40+00:00,maven_reactor_prewarm,6437134,enav-serialization,,133,6437134:enav-serialization/src/main/java/dk/dma/enav/serialization/rourouteparser.java,RouRouteParser,,PASS,9.23,"O] 
[INFO] --- resources:3.4.0:testResources (default-testResources) @ enav-model ---
[INFO] skip non existing resourceDirectory D:\A_ThucNghiem\scripts_v2\workspaces\20260724_010022_d3f7f7b1__baseline_readiness\133_6437134_4b2ecd0d\compiledrepos\6437134\enav-model\src\test\resources
[INFO] 
[INFO] --- compiler:3.1:testCompile (default-testCompile) @ enav-model ---
[INFO] Changes detected - recompiling the module!
[INFO] Compiling 6 source files to D:\A_ThucNghiem\scripts_v2\workspaces\20260724_010022_d3f7f7b1__baseline_readiness\133_6437134_4b2ecd0d\compiledrepos\6437134\enav-model\target\test-classes
[INFO] 
[INFO] --- surefire:2.16:test (default-test) @ enav-model ---
[INFO] Tests are skipped.
[INFO] 
[INFO] --- jar:3.0.2:jar (default-jar) @ enav-model ---
[INFO] Building jar: D:\A_ThucNghiem\scripts_v2\workspaces\20260724_010022_d3f7f7b1__baseline_readiness\133_6437134_4b2ecd0d\compiledrepos\6437134\enav-model\target\enav-model-0.6-SNAPSHOT.jar
[INFO] 
[INFO] --- install:2.5.2:install (default-install) @ enav-model ---
[INFO] Installing D:\A_ThucNghiem\scripts_v2\workspaces\20260724_010022_d3f7f7b1__baseline_readiness\133_6437134_4b2ecd0d\compiledrepos\6437134\enav-model\target\enav-model-0.6-SNAPSHOT.jar to C:\Users\admin\.m2\repository\dk\dma\enav\enav-model\0.6-SNAPSHOT\enav-model-0.6-SNAPSHOT.jar
[INFO] Installing D:\A_ThucNghiem\scripts_v2\workspaces\20260724_010022_d3f7f7b1__baseline_readiness\133_6437134_4b2ecd0d\compiledrepos\6437134\enav-model\pom.xml to C:\Users\admin\.m2\repository\dk\dma\enav\enav-model\0.6-SNAPSHOT\enav-model-0.6-SNAPSHOT.pom
[INFO] 
[INFO] -------------------< dk.dma.enav:enav-serialization >-------------------
[INFO] Building eNav Serialization 0.6-SNAPSHOT                           [4/4]
[INFO]   from enav-serialization\pom.xml
[INFO] --------------------------------[ jar ]---------------------------------
[INFO] 
[INFO] --- enforcer:3.0.0-M2:enforce (enforce-maven) @ enav-serialization ---
[INFO] Skipping Rule Enforcement.
[INFO] 
[INFO] --- resources:3.4.0:resources (default-resources) @ enav-serialization ---
[INFO] skip non existing resourceDirectory D:\A_ThucNghiem\scripts_v2\workspaces\20260724_010022_d3f7f7b1__baseline_readiness\133_6437134_4b2ecd0d\compiledrepos\6437134\enav-serialization\src\main\resources
[INFO] 
[INFO] --- compiler:3.1:compile (default-compile) @ enav-serialization ---
[INFO] Changes detected - recompiling the module!
[INFO] Compiling 8 source files to D:\A_ThucNghiem\scripts_v2\workspaces\20260724_010022_d3f7f7b1__baseline_readiness\133_6437134_4b2ecd0d\compiledrepos\6437134\enav-serialization\target\classes
[INFO] 
[INFO] --- resources:3.4.0:testResources (default-testResources) @ enav-serialization ---
[INFO] Copying 8 resources from src\test\resources to target\test-classes
[INFO] 
[INFO] --- compiler:3.1:testCompile (default-testCompile) @ enav-serialization ---
[INFO] Changes detected - recompiling the module!
[INFO] Compiling 4 source files to D:\A_ThucNghiem\scripts_v2\workspaces\20260724_010022_d3f7f7b1__baseline_readiness\133_6437134_4b2ecd0d\compiledrepos\6437134\enav-serialization\target\test-classes
[INFO] 
[INFO] --- surefire:2.16:test (default-test) @ enav-serialization ---
[INFO] Tests are skipped.
[INFO] 
[INFO] --- jar:3.0.2:jar (default-jar) @ enav-serialization ---
[INFO] Building jar: D:\A_ThucNghiem\scripts_v2\workspaces\20260724_010022_d3f7f7b1__baseline_readiness\133_6437134_4b2ecd0d\compiledrepos\6437134\enav-serialization\target\enav-serialization-0.6-SNAPSHOT.jar
[INFO] 
[INFO] --- install:2.5.2:install (default-install) @ enav-serialization ---
[INFO] Installing D:\A_ThucNghiem\scripts_v2\workspaces\20260724_010022_d3f7f7b1__baseline_readiness\133_6437134_4b2ecd0d\compiledrepos\6437134\enav-serialization\target\enav-serialization-0.6-SNAPSHOT.jar to C:\Users\admin\.m2\repository\dk\dma\enav\enav-serialization\0.6-SNAPSHOT\enav-serialization-0.6-SNAPSHOT.jar
[INFO] Installing D:\A_ThucNghiem\scripts_v2\workspaces\20260724_010022_d3f7f7b"
2026-07-23T18:31:40+00:00,baseline_sandbox_readiness,6437134,enav-serialization,,133,6437134:enav-serialization/src/main/java/dk/dma/enav/serialization/rourouteparser.java,RouRouteParser,RouRouteParser_RBL4_4b2ecd0dTest,PASS,20.205,ok; sandbox readiness passed
2026-07-23T18:31:40+00:00,maven_reactor_prewarm_wait,6437134,enav-serialization,,134,6437134:enav-serialization/src/main/java/dk/dma/enav/serialization/simplerouteparser.java,SimpleRouteParser,,PASS,9.847,waited 9.847s for same repo/scope prewarm lock: maven:enav-serialization
2026-07-23T18:31:40+00:00,baseline_sandbox_readiness,64487983,dependency-injection,,137,64487983:dependency-injection/src/main/java/com/iluwatar/dependency/injection/guicewizard.java,GuiceWizard,GuiceWizard_RBL4_f36a1968Test,START,,prepare per-class sandbox and run generation prewarm without invoking GPT/EvoSuite
2026-07-23T18:31:40+00:00,maven_reactor_prewarm,6437134,enav-serialization,,134,6437134:enav-serialization/src/main/java/dk/dma/enav/serialization/simplerouteparser.java,SimpleRouteParser,,START,,prewarm reactor dependencies for -pl enav-serialization; synthesized placeholder test hidden during prewarm: SimpleRouteParser_RBL4_3ed00afbTest.java
2026-07-23T18:31:48+00:00,maven_reactor_prewarm,6437134,enav-serialization,,134,6437134:enav-serialization/src/main/java/dk/dma/enav/serialization/simplerouteparser.java,SimpleRouteParser,,PASS,8.183,"O] 
[INFO] --- resources:3.4.0:testResources (default-testResources) @ enav-model ---
[INFO] skip non existing resourceDirectory D:\A_ThucNghiem\scripts_v2\workspaces\20260724_010022_d3f7f7b1__baseline_readiness\134_6437134_3ed00afb\compiledrepos\6437134\enav-model\src\test\resources
[INFO] 
[INFO] --- compiler:3.1:testCompile (default-testCompile) @ enav-model ---
[INFO] Changes detected - recompiling the module!
[INFO] Compiling 6 source files to D:\A_ThucNghiem\scripts_v2\workspaces\20260724_010022_d3f7f7b1__baseline_readiness\134_6437134_3ed00afb\compiledrepos\6437134\enav-model\target\test-classes
[INFO] 
[INFO] --- surefire:2.16:test (default-test) @ enav-model ---
[INFO] Tests are skipped.
[INFO] 
[INFO] --- jar:3.0.2:jar (default-jar) @ enav-model ---
[INFO] Building jar: D:\A_ThucNghiem\scripts_v2\workspaces\20260724_010022_d3f7f7b1__baseline_readiness\134_6437134_3ed00afb\compiledrepos\6437134\enav-model\target\enav-model-0.6-SNAPSHOT.jar
[INFO] 
[INFO] --- install:2.5.2:install (default-install) @ enav-model ---
[INFO] Installing D:\A_ThucNghiem\scripts_v2\workspaces\20260724_010022_d3f7f7b1__baseline_readiness\134_6437134_3ed00afb\compiledrepos\6437134\enav-model\target\enav-model-0.6-SNAPSHOT.jar to C:\Users\admin\.m2\repository\dk\dma\enav\enav-model\0.6-SNAPSHOT\enav-model-0.6-SNAPSHOT.jar
[INFO] Installing D:\A_ThucNghiem\scripts_v2\workspaces\20260724_010022_d3f7f7b1__baseline_readiness\134_6437134_3ed00afb\compiledrepos\6437134\enav-model\pom.xml to C:\Users\admin\.m2\repository\dk\dma\enav\enav-model\0.6-SNAPSHOT\enav-model-0.6-SNAPSHOT.pom
[INFO] 
[INFO] -------------------< dk.dma.enav:enav-serialization >-------------------
[INFO] Building eNav Serialization 0.6-SNAPSHOT                           [4/4]
[INFO]   from enav-serialization\pom.xml
[INFO] --------------------------------[ jar ]---------------------------------
[INFO] 
[INFO] --- enforcer:3.0.0-M2:enforce (enforce-maven) @ enav-serialization ---
[INFO] Skipping Rule Enforcement.
[INFO] 
[INFO] --- resources:3.4.0:resources (default-resources) @ enav-serialization ---
[INFO] skip non existing resourceDirectory D:\A_ThucNghiem\scripts_v2\workspaces\20260724_010022_d3f7f7b1__baseline_readiness\134_6437134_3ed00afb\compiledrepos\6437134\enav-serialization\src\main\resources
[INFO] 
[INFO] --- compiler:3.1:compile (default-compile) @ enav-serialization ---
[INFO] Changes detected - recompiling the module!
[INFO] Compiling 8 source files to D:\A_ThucNghiem\scripts_v2\workspaces\20260724_010022_d3f7f7b1__baseline_readiness\134_6437134_3ed00afb\compiledrepos\6437134\enav-serialization\target\classes
[INFO] 
[INFO] --- resources:3.4.0:testResources (default-testResources) @ enav-serialization ---
[INFO] Copying 8 resources from src\test\resources to target\test-classes
[INFO] 
[INFO] --- compiler:3.1:testCompile (default-testCompile) @ enav-serialization ---
[INFO] Changes detected - recompiling the module!
[INFO] Compiling 4 source files to D:\A_ThucNghiem\scripts_v2\workspaces\20260724_010022_d3f7f7b1__baseline_readiness\134_6437134_3ed00afb\compiledrepos\6437134\enav-serialization\target\test-classes
[INFO] 
[INFO] --- surefire:2.16:test (default-test) @ enav-serialization ---
[INFO] Tests are skipped.
[INFO] 
[INFO] --- jar:3.0.2:jar (default-jar) @ enav-serialization ---
[INFO] Building jar: D:\A_ThucNghiem\scripts_v2\workspaces\20260724_010022_d3f7f7b1__baseline_readiness\134_6437134_3ed00afb\compiledrepos\6437134\enav-serialization\target\enav-serialization-0.6-SNAPSHOT.jar
[INFO] 
[INFO] --- install:2.5.2:install (default-install) @ enav-serialization ---
[INFO] Installing D:\A_ThucNghiem\scripts_v2\workspaces\20260724_010022_d3f7f7b1__baseline_readiness\134_6437134_3ed00afb\compiledrepos\6437134\enav-serialization\target\enav-serialization-0.6-SNAPSHOT.jar to C:\Users\admin\.m2\repository\dk\dma\enav\enav-serialization\0.6-SNAPSHOT\enav-serialization-0.6-SNAPSHOT.jar
[INFO] Installing D:\A_ThucNghiem\scripts_v2\workspaces\20260724_010022_d3f7f7b"
2026-07-23T18:31:48+00:00,maven_reactor_prewarm_wait,6437134,enav-serialization,,135,6437134:enav-serialization/src/main/java/dk/dma/enav/serialization/rt3routeparser.java,Rt3RouteParser,,PASS,17.32,waited 17.320s for same repo/scope prewarm lock: maven:enav-serialization
2026-07-23T18:31:48+00:00,baseline_sandbox_readiness,6437134,enav-serialization,,134,6437134:enav-serialization/src/main/java/dk/dma/enav/serialization/simplerouteparser.java,SimpleRouteParser,SimpleRouteParser_RBL4_3ed00afbTest,PASS,18.244,ok; sandbox readiness passed
2026-07-23T18:31:48+00:00,maven_reactor_prewarm,6437134,enav-serialization,,135,6437134:enav-serialization/src/main/java/dk/dma/enav/serialization/rt3routeparser.java,Rt3RouteParser,,START,,prewarm reactor dependencies for -pl enav-serialization; synthesized placeholder test hidden during prewarm: Rt3RouteParser_RBL4_b2fce36cTest.java
2026-07-23T18:31:48+00:00,baseline_sandbox_readiness,64487983,bridge,,138,64487983:bridge/src/main/java/com/iluwatar/bridge/souleatingmagicweapon.java,SoulEatingMagicWeapon,SoulEatingMagicWeapon_RBL4_e5ac9b33Test,START,,prepare per-class sandbox and run generation prewarm without invoking GPT/EvoSuite
2026-07-23T18:31:56+00:00,maven_reactor_prewarm,6437134,enav-serialization,,135,6437134:enav-serialization/src/main/java/dk/dma/enav/serialization/rt3routeparser.java,Rt3RouteParser,,PASS,7.839,"O] 
[INFO] --- resources:3.4.0:testResources (default-testResources) @ enav-model ---
[INFO] skip non existing resourceDirectory D:\A_ThucNghiem\scripts_v2\workspaces\20260724_010022_d3f7f7b1__baseline_readiness\135_6437134_b2fce36c\compiledrepos\6437134\enav-model\src\test\resources
[INFO] 
[INFO] --- compiler:3.1:testCompile (default-testCompile) @ enav-model ---
[INFO] Changes detected - recompiling the module!
[INFO] Compiling 6 source files to D:\A_ThucNghiem\scripts_v2\workspaces\20260724_010022_d3f7f7b1__baseline_readiness\135_6437134_b2fce36c\compiledrepos\6437134\enav-model\target\test-classes
[INFO] 
[INFO] --- surefire:2.16:test (default-test) @ enav-model ---
[INFO] Tests are skipped.
[INFO] 
[INFO] --- jar:3.0.2:jar (default-jar) @ enav-model ---
[INFO] Building jar: D:\A_ThucNghiem\scripts_v2\workspaces\20260724_010022_d3f7f7b1__baseline_readiness\135_6437134_b2fce36c\compiledrepos\6437134\enav-model\target\enav-model-0.6-SNAPSHOT.jar
[INFO] 
[INFO] --- install:2.5.2:install (default-install) @ enav-model ---
[INFO] Installing D:\A_ThucNghiem\scripts_v2\workspaces\20260724_010022_d3f7f7b1__baseline_readiness\135_6437134_b2fce36c\compiledrepos\6437134\enav-model\target\enav-model-0.6-SNAPSHOT.jar to C:\Users\admin\.m2\repository\dk\dma\enav\enav-model\0.6-SNAPSHOT\enav-model-0.6-SNAPSHOT.jar
[INFO] Installing D:\A_ThucNghiem\scripts_v2\workspaces\20260724_010022_d3f7f7b1__baseline_readiness\135_6437134_b2fce36c\compiledrepos\6437134\enav-model\pom.xml to C:\Users\admin\.m2\repository\dk\dma\enav\enav-model\0.6-SNAPSHOT\enav-model-0.6-SNAPSHOT.pom
[INFO] 
[INFO] -------------------< dk.dma.enav:enav-serialization >-------------------
[INFO] Building eNav Serialization 0.6-SNAPSHOT                           [4/4]
[INFO]   from enav-serialization\pom.xml
[INFO] --------------------------------[ jar ]---------------------------------
[INFO] 
[INFO] --- enforcer:3.0.0-M2:enforce (enforce-maven) @ enav-serialization ---
[INFO] Skipping Rule Enforcement.
[INFO] 
[INFO] --- resources:3.4.0:resources (default-resources) @ enav-serialization ---
[INFO] skip non existing resourceDirectory D:\A_ThucNghiem\scripts_v2\workspaces\20260724_010022_d3f7f7b1__baseline_readiness\135_6437134_b2fce36c\compiledrepos\6437134\enav-serialization\src\main\resources
[INFO] 
[INFO] --- compiler:3.1:compile (default-compile) @ enav-serialization ---
[INFO] Changes detected - recompiling the module!
[INFO] Compiling 8 source files to D:\A_ThucNghiem\scripts_v2\workspaces\20260724_010022_d3f7f7b1__baseline_readiness\135_6437134_b2fce36c\compiledrepos\6437134\enav-serialization\target\classes
[INFO] 
[INFO] --- resources:3.4.0:testResources (default-testResources) @ enav-serialization ---
[INFO] Copying 8 resources from src\test\resources to target\test-classes
[INFO] 
[INFO] --- compiler:3.1:testCompile (default-testCompile) @ enav-serialization ---
[INFO] Changes detected - recompiling the module!
[INFO] Compiling 4 source files to D:\A_ThucNghiem\scripts_v2\workspaces\20260724_010022_d3f7f7b1__baseline_readiness\135_6437134_b2fce36c\compiledrepos\6437134\enav-serialization\target\test-classes
[INFO] 
[INFO] --- surefire:2.16:test (default-test) @ enav-serialization ---
[INFO] Tests are skipped.
[INFO] 
[INFO] --- jar:3.0.2:jar (default-jar) @ enav-serialization ---
[INFO] Building jar: D:\A_ThucNghiem\scripts_v2\workspaces\20260724_010022_d3f7f7b1__baseline_readiness\135_6437134_b2fce36c\compiledrepos\6437134\enav-serialization\target\enav-serialization-0.6-SNAPSHOT.jar
[INFO] 
[INFO] --- install:2.5.2:install (default-install) @ enav-serialization ---
[INFO] Installing D:\A_ThucNghiem\scripts_v2\workspaces\20260724_010022_d3f7f7b1__baseline_readiness\135_6437134_b2fce36c\compiledrepos\6437134\enav-serialization\target\enav-serialization-0.6-SNAPSHOT.jar to C:\Users\admin\.m2\repository\dk\dma\enav\enav-serialization\0.6-SNAPSHOT\enav-serialization-0.6-SNAPSHOT.jar
[INFO] Installing D:\A_ThucNghiem\scripts_v2\workspaces\20260724_010022_d3f7f7b"
2026-07-23T18:31:56+00:00,baseline_sandbox_readiness,6437134,enav-serialization,,135,6437134:enav-serialization/src/main/java/dk/dma/enav/serialization/rt3routeparser.java,Rt3RouteParser,Rt3RouteParser_RBL4_b2fce36cTest,PASS,25.267,ok; sandbox readiness passed
2026-07-23T18:31:56+00:00,baseline_sandbox_readiness,64487983,bridge,,139,64487983:bridge/src/main/java/com/iluwatar/bridge/blindingmagicweapon.java,BlindingMagicWeapon,BlindingMagicWeapon_RBL4_0f46d2c5Test,START,,prepare per-class sandbox and run generation prewarm without invoking GPT/EvoSuite
2026-07-23T18:32:08+00:00,baseline_sandbox_readiness,64487983,bridge,,138,64487983:bridge/src/main/java/com/iluwatar/bridge/souleatingmagicweapon.java,SoulEatingMagicWeapon,SoulEatingMagicWeapon_RBL4_e5ac9b33Test,PASS,20.429,ok; sandbox readiness passed
2026-07-23T18:32:08+00:00,baseline_sandbox_readiness,64487983,dependency-injection,,136,64487983:dependency-injection/src/main/java/com/iluwatar/dependency/injection/app.java,App,App_RBL4_f077e771Test,PASS,30.04,ok; sandbox readiness passed
2026-07-23T18:32:08+00:00,baseline_sandbox_readiness,64487983,dependency-injection,,137,64487983:dependency-injection/src/main/java/com/iluwatar/dependency/injection/guicewizard.java,GuiceWizard,GuiceWizard_RBL4_f36a1968Test,PASS,28.623,ok; sandbox readiness passed
2026-07-23T18:32:08+00:00,baseline_sandbox_readiness,64487983,bridge,,140,64487983:bridge/src/main/java/com/iluwatar/bridge/flyingmagicweapon.java,FlyingMagicWeapon,FlyingMagicWeapon_RBL4_65b25ee1Test,START,,prepare per-class sandbox and run generation prewarm without invoking GPT/EvoSuite
2026-07-23T18:32:08+00:00,baseline_sandbox_readiness,64487983,bridge,,139,64487983:bridge/src/main/java/com/iluwatar/bridge/blindingmagicweapon.java,BlindingMagicWeapon,BlindingMagicWeapon_RBL4_0f46d2c5Test,PASS,12.592,ok; sandbox readiness passed
2026-07-23T18:32:08+00:00,baseline_sandbox_readiness,64487983,hexagonal,,141,64487983:hexagonal/src/main/java/com/iluwatar/hexagonal/app.java,App,App_RBL4_735c5bfeTest,START,,prepare per-class sandbox and run generation prewarm without invoking GPT/EvoSuite
2026-07-23T18:32:08+00:00,baseline_sandbox_readiness,64487983,hexagonal,,142,64487983:hexagonal/src/main/java/com/iluwatar/hexagonal/domain/lotterynumbers.java,LotteryNumbers,LotteryNumbers_RBL4_eef37d9aTest,START,,prepare per-class sandbox and run generation prewarm without invoking GPT/EvoSuite
2026-07-23T18:32:08+00:00,baseline_sandbox_readiness,64487983,hexagonal,,143,64487983:hexagonal/src/main/java/com/iluwatar/hexagonal/domain/playerdetails.java,PlayerDetails,PlayerDetails_RBL4_77b9df0eTest,START,,prepare per-class sandbox and run generation prewarm without invoking GPT/EvoSuite
2026-07-23T18:32:12+00:00,baseline_sandbox_readiness,64487983,bridge,,140,64487983:bridge/src/main/java/com/iluwatar/bridge/flyingmagicweapon.java,FlyingMagicWeapon,FlyingMagicWeapon_RBL4_65b25ee1Test,PASS,3.911,ok; sandbox readiness passed
2026-07-23T18:32:12+00:00,baseline_sandbox_readiness,66303306,event,,144,66303306:event/src/main/java/com/bazaarvoice/emodb/event/eventstoremodule.java,EventStoreModule,EventStoreModule_RBL4_40681041Test,START,,prepare per-class sandbox and run generation prewarm without invoking GPT/EvoSuite
2026-07-23T18:32:12+00:00,baseline_sandbox_readiness,64487983,hexagonal,,141,64487983:hexagonal/src/main/java/com/iluwatar/hexagonal/app.java,App,App_RBL4_735c5bfeTest,PASS,3.926,ok; sandbox readiness passed
2026-07-23T18:32:12+00:00,baseline_sandbox_readiness,66303306,event,,145,66303306:event/src/main/java/com/bazaarvoice/emodb/event/api/dedupeventstorechannels.java,DedupEventStoreChannels,DedupEventStoreChannels_RBL4_1ac113bfTest,START,,prepare per-class sandbox and run generation prewarm without invoking GPT/EvoSuite
2026-07-23T18:32:12+00:00,baseline_sandbox_readiness,64487983,hexagonal,,143,64487983:hexagonal/src/main/java/com/iluwatar/hexagonal/domain/playerdetails.java,PlayerDetails,PlayerDetails_RBL4_77b9df0eTest,PASS,3.93,ok; sandbox readiness passed
2026-07-23T18:32:12+00:00,baseline_sandbox_readiness,66303306,event,,146,66303306:event/src/main/java/com/bazaarvoice/emodb/event/db/astyanax/channelallocationstate.java,ChannelAllocationState,ChannelAllocationState_RBL4_031689bdTest,START,,prepare per-class sandbox and run generation prewarm without invoking GPT/EvoSuite
2026-07-23T18:32:12+00:00,baseline_sandbox_readiness,64487983,hexagonal,,142,64487983:hexagonal/src/main/java/com/iluwatar/hexagonal/domain/lotterynumbers.java,LotteryNumbers,LotteryNumbers_RBL4_eef37d9aTest,PASS,3.936,ok; sandbox readiness passed
2026-07-23T18:32:12+00:00,baseline_sandbox_readiness,66303306,web,,147,66303306:web/src/main/java/com/bazaarvoice/emodb/web/partition/partitionawareservicefactory.java,PartitionAwareServiceFactory,PartitionAwareServiceFactory_RBL4_e6c37a47Test,START,,prepare per-class sandbox and run generation prewarm without invoking GPT/EvoSuite
2026-07-23T18:33:12+00:00,maven_reactor_prewarm,66303306,event,,146,66303306:event/src/main/java/com/bazaarvoice/emodb/event/db/astyanax/channelallocationstate.java,ChannelAllocationState,,START,,prewarm reactor dependencies for -pl event; synthesized placeholder test hidden during prewarm: ChannelAllocationState_RBL4_031689bdTest.java
2026-07-23T18:33:12+00:00,maven_reactor_prewarm,66303306,web,,147,66303306:web/src/main/java/com/bazaarvoice/emodb/web/partition/partitionawareservicefactory.java,PartitionAwareServiceFactory,,START,,prewarm reactor dependencies for -pl web; synthesized placeholder test hidden during prewarm: PartitionAwareServiceFactory_RBL4_e6c37a47Test.java
2026-07-23T18:33:36+00:00,maven_reactor_prewarm,66303306,event,,146,66303306:event/src/main/java/com/bazaarvoice/emodb/event/db/astyanax/channelallocationstate.java,ChannelAllocationState,,PASS,24.144,":[3,8] serializable class com.bazaarvoice.emodb.event.core.ClosedClaimSetException has no definition of serialVersionUID
[INFO] 
[INFO] --- resources:3.2.0:testResources (default-testResources) @ emodb-event ---
[INFO] Using 'UTF-8' encoding to copy filtered resources.
[INFO] Using 'UTF-8' encoding to copy filtered properties files.
[INFO] Copying 1 resource
[INFO] skip non existing resourceDirectory D:\A_ThucNghiem\scripts_v2\workspaces\20260724_010022_d3f7f7b1__baseline_readiness\146_66303306_031689bd\compiledrepos\66303306\event\src\test\resources
[INFO] 
[INFO] --- compiler:3.10.1:testCompile (default-testCompile) @ emodb-event ---
[INFO] Changes detected - recompiling the module!
[INFO] Compiling 15 source files to D:\A_ThucNghiem\scripts_v2\workspaces\20260724_010022_d3f7f7b1__baseline_readiness\146_66303306_031689bd\compiledrepos\66303306\event\target\test-classes
[WARNING] /D:/A_ThucNghiem/scripts_v2/workspaces/20260724_010022_d3f7f7b1__baseline_readiness/146_66303306_031689bd/compiledrepos/66303306/event/src/test/java/com/bazaarvoice/emodb/sortedq/core/SimulatedFailureException.java:[3,1] serializable class com.bazaarvoice.emodb.sortedq.core.SimulatedFailureException has no definition of serialVersionUID
[WARNING] /D:/A_ThucNghiem/scripts_v2/workspaces/20260724_010022_d3f7f7b1__baseline_readiness/146_66303306_031689bd/compiledrepos/66303306/event/src/test/java/com/bazaarvoice/emodb/event/core/DedupQueueTest.java:[82,87] found raw type: org.mockito.stubbing.Answer
  missing type arguments for generic class org.mockito.stubbing.Answer<T>
[WARNING] /D:/A_ThucNghiem/scripts_v2/workspaces/20260724_010022_d3f7f7b1__baseline_readiness/146_66303306_031689bd/compiledrepos/66303306/event/src/test/java/com/bazaarvoice/emodb/sortedq/core/SegmentSnapshotJsonTest.java:[103,46] unchecked conversion
  required: com.bazaarvoice.emodb.sortedq.core.SplitQueue<com.bazaarvoice.emodb.sortedq.core.Segment>
  found:    com.bazaarvoice.emodb.sortedq.core.SplitQueue
[WARNING] /D:/A_ThucNghiem/scripts_v2/workspaces/20260724_010022_d3f7f7b1__baseline_readiness/146_66303306_031689bd/compiledrepos/66303306/event/src/test/java/com/bazaarvoice/emodb/sortedq/core/PersistentSortedQueueTest.java:[752,29] propagate(java.lang.Throwable) in com.google.common.base.Throwables has been deprecated
[WARNING] /D:/A_ThucNghiem/scripts_v2/workspaces/20260724_010022_d3f7f7b1__baseline_readiness/146_66303306_031689bd/compiledrepos/66303306/event/src/test/java/com/bazaarvoice/emodb/sortedq/core/PersistentSortedQueueWithRetry.java:[158,33] propagate(java.lang.Throwable) in com.google.common.base.Throwables has been deprecated
[INFO] 
[INFO] --- surefire:3.0.0-M5:test (default-test) @ emodb-event ---
[INFO] Tests are skipped.
[INFO] 
[INFO] --- jar:3.2.0:jar (default-jar) @ emodb-event ---
[INFO] Building jar: D:\A_ThucNghiem\scripts_v2\workspaces\20260724_010022_d3f7f7b1__baseline_readiness\146_66303306_031689bd\compiledrepos\66303306\event\target\emodb-event-6.5.215-SNAPSHOT.jar
[INFO] 
[INFO] --- dependency:3.5.0:analyze-only (analyze) @ emodb-event ---
[INFO] No dependency problems found
[INFO] 
[INFO] --- dependency-check:6.2.2:check (default) @ emodb-event ---
[INFO] Skipping dependency-check
[INFO] 
[INFO] --- install:3.1.4:install (default-install) @ emodb-event ---
[INFO] Installing D:\A_ThucNghiem\scripts_v2\workspaces\20260724_010022_d3f7f7b1__baseline_readiness\146_66303306_031689bd\compiledrepos\66303306\event\pom.xml to C:\Users\admin\.m2\repository\com\bazaarvoice\emodb\emodb-event\6.5.215-SNAPSHOT\emodb-event-6.5.215-SNAPSHOT.pom
[INFO] Installing D:\A_ThucNghiem\scripts_v2\workspaces\20260724_010022_d3f7f7b1__baseline_readiness\146_66303306_031689bd\compiledrepos\66303306\event\target\emodb-event-6.5.215-SNAPSHOT.jar to C:\Users\admin\.m2\repository\com\bazaarvoice\emodb\emodb-event\6.5.215-SNAPSHOT\emodb-event-6.5.215-SNAPSHOT.jar
[INFO] ------------------------------------------------------------------------
[INFO] Reactor Summary for EmoDB Parent 6"
2026-07-23T18:33:36+00:00,baseline_sandbox_readiness,66303306,event,,146,66303306:event/src/main/java/com/bazaarvoice/emodb/event/db/astyanax/channelallocationstate.java,ChannelAllocationState,ChannelAllocationState_RBL4_031689bdTest,PASS,84.405,ok; sandbox readiness passed
2026-07-23T18:33:36+00:00,maven_reactor_prewarm_wait,66303306,event,,144,66303306:event/src/main/java/com/bazaarvoice/emodb/event/eventstoremodule.java,EventStoreModule,,PASS,24.14,waited 24.140s for same repo/scope prewarm lock: maven:event
2026-07-23T18:33:36+00:00,baseline_sandbox_readiness,66303306,web,,148,66303306:web/src/main/java/com/bazaarvoice/emodb/web/scanner/scanuploader.java,ScanUploader,ScanUploader_RBL4_0559e9a5Test,START,,prepare per-class sandbox and run generation prewarm without invoking GPT/EvoSuite
2026-07-23T18:33:36+00:00,maven_reactor_prewarm,66303306,event,,144,66303306:event/src/main/java/com/bazaarvoice/emodb/event/eventstoremodule.java,EventStoreModule,,START,,prewarm reactor dependencies for -pl event; synthesized placeholder test hidden during prewarm: EventStoreModule_RBL4_40681041Test.java
2026-07-23T18:33:53+00:00,maven_reactor_prewarm,66303306,event,,144,66303306:event/src/main/java/com/bazaarvoice/emodb/event/eventstoremodule.java,EventStoreModule,,PASS,16.935,"owner/OstrichOwnerGroup.java:[165,50] unchecked cast
  required: T
  found:    com.google.common.util.concurrent.Service
[INFO] 
[INFO] --- resources:3.2.0:testResources (default-testResources) @ emodb-event ---
[INFO] Using 'UTF-8' encoding to copy filtered resources.
[INFO] Using 'UTF-8' encoding to copy filtered properties files.
[INFO] Copying 1 resource
[INFO] skip non existing resourceDirectory D:\A_ThucNghiem\scripts_v2\workspaces\20260724_010022_d3f7f7b1__baseline_readiness\144_66303306_40681041\compiledrepos\66303306\event\src\test\resources
[INFO] 
[INFO] --- compiler:3.10.1:testCompile (default-testCompile) @ emodb-event ---
[INFO] Changes detected - recompiling the module!
[INFO] Compiling 15 source files to D:\A_ThucNghiem\scripts_v2\workspaces\20260724_010022_d3f7f7b1__baseline_readiness\144_66303306_40681041\compiledrepos\66303306\event\target\test-classes
[WARNING] /D:/A_ThucNghiem/scripts_v2/workspaces/20260724_010022_d3f7f7b1__baseline_readiness/144_66303306_40681041/compiledrepos/66303306/event/src/test/java/com/bazaarvoice/emodb/sortedq/core/SimulatedFailureException.java:[3,1] serializable class com.bazaarvoice.emodb.sortedq.core.SimulatedFailureException has no definition of serialVersionUID
[WARNING] /D:/A_ThucNghiem/scripts_v2/workspaces/20260724_010022_d3f7f7b1__baseline_readiness/144_66303306_40681041/compiledrepos/66303306/event/src/test/java/com/bazaarvoice/emodb/sortedq/core/PersistentSortedQueueWithRetry.java:[158,33] propagate(java.lang.Throwable) in com.google.common.base.Throwables has been deprecated
[WARNING] /D:/A_ThucNghiem/scripts_v2/workspaces/20260724_010022_d3f7f7b1__baseline_readiness/144_66303306_40681041/compiledrepos/66303306/event/src/test/java/com/bazaarvoice/emodb/event/core/DedupQueueTest.java:[82,87] found raw type: org.mockito.stubbing.Answer
  missing type arguments for generic class org.mockito.stubbing.Answer<T>
[WARNING] /D:/A_ThucNghiem/scripts_v2/workspaces/20260724_010022_d3f7f7b1__baseline_readiness/144_66303306_40681041/compiledrepos/66303306/event/src/test/java/com/bazaarvoice/emodb/sortedq/core/PersistentSortedQueueTest.java:[752,29] propagate(java.lang.Throwable) in com.google.common.base.Throwables has been deprecated
[WARNING] /D:/A_ThucNghiem/scripts_v2/workspaces/20260724_010022_d3f7f7b1__baseline_readiness/144_66303306_40681041/compiledrepos/66303306/event/src/test/java/com/bazaarvoice/emodb/sortedq/core/SegmentSnapshotJsonTest.java:[103,46] unchecked conversion
  required: com.bazaarvoice.emodb.sortedq.core.SplitQueue<com.bazaarvoice.emodb.sortedq.core.Segment>
  found:    com.bazaarvoice.emodb.sortedq.core.SplitQueue
[INFO] 
[INFO] --- surefire:3.0.0-M5:test (default-test) @ emodb-event ---
[INFO] Tests are skipped.
[INFO] 
[INFO] --- jar:3.2.0:jar (default-jar) @ emodb-event ---
[INFO] Building jar: D:\A_ThucNghiem\scripts_v2\workspaces\20260724_010022_d3f7f7b1__baseline_readiness\144_66303306_40681041\compiledrepos\66303306\event\target\emodb-event-6.5.215-SNAPSHOT.jar
[INFO] 
[INFO] --- dependency:3.5.0:analyze-only (analyze) @ emodb-event ---
[INFO] No dependency problems found
[INFO] 
[INFO] --- dependency-check:6.2.2:check (default) @ emodb-event ---
[INFO] Skipping dependency-check
[INFO] 
[INFO] --- install:3.1.4:install (default-install) @ emodb-event ---
[INFO] Installing D:\A_ThucNghiem\scripts_v2\workspaces\20260724_010022_d3f7f7b1__baseline_readiness\144_66303306_40681041\compiledrepos\66303306\event\pom.xml to C:\Users\admin\.m2\repository\com\bazaarvoice\emodb\emodb-event\6.5.215-SNAPSHOT\emodb-event-6.5.215-SNAPSHOT.pom
[INFO] Installing D:\A_ThucNghiem\scripts_v2\workspaces\20260724_010022_d3f7f7b1__baseline_readiness\144_66303306_40681041\compiledrepos\66303306\event\target\emodb-event-6.5.215-SNAPSHOT.jar to C:\Users\admin\.m2\repository\com\bazaarvoice\emodb\emodb-event\6.5.215-SNAPSHOT\emodb-event-6.5.215-SNAPSHOT.jar
[INFO] ------------------------------------------------------------------------
[INFO] Reactor Summary for EmoDB Parent 6"
2026-07-23T18:33:53+00:00,maven_reactor_prewarm_wait,66303306,event,,145,66303306:event/src/main/java/com/bazaarvoice/emodb/event/api/dedupeventstorechannels.java,DedupEventStoreChannels,,PASS,41.077,waited 41.077s for same repo/scope prewarm lock: maven:event
2026-07-23T18:33:53+00:00,baseline_sandbox_readiness,66303306,event,,144,66303306:event/src/main/java/com/bazaarvoice/emodb/event/eventstoremodule.java,EventStoreModule,EventStoreModule_RBL4_40681041Test,PASS,101.368,ok; sandbox readiness passed
2026-07-23T18:33:53+00:00,maven_reactor_prewarm,66303306,event,,145,66303306:event/src/main/java/com/bazaarvoice/emodb/event/api/dedupeventstorechannels.java,DedupEventStoreChannels,,START,,prewarm reactor dependencies for -pl event; synthesized placeholder test hidden during prewarm: DedupEventStoreChannels_RBL4_1ac113bfTest.java
2026-07-23T18:33:53+00:00,baseline_sandbox_readiness,66303306,event,,149,66303306:event/src/main/java/com/bazaarvoice/emodb/event/core/defaulteventstore.java,DefaultEventStore,DefaultEventStore_RBL4_cf4261e0Test,START,,prepare per-class sandbox and run generation prewarm without invoking GPT/EvoSuite
2026-07-23T18:34:10+00:00,maven_reactor_prewarm,66303306,event,,145,66303306:event/src/main/java/com/bazaarvoice/emodb/event/api/dedupeventstorechannels.java,DedupEventStoreChannels,,PASS,17.066,":[3,8] serializable class com.bazaarvoice.emodb.event.core.ClosedClaimSetException has no definition of serialVersionUID
[INFO] 
[INFO] --- resources:3.2.0:testResources (default-testResources) @ emodb-event ---
[INFO] Using 'UTF-8' encoding to copy filtered resources.
[INFO] Using 'UTF-8' encoding to copy filtered properties files.
[INFO] Copying 1 resource
[INFO] skip non existing resourceDirectory D:\A_ThucNghiem\scripts_v2\workspaces\20260724_010022_d3f7f7b1__baseline_readiness\145_66303306_1ac113bf\compiledrepos\66303306\event\src\test\resources
[INFO] 
[INFO] --- compiler:3.10.1:testCompile (default-testCompile) @ emodb-event ---
[INFO] Changes detected - recompiling the module!
[INFO] Compiling 15 source files to D:\A_ThucNghiem\scripts_v2\workspaces\20260724_010022_d3f7f7b1__baseline_readiness\145_66303306_1ac113bf\compiledrepos\66303306\event\target\test-classes
[WARNING] /D:/A_ThucNghiem/scripts_v2/workspaces/20260724_010022_d3f7f7b1__baseline_readiness/145_66303306_1ac113bf/compiledrepos/66303306/event/src/test/java/com/bazaarvoice/emodb/event/core/DedupQueueTest.java:[82,87] found raw type: org.mockito.stubbing.Answer
  missing type arguments for generic class org.mockito.stubbing.Answer<T>
[WARNING] /D:/A_ThucNghiem/scripts_v2/workspaces/20260724_010022_d3f7f7b1__baseline_readiness/145_66303306_1ac113bf/compiledrepos/66303306/event/src/test/java/com/bazaarvoice/emodb/sortedq/core/SimulatedFailureException.java:[3,1] serializable class com.bazaarvoice.emodb.sortedq.core.SimulatedFailureException has no definition of serialVersionUID
[WARNING] /D:/A_ThucNghiem/scripts_v2/workspaces/20260724_010022_d3f7f7b1__baseline_readiness/145_66303306_1ac113bf/compiledrepos/66303306/event/src/test/java/com/bazaarvoice/emodb/sortedq/core/PersistentSortedQueueWithRetry.java:[158,33] propagate(java.lang.Throwable) in com.google.common.base.Throwables has been deprecated
[WARNING] /D:/A_ThucNghiem/scripts_v2/workspaces/20260724_010022_d3f7f7b1__baseline_readiness/145_66303306_1ac113bf/compiledrepos/66303306/event/src/test/java/com/bazaarvoice/emodb/sortedq/core/PersistentSortedQueueTest.java:[752,29] propagate(java.lang.Throwable) in com.google.common.base.Throwables has been deprecated
[WARNING] /D:/A_ThucNghiem/scripts_v2/workspaces/20260724_010022_d3f7f7b1__baseline_readiness/145_66303306_1ac113bf/compiledrepos/66303306/event/src/test/java/com/bazaarvoice/emodb/sortedq/core/SegmentSnapshotJsonTest.java:[103,46] unchecked conversion
  required: com.bazaarvoice.emodb.sortedq.core.SplitQueue<com.bazaarvoice.emodb.sortedq.core.Segment>
  found:    com.bazaarvoice.emodb.sortedq.core.SplitQueue
[INFO] 
[INFO] --- surefire:3.0.0-M5:test (default-test) @ emodb-event ---
[INFO] Tests are skipped.
[INFO] 
[INFO] --- jar:3.2.0:jar (default-jar) @ emodb-event ---
[INFO] Building jar: D:\A_ThucNghiem\scripts_v2\workspaces\20260724_010022_d3f7f7b1__baseline_readiness\145_66303306_1ac113bf\compiledrepos\66303306\event\target\emodb-event-6.5.215-SNAPSHOT.jar
[INFO] 
[INFO] --- dependency:3.5.0:analyze-only (analyze) @ emodb-event ---
[INFO] No dependency problems found
[INFO] 
[INFO] --- dependency-check:6.2.2:check (default) @ emodb-event ---
[INFO] Skipping dependency-check
[INFO] 
[INFO] --- install:3.1.4:install (default-install) @ emodb-event ---
[INFO] Installing D:\A_ThucNghiem\scripts_v2\workspaces\20260724_010022_d3f7f7b1__baseline_readiness\145_66303306_1ac113bf\compiledrepos\66303306\event\pom.xml to C:\Users\admin\.m2\repository\com\bazaarvoice\emodb\emodb-event\6.5.215-SNAPSHOT\emodb-event-6.5.215-SNAPSHOT.pom
[INFO] Installing D:\A_ThucNghiem\scripts_v2\workspaces\20260724_010022_d3f7f7b1__baseline_readiness\145_66303306_1ac113bf\compiledrepos\66303306\event\target\emodb-event-6.5.215-SNAPSHOT.jar to C:\Users\admin\.m2\repository\com\bazaarvoice\emodb\emodb-event\6.5.215-SNAPSHOT\emodb-event-6.5.215-SNAPSHOT.jar
[INFO] ------------------------------------------------------------------------
[INFO] Reactor Summary for EmoDB Parent 6"
2026-07-23T18:34:10+00:00,baseline_sandbox_readiness,66303306,event,,145,66303306:event/src/main/java/com/bazaarvoice/emodb/event/api/dedupeventstorechannels.java,DedupEventStoreChannels,DedupEventStoreChannels_RBL4_1ac113bfTest,PASS,118.42,ok; sandbox readiness passed
2026-07-23T18:34:10+00:00,maven_reactor_prewarm_wait,66303306,event,,149,66303306:event/src/main/java/com/bazaarvoice/emodb/event/core/defaulteventstore.java,DefaultEventStore,,PASS,15.488,waited 15.488s for same repo/scope prewarm lock: maven:event
2026-07-23T18:34:10+00:00,baseline_sandbox_readiness,66303306,web,,150,66303306:web/src/main/java/com/bazaarvoice/emodb/web/scanner/scanstatus/datastorescanstatusdao.java,DataStoreScanStatusDAO,DataStoreScanStatusDAO_RBL4_09996397Test,START,,prepare per-class sandbox and run generation prewarm without invoking GPT/EvoSuite
2026-07-23T18:34:11+00:00,maven_reactor_prewarm,66303306,event,,149,66303306:event/src/main/java/com/bazaarvoice/emodb/event/core/defaulteventstore.java,DefaultEventStore,,START,,prewarm reactor dependencies for -pl event; synthesized placeholder test hidden during prewarm: DefaultEventStore_RBL4_cf4261e0Test.java
2026-07-23T18:34:27+00:00,maven_reactor_prewarm,66303306,event,,149,66303306:event/src/main/java/com/bazaarvoice/emodb/event/core/defaulteventstore.java,DefaultEventStore,,PASS,16.127,"styanax/BatchUpdate.java:[87,29] propagate(java.lang.Throwable) in com.google.common.base.Throwables has been deprecated
[INFO] 
[INFO] --- resources:3.2.0:testResources (default-testResources) @ emodb-event ---
[INFO] Using 'UTF-8' encoding to copy filtered resources.
[INFO] Using 'UTF-8' encoding to copy filtered properties files.
[INFO] Copying 1 resource
[INFO] skip non existing resourceDirectory D:\A_ThucNghiem\scripts_v2\workspaces\20260724_010022_d3f7f7b1__baseline_readiness\149_66303306_cf4261e0\compiledrepos\66303306\event\src\test\resources
[INFO] 
[INFO] --- compiler:3.10.1:testCompile (default-testCompile) @ emodb-event ---
[INFO] Changes detected - recompiling the module!
[INFO] Compiling 15 source files to D:\A_ThucNghiem\scripts_v2\workspaces\20260724_010022_d3f7f7b1__baseline_readiness\149_66303306_cf4261e0\compiledrepos\66303306\event\target\test-classes
[WARNING] /D:/A_ThucNghiem/scripts_v2/workspaces/20260724_010022_d3f7f7b1__baseline_readiness/149_66303306_cf4261e0/compiledrepos/66303306/event/src/test/java/com/bazaarvoice/emodb/event/core/DedupQueueTest.java:[82,87] found raw type: org.mockito.stubbing.Answer
  missing type arguments for generic class org.mockito.stubbing.Answer<T>
[WARNING] /D:/A_ThucNghiem/scripts_v2/workspaces/20260724_010022_d3f7f7b1__baseline_readiness/149_66303306_cf4261e0/compiledrepos/66303306/event/src/test/java/com/bazaarvoice/emodb/sortedq/core/SimulatedFailureException.java:[3,1] serializable class com.bazaarvoice.emodb.sortedq.core.SimulatedFailureException has no definition of serialVersionUID
[WARNING] /D:/A_ThucNghiem/scripts_v2/workspaces/20260724_010022_d3f7f7b1__baseline_readiness/149_66303306_cf4261e0/compiledrepos/66303306/event/src/test/java/com/bazaarvoice/emodb/sortedq/core/PersistentSortedQueueWithRetry.java:[158,33] propagate(java.lang.Throwable) in com.google.common.base.Throwables has been deprecated
[WARNING] /D:/A_ThucNghiem/scripts_v2/workspaces/20260724_010022_d3f7f7b1__baseline_readiness/149_66303306_cf4261e0/compiledrepos/66303306/event/src/test/java/com/bazaarvoice/emodb/sortedq/core/PersistentSortedQueueTest.java:[752,29] propagate(java.lang.Throwable) in com.google.common.base.Throwables has been deprecated
[WARNING] /D:/A_ThucNghiem/scripts_v2/workspaces/20260724_010022_d3f7f7b1__baseline_readiness/149_66303306_cf4261e0/compiledrepos/66303306/event/src/test/java/com/bazaarvoice/emodb/sortedq/core/SegmentSnapshotJsonTest.java:[103,46] unchecked conversion
  required: com.bazaarvoice.emodb.sortedq.core.SplitQueue<com.bazaarvoice.emodb.sortedq.core.Segment>
  found:    com.bazaarvoice.emodb.sortedq.core.SplitQueue
[INFO] 
[INFO] --- surefire:3.0.0-M5:test (default-test) @ emodb-event ---
[INFO] Tests are skipped.
[INFO] 
[INFO] --- jar:3.2.0:jar (default-jar) @ emodb-event ---
[INFO] Building jar: D:\A_ThucNghiem\scripts_v2\workspaces\20260724_010022_d3f7f7b1__baseline_readiness\149_66303306_cf4261e0\compiledrepos\66303306\event\target\emodb-event-6.5.215-SNAPSHOT.jar
[INFO] 
[INFO] --- dependency:3.5.0:analyze-only (analyze) @ emodb-event ---
[INFO] No dependency problems found
[INFO] 
[INFO] --- dependency-check:6.2.2:check (default) @ emodb-event ---
[INFO] Skipping dependency-check
[INFO] 
[INFO] --- install:3.1.4:install (default-install) @ emodb-event ---
[INFO] Installing D:\A_ThucNghiem\scripts_v2\workspaces\20260724_010022_d3f7f7b1__baseline_readiness\149_66303306_cf4261e0\compiledrepos\66303306\event\pom.xml to C:\Users\admin\.m2\repository\com\bazaarvoice\emodb\emodb-event\6.5.215-SNAPSHOT\emodb-event-6.5.215-SNAPSHOT.pom
[INFO] Installing D:\A_ThucNghiem\scripts_v2\workspaces\20260724_010022_d3f7f7b1__baseline_readiness\149_66303306_cf4261e0\compiledrepos\66303306\event\target\emodb-event-6.5.215-SNAPSHOT.jar to C:\Users\admin\.m2\repository\com\bazaarvoice\emodb\emodb-event\6.5.215-SNAPSHOT\emodb-event-6.5.215-SNAPSHOT.jar
[INFO] ------------------------------------------------------------------------
[INFO] Reactor Summary for EmoDB Parent 6"
2026-07-23T18:34:27+00:00,baseline_sandbox_readiness,66303306,event,,149,66303306:event/src/main/java/com/bazaarvoice/emodb/event/core/defaulteventstore.java,DefaultEventStore,DefaultEventStore_RBL4_cf4261e0Test,PASS,33.223,ok; sandbox readiness passed
2026-07-23T18:34:27+00:00,baseline_sandbox_readiness,66303306,event,,151,66303306:event/src/main/java/com/bazaarvoice/emodb/event/db/astyanax/astyanaxeventreaderdao.java,AstyanaxEventReaderDAO,AstyanaxEventReaderDAO_RBL4_e916fda0Test,START,,prepare per-class sandbox and run generation prewarm without invoking GPT/EvoSuite
2026-07-23T18:34:31+00:00,maven_reactor_prewarm,66303306,event,,151,66303306:event/src/main/java/com/bazaarvoice/emodb/event/db/astyanax/astyanaxeventreaderdao.java,AstyanaxEventReaderDAO,,START,,prewarm reactor dependencies for -pl event; synthesized placeholder test hidden during prewarm: AstyanaxEventReaderDAO_RBL4_e916fda0Test.java
2026-07-23T18:34:47+00:00,maven_reactor_prewarm,66303306,web,,147,66303306:web/src/main/java/com/bazaarvoice/emodb/web/partition/partitionawareservicefactory.java,PartitionAwareServiceFactory,,PASS,94.461,"target\emodb-web-6.5.215-SNAPSHOT.jar with D:\A_ThucNghiem\scripts_v2\workspaces\20260724_010022_d3f7f7b1__baseline_readiness\147_66303306_e6c37a47\compiledrepos\66303306\web\target\emodb-web-6.5.215-SNAPSHOT-shaded.jar
[INFO] 
[INFO] --- dependency:3.5.0:analyze-only (analyze) @ emodb-web ---
[INFO] No dependency problems found
[INFO] 
[INFO] --- dependency-check:6.2.2:check (default) @ emodb-web ---
[INFO] Skipping dependency-check
[INFO] 
[INFO] --- install:3.1.4:install (default-install) @ emodb-web ---
[INFO] Installing D:\A_ThucNghiem\scripts_v2\workspaces\20260724_010022_d3f7f7b1__baseline_readiness\147_66303306_e6c37a47\compiledrepos\66303306\web\pom.xml to C:\Users\admin\.m2\repository\com\bazaarvoice\emodb\emodb-web\6.5.215-SNAPSHOT\emodb-web-6.5.215-SNAPSHOT.pom
[INFO] Installing D:\A_ThucNghiem\scripts_v2\workspaces\20260724_010022_d3f7f7b1__baseline_readiness\147_66303306_e6c37a47\compiledrepos\66303306\web\target\emodb-web-6.5.215-SNAPSHOT.jar to C:\Users\admin\.m2\repository\com\bazaarvoice\emodb\emodb-web\6.5.215-SNAPSHOT\emodb-web-6.5.215-SNAPSHOT.jar
[INFO] ------------------------------------------------------------------------
[INFO] Reactor Summary for EmoDB 6.5.215-SNAPSHOT:
[INFO] 
[INFO] EmoDB Parent ....................................... SUCCESS [  5.223 s]
[INFO] EmoDB Common API Classes ........................... SUCCESS [  3.476 s]
[INFO] EmoDB Json Utilities ............................... SUCCESS [  3.065 s]
[INFO] EmoDB ZooKeeper Utilities .......................... SUCCESS [  1.529 s]
[INFO] EmoDB Dropwizard Utilities ......................... SUCCESS [  1.218 s]
[INFO] EmoDB Cassandra Astyanax Utilities ................. SUCCESS [  1.820 s]
[INFO] EmoDB UUID Utilities ............................... SUCCESS [  0.385 s]
[INFO] EmoDB Stash Utilities .............................. SUCCESS [  1.333 s]
[INFO] EmoDB Generic Client Classes ....................... SUCCESS [  0.853 s]
[INFO] EmoDB Dropwizard Jersey Client Classes ............. SUCCESS [  0.425 s]
[INFO] EmoDB Authentication Client ........................ SUCCESS [  0.288 s]
[INFO] EmoDB User Access Control API ...................... SUCCESS [  0.534 s]
[INFO] EmoDB System of Record API ......................... SUCCESS [  1.394 s]
[INFO] EmoDB Data Center Abstraction ...................... SUCCESS [  0.764 s]
[INFO] EmoDB In-Memory Cache Manager ...................... SUCCESS [  1.793 s]
[INFO] EmoDB Authentication ............................... SUCCESS [  1.188 s]
[INFO] EmoDB Authentication Storage ....................... SUCCESS [  0.886 s]
[INFO] EmoDB .............................................. SUCCESS [  0.014 s]
[INFO] EmoDB Authentication Util .......................... SUCCESS [  0.238 s]
[INFO] EmoDB Queue Service API ............................ SUCCESS [  0.461 s]
[INFO] EmoDB Databus API .................................. SUCCESS [  0.616 s]
[INFO] EmoDB Blob Store API ............................... SUCCESS [  0.729 s]
[INFO] EmoDB Job API ...................................... SUCCESS [  0.411 s]
[INFO] EmoDB Event Store .................................. SUCCESS [  2.011 s]
[INFO] EmoDB Table Abstraction ............................ SUCCESS [  2.036 s]
[INFO] EmoDB Queue Client Common .......................... SUCCESS [  0.611 s]
[INFO] EmoDB Queue HTTP Client ............................ SUCCESS [  1.290 s]
[INFO] EmoDB Queue Service ................................ SUCCESS [  1.553 s]
[INFO] EmoDB Jobs ......................................... SUCCESS [  1.014 s]
[INFO] EmoDB System of Record Client Common ............... SUCCESS [  0.965 s]
[INFO] EmoDB System of Record HTTP Client ................. SUCCESS [  0.969 s]
[INFO] EmoDB System of Record ............................. SUCCESS [  4.395 s]
[INFO] EmoDB Databus Client Common ........................ SUCCESS [  0.719 s]
[INFO] EmoDB Databus HTTP Client .......................... SUCCESS [  0.641 s]
[INFO] EmoDB Databus ..................................."
2026-07-23T18:34:47+00:00,baseline_sandbox_readiness,66303306,web,,147,66303306:web/src/main/java/com/bazaarvoice/emodb/web/partition/partitionawareservicefactory.java,PartitionAwareServiceFactory,PartitionAwareServiceFactory_RBL4_e6c37a47Test,PASS,154.725,ok; sandbox readiness passed
2026-07-23T18:34:47+00:00,maven_reactor_prewarm_wait,66303306,web,,148,66303306:web/src/main/java/com/bazaarvoice/emodb/web/scanner/scanuploader.java,ScanUploader,,PASS,68.616,waited 68.616s for same repo/scope prewarm lock: maven:web
2026-07-23T18:34:47+00:00,baseline_sandbox_readiness,6944525,d2,,152,6944525:d2/src/main/java/com/linkedin/d2/discovery/stores/zk/zookeeperconnectionawarestore.java,ZooKeeperConnectionAwareStore,ZooKeeperConnectionAwareStore_RBL4_0e47558fTest,START,,prepare per-class sandbox and run generation prewarm without invoking GPT/EvoSuite
2026-07-23T18:34:47+00:00,maven_reactor_prewarm,66303306,web,,148,66303306:web/src/main/java/com/bazaarvoice/emodb/web/scanner/scanuploader.java,ScanUploader,,START,,prewarm reactor dependencies for -pl web; synthesized placeholder test hidden during prewarm: ScanUploader_RBL4_0559e9a5Test.java
2026-07-23T18:34:48+00:00,maven_reactor_prewarm,66303306,event,,151,66303306:event/src/main/java/com/bazaarvoice/emodb/event/db/astyanax/astyanaxeventreaderdao.java,AstyanaxEventReaderDAO,,PASS,16.939,"x/AstyanaxQueueDAO.java:[233,29] propagate(java.lang.Throwable) in com.google.common.base.Throwables has been deprecated
[INFO] 
[INFO] --- resources:3.2.0:testResources (default-testResources) @ emodb-event ---
[INFO] Using 'UTF-8' encoding to copy filtered resources.
[INFO] Using 'UTF-8' encoding to copy filtered properties files.
[INFO] Copying 1 resource
[INFO] skip non existing resourceDirectory D:\A_ThucNghiem\scripts_v2\workspaces\20260724_010022_d3f7f7b1__baseline_readiness\151_66303306_e916fda0\compiledrepos\66303306\event\src\test\resources
[INFO] 
[INFO] --- compiler:3.10.1:testCompile (default-testCompile) @ emodb-event ---
[INFO] Changes detected - recompiling the module!
[INFO] Compiling 15 source files to D:\A_ThucNghiem\scripts_v2\workspaces\20260724_010022_d3f7f7b1__baseline_readiness\151_66303306_e916fda0\compiledrepos\66303306\event\target\test-classes
[WARNING] /D:/A_ThucNghiem/scripts_v2/workspaces/20260724_010022_d3f7f7b1__baseline_readiness/151_66303306_e916fda0/compiledrepos/66303306/event/src/test/java/com/bazaarvoice/emodb/sortedq/core/PersistentSortedQueueTest.java:[752,29] propagate(java.lang.Throwable) in com.google.common.base.Throwables has been deprecated
[WARNING] /D:/A_ThucNghiem/scripts_v2/workspaces/20260724_010022_d3f7f7b1__baseline_readiness/151_66303306_e916fda0/compiledrepos/66303306/event/src/test/java/com/bazaarvoice/emodb/sortedq/core/PersistentSortedQueueWithRetry.java:[158,33] propagate(java.lang.Throwable) in com.google.common.base.Throwables has been deprecated
[WARNING] /D:/A_ThucNghiem/scripts_v2/workspaces/20260724_010022_d3f7f7b1__baseline_readiness/151_66303306_e916fda0/compiledrepos/66303306/event/src/test/java/com/bazaarvoice/emodb/sortedq/core/SegmentSnapshotJsonTest.java:[103,46] unchecked conversion
  required: com.bazaarvoice.emodb.sortedq.core.SplitQueue<com.bazaarvoice.emodb.sortedq.core.Segment>
  found:    com.bazaarvoice.emodb.sortedq.core.SplitQueue
[WARNING] /D:/A_ThucNghiem/scripts_v2/workspaces/20260724_010022_d3f7f7b1__baseline_readiness/151_66303306_e916fda0/compiledrepos/66303306/event/src/test/java/com/bazaarvoice/emodb/sortedq/core/SimulatedFailureException.java:[3,1] serializable class com.bazaarvoice.emodb.sortedq.core.SimulatedFailureException has no definition of serialVersionUID
[WARNING] /D:/A_ThucNghiem/scripts_v2/workspaces/20260724_010022_d3f7f7b1__baseline_readiness/151_66303306_e916fda0/compiledrepos/66303306/event/src/test/java/com/bazaarvoice/emodb/event/core/DedupQueueTest.java:[82,87] found raw type: org.mockito.stubbing.Answer
  missing type arguments for generic class org.mockito.stubbing.Answer<T>
[INFO] 
[INFO] --- surefire:3.0.0-M5:test (default-test) @ emodb-event ---
[INFO] Tests are skipped.
[INFO] 
[INFO] --- jar:3.2.0:jar (default-jar) @ emodb-event ---
[INFO] Building jar: D:\A_ThucNghiem\scripts_v2\workspaces\20260724_010022_d3f7f7b1__baseline_readiness\151_66303306_e916fda0\compiledrepos\66303306\event\target\emodb-event-6.5.215-SNAPSHOT.jar
[INFO] 
[INFO] --- dependency:3.5.0:analyze-only (analyze) @ emodb-event ---
[INFO] No dependency problems found
[INFO] 
[INFO] --- dependency-check:6.2.2:check (default) @ emodb-event ---
[INFO] Skipping dependency-check
[INFO] 
[INFO] --- install:3.1.4:install (default-install) @ emodb-event ---
[INFO] Installing D:\A_ThucNghiem\scripts_v2\workspaces\20260724_010022_d3f7f7b1__baseline_readiness\151_66303306_e916fda0\compiledrepos\66303306\event\pom.xml to C:\Users\admin\.m2\repository\com\bazaarvoice\emodb\emodb-event\6.5.215-SNAPSHOT\emodb-event-6.5.215-SNAPSHOT.pom
[INFO] Installing D:\A_ThucNghiem\scripts_v2\workspaces\20260724_010022_d3f7f7b1__baseline_readiness\151_66303306_e916fda0\compiledrepos\66303306\event\target\emodb-event-6.5.215-SNAPSHOT.jar to C:\Users\admin\.m2\repository\com\bazaarvoice\emodb\emodb-event\6.5.215-SNAPSHOT\emodb-event-6.5.215-SNAPSHOT.jar
[INFO] ------------------------------------------------------------------------
[INFO] Reactor Summary for EmoDB Parent 6"
2026-07-23T18:34:48+00:00,baseline_sandbox_readiness,66303306,event,,151,66303306:event/src/main/java/com/bazaarvoice/emodb/event/db/astyanax/astyanaxeventreaderdao.java,AstyanaxEventReaderDAO,AstyanaxEventReaderDAO_RBL4_e916fda0Test,PASS,21.089,ok; sandbox readiness passed
2026-07-23T18:34:48+00:00,baseline_sandbox_readiness,6944525,d2,,153,6944525:d2/src/main/java/com/linkedin/d2/discovery/event/propertyeventbusrequeststhrottler.java,PropertyEventBusRequestsThrottler,PropertyEventBusRequestsThrottler_RBL4_41aae381Test,START,,prepare per-class sandbox and run generation prewarm without invoking GPT/EvoSuite
2026-07-23T18:35:51+00:00,maven_reactor_prewarm,66303306,web,,148,66303306:web/src/main/java/com/bazaarvoice/emodb/web/scanner/scanuploader.java,ScanUploader,,PASS,63.946,"\target\emodb-web-6.5.215-SNAPSHOT.jar with D:\A_ThucNghiem\scripts_v2\workspaces\20260724_010022_d3f7f7b1__baseline_readiness\148_66303306_0559e9a5\compiledrepos\66303306\web\target\emodb-web-6.5.215-SNAPSHOT-shaded.jar
[INFO] 
[INFO] --- dependency:3.5.0:analyze-only (analyze) @ emodb-web ---
[INFO] No dependency problems found
[INFO] 
[INFO] --- dependency-check:6.2.2:check (default) @ emodb-web ---
[INFO] Skipping dependency-check
[INFO] 
[INFO] --- install:3.1.4:install (default-install) @ emodb-web ---
[INFO] Installing D:\A_ThucNghiem\scripts_v2\workspaces\20260724_010022_d3f7f7b1__baseline_readiness\148_66303306_0559e9a5\compiledrepos\66303306\web\pom.xml to C:\Users\admin\.m2\repository\com\bazaarvoice\emodb\emodb-web\6.5.215-SNAPSHOT\emodb-web-6.5.215-SNAPSHOT.pom
[INFO] Installing D:\A_ThucNghiem\scripts_v2\workspaces\20260724_010022_d3f7f7b1__baseline_readiness\148_66303306_0559e9a5\compiledrepos\66303306\web\target\emodb-web-6.5.215-SNAPSHOT.jar to C:\Users\admin\.m2\repository\com\bazaarvoice\emodb\emodb-web\6.5.215-SNAPSHOT\emodb-web-6.5.215-SNAPSHOT.jar
[INFO] ------------------------------------------------------------------------
[INFO] Reactor Summary for EmoDB 6.5.215-SNAPSHOT:
[INFO] 
[INFO] EmoDB Parent ....................................... SUCCESS [  4.526 s]
[INFO] EmoDB Common API Classes ........................... SUCCESS [  2.310 s]
[INFO] EmoDB Json Utilities ............................... SUCCESS [  1.353 s]
[INFO] EmoDB ZooKeeper Utilities .......................... SUCCESS [  1.180 s]
[INFO] EmoDB Dropwizard Utilities ......................... SUCCESS [  0.898 s]
[INFO] EmoDB Cassandra Astyanax Utilities ................. SUCCESS [  1.383 s]
[INFO] EmoDB UUID Utilities ............................... SUCCESS [  0.318 s]
[INFO] EmoDB Stash Utilities .............................. SUCCESS [  1.071 s]
[INFO] EmoDB Generic Client Classes ....................... SUCCESS [  0.593 s]
[INFO] EmoDB Dropwizard Jersey Client Classes ............. SUCCESS [  0.356 s]
[INFO] EmoDB Authentication Client ........................ SUCCESS [  0.291 s]
[INFO] EmoDB User Access Control API ...................... SUCCESS [  0.650 s]
[INFO] EmoDB System of Record API ......................... SUCCESS [  1.317 s]
[INFO] EmoDB Data Center Abstraction ...................... SUCCESS [  0.796 s]
[INFO] EmoDB In-Memory Cache Manager ...................... SUCCESS [  1.308 s]
[INFO] EmoDB Authentication ............................... SUCCESS [  0.611 s]
[INFO] EmoDB Authentication Storage ....................... SUCCESS [  0.694 s]
[INFO] EmoDB .............................................. SUCCESS [  0.022 s]
[INFO] EmoDB Authentication Util .......................... SUCCESS [  0.236 s]
[INFO] EmoDB Queue Service API ............................ SUCCESS [  0.543 s]
[INFO] EmoDB Databus API .................................. SUCCESS [  0.770 s]
[INFO] EmoDB Blob Store API ............................... SUCCESS [  0.693 s]
[INFO] EmoDB Job API ...................................... SUCCESS [  0.368 s]
[INFO] EmoDB Event Store .................................. SUCCESS [  1.404 s]
[INFO] EmoDB Table Abstraction ............................ SUCCESS [  1.360 s]
[INFO] EmoDB Queue Client Common .......................... SUCCESS [  0.663 s]
[INFO] EmoDB Queue HTTP Client ............................ SUCCESS [  0.664 s]
[INFO] EmoDB Queue Service ................................ SUCCESS [  0.921 s]
[INFO] EmoDB Jobs ......................................... SUCCESS [  1.075 s]
[INFO] EmoDB System of Record Client Common ............... SUCCESS [  1.104 s]
[INFO] EmoDB System of Record HTTP Client ................. SUCCESS [  0.645 s]
[INFO] EmoDB System of Record ............................. SUCCESS [  2.325 s]
[INFO] EmoDB Databus Client Common ........................ SUCCESS [  0.547 s]
[INFO] EmoDB Databus HTTP Client .......................... SUCCESS [  0.466 s]
[INFO] EmoDB Databus .................................."
2026-07-23T18:35:51+00:00,baseline_sandbox_readiness,66303306,web,,148,66303306:web/src/main/java/com/bazaarvoice/emodb/web/scanner/scanuploader.java,ScanUploader,ScanUploader_RBL4_0559e9a5Test,PASS,134.274,ok; sandbox readiness passed
2026-07-23T18:35:51+00:00,maven_reactor_prewarm_wait,66303306,web,,150,66303306:web/src/main/java/com/bazaarvoice/emodb/web/scanner/scanstatus/datastorescanstatusdao.java,DataStoreScanStatusDAO,,PASS,96.828,waited 96.828s for same repo/scope prewarm lock: maven:web
2026-07-23T18:35:51+00:00,baseline_sandbox_readiness,6944525,d2,,154,6944525:d2/src/main/java/com/linkedin/d2/balancer/util/hashing/ringbasedurimapper.java,RingBasedUriMapper,RingBasedUriMapper_RBL4_077b6da2Test,START,,prepare per-class sandbox and run generation prewarm without invoking GPT/EvoSuite
2026-07-23T18:35:51+00:00,maven_reactor_prewarm,66303306,web,,150,66303306:web/src/main/java/com/bazaarvoice/emodb/web/scanner/scanstatus/datastorescanstatusdao.java,DataStoreScanStatusDAO,,START,,prewarm reactor dependencies for -pl web; synthesized placeholder test hidden during prewarm: DataStoreScanStatusDAO_RBL4_09996397Test.java
2026-07-23T18:36:36+00:00,gradle_sandbox_prewarm,6944525,d2,,153,6944525:d2/src/main/java/com/linkedin/d2/discovery/event/propertyeventbusrequeststhrottler.java,PropertyEventBusRequestsThrottler,,START,,compile Gradle sandbox before AgoneTest/EvoSuite; synthesized placeholder test hidden during prewarm: PropertyEventBusRequestsThrottler_RBL4_41aae381Test.java
2026-07-23T18:36:36+00:00,gradle_sandbox_prewarm,6944525,d2,,152,6944525:d2/src/main/java/com/linkedin/d2/discovery/stores/zk/zookeeperconnectionawarestore.java,ZooKeeperConnectionAwareStore,,START,,compile Gradle sandbox before AgoneTest/EvoSuite; synthesized placeholder test hidden during prewarm: ZooKeeperConnectionAwareStore_RBL4_0e47558fTest.java
2026-07-23T18:36:36+00:00,gradle_sandbox_prewarm,6944525,d2,,154,6944525:d2/src/main/java/com/linkedin/d2/balancer/util/hashing/ringbasedurimapper.java,RingBasedUriMapper,,START,,compile Gradle sandbox before AgoneTest/EvoSuite; synthesized placeholder test hidden during prewarm: RingBasedUriMapper_RBL4_077b6da2Test.java
2026-07-23T18:36:54+00:00,maven_reactor_prewarm,66303306,web,,150,66303306:web/src/main/java/com/bazaarvoice/emodb/web/scanner/scanstatus/datastorescanstatusdao.java,DataStoreScanStatusDAO,,PASS,63.561,"target\emodb-web-6.5.215-SNAPSHOT.jar with D:\A_ThucNghiem\scripts_v2\workspaces\20260724_010022_d3f7f7b1__baseline_readiness\150_66303306_09996397\compiledrepos\66303306\web\target\emodb-web-6.5.215-SNAPSHOT-shaded.jar
[INFO] 
[INFO] --- dependency:3.5.0:analyze-only (analyze) @ emodb-web ---
[INFO] No dependency problems found
[INFO] 
[INFO] --- dependency-check:6.2.2:check (default) @ emodb-web ---
[INFO] Skipping dependency-check
[INFO] 
[INFO] --- install:3.1.4:install (default-install) @ emodb-web ---
[INFO] Installing D:\A_ThucNghiem\scripts_v2\workspaces\20260724_010022_d3f7f7b1__baseline_readiness\150_66303306_09996397\compiledrepos\66303306\web\pom.xml to C:\Users\admin\.m2\repository\com\bazaarvoice\emodb\emodb-web\6.5.215-SNAPSHOT\emodb-web-6.5.215-SNAPSHOT.pom
[INFO] Installing D:\A_ThucNghiem\scripts_v2\workspaces\20260724_010022_d3f7f7b1__baseline_readiness\150_66303306_09996397\compiledrepos\66303306\web\target\emodb-web-6.5.215-SNAPSHOT.jar to C:\Users\admin\.m2\repository\com\bazaarvoice\emodb\emodb-web\6.5.215-SNAPSHOT\emodb-web-6.5.215-SNAPSHOT.jar
[INFO] ------------------------------------------------------------------------
[INFO] Reactor Summary for EmoDB 6.5.215-SNAPSHOT:
[INFO] 
[INFO] EmoDB Parent ....................................... SUCCESS [  2.511 s]
[INFO] EmoDB Common API Classes ........................... SUCCESS [  2.107 s]
[INFO] EmoDB Json Utilities ............................... SUCCESS [  1.445 s]
[INFO] EmoDB ZooKeeper Utilities .......................... SUCCESS [  1.197 s]
[INFO] EmoDB Dropwizard Utilities ......................... SUCCESS [  0.950 s]
[INFO] EmoDB Cassandra Astyanax Utilities ................. SUCCESS [  1.355 s]
[INFO] EmoDB UUID Utilities ............................... SUCCESS [  0.385 s]
[INFO] EmoDB Stash Utilities .............................. SUCCESS [  1.270 s]
[INFO] EmoDB Generic Client Classes ....................... SUCCESS [  0.594 s]
[INFO] EmoDB Dropwizard Jersey Client Classes ............. SUCCESS [  0.369 s]
[INFO] EmoDB Authentication Client ........................ SUCCESS [  0.302 s]
[INFO] EmoDB User Access Control API ...................... SUCCESS [  0.629 s]
[INFO] EmoDB System of Record API ......................... SUCCESS [  1.286 s]
[INFO] EmoDB Data Center Abstraction ...................... SUCCESS [  0.776 s]
[INFO] EmoDB In-Memory Cache Manager ...................... SUCCESS [  1.258 s]
[INFO] EmoDB Authentication ............................... SUCCESS [  0.638 s]
[INFO] EmoDB Authentication Storage ....................... SUCCESS [  0.686 s]
[INFO] EmoDB .............................................. SUCCESS [  0.016 s]
[INFO] EmoDB Authentication Util .......................... SUCCESS [  0.229 s]
[INFO] EmoDB Queue Service API ............................ SUCCESS [  0.484 s]
[INFO] EmoDB Databus API .................................. SUCCESS [  0.699 s]
[INFO] EmoDB Blob Store API ............................... SUCCESS [  0.640 s]
[INFO] EmoDB Job API ...................................... SUCCESS [  0.355 s]
[INFO] EmoDB Event Store .................................. SUCCESS [  1.387 s]
[INFO] EmoDB Table Abstraction ............................ SUCCESS [  1.436 s]
[INFO] EmoDB Queue Client Common .......................... SUCCESS [  0.760 s]
[INFO] EmoDB Queue HTTP Client ............................ SUCCESS [  0.696 s]
[INFO] EmoDB Queue Service ................................ SUCCESS [  0.937 s]
[INFO] EmoDB Jobs ......................................... SUCCESS [  1.108 s]
[INFO] EmoDB System of Record Client Common ............... SUCCESS [  1.128 s]
[INFO] EmoDB System of Record HTTP Client ................. SUCCESS [  0.617 s]
[INFO] EmoDB System of Record ............................. SUCCESS [  2.246 s]
[INFO] EmoDB Databus Client Common ........................ SUCCESS [  0.556 s]
[INFO] EmoDB Databus HTTP Client .......................... SUCCESS [  0.485 s]
[INFO] EmoDB Databus ..................................."
2026-07-23T18:36:54+00:00,baseline_sandbox_readiness,66303306,web,,150,66303306:web/src/main/java/com/bazaarvoice/emodb/web/scanner/scanstatus/datastorescanstatusdao.java,DataStoreScanStatusDAO,DataStoreScanStatusDAO_RBL4_09996397Test,PASS,163.833,ok; sandbox readiness passed
2026-07-23T18:36:54+00:00,baseline_sandbox_readiness,6944525,d2,,155,6944525:d2/src/main/java/com/linkedin/d2/balancer/servers/zookeeperconnectionmanager.java,ZooKeeperConnectionManager,ZooKeeperConnectionManager_RBL4_3804399dTest,START,,prepare per-class sandbox and run generation prewarm without invoking GPT/EvoSuite
2026-07-23T18:37:09+00:00,gradle_sandbox_prewarm,6944525,d2,,155,6944525:d2/src/main/java/com/linkedin/d2/balancer/servers/zookeeperconnectionmanager.java,ZooKeeperConnectionManager,,START,,compile Gradle sandbox before AgoneTest/EvoSuite; synthesized placeholder test hidden during prewarm: ZooKeeperConnectionManager_RBL4_3804399dTest.java
2026-07-23T18:38:56+00:00,gradle_sandbox_prewarm,6944525,d2,,154,6944525:d2/src/main/java/com/linkedin/d2/balancer/util/hashing/ringbasedurimapper.java,RingBasedUriMapper,,PASS,139.811,"test\java\com\linkedin\d2\discovery\stores\zk\SharedZkConnectionProviderTest.java:187: warning: [deprecation] ZooKeeperAnnouncer(com.linkedin.d2.balancer.servers.ZooKeeperServer,boolean) in com.linkedin.d2.balancer.servers.ZooKeeperAnnouncer has been deprecated
      ZooKeeperAnnouncer announcer = new ZooKeeperAnnouncer(server, true);
                                     ^
D:\A_ThucNghiem\scripts_v2\workspaces\20260724_010022_d3f7f7b1__baseline_readiness\154_6944525_077b6da2\compiledrepos\6944525\d2\src\test\java\com\linkedin\d2\discovery\stores\zk\SharedZkConnectionProviderTest.java:282: warning: [deprecation] com.linkedin.d2.balancer.LastSeenBalancerWithFacilitiesFactory in com.linkedin.d2.balancer has been deprecated
        .setLoadBalancerWithFacilitiesFactory(new LastSeenBalancerWithFacilitiesFactory())
                                                  ^
D:\A_ThucNghiem\scripts_v2\workspaces\20260724_010022_d3f7f7b1__baseline_readiness\154_6944525_077b6da2\compiledrepos\6944525\d2\src\test\java\com\linkedin\d2\discovery\stores\zk\SharedZkConnectionProviderTest.java:279: warning: [deprecation] setZkHosts(java.lang.String) in com.linkedin.d2.balancer.D2ClientBuilder has been deprecated
    d2ClientBuilder.setZkHosts(""localhost:"" + ZK_PORT)
                   ^
D:\A_ThucNghiem\scripts_v2\workspaces\20260724_010022_d3f7f7b1__baseline_readiness\154_6944525_077b6da2\compiledrepos\6944525\d2\src\test\java\com\linkedin\d2\discovery\stores\zk\SharedZkConnectionProviderTest.java:280: warning: [deprecation] setZkSessionTimeout(long,java.util.concurrent.TimeUnit) in com.linkedin.d2.balancer.D2ClientBuilder has been deprecated
        .setZkSessionTimeout(ZK_TIMEOUT, TimeUnit.MILLISECONDS)
        ^
D:\A_ThucNghiem\scripts_v2\workspaces\20260724_010022_d3f7f7b1__baseline_readiness\154_6944525_077b6da2\compiledrepos\6944525\d2\src\test\java\com\linkedin\d2\discovery\stores\zk\SharedZkConnectionProviderTest.java:281: warning: [deprecation] setZKConnectionForloadBalancer(com.linkedin.d2.discovery.stores.zk.ZKPersistentConnection) in com.linkedin.d2.balancer.D2ClientBuilder has been deprecated
        .setZKConnectionForloadBalancer(zkConnectionToUse)
        ^
D:\A_ThucNghiem\scripts_v2\workspaces\20260724_010022_d3f7f7b1__baseline_readiness\154_6944525_077b6da2\compiledrepos\6944525\d2\src\test\java\com\linkedin\d2\discovery\util\TestD2Utils.java:59: warning: [unchecked] unchecked conversion
    Map<String, String> env = mock(Map.class);
                                  ^
  required: java.util.Map<java.lang.String,java.lang.String>
  found:    java.util.Map
D:\A_ThucNghiem\scripts_v2\workspaces\20260724_010022_d3f7f7b1__baseline_readiness\154_6944525_077b6da2\compiledrepos\6944525\d2\src\test\java\com\linkedin\d2\jmx\D2LoadBalancerJmxTest.java:60: warning: [deprecation] com.linkedin.d2.balancer.LastSeenBalancerWithFacilitiesFactory in com.linkedin.d2.balancer has been deprecated
    return new Object[][]{{new LastSeenBalancerWithFacilitiesFactory()}, {new ZKFSLoadBalancerWithFacilitiesFactory()}};
                               ^
D:\A_ThucNghiem\scripts_v2\workspaces\20260724_010022_d3f7f7b1__baseline_readiness\154_6944525_077b6da2\compiledrepos\6944525\d2\src\test\java\com\linkedin\d2\jmx\D2LoadBalancerJmxTest.java:60: warning: [deprecation] com.linkedin.d2.balancer.ZKFSLoadBalancerWithFacilitiesFactory in com.linkedin.d2.balancer has been deprecated
    return new Object[][]{{new LastSeenBalancerWithFacilitiesFactory()}, {new ZKFSLoadBalancerWithFacilitiesFactory()}};
                                                                              ^
D:\A_ThucNghiem\scripts_v2\workspaces\20260724_010022_d3f7f7b1__baseline_readiness\154_6944525_077b6da2\compiledrepos\6944525\d2\src\test\java\com\linkedin\d2\jmx\D2LoadBalancerJmxTest.java:102: warning: [deprecation] setZkHosts(java.lang.String) in com.linkedin.d2.balancer.D2ClientBuilder has been deprecated
                   .setZkHosts(""localhost:"" + ZK_PORT)
                   ^
D:\A_T"
2026-07-23T18:38:56+00:00,baseline_sandbox_readiness,6944525,d2,,154,6944525:d2/src/main/java/com/linkedin/d2/balancer/util/hashing/ringbasedurimapper.java,RingBasedUriMapper,RingBasedUriMapper_RBL4_077b6da2Test,PASS,185.182,ok; sandbox readiness passed
2026-07-23T18:38:56+00:00,baseline_sandbox_readiness,6944525,d2,,156,6944525:d2/src/main/java/com/linkedin/d2/balancer/util/warmuploadbalancer.java,WarmUpLoadBalancer,WarmUpLoadBalancer_RBL4_7142b9faTest,START,,prepare per-class sandbox and run generation prewarm without invoking GPT/EvoSuite
2026-07-23T18:38:56+00:00,gradle_sandbox_prewarm,6944525,d2,,153,6944525:d2/src/main/java/com/linkedin/d2/discovery/event/propertyeventbusrequeststhrottler.java,PropertyEventBusRequestsThrottler,,PASS,140.177,"test\java\com\linkedin\d2\discovery\stores\zk\SharedZkConnectionProviderTest.java:187: warning: [deprecation] ZooKeeperAnnouncer(com.linkedin.d2.balancer.servers.ZooKeeperServer,boolean) in com.linkedin.d2.balancer.servers.ZooKeeperAnnouncer has been deprecated
      ZooKeeperAnnouncer announcer = new ZooKeeperAnnouncer(server, true);
                                     ^
D:\A_ThucNghiem\scripts_v2\workspaces\20260724_010022_d3f7f7b1__baseline_readiness\153_6944525_41aae381\compiledrepos\6944525\d2\src\test\java\com\linkedin\d2\discovery\stores\zk\SharedZkConnectionProviderTest.java:282: warning: [deprecation] com.linkedin.d2.balancer.LastSeenBalancerWithFacilitiesFactory in com.linkedin.d2.balancer has been deprecated
        .setLoadBalancerWithFacilitiesFactory(new LastSeenBalancerWithFacilitiesFactory())
                                                  ^
D:\A_ThucNghiem\scripts_v2\workspaces\20260724_010022_d3f7f7b1__baseline_readiness\153_6944525_41aae381\compiledrepos\6944525\d2\src\test\java\com\linkedin\d2\discovery\stores\zk\SharedZkConnectionProviderTest.java:279: warning: [deprecation] setZkHosts(java.lang.String) in com.linkedin.d2.balancer.D2ClientBuilder has been deprecated
    d2ClientBuilder.setZkHosts(""localhost:"" + ZK_PORT)
                   ^
D:\A_ThucNghiem\scripts_v2\workspaces\20260724_010022_d3f7f7b1__baseline_readiness\153_6944525_41aae381\compiledrepos\6944525\d2\src\test\java\com\linkedin\d2\discovery\stores\zk\SharedZkConnectionProviderTest.java:280: warning: [deprecation] setZkSessionTimeout(long,java.util.concurrent.TimeUnit) in com.linkedin.d2.balancer.D2ClientBuilder has been deprecated
        .setZkSessionTimeout(ZK_TIMEOUT, TimeUnit.MILLISECONDS)
        ^
D:\A_ThucNghiem\scripts_v2\workspaces\20260724_010022_d3f7f7b1__baseline_readiness\153_6944525_41aae381\compiledrepos\6944525\d2\src\test\java\com\linkedin\d2\discovery\stores\zk\SharedZkConnectionProviderTest.java:281: warning: [deprecation] setZKConnectionForloadBalancer(com.linkedin.d2.discovery.stores.zk.ZKPersistentConnection) in com.linkedin.d2.balancer.D2ClientBuilder has been deprecated
        .setZKConnectionForloadBalancer(zkConnectionToUse)
        ^
D:\A_ThucNghiem\scripts_v2\workspaces\20260724_010022_d3f7f7b1__baseline_readiness\153_6944525_41aae381\compiledrepos\6944525\d2\src\test\java\com\linkedin\d2\discovery\util\TestD2Utils.java:59: warning: [unchecked] unchecked conversion
    Map<String, String> env = mock(Map.class);
                                  ^
  required: java.util.Map<java.lang.String,java.lang.String>
  found:    java.util.Map
D:\A_ThucNghiem\scripts_v2\workspaces\20260724_010022_d3f7f7b1__baseline_readiness\153_6944525_41aae381\compiledrepos\6944525\d2\src\test\java\com\linkedin\d2\jmx\D2LoadBalancerJmxTest.java:60: warning: [deprecation] com.linkedin.d2.balancer.LastSeenBalancerWithFacilitiesFactory in com.linkedin.d2.balancer has been deprecated
    return new Object[][]{{new LastSeenBalancerWithFacilitiesFactory()}, {new ZKFSLoadBalancerWithFacilitiesFactory()}};
                               ^
D:\A_ThucNghiem\scripts_v2\workspaces\20260724_010022_d3f7f7b1__baseline_readiness\153_6944525_41aae381\compiledrepos\6944525\d2\src\test\java\com\linkedin\d2\jmx\D2LoadBalancerJmxTest.java:60: warning: [deprecation] com.linkedin.d2.balancer.ZKFSLoadBalancerWithFacilitiesFactory in com.linkedin.d2.balancer has been deprecated
    return new Object[][]{{new LastSeenBalancerWithFacilitiesFactory()}, {new ZKFSLoadBalancerWithFacilitiesFactory()}};
                                                                              ^
D:\A_ThucNghiem\scripts_v2\workspaces\20260724_010022_d3f7f7b1__baseline_readiness\153_6944525_41aae381\compiledrepos\6944525\d2\src\test\java\com\linkedin\d2\jmx\D2LoadBalancerJmxTest.java:102: warning: [deprecation] setZkHosts(java.lang.String) in com.linkedin.d2.balancer.D2ClientBuilder has been deprecated
                   .setZkHosts(""localhost:"" + ZK_PORT)
                   ^
D:\A_T"
2026-07-23T18:38:56+00:00,baseline_sandbox_readiness,6944525,d2,,153,6944525:d2/src/main/java/com/linkedin/d2/discovery/event/propertyeventbusrequeststhrottler.java,PropertyEventBusRequestsThrottler,PropertyEventBusRequestsThrottler_RBL4_41aae381Test,PASS,248.566,ok; sandbox readiness passed
2026-07-23T18:38:56+00:00,baseline_sandbox_readiness,6944525,d2,,157,6944525:d2/src/main/java/com/linkedin/d2/balancer/strategies/relative/clientselector.java,ClientSelector,ClientSelector_RBL4_2a9168baTest,START,,prepare per-class sandbox and run generation prewarm without invoking GPT/EvoSuite
2026-07-23T18:38:57+00:00,gradle_sandbox_prewarm,6944525,d2,,152,6944525:d2/src/main/java/com/linkedin/d2/discovery/stores/zk/zookeeperconnectionawarestore.java,ZooKeeperConnectionAwareStore,,PASS,140.908,"test\java\com\linkedin\d2\discovery\stores\zk\SharedZkConnectionProviderTest.java:187: warning: [deprecation] ZooKeeperAnnouncer(com.linkedin.d2.balancer.servers.ZooKeeperServer,boolean) in com.linkedin.d2.balancer.servers.ZooKeeperAnnouncer has been deprecated
      ZooKeeperAnnouncer announcer = new ZooKeeperAnnouncer(server, true);
                                     ^
D:\A_ThucNghiem\scripts_v2\workspaces\20260724_010022_d3f7f7b1__baseline_readiness\152_6944525_0e47558f\compiledrepos\6944525\d2\src\test\java\com\linkedin\d2\discovery\stores\zk\SharedZkConnectionProviderTest.java:282: warning: [deprecation] com.linkedin.d2.balancer.LastSeenBalancerWithFacilitiesFactory in com.linkedin.d2.balancer has been deprecated
        .setLoadBalancerWithFacilitiesFactory(new LastSeenBalancerWithFacilitiesFactory())
                                                  ^
D:\A_ThucNghiem\scripts_v2\workspaces\20260724_010022_d3f7f7b1__baseline_readiness\152_6944525_0e47558f\compiledrepos\6944525\d2\src\test\java\com\linkedin\d2\discovery\stores\zk\SharedZkConnectionProviderTest.java:279: warning: [deprecation] setZkHosts(java.lang.String) in com.linkedin.d2.balancer.D2ClientBuilder has been deprecated
    d2ClientBuilder.setZkHosts(""localhost:"" + ZK_PORT)
                   ^
D:\A_ThucNghiem\scripts_v2\workspaces\20260724_010022_d3f7f7b1__baseline_readiness\152_6944525_0e47558f\compiledrepos\6944525\d2\src\test\java\com\linkedin\d2\discovery\stores\zk\SharedZkConnectionProviderTest.java:280: warning: [deprecation] setZkSessionTimeout(long,java.util.concurrent.TimeUnit) in com.linkedin.d2.balancer.D2ClientBuilder has been deprecated
        .setZkSessionTimeout(ZK_TIMEOUT, TimeUnit.MILLISECONDS)
        ^
D:\A_ThucNghiem\scripts_v2\workspaces\20260724_010022_d3f7f7b1__baseline_readiness\152_6944525_0e47558f\compiledrepos\6944525\d2\src\test\java\com\linkedin\d2\discovery\stores\zk\SharedZkConnectionProviderTest.java:281: warning: [deprecation] setZKConnectionForloadBalancer(com.linkedin.d2.discovery.stores.zk.ZKPersistentConnection) in com.linkedin.d2.balancer.D2ClientBuilder has been deprecated
        .setZKConnectionForloadBalancer(zkConnectionToUse)
        ^
D:\A_ThucNghiem\scripts_v2\workspaces\20260724_010022_d3f7f7b1__baseline_readiness\152_6944525_0e47558f\compiledrepos\6944525\d2\src\test\java\com\linkedin\d2\discovery\util\TestD2Utils.java:59: warning: [unchecked] unchecked conversion
    Map<String, String> env = mock(Map.class);
                                  ^
  required: java.util.Map<java.lang.String,java.lang.String>
  found:    java.util.Map
D:\A_ThucNghiem\scripts_v2\workspaces\20260724_010022_d3f7f7b1__baseline_readiness\152_6944525_0e47558f\compiledrepos\6944525\d2\src\test\java\com\linkedin\d2\jmx\D2LoadBalancerJmxTest.java:60: warning: [deprecation] com.linkedin.d2.balancer.LastSeenBalancerWithFacilitiesFactory in com.linkedin.d2.balancer has been deprecated
    return new Object[][]{{new LastSeenBalancerWithFacilitiesFactory()}, {new ZKFSLoadBalancerWithFacilitiesFactory()}};
                               ^
D:\A_ThucNghiem\scripts_v2\workspaces\20260724_010022_d3f7f7b1__baseline_readiness\152_6944525_0e47558f\compiledrepos\6944525\d2\src\test\java\com\linkedin\d2\jmx\D2LoadBalancerJmxTest.java:60: warning: [deprecation] com.linkedin.d2.balancer.ZKFSLoadBalancerWithFacilitiesFactory in com.linkedin.d2.balancer has been deprecated
    return new Object[][]{{new LastSeenBalancerWithFacilitiesFactory()}, {new ZKFSLoadBalancerWithFacilitiesFactory()}};
                                                                              ^
D:\A_ThucNghiem\scripts_v2\workspaces\20260724_010022_d3f7f7b1__baseline_readiness\152_6944525_0e47558f\compiledrepos\6944525\d2\src\test\java\com\linkedin\d2\jmx\D2LoadBalancerJmxTest.java:102: warning: [deprecation] setZkHosts(java.lang.String) in com.linkedin.d2.balancer.D2ClientBuilder has been deprecated
                   .setZkHosts(""localhost:"" + ZK_PORT)
                   ^
D:\A_T"
2026-07-23T18:38:57+00:00,baseline_sandbox_readiness,6944525,d2,,152,6944525:d2/src/main/java/com/linkedin/d2/discovery/stores/zk/zookeeperconnectionawarestore.java,ZooKeeperConnectionAwareStore,ZooKeeperConnectionAwareStore_RBL4_0e47558fTest,PASS,250.229,ok; sandbox readiness passed
2026-07-23T18:38:57+00:00,baseline_sandbox_readiness,6944525,d2,,158,6944525:d2/src/main/java/com/linkedin/d2/backuprequests/trackingbackuprequestsstrategy.java,TrackingBackupRequestsStrategy,TrackingBackupRequestsStrategy_RBL4_f80fcb7aTest,START,,prepare per-class sandbox and run generation prewarm without invoking GPT/EvoSuite
2026-07-23T18:38:57+00:00,gradle_sandbox_prewarm,6944525,d2,,155,6944525:d2/src/main/java/com/linkedin/d2/balancer/servers/zookeeperconnectionmanager.java,ZooKeeperConnectionManager,,PASS,108.183,"test\java\com\linkedin\d2\discovery\stores\zk\SharedZkConnectionProviderTest.java:187: warning: [deprecation] ZooKeeperAnnouncer(com.linkedin.d2.balancer.servers.ZooKeeperServer,boolean) in com.linkedin.d2.balancer.servers.ZooKeeperAnnouncer has been deprecated
      ZooKeeperAnnouncer announcer = new ZooKeeperAnnouncer(server, true);
                                     ^
D:\A_ThucNghiem\scripts_v2\workspaces\20260724_010022_d3f7f7b1__baseline_readiness\155_6944525_3804399d\compiledrepos\6944525\d2\src\test\java\com\linkedin\d2\discovery\stores\zk\SharedZkConnectionProviderTest.java:282: warning: [deprecation] com.linkedin.d2.balancer.LastSeenBalancerWithFacilitiesFactory in com.linkedin.d2.balancer has been deprecated
        .setLoadBalancerWithFacilitiesFactory(new LastSeenBalancerWithFacilitiesFactory())
                                                  ^
D:\A_ThucNghiem\scripts_v2\workspaces\20260724_010022_d3f7f7b1__baseline_readiness\155_6944525_3804399d\compiledrepos\6944525\d2\src\test\java\com\linkedin\d2\discovery\stores\zk\SharedZkConnectionProviderTest.java:279: warning: [deprecation] setZkHosts(java.lang.String) in com.linkedin.d2.balancer.D2ClientBuilder has been deprecated
    d2ClientBuilder.setZkHosts(""localhost:"" + ZK_PORT)
                   ^
D:\A_ThucNghiem\scripts_v2\workspaces\20260724_010022_d3f7f7b1__baseline_readiness\155_6944525_3804399d\compiledrepos\6944525\d2\src\test\java\com\linkedin\d2\discovery\stores\zk\SharedZkConnectionProviderTest.java:280: warning: [deprecation] setZkSessionTimeout(long,java.util.concurrent.TimeUnit) in com.linkedin.d2.balancer.D2ClientBuilder has been deprecated
        .setZkSessionTimeout(ZK_TIMEOUT, TimeUnit.MILLISECONDS)
        ^
D:\A_ThucNghiem\scripts_v2\workspaces\20260724_010022_d3f7f7b1__baseline_readiness\155_6944525_3804399d\compiledrepos\6944525\d2\src\test\java\com\linkedin\d2\discovery\stores\zk\SharedZkConnectionProviderTest.java:281: warning: [deprecation] setZKConnectionForloadBalancer(com.linkedin.d2.discovery.stores.zk.ZKPersistentConnection) in com.linkedin.d2.balancer.D2ClientBuilder has been deprecated
        .setZKConnectionForloadBalancer(zkConnectionToUse)
        ^
D:\A_ThucNghiem\scripts_v2\workspaces\20260724_010022_d3f7f7b1__baseline_readiness\155_6944525_3804399d\compiledrepos\6944525\d2\src\test\java\com\linkedin\d2\discovery\util\TestD2Utils.java:59: warning: [unchecked] unchecked conversion
    Map<String, String> env = mock(Map.class);
                                  ^
  required: java.util.Map<java.lang.String,java.lang.String>
  found:    java.util.Map
D:\A_ThucNghiem\scripts_v2\workspaces\20260724_010022_d3f7f7b1__baseline_readiness\155_6944525_3804399d\compiledrepos\6944525\d2\src\test\java\com\linkedin\d2\jmx\D2LoadBalancerJmxTest.java:60: warning: [deprecation] com.linkedin.d2.balancer.LastSeenBalancerWithFacilitiesFactory in com.linkedin.d2.balancer has been deprecated
    return new Object[][]{{new LastSeenBalancerWithFacilitiesFactory()}, {new ZKFSLoadBalancerWithFacilitiesFactory()}};
                               ^
D:\A_ThucNghiem\scripts_v2\workspaces\20260724_010022_d3f7f7b1__baseline_readiness\155_6944525_3804399d\compiledrepos\6944525\d2\src\test\java\com\linkedin\d2\jmx\D2LoadBalancerJmxTest.java:60: warning: [deprecation] com.linkedin.d2.balancer.ZKFSLoadBalancerWithFacilitiesFactory in com.linkedin.d2.balancer has been deprecated
    return new Object[][]{{new LastSeenBalancerWithFacilitiesFactory()}, {new ZKFSLoadBalancerWithFacilitiesFactory()}};
                                                                              ^
D:\A_ThucNghiem\scripts_v2\workspaces\20260724_010022_d3f7f7b1__baseline_readiness\155_6944525_3804399d\compiledrepos\6944525\d2\src\test\java\com\linkedin\d2\jmx\D2LoadBalancerJmxTest.java:102: warning: [deprecation] setZkHosts(java.lang.String) in com.linkedin.d2.balancer.D2ClientBuilder has been deprecated
                   .setZkHosts(""localhost:"" + ZK_PORT)
                   ^
D:\A_T"
2026-07-23T18:38:57+00:00,baseline_sandbox_readiness,6944525,d2,,155,6944525:d2/src/main/java/com/linkedin/d2/balancer/servers/zookeeperconnectionmanager.java,ZooKeeperConnectionManager,ZooKeeperConnectionManager_RBL4_3804399dTest,PASS,122.727,ok; sandbox readiness passed
2026-07-23T18:38:57+00:00,baseline_sandbox_readiness,6944525,d2,,159,6944525:d2/src/main/java/com/linkedin/d2/balancer/strategies/relative/stateupdater.java,StateUpdater,StateUpdater_RBL4_c1262f90Test,START,,prepare per-class sandbox and run generation prewarm without invoking GPT/EvoSuite
2026-07-23T18:39:03+00:00,gradle_sandbox_prewarm,6944525,d2,,156,6944525:d2/src/main/java/com/linkedin/d2/balancer/util/warmuploadbalancer.java,WarmUpLoadBalancer,,START,,compile Gradle sandbox before AgoneTest/EvoSuite; synthesized placeholder test hidden during prewarm: WarmUpLoadBalancer_RBL4_7142b9faTest.java
2026-07-23T18:39:03+00:00,gradle_sandbox_prewarm,6944525,d2,,157,6944525:d2/src/main/java/com/linkedin/d2/balancer/strategies/relative/clientselector.java,ClientSelector,,START,,compile Gradle sandbox before AgoneTest/EvoSuite; synthesized placeholder test hidden during prewarm: ClientSelector_RBL4_2a9168baTest.java
2026-07-23T18:39:03+00:00,gradle_sandbox_prewarm,6944525,d2,,159,6944525:d2/src/main/java/com/linkedin/d2/balancer/strategies/relative/stateupdater.java,StateUpdater,,START,,compile Gradle sandbox before AgoneTest/EvoSuite; synthesized placeholder test hidden during prewarm: StateUpdater_RBL4_c1262f90Test.java
2026-07-23T18:39:03+00:00,gradle_sandbox_prewarm,6944525,d2,,158,6944525:d2/src/main/java/com/linkedin/d2/backuprequests/trackingbackuprequestsstrategy.java,TrackingBackupRequestsStrategy,,START,,compile Gradle sandbox before AgoneTest/EvoSuite; synthesized placeholder test hidden during prewarm: TrackingBackupRequestsStrategy_RBL4_f80fcb7aTest.java
2026-07-23T18:40:54+00:00,gradle_sandbox_prewarm,6944525,d2,,157,6944525:d2/src/main/java/com/linkedin/d2/balancer/strategies/relative/clientselector.java,ClientSelector,,PASS,111.045,"test\java\com\linkedin\d2\discovery\stores\zk\SharedZkConnectionProviderTest.java:187: warning: [deprecation] ZooKeeperAnnouncer(com.linkedin.d2.balancer.servers.ZooKeeperServer,boolean) in com.linkedin.d2.balancer.servers.ZooKeeperAnnouncer has been deprecated
      ZooKeeperAnnouncer announcer = new ZooKeeperAnnouncer(server, true);
                                     ^
D:\A_ThucNghiem\scripts_v2\workspaces\20260724_010022_d3f7f7b1__baseline_readiness\157_6944525_2a9168ba\compiledrepos\6944525\d2\src\test\java\com\linkedin\d2\discovery\stores\zk\SharedZkConnectionProviderTest.java:282: warning: [deprecation] com.linkedin.d2.balancer.LastSeenBalancerWithFacilitiesFactory in com.linkedin.d2.balancer has been deprecated
        .setLoadBalancerWithFacilitiesFactory(new LastSeenBalancerWithFacilitiesFactory())
                                                  ^
D:\A_ThucNghiem\scripts_v2\workspaces\20260724_010022_d3f7f7b1__baseline_readiness\157_6944525_2a9168ba\compiledrepos\6944525\d2\src\test\java\com\linkedin\d2\discovery\stores\zk\SharedZkConnectionProviderTest.java:279: warning: [deprecation] setZkHosts(java.lang.String) in com.linkedin.d2.balancer.D2ClientBuilder has been deprecated
    d2ClientBuilder.setZkHosts(""localhost:"" + ZK_PORT)
                   ^
D:\A_ThucNghiem\scripts_v2\workspaces\20260724_010022_d3f7f7b1__baseline_readiness\157_6944525_2a9168ba\compiledrepos\6944525\d2\src\test\java\com\linkedin\d2\discovery\stores\zk\SharedZkConnectionProviderTest.java:280: warning: [deprecation] setZkSessionTimeout(long,java.util.concurrent.TimeUnit) in com.linkedin.d2.balancer.D2ClientBuilder has been deprecated
        .setZkSessionTimeout(ZK_TIMEOUT, TimeUnit.MILLISECONDS)
        ^
D:\A_ThucNghiem\scripts_v2\workspaces\20260724_010022_d3f7f7b1__baseline_readiness\157_6944525_2a9168ba\compiledrepos\6944525\d2\src\test\java\com\linkedin\d2\discovery\stores\zk\SharedZkConnectionProviderTest.java:281: warning: [deprecation] setZKConnectionForloadBalancer(com.linkedin.d2.discovery.stores.zk.ZKPersistentConnection) in com.linkedin.d2.balancer.D2ClientBuilder has been deprecated
        .setZKConnectionForloadBalancer(zkConnectionToUse)
        ^
D:\A_ThucNghiem\scripts_v2\workspaces\20260724_010022_d3f7f7b1__baseline_readiness\157_6944525_2a9168ba\compiledrepos\6944525\d2\src\test\java\com\linkedin\d2\discovery\util\TestD2Utils.java:59: warning: [unchecked] unchecked conversion
    Map<String, String> env = mock(Map.class);
                                  ^
  required: java.util.Map<java.lang.String,java.lang.String>
  found:    java.util.Map
D:\A_ThucNghiem\scripts_v2\workspaces\20260724_010022_d3f7f7b1__baseline_readiness\157_6944525_2a9168ba\compiledrepos\6944525\d2\src\test\java\com\linkedin\d2\jmx\D2LoadBalancerJmxTest.java:60: warning: [deprecation] com.linkedin.d2.balancer.LastSeenBalancerWithFacilitiesFactory in com.linkedin.d2.balancer has been deprecated
    return new Object[][]{{new LastSeenBalancerWithFacilitiesFactory()}, {new ZKFSLoadBalancerWithFacilitiesFactory()}};
                               ^
D:\A_ThucNghiem\scripts_v2\workspaces\20260724_010022_d3f7f7b1__baseline_readiness\157_6944525_2a9168ba\compiledrepos\6944525\d2\src\test\java\com\linkedin\d2\jmx\D2LoadBalancerJmxTest.java:60: warning: [deprecation] com.linkedin.d2.balancer.ZKFSLoadBalancerWithFacilitiesFactory in com.linkedin.d2.balancer has been deprecated
    return new Object[][]{{new LastSeenBalancerWithFacilitiesFactory()}, {new ZKFSLoadBalancerWithFacilitiesFactory()}};
                                                                              ^
D:\A_ThucNghiem\scripts_v2\workspaces\20260724_010022_d3f7f7b1__baseline_readiness\157_6944525_2a9168ba\compiledrepos\6944525\d2\src\test\java\com\linkedin\d2\jmx\D2LoadBalancerJmxTest.java:102: warning: [deprecation] setZkHosts(java.lang.String) in com.linkedin.d2.balancer.D2ClientBuilder has been deprecated
                   .setZkHosts(""localhost:"" + ZK_PORT)
                   ^
D:\A_T"
2026-07-23T18:40:54+00:00,baseline_sandbox_readiness,6944525,d2,,157,6944525:d2/src/main/java/com/linkedin/d2/balancer/strategies/relative/clientselector.java,ClientSelector,ClientSelector_RBL4_2a9168baTest,PASS,117.316,ok; sandbox readiness passed
2026-07-23T18:40:54+00:00,baseline_sandbox_readiness,74999474,parsec-clients,,160,74999474:parsec-clients/src/main/java/com/yahoo/parsec/clients/randomnameresolver.java,RandomNameResolver,RandomNameResolver_RBL4_835787fdTest,START,,prepare per-class sandbox and run generation prewarm without invoking GPT/EvoSuite
2026-07-23T18:40:58+00:00,gradle_sandbox_prewarm,74999474,parsec-clients,,160,74999474:parsec-clients/src/main/java/com/yahoo/parsec/clients/randomnameresolver.java,RandomNameResolver,,START,,compile Gradle sandbox before AgoneTest/EvoSuite; synthesized placeholder test hidden during prewarm: RandomNameResolver_RBL4_835787fdTest.java
2026-07-23T18:40:58+00:00,gradle_sandbox_prewarm,6944525,d2,,156,6944525:d2/src/main/java/com/linkedin/d2/balancer/util/warmuploadbalancer.java,WarmUpLoadBalancer,,PASS,115.676,"test\java\com\linkedin\d2\discovery\stores\zk\SharedZkConnectionProviderTest.java:187: warning: [deprecation] ZooKeeperAnnouncer(com.linkedin.d2.balancer.servers.ZooKeeperServer,boolean) in com.linkedin.d2.balancer.servers.ZooKeeperAnnouncer has been deprecated
      ZooKeeperAnnouncer announcer = new ZooKeeperAnnouncer(server, true);
                                     ^
D:\A_ThucNghiem\scripts_v2\workspaces\20260724_010022_d3f7f7b1__baseline_readiness\156_6944525_7142b9fa\compiledrepos\6944525\d2\src\test\java\com\linkedin\d2\discovery\stores\zk\SharedZkConnectionProviderTest.java:282: warning: [deprecation] com.linkedin.d2.balancer.LastSeenBalancerWithFacilitiesFactory in com.linkedin.d2.balancer has been deprecated
        .setLoadBalancerWithFacilitiesFactory(new LastSeenBalancerWithFacilitiesFactory())
                                                  ^
D:\A_ThucNghiem\scripts_v2\workspaces\20260724_010022_d3f7f7b1__baseline_readiness\156_6944525_7142b9fa\compiledrepos\6944525\d2\src\test\java\com\linkedin\d2\discovery\stores\zk\SharedZkConnectionProviderTest.java:279: warning: [deprecation] setZkHosts(java.lang.String) in com.linkedin.d2.balancer.D2ClientBuilder has been deprecated
    d2ClientBuilder.setZkHosts(""localhost:"" + ZK_PORT)
                   ^
D:\A_ThucNghiem\scripts_v2\workspaces\20260724_010022_d3f7f7b1__baseline_readiness\156_6944525_7142b9fa\compiledrepos\6944525\d2\src\test\java\com\linkedin\d2\discovery\stores\zk\SharedZkConnectionProviderTest.java:280: warning: [deprecation] setZkSessionTimeout(long,java.util.concurrent.TimeUnit) in com.linkedin.d2.balancer.D2ClientBuilder has been deprecated
        .setZkSessionTimeout(ZK_TIMEOUT, TimeUnit.MILLISECONDS)
        ^
D:\A_ThucNghiem\scripts_v2\workspaces\20260724_010022_d3f7f7b1__baseline_readiness\156_6944525_7142b9fa\compiledrepos\6944525\d2\src\test\java\com\linkedin\d2\discovery\stores\zk\SharedZkConnectionProviderTest.java:281: warning: [deprecation] setZKConnectionForloadBalancer(com.linkedin.d2.discovery.stores.zk.ZKPersistentConnection) in com.linkedin.d2.balancer.D2ClientBuilder has been deprecated
        .setZKConnectionForloadBalancer(zkConnectionToUse)
        ^
D:\A_ThucNghiem\scripts_v2\workspaces\20260724_010022_d3f7f7b1__baseline_readiness\156_6944525_7142b9fa\compiledrepos\6944525\d2\src\test\java\com\linkedin\d2\discovery\util\TestD2Utils.java:59: warning: [unchecked] unchecked conversion
    Map<String, String> env = mock(Map.class);
                                  ^
  required: java.util.Map<java.lang.String,java.lang.String>
  found:    java.util.Map
D:\A_ThucNghiem\scripts_v2\workspaces\20260724_010022_d3f7f7b1__baseline_readiness\156_6944525_7142b9fa\compiledrepos\6944525\d2\src\test\java\com\linkedin\d2\jmx\D2LoadBalancerJmxTest.java:60: warning: [deprecation] com.linkedin.d2.balancer.LastSeenBalancerWithFacilitiesFactory in com.linkedin.d2.balancer has been deprecated
    return new Object[][]{{new LastSeenBalancerWithFacilitiesFactory()}, {new ZKFSLoadBalancerWithFacilitiesFactory()}};
                               ^
D:\A_ThucNghiem\scripts_v2\workspaces\20260724_010022_d3f7f7b1__baseline_readiness\156_6944525_7142b9fa\compiledrepos\6944525\d2\src\test\java\com\linkedin\d2\jmx\D2LoadBalancerJmxTest.java:60: warning: [deprecation] com.linkedin.d2.balancer.ZKFSLoadBalancerWithFacilitiesFactory in com.linkedin.d2.balancer has been deprecated
    return new Object[][]{{new LastSeenBalancerWithFacilitiesFactory()}, {new ZKFSLoadBalancerWithFacilitiesFactory()}};
                                                                              ^
D:\A_ThucNghiem\scripts_v2\workspaces\20260724_010022_d3f7f7b1__baseline_readiness\156_6944525_7142b9fa\compiledrepos\6944525\d2\src\test\java\com\linkedin\d2\jmx\D2LoadBalancerJmxTest.java:102: warning: [deprecation] setZkHosts(java.lang.String) in com.linkedin.d2.balancer.D2ClientBuilder has been deprecated
                   .setZkHosts(""localhost:"" + ZK_PORT)
                   ^
D:\A_T"
2026-07-23T18:40:58+00:00,baseline_sandbox_readiness,6944525,d2,,156,6944525:d2/src/main/java/com/linkedin/d2/balancer/util/warmuploadbalancer.java,WarmUpLoadBalancer,WarmUpLoadBalancer_RBL4_7142b9faTest,PASS,122.308,ok; sandbox readiness passed
2026-07-23T18:40:58+00:00,baseline_sandbox_readiness,74999474,parsec-clients,,161,74999474:parsec-clients/src/main/java/com/yahoo/parsec/clients/delegatenameresolver.java,DelegateNameResolver,DelegateNameResolver_RBL4_ab7abb98Test,START,,prepare per-class sandbox and run generation prewarm without invoking GPT/EvoSuite
2026-07-23T18:40:58+00:00,gradle_sandbox_prewarm,74999474,parsec-clients,,161,74999474:parsec-clients/src/main/java/com/yahoo/parsec/clients/delegatenameresolver.java,DelegateNameResolver,,START,,compile Gradle sandbox before AgoneTest/EvoSuite; synthesized placeholder test hidden during prewarm: DelegateNameResolver_RBL4_ab7abb98Test.java
2026-07-23T18:40:59+00:00,gradle_sandbox_prewarm,6944525,d2,,158,6944525:d2/src/main/java/com/linkedin/d2/backuprequests/trackingbackuprequestsstrategy.java,TrackingBackupRequestsStrategy,,PASS,116.249,"test\java\com\linkedin\d2\discovery\stores\zk\SharedZkConnectionProviderTest.java:187: warning: [deprecation] ZooKeeperAnnouncer(com.linkedin.d2.balancer.servers.ZooKeeperServer,boolean) in com.linkedin.d2.balancer.servers.ZooKeeperAnnouncer has been deprecated
      ZooKeeperAnnouncer announcer = new ZooKeeperAnnouncer(server, true);
                                     ^
D:\A_ThucNghiem\scripts_v2\workspaces\20260724_010022_d3f7f7b1__baseline_readiness\158_6944525_f80fcb7a\compiledrepos\6944525\d2\src\test\java\com\linkedin\d2\discovery\stores\zk\SharedZkConnectionProviderTest.java:282: warning: [deprecation] com.linkedin.d2.balancer.LastSeenBalancerWithFacilitiesFactory in com.linkedin.d2.balancer has been deprecated
        .setLoadBalancerWithFacilitiesFactory(new LastSeenBalancerWithFacilitiesFactory())
                                                  ^
D:\A_ThucNghiem\scripts_v2\workspaces\20260724_010022_d3f7f7b1__baseline_readiness\158_6944525_f80fcb7a\compiledrepos\6944525\d2\src\test\java\com\linkedin\d2\discovery\stores\zk\SharedZkConnectionProviderTest.java:279: warning: [deprecation] setZkHosts(java.lang.String) in com.linkedin.d2.balancer.D2ClientBuilder has been deprecated
    d2ClientBuilder.setZkHosts(""localhost:"" + ZK_PORT)
                   ^
D:\A_ThucNghiem\scripts_v2\workspaces\20260724_010022_d3f7f7b1__baseline_readiness\158_6944525_f80fcb7a\compiledrepos\6944525\d2\src\test\java\com\linkedin\d2\discovery\stores\zk\SharedZkConnectionProviderTest.java:280: warning: [deprecation] setZkSessionTimeout(long,java.util.concurrent.TimeUnit) in com.linkedin.d2.balancer.D2ClientBuilder has been deprecated
        .setZkSessionTimeout(ZK_TIMEOUT, TimeUnit.MILLISECONDS)
        ^
D:\A_ThucNghiem\scripts_v2\workspaces\20260724_010022_d3f7f7b1__baseline_readiness\158_6944525_f80fcb7a\compiledrepos\6944525\d2\src\test\java\com\linkedin\d2\discovery\stores\zk\SharedZkConnectionProviderTest.java:281: warning: [deprecation] setZKConnectionForloadBalancer(com.linkedin.d2.discovery.stores.zk.ZKPersistentConnection) in com.linkedin.d2.balancer.D2ClientBuilder has been deprecated
        .setZKConnectionForloadBalancer(zkConnectionToUse)
        ^
D:\A_ThucNghiem\scripts_v2\workspaces\20260724_010022_d3f7f7b1__baseline_readiness\158_6944525_f80fcb7a\compiledrepos\6944525\d2\src\test\java\com\linkedin\d2\discovery\util\TestD2Utils.java:59: warning: [unchecked] unchecked conversion
    Map<String, String> env = mock(Map.class);
                                  ^
  required: java.util.Map<java.lang.String,java.lang.String>
  found:    java.util.Map
D:\A_ThucNghiem\scripts_v2\workspaces\20260724_010022_d3f7f7b1__baseline_readiness\158_6944525_f80fcb7a\compiledrepos\6944525\d2\src\test\java\com\linkedin\d2\jmx\D2LoadBalancerJmxTest.java:60: warning: [deprecation] com.linkedin.d2.balancer.LastSeenBalancerWithFacilitiesFactory in com.linkedin.d2.balancer has been deprecated
    return new Object[][]{{new LastSeenBalancerWithFacilitiesFactory()}, {new ZKFSLoadBalancerWithFacilitiesFactory()}};
                               ^
D:\A_ThucNghiem\scripts_v2\workspaces\20260724_010022_d3f7f7b1__baseline_readiness\158_6944525_f80fcb7a\compiledrepos\6944525\d2\src\test\java\com\linkedin\d2\jmx\D2LoadBalancerJmxTest.java:60: warning: [deprecation] com.linkedin.d2.balancer.ZKFSLoadBalancerWithFacilitiesFactory in com.linkedin.d2.balancer has been deprecated
    return new Object[][]{{new LastSeenBalancerWithFacilitiesFactory()}, {new ZKFSLoadBalancerWithFacilitiesFactory()}};
                                                                              ^
D:\A_ThucNghiem\scripts_v2\workspaces\20260724_010022_d3f7f7b1__baseline_readiness\158_6944525_f80fcb7a\compiledrepos\6944525\d2\src\test\java\com\linkedin\d2\jmx\D2LoadBalancerJmxTest.java:102: warning: [deprecation] setZkHosts(java.lang.String) in com.linkedin.d2.balancer.D2ClientBuilder has been deprecated
                   .setZkHosts(""localhost:"" + ZK_PORT)
                   ^
D:\A_T"
2026-07-23T18:40:59+00:00,baseline_sandbox_readiness,6944525,d2,,158,6944525:d2/src/main/java/com/linkedin/d2/backuprequests/trackingbackuprequestsstrategy.java,TrackingBackupRequestsStrategy,TrackingBackupRequestsStrategy_RBL4_f80fcb7aTest,PASS,122.005,ok; sandbox readiness passed
2026-07-23T18:40:59+00:00,baseline_sandbox_readiness,74999474,parsec-clients,,162,74999474:parsec-clients/src/main/java/com/yahoo/parsec/clients/parseccompletablefuture.java,ParsecCompletableFuture,ParsecCompletableFuture_RBL4_fd9ad981Test,START,,prepare per-class sandbox and run generation prewarm without invoking GPT/EvoSuite
2026-07-23T18:40:59+00:00,gradle_sandbox_prewarm,74999474,parsec-clients,,162,74999474:parsec-clients/src/main/java/com/yahoo/parsec/clients/parseccompletablefuture.java,ParsecCompletableFuture,,START,,compile Gradle sandbox before AgoneTest/EvoSuite; synthesized placeholder test hidden during prewarm: ParsecCompletableFuture_RBL4_fd9ad981Test.java
2026-07-23T18:40:59+00:00,gradle_sandbox_prewarm,6944525,d2,,159,6944525:d2/src/main/java/com/linkedin/d2/balancer/strategies/relative/stateupdater.java,StateUpdater,,PASS,116.711,"test\java\com\linkedin\d2\discovery\stores\zk\SharedZkConnectionProviderTest.java:187: warning: [deprecation] ZooKeeperAnnouncer(com.linkedin.d2.balancer.servers.ZooKeeperServer,boolean) in com.linkedin.d2.balancer.servers.ZooKeeperAnnouncer has been deprecated
      ZooKeeperAnnouncer announcer = new ZooKeeperAnnouncer(server, true);
                                     ^
D:\A_ThucNghiem\scripts_v2\workspaces\20260724_010022_d3f7f7b1__baseline_readiness\159_6944525_c1262f90\compiledrepos\6944525\d2\src\test\java\com\linkedin\d2\discovery\stores\zk\SharedZkConnectionProviderTest.java:282: warning: [deprecation] com.linkedin.d2.balancer.LastSeenBalancerWithFacilitiesFactory in com.linkedin.d2.balancer has been deprecated
        .setLoadBalancerWithFacilitiesFactory(new LastSeenBalancerWithFacilitiesFactory())
                                                  ^
D:\A_ThucNghiem\scripts_v2\workspaces\20260724_010022_d3f7f7b1__baseline_readiness\159_6944525_c1262f90\compiledrepos\6944525\d2\src\test\java\com\linkedin\d2\discovery\stores\zk\SharedZkConnectionProviderTest.java:279: warning: [deprecation] setZkHosts(java.lang.String) in com.linkedin.d2.balancer.D2ClientBuilder has been deprecated
    d2ClientBuilder.setZkHosts(""localhost:"" + ZK_PORT)
                   ^
D:\A_ThucNghiem\scripts_v2\workspaces\20260724_010022_d3f7f7b1__baseline_readiness\159_6944525_c1262f90\compiledrepos\6944525\d2\src\test\java\com\linkedin\d2\discovery\stores\zk\SharedZkConnectionProviderTest.java:280: warning: [deprecation] setZkSessionTimeout(long,java.util.concurrent.TimeUnit) in com.linkedin.d2.balancer.D2ClientBuilder has been deprecated
        .setZkSessionTimeout(ZK_TIMEOUT, TimeUnit.MILLISECONDS)
        ^
D:\A_ThucNghiem\scripts_v2\workspaces\20260724_010022_d3f7f7b1__baseline_readiness\159_6944525_c1262f90\compiledrepos\6944525\d2\src\test\java\com\linkedin\d2\discovery\stores\zk\SharedZkConnectionProviderTest.java:281: warning: [deprecation] setZKConnectionForloadBalancer(com.linkedin.d2.discovery.stores.zk.ZKPersistentConnection) in com.linkedin.d2.balancer.D2ClientBuilder has been deprecated
        .setZKConnectionForloadBalancer(zkConnectionToUse)
        ^
D:\A_ThucNghiem\scripts_v2\workspaces\20260724_010022_d3f7f7b1__baseline_readiness\159_6944525_c1262f90\compiledrepos\6944525\d2\src\test\java\com\linkedin\d2\discovery\util\TestD2Utils.java:59: warning: [unchecked] unchecked conversion
    Map<String, String> env = mock(Map.class);
                                  ^
  required: java.util.Map<java.lang.String,java.lang.String>
  found:    java.util.Map
D:\A_ThucNghiem\scripts_v2\workspaces\20260724_010022_d3f7f7b1__baseline_readiness\159_6944525_c1262f90\compiledrepos\6944525\d2\src\test\java\com\linkedin\d2\jmx\D2LoadBalancerJmxTest.java:60: warning: [deprecation] com.linkedin.d2.balancer.LastSeenBalancerWithFacilitiesFactory in com.linkedin.d2.balancer has been deprecated
    return new Object[][]{{new LastSeenBalancerWithFacilitiesFactory()}, {new ZKFSLoadBalancerWithFacilitiesFactory()}};
                               ^
D:\A_ThucNghiem\scripts_v2\workspaces\20260724_010022_d3f7f7b1__baseline_readiness\159_6944525_c1262f90\compiledrepos\6944525\d2\src\test\java\com\linkedin\d2\jmx\D2LoadBalancerJmxTest.java:60: warning: [deprecation] com.linkedin.d2.balancer.ZKFSLoadBalancerWithFacilitiesFactory in com.linkedin.d2.balancer has been deprecated
    return new Object[][]{{new LastSeenBalancerWithFacilitiesFactory()}, {new ZKFSLoadBalancerWithFacilitiesFactory()}};
                                                                              ^
D:\A_ThucNghiem\scripts_v2\workspaces\20260724_010022_d3f7f7b1__baseline_readiness\159_6944525_c1262f90\compiledrepos\6944525\d2\src\test\java\com\linkedin\d2\jmx\D2LoadBalancerJmxTest.java:102: warning: [deprecation] setZkHosts(java.lang.String) in com.linkedin.d2.balancer.D2ClientBuilder has been deprecated
                   .setZkHosts(""localhost:"" + ZK_PORT)
                   ^
D:\A_T"
2026-07-23T18:40:59+00:00,baseline_sandbox_readiness,6944525,d2,,159,6944525:d2/src/main/java/com/linkedin/d2/balancer/strategies/relative/stateupdater.java,StateUpdater,StateUpdater_RBL4_c1262f90Test,PASS,122.447,ok; sandbox readiness passed
2026-07-23T18:41:00+00:00,baseline_sandbox_readiness,74999474,parsec-clients,,163,74999474:parsec-clients/src/main/java/com/yahoo/parsec/clients/parsechttputil.java,ParsecHttpUtil,ParsecHttpUtil_RBL4_603d73bfTest,START,,prepare per-class sandbox and run generation prewarm without invoking GPT/EvoSuite
2026-07-23T18:41:00+00:00,gradle_sandbox_prewarm,74999474,parsec-clients,,163,74999474:parsec-clients/src/main/java/com/yahoo/parsec/clients/parsechttputil.java,ParsecHttpUtil,,START,,compile Gradle sandbox before AgoneTest/EvoSuite; synthesized placeholder test hidden during prewarm: ParsecHttpUtil_RBL4_603d73bfTest.java
2026-07-23T18:41:14+00:00,gradle_sandbox_prewarm,74999474,parsec-clients,,161,74999474:parsec-clients/src/main/java/com/yahoo/parsec/clients/delegatenameresolver.java,DelegateNameResolver,,PASS,15.45,"compile Gradle sandbox before AgoneTest/EvoSuite; synthesized placeholder test hidden during prewarm: DelegateNameResolver_RBL4_ab7abb98Test.java; classes_dir=D:\A_ThucNghiem\scripts_v2\workspaces\20260724_010022_d3f7f7b1__baseline_readiness\161_74999474_ab7abb98\compiledrepos\74999474\parsec-clients\build\classes\java\main
To honour the JVM settings for this build a new JVM will be forked. Please consider using the daemon: https://docs.gradle.org/5.2.1/userguide/gradle_daemon.html.
Daemon will be stopped at the end of the build stopping after processing
> Task :parsec-clients:clean UP-TO-DATE

> Task :parsec-clients:compileJava

> Task :parsec-clients:processResources NO-SOURCE
> Task :parsec-clients:classes

> Task :parsec-clients:compileTestJava

> Task :parsec-clients:processTestResources
> Task :parsec-clients:testClasses

BUILD SUCCESSFUL in 12s
4 actionable tasks: 3 executed, 1 up-to-date

Note: D:\A_ThucNghiem\scripts_v2\workspaces\20260724_010022_d3f7f7b1__baseline_readiness\161_74999474_ab7abb98\compiledrepos\74999474\parsec-clients\src\main\java\com\yahoo\parsec\clients\ParsecAsyncHttpClient.java uses or overrides a deprecated API.
Note: Recompile with -Xlint:deprecation for details.
Note: Some input files use unchecked or unsafe operations.
Note: Recompile with -Xlint:unchecked for details.
Note: Some input files use unchecked or unsafe operations.
Note: Recompile with -Xlint:unchecked for details."
2026-07-23T18:41:14+00:00,baseline_sandbox_readiness,74999474,parsec-clients,,161,74999474:parsec-clients/src/main/java/com/yahoo/parsec/clients/delegatenameresolver.java,DelegateNameResolver,DelegateNameResolver_RBL4_ab7abb98Test,PASS,15.578,ok; sandbox readiness passed
2026-07-23T18:41:14+00:00,baseline_sandbox_readiness,74999474,parsec-clients,,164,74999474:parsec-clients/src/main/java/com/yahoo/parsec/clients/defaultasynccompletionhandler.java,DefaultAsyncCompletionHandler,DefaultAsyncCompletionHandler_RBL4_e521567fTest,START,,prepare per-class sandbox and run generation prewarm without invoking GPT/EvoSuite
2026-07-23T18:41:14+00:00,gradle_sandbox_prewarm,74999474,parsec-clients,,160,74999474:parsec-clients/src/main/java/com/yahoo/parsec/clients/randomnameresolver.java,RandomNameResolver,,PASS,16.259,"compile Gradle sandbox before AgoneTest/EvoSuite; synthesized placeholder test hidden during prewarm: RandomNameResolver_RBL4_835787fdTest.java; classes_dir=D:\A_ThucNghiem\scripts_v2\workspaces\20260724_010022_d3f7f7b1__baseline_readiness\160_74999474_835787fd\compiledrepos\74999474\parsec-clients\build\classes\java\main
To honour the JVM settings for this build a new JVM will be forked. Please consider using the daemon: https://docs.gradle.org/5.2.1/userguide/gradle_daemon.html.
Daemon will be stopped at the end of the build stopping after processing
> Task :parsec-clients:clean UP-TO-DATE

> Task :parsec-clients:compileJava

> Task :parsec-clients:processResources NO-SOURCE
> Task :parsec-clients:classes

> Task :parsec-clients:compileTestJava

> Task :parsec-clients:processTestResources
> Task :parsec-clients:testClasses

BUILD SUCCESSFUL in 14s
4 actionable tasks: 3 executed, 1 up-to-date

Note: D:\A_ThucNghiem\scripts_v2\workspaces\20260724_010022_d3f7f7b1__baseline_readiness\160_74999474_835787fd\compiledrepos\74999474\parsec-clients\src\main\java\com\yahoo\parsec\clients\ParsecAsyncHttpClient.java uses or overrides a deprecated API.
Note: Recompile with -Xlint:deprecation for details.
Note: Some input files use unchecked or unsafe operations.
Note: Recompile with -Xlint:unchecked for details.
Note: Some input files use unchecked or unsafe operations.
Note: Recompile with -Xlint:unchecked for details."
2026-07-23T18:41:14+00:00,baseline_sandbox_readiness,74999474,parsec-clients,,160,74999474:parsec-clients/src/main/java/com/yahoo/parsec/clients/randomnameresolver.java,RandomNameResolver,RandomNameResolver_RBL4_835787fdTest,PASS,20.314,ok; sandbox readiness passed
2026-07-23T18:41:14+00:00,baseline_sandbox_readiness,74999474,parsec-clients,,165,74999474:parsec-clients/src/main/java/com/yahoo/parsec/clients/parsecclientprofilinglogutil.java,ParsecClientProfilingLogUtil,ParsecClientProfilingLogUtil_RBL4_05c2f6b5Test,START,,prepare per-class sandbox and run generation prewarm without invoking GPT/EvoSuite
2026-07-23T18:41:14+00:00,gradle_sandbox_prewarm,74999474,parsec-clients,,164,74999474:parsec-clients/src/main/java/com/yahoo/parsec/clients/defaultasynccompletionhandler.java,DefaultAsyncCompletionHandler,,START,,compile Gradle sandbox before AgoneTest/EvoSuite; synthesized placeholder test hidden during prewarm: DefaultAsyncCompletionHandler_RBL4_e521567fTest.java
2026-07-23T18:41:14+00:00,gradle_sandbox_prewarm,74999474,parsec-clients,,165,74999474:parsec-clients/src/main/java/com/yahoo/parsec/clients/parsecclientprofilinglogutil.java,ParsecClientProfilingLogUtil,,START,,compile Gradle sandbox before AgoneTest/EvoSuite; synthesized placeholder test hidden during prewarm: ParsecClientProfilingLogUtil_RBL4_05c2f6b5Test.java
2026-07-23T18:41:15+00:00,gradle_sandbox_prewarm,74999474,parsec-clients,,162,74999474:parsec-clients/src/main/java/com/yahoo/parsec/clients/parseccompletablefuture.java,ParsecCompletableFuture,,PASS,15.998,"compile Gradle sandbox before AgoneTest/EvoSuite; synthesized placeholder test hidden during prewarm: ParsecCompletableFuture_RBL4_fd9ad981Test.java; classes_dir=D:\A_ThucNghiem\scripts_v2\workspaces\20260724_010022_d3f7f7b1__baseline_readiness\162_74999474_fd9ad981\compiledrepos\74999474\parsec-clients\build\classes\java\main
To honour the JVM settings for this build a new JVM will be forked. Please consider using the daemon: https://docs.gradle.org/5.2.1/userguide/gradle_daemon.html.
Daemon will be stopped at the end of the build stopping after processing
> Task :parsec-clients:clean UP-TO-DATE

> Task :parsec-clients:compileJava

> Task :parsec-clients:processResources NO-SOURCE
> Task :parsec-clients:classes

> Task :parsec-clients:compileTestJava

> Task :parsec-clients:processTestResources
> Task :parsec-clients:testClasses

BUILD SUCCESSFUL in 13s
4 actionable tasks: 3 executed, 1 up-to-date

Note: D:\A_ThucNghiem\scripts_v2\workspaces\20260724_010022_d3f7f7b1__baseline_readiness\162_74999474_fd9ad981\compiledrepos\74999474\parsec-clients\src\main\java\com\yahoo\parsec\clients\ParsecAsyncHttpClient.java uses or overrides a deprecated API.
Note: Recompile with -Xlint:deprecation for details.
Note: Some input files use unchecked or unsafe operations.
Note: Recompile with -Xlint:unchecked for details.
Note: Some input files use unchecked or unsafe operations.
Note: Recompile with -Xlint:unchecked for details."
2026-07-23T18:41:15+00:00,baseline_sandbox_readiness,74999474,parsec-clients,,162,74999474:parsec-clients/src/main/java/com/yahoo/parsec/clients/parseccompletablefuture.java,ParsecCompletableFuture,ParsecCompletableFuture_RBL4_fd9ad981Test,PASS,16.178,ok; sandbox readiness passed
2026-07-23T18:41:15+00:00,baseline_sandbox_readiness,74999474,parsec-clients,,166,74999474:parsec-clients/src/main/java/com/yahoo/parsec/clients/parsecasyncprogresstimer.java,ParsecAsyncProgressTimer,ParsecAsyncProgressTimer_RBL4_9551429bTest,START,,prepare per-class sandbox and run generation prewarm without invoking GPT/EvoSuite
2026-07-23T18:41:15+00:00,gradle_sandbox_prewarm,74999474,parsec-clients,,163,74999474:parsec-clients/src/main/java/com/yahoo/parsec/clients/parsechttputil.java,ParsecHttpUtil,,PASS,15.585,"compile Gradle sandbox before AgoneTest/EvoSuite; synthesized placeholder test hidden during prewarm: ParsecHttpUtil_RBL4_603d73bfTest.java; classes_dir=D:\A_ThucNghiem\scripts_v2\workspaces\20260724_010022_d3f7f7b1__baseline_readiness\163_74999474_603d73bf\compiledrepos\74999474\parsec-clients\build\classes\java\main
To honour the JVM settings for this build a new JVM will be forked. Please consider using the daemon: https://docs.gradle.org/5.2.1/userguide/gradle_daemon.html.
Daemon will be stopped at the end of the build stopping after processing
> Task :parsec-clients:clean UP-TO-DATE

> Task :parsec-clients:compileJava

> Task :parsec-clients:processResources NO-SOURCE
> Task :parsec-clients:classes

> Task :parsec-clients:compileTestJava

> Task :parsec-clients:processTestResources
> Task :parsec-clients:testClasses

BUILD SUCCESSFUL in 13s
4 actionable tasks: 3 executed, 1 up-to-date

Note: D:\A_ThucNghiem\scripts_v2\workspaces\20260724_010022_d3f7f7b1__baseline_readiness\163_74999474_603d73bf\compiledrepos\74999474\parsec-clients\src\main\java\com\yahoo\parsec\clients\ParsecAsyncHttpClient.java uses or overrides a deprecated API.
Note: Recompile with -Xlint:deprecation for details.
Note: Some input files use unchecked or unsafe operations.
Note: Recompile with -Xlint:unchecked for details.
Note: Some input files use unchecked or unsafe operations.
Note: Recompile with -Xlint:unchecked for details."
2026-07-23T18:41:15+00:00,baseline_sandbox_readiness,74999474,parsec-clients,,163,74999474:parsec-clients/src/main/java/com/yahoo/parsec/clients/parsechttputil.java,ParsecHttpUtil,ParsecHttpUtil_RBL4_603d73bfTest,PASS,15.729,ok; sandbox readiness passed
2026-07-23T18:41:15+00:00,baseline_sandbox_readiness,74999474,parsec-clients,,167,74999474:parsec-clients/src/main/java/com/yahoo/parsec/clients/parsecasynchttprequest.java,ParsecAsyncHttpRequest,ParsecAsyncHttpRequest_RBL4_4328525aTest,START,,prepare per-class sandbox and run generation prewarm without invoking GPT/EvoSuite
2026-07-23T18:41:15+00:00,gradle_sandbox_prewarm,74999474,parsec-clients,,166,74999474:parsec-clients/src/main/java/com/yahoo/parsec/clients/parsecasyncprogresstimer.java,ParsecAsyncProgressTimer,,START,,compile Gradle sandbox before AgoneTest/EvoSuite; synthesized placeholder test hidden during prewarm: ParsecAsyncProgressTimer_RBL4_9551429bTest.java
2026-07-23T18:41:15+00:00,gradle_sandbox_prewarm,74999474,parsec-clients,,167,74999474:parsec-clients/src/main/java/com/yahoo/parsec/clients/parsecasynchttprequest.java,ParsecAsyncHttpRequest,,START,,compile Gradle sandbox before AgoneTest/EvoSuite; synthesized placeholder test hidden during prewarm: ParsecAsyncHttpRequest_RBL4_4328525aTest.java
2026-07-23T18:41:29+00:00,gradle_sandbox_prewarm,74999474,parsec-clients,,165,74999474:parsec-clients/src/main/java/com/yahoo/parsec/clients/parsecclientprofilinglogutil.java,ParsecClientProfilingLogUtil,,PASS,14.214,"compile Gradle sandbox before AgoneTest/EvoSuite; synthesized placeholder test hidden during prewarm: ParsecClientProfilingLogUtil_RBL4_05c2f6b5Test.java; classes_dir=D:\A_ThucNghiem\scripts_v2\workspaces\20260724_010022_d3f7f7b1__baseline_readiness\165_74999474_05c2f6b5\compiledrepos\74999474\parsec-clients\build\classes\java\main
To honour the JVM settings for this build a new JVM will be forked. Please consider using the daemon: https://docs.gradle.org/5.2.1/userguide/gradle_daemon.html.
Daemon will be stopped at the end of the build stopping after processing
> Task :parsec-clients:clean UP-TO-DATE

> Task :parsec-clients:compileJava

> Task :parsec-clients:processResources NO-SOURCE
> Task :parsec-clients:classes

> Task :parsec-clients:compileTestJava

> Task :parsec-clients:processTestResources
> Task :parsec-clients:testClasses

BUILD SUCCESSFUL in 11s
4 actionable tasks: 3 executed, 1 up-to-date

Note: D:\A_ThucNghiem\scripts_v2\workspaces\20260724_010022_d3f7f7b1__baseline_readiness\165_74999474_05c2f6b5\compiledrepos\74999474\parsec-clients\src\main\java\com\yahoo\parsec\clients\ParsecAsyncHttpClient.java uses or overrides a deprecated API.
Note: Recompile with -Xlint:deprecation for details.
Note: Some input files use unchecked or unsafe operations.
Note: Recompile with -Xlint:unchecked for details.
Note: Some input files use unchecked or unsafe operations.
Note: Recompile with -Xlint:unchecked for details."
2026-07-23T18:41:29+00:00,baseline_sandbox_readiness,74999474,parsec-clients,,165,74999474:parsec-clients/src/main/java/com/yahoo/parsec/clients/parsecclientprofilinglogutil.java,ParsecClientProfilingLogUtil,ParsecClientProfilingLogUtil_RBL4_05c2f6b5Test,PASS,14.753,ok; sandbox readiness passed
2026-07-23T18:41:29+00:00,baseline_sandbox_readiness,77481567,core,,168,77481567:core/src/main/java/de/voidnode/trading4j/functionality/timeframeconversion/discretetimeframeconvertingindicator.java,DiscreteTimeFrameConvertingIndicator,DiscreteTimeFrameConvertingIndicator_RBL4_e0da87f5Test,START,,prepare per-class sandbox and run generation prewarm without invoking GPT/EvoSuite
2026-07-23T18:41:29+00:00,gradle_sandbox_prewarm,74999474,parsec-clients,,164,74999474:parsec-clients/src/main/java/com/yahoo/parsec/clients/defaultasynccompletionhandler.java,DefaultAsyncCompletionHandler,,PASS,14.467,"compile Gradle sandbox before AgoneTest/EvoSuite; synthesized placeholder test hidden during prewarm: DefaultAsyncCompletionHandler_RBL4_e521567fTest.java; classes_dir=D:\A_ThucNghiem\scripts_v2\workspaces\20260724_010022_d3f7f7b1__baseline_readiness\164_74999474_e521567f\compiledrepos\74999474\parsec-clients\build\classes\java\main
To honour the JVM settings for this build a new JVM will be forked. Please consider using the daemon: https://docs.gradle.org/5.2.1/userguide/gradle_daemon.html.
Daemon will be stopped at the end of the build stopping after processing
> Task :parsec-clients:clean UP-TO-DATE

> Task :parsec-clients:compileJava

> Task :parsec-clients:processResources NO-SOURCE
> Task :parsec-clients:classes

> Task :parsec-clients:compileTestJava

> Task :parsec-clients:processTestResources
> Task :parsec-clients:testClasses

BUILD SUCCESSFUL in 11s
4 actionable tasks: 3 executed, 1 up-to-date

Note: D:\A_ThucNghiem\scripts_v2\workspaces\20260724_010022_d3f7f7b1__baseline_readiness\164_74999474_e521567f\compiledrepos\74999474\parsec-clients\src\main\java\com\yahoo\parsec\clients\ParsecAsyncHttpClient.java uses or overrides a deprecated API.
Note: Recompile with -Xlint:deprecation for details.
Note: Some input files use unchecked or unsafe operations.
Note: Recompile with -Xlint:unchecked for details.
Note: Some input files use unchecked or unsafe operations.
Note: Recompile with -Xlint:unchecked for details."
2026-07-23T18:41:29+00:00,baseline_sandbox_readiness,74999474,parsec-clients,,164,74999474:parsec-clients/src/main/java/com/yahoo/parsec/clients/defaultasynccompletionhandler.java,DefaultAsyncCompletionHandler,DefaultAsyncCompletionHandler_RBL4_e521567fTest,PASS,15.087,ok; sandbox readiness passed
2026-07-23T18:41:29+00:00,baseline_sandbox_readiness,77481567,core,,169,77481567:core/src/main/java/de/voidnode/trading4j/indicators/adx/truerange.java,TrueRange,TrueRange_RBL4_8c7aa6c3Test,START,,prepare per-class sandbox and run generation prewarm without invoking GPT/EvoSuite
2026-07-23T18:41:30+00:00,gradle_sandbox_prewarm,74999474,parsec-clients,,167,74999474:parsec-clients/src/main/java/com/yahoo/parsec/clients/parsecasynchttprequest.java,ParsecAsyncHttpRequest,,PASS,14.527,"compile Gradle sandbox before AgoneTest/EvoSuite; synthesized placeholder test hidden during prewarm: ParsecAsyncHttpRequest_RBL4_4328525aTest.java; classes_dir=D:\A_ThucNghiem\scripts_v2\workspaces\20260724_010022_d3f7f7b1__baseline_readiness\167_74999474_4328525a\compiledrepos\74999474\parsec-clients\build\classes\java\main
To honour the JVM settings for this build a new JVM will be forked. Please consider using the daemon: https://docs.gradle.org/5.2.1/userguide/gradle_daemon.html.
Daemon will be stopped at the end of the build stopping after processing
> Task :parsec-clients:clean UP-TO-DATE

> Task :parsec-clients:compileJava

> Task :parsec-clients:processResources NO-SOURCE
> Task :parsec-clients:classes

> Task :parsec-clients:compileTestJava

> Task :parsec-clients:processTestResources
> Task :parsec-clients:testClasses

BUILD SUCCESSFUL in 12s
4 actionable tasks: 3 executed, 1 up-to-date

Note: D:\A_ThucNghiem\scripts_v2\workspaces\20260724_010022_d3f7f7b1__baseline_readiness\167_74999474_4328525a\compiledrepos\74999474\parsec-clients\src\main\java\com\yahoo\parsec\clients\ParsecAsyncHttpClient.java uses or overrides a deprecated API.
Note: Recompile with -Xlint:deprecation for details.
Note: Some input files use unchecked or unsafe operations.
Note: Recompile with -Xlint:unchecked for details.
Note: Some input files use unchecked or unsafe operations.
Note: Recompile with -Xlint:unchecked for details."
2026-07-23T18:41:30+00:00,baseline_sandbox_readiness,74999474,parsec-clients,,167,74999474:parsec-clients/src/main/java/com/yahoo/parsec/clients/parsecasynchttprequest.java,ParsecAsyncHttpRequest,ParsecAsyncHttpRequest_RBL4_4328525aTest,PASS,14.738,ok; sandbox readiness passed
2026-07-23T18:41:30+00:00,baseline_sandbox_readiness,77481567,core,,170,77481567:core/src/main/java/de/voidnode/trading4j/functionality/timeframeconversion/timeframeconvertingtradeguard.java,TimeFrameConvertingTradeGuard,TimeFrameConvertingTradeGuard_RBL4_5d305145Test,START,,prepare per-class sandbox and run generation prewarm without invoking GPT/EvoSuite
2026-07-23T18:41:30+00:00,gradle_sandbox_prewarm,74999474,parsec-clients,,166,74999474:parsec-clients/src/main/java/com/yahoo/parsec/clients/parsecasyncprogresstimer.java,ParsecAsyncProgressTimer,,PASS,14.551,"compile Gradle sandbox before AgoneTest/EvoSuite; synthesized placeholder test hidden during prewarm: ParsecAsyncProgressTimer_RBL4_9551429bTest.java; classes_dir=D:\A_ThucNghiem\scripts_v2\workspaces\20260724_010022_d3f7f7b1__baseline_readiness\166_74999474_9551429b\compiledrepos\74999474\parsec-clients\build\classes\java\main
To honour the JVM settings for this build a new JVM will be forked. Please consider using the daemon: https://docs.gradle.org/5.2.1/userguide/gradle_daemon.html.
Daemon will be stopped at the end of the build stopping after processing
> Task :parsec-clients:clean UP-TO-DATE

> Task :parsec-clients:compileJava

> Task :parsec-clients:processResources NO-SOURCE
> Task :parsec-clients:classes

> Task :parsec-clients:compileTestJava

> Task :parsec-clients:processTestResources
> Task :parsec-clients:testClasses

BUILD SUCCESSFUL in 12s
4 actionable tasks: 3 executed, 1 up-to-date

Note: D:\A_ThucNghiem\scripts_v2\workspaces\20260724_010022_d3f7f7b1__baseline_readiness\166_74999474_9551429b\compiledrepos\74999474\parsec-clients\src\main\java\com\yahoo\parsec\clients\ParsecAsyncHttpClient.java uses or overrides a deprecated API.
Note: Recompile with -Xlint:deprecation for details.
Note: Some input files use unchecked or unsafe operations.
Note: Recompile with -Xlint:unchecked for details.
Note: Some input files use unchecked or unsafe operations.
Note: Recompile with -Xlint:unchecked for details."
2026-07-23T18:41:30+00:00,baseline_sandbox_readiness,74999474,parsec-clients,,166,74999474:parsec-clients/src/main/java/com/yahoo/parsec/clients/parsecasyncprogresstimer.java,ParsecAsyncProgressTimer,ParsecAsyncProgressTimer_RBL4_9551429bTest,PASS,14.766,ok; sandbox readiness passed
2026-07-23T18:41:30+00:00,baseline_sandbox_readiness,77481567,core,,171,77481567:core/src/main/java/de/voidnode/trading4j/moneymanagement/standard/defaultmoneymanagement.java,DefaultMoneyManagement,DefaultMoneyManagement_RBL4_047e84e6Test,START,,prepare per-class sandbox and run generation prewarm without invoking GPT/EvoSuite
2026-07-23T18:41:37+00:00,baseline_sandbox_readiness,77481567,core,,170,77481567:core/src/main/java/de/voidnode/trading4j/functionality/timeframeconversion/timeframeconvertingtradeguard.java,TimeFrameConvertingTradeGuard,TimeFrameConvertingTradeGuard_RBL4_5d305145Test,PASS,6.705,ok; sandbox readiness passed
2026-07-23T18:41:37+00:00,baseline_sandbox_readiness,77481567,core,,168,77481567:core/src/main/java/de/voidnode/trading4j/functionality/timeframeconversion/discretetimeframeconvertingindicator.java,DiscreteTimeFrameConvertingIndicator,DiscreteTimeFrameConvertingIndicator_RBL4_e0da87f5Test,PASS,7.983,ok; sandbox readiness passed
2026-07-23T18:41:37+00:00,baseline_sandbox_readiness,77481567,core,,171,77481567:core/src/main/java/de/voidnode/trading4j/moneymanagement/standard/defaultmoneymanagement.java,DefaultMoneyManagement,DefaultMoneyManagement_RBL4_047e84e6Test,PASS,6.689,ok; sandbox readiness passed
2026-07-23T18:41:37+00:00,baseline_sandbox_readiness,77481567,core,,169,77481567:core/src/main/java/de/voidnode/trading4j/indicators/adx/truerange.java,TrueRange,TrueRange_RBL4_8c7aa6c3Test,PASS,7.76,ok; sandbox readiness passed
2026-07-23T18:41:37+00:00,baseline_sandbox_readiness,77481567,core,,172,77481567:core/src/main/java/de/voidnode/trading4j/domain/timeframe/m15.java,M15,M15_RBL4_84dc3de1Test,START,,prepare per-class sandbox and run generation prewarm without invoking GPT/EvoSuite
2026-07-23T18:41:37+00:00,baseline_sandbox_readiness,77481567,core,,173,77481567:core/src/main/java/de/voidnode/trading4j/functionality/smoothers/simplemovingaverageratio.java,SimpleMovingAverageRatio,SimpleMovingAverageRatio_RBL4_3960d3dfTest,START,,prepare per-class sandbox and run generation prewarm without invoking GPT/EvoSuite
2026-07-23T18:41:37+00:00,baseline_sandbox_readiness,77481567,core,,174,77481567:core/src/main/java/de/voidnode/trading4j/domain/monetary/accurateprice.java,AccuratePrice,AccuratePrice_RBL4_ed9b3a40Test,START,,prepare per-class sandbox and run generation prewarm without invoking GPT/EvoSuite
2026-07-23T18:41:37+00:00,baseline_sandbox_readiness,77481567,core,,175,77481567:core/src/main/java/de/voidnode/trading4j/domain/volume.java,Volume,Volume_RBL4_743939aeTest,START,,prepare per-class sandbox and run generation prewarm without invoking GPT/EvoSuite
2026-07-23T18:41:38+00:00,baseline_sandbox_readiness,77481567,core,,173,77481567:core/src/main/java/de/voidnode/trading4j/functionality/smoothers/simplemovingaverageratio.java,SimpleMovingAverageRatio,SimpleMovingAverageRatio_RBL4_3960d3dfTest,PASS,0.953,ok; sandbox readiness passed
2026-07-23T18:41:38+00:00,baseline_sandbox_readiness,78444970,examples/graph,,176,78444970:examples/graph/src/main/java/graph/algorithm/color/welshpowell.java,WelshPowell,WelshPowell_RBL4_a5bc6a77Test,START,,prepare per-class sandbox and run generation prewarm without invoking GPT/EvoSuite
2026-07-23T18:41:38+00:00,baseline_sandbox_readiness,77481567,core,,172,77481567:core/src/main/java/de/voidnode/trading4j/domain/timeframe/m15.java,M15,M15_RBL4_84dc3de1Test,PASS,0.999,ok; sandbox readiness passed
2026-07-23T18:41:38+00:00,baseline_sandbox_readiness,77481567,core,,175,77481567:core/src/main/java/de/voidnode/trading4j/domain/volume.java,Volume,Volume_RBL4_743939aeTest,PASS,0.997,ok; sandbox readiness passed
2026-07-23T18:41:38+00:00,baseline_sandbox_readiness,77481567,core,,174,77481567:core/src/main/java/de/voidnode/trading4j/domain/monetary/accurateprice.java,AccuratePrice,AccuratePrice_RBL4_ed9b3a40Test,PASS,0.998,ok; sandbox readiness passed
2026-07-23T18:41:38+00:00,baseline_sandbox_readiness,78444970,examples/structures,,177,78444970:examples/structures/src/main/java/ds/stack/arraystack.java,ArrayStack,ArrayStack_RBL4_b8276d51Test,START,,prepare per-class sandbox and run generation prewarm without invoking GPT/EvoSuite
2026-07-23T18:41:38+00:00,baseline_sandbox_readiness,78444970,examples/graph,,178,78444970:examples/graph/src/main/java/graph/algorithm/traversal/dfs.java,Dfs,Dfs_RBL4_4340daa1Test,START,,prepare per-class sandbox and run generation prewarm without invoking GPT/EvoSuite
2026-07-23T18:41:38+00:00,baseline_sandbox_readiness,78444970,examples/graph,,179,78444970:examples/graph/src/main/java/graph/algorithm/path/dijkstra.java,Dijkstra,Dijkstra_RBL4_6d96978aTest,START,,prepare per-class sandbox and run generation prewarm without invoking GPT/EvoSuite
2026-07-23T18:41:59+00:00,baseline_sandbox_readiness,78444970,examples/graph,,179,78444970:examples/graph/src/main/java/graph/algorithm/path/dijkstra.java,Dijkstra,Dijkstra_RBL4_6d96978aTest,PASS,21.345,ok; sandbox readiness passed
2026-07-23T18:41:59+00:00,baseline_sandbox_readiness,78444970,examples/graph,,176,78444970:examples/graph/src/main/java/graph/algorithm/color/welshpowell.java,WelshPowell,WelshPowell_RBL4_a5bc6a77Test,PASS,21.393,ok; sandbox readiness passed
2026-07-23T18:41:59+00:00,baseline_sandbox_readiness,78444970,examples/graph,,180,78444970:examples/graph/src/main/java/graph/algorithm/path/astar.java,AStar,AStar_RBL4_caed66ebTest,START,,prepare per-class sandbox and run generation prewarm without invoking GPT/EvoSuite
2026-07-23T18:41:59+00:00,baseline_sandbox_readiness,78444970,examples/graph,,178,78444970:examples/graph/src/main/java/graph/algorithm/traversal/dfs.java,Dfs,Dfs_RBL4_4340daa1Test,PASS,21.35,ok; sandbox readiness passed
2026-07-23T18:41:59+00:00,baseline_sandbox_readiness,78444970,examples/structures,,181,78444970:examples/structures/src/main/java/ds/heap/arrayheap.java,ArrayHeap,ArrayHeap_RBL4_cc0b81f1Test,START,,prepare per-class sandbox and run generation prewarm without invoking GPT/EvoSuite
2026-07-23T18:41:59+00:00,baseline_sandbox_readiness,78444970,examples/graph,,182,78444970:examples/graph/src/main/java/graph/algorithm/mst/jarnikprim.java,JarnikPrim,JarnikPrim_RBL4_9f5bd54aTest,START,,prepare per-class sandbox and run generation prewarm without invoking GPT/EvoSuite
2026-07-23T18:41:59+00:00,baseline_sandbox_readiness,78444970,examples/structures,,177,78444970:examples/structures/src/main/java/ds/stack/arraystack.java,ArrayStack,ArrayStack_RBL4_b8276d51Test,PASS,21.374,ok; sandbox readiness passed
2026-07-23T18:41:59+00:00,baseline_sandbox_readiness,78444970,examples/graph,,183,78444970:examples/graph/src/main/java/graph/algorithm/path/floydwarshall.java,FloydWarshall,FloydWarshall_RBL4_592f2b06Test,START,,prepare per-class sandbox and run generation prewarm without invoking GPT/EvoSuite
2026-07-23T18:42:02+00:00,baseline_sandbox_readiness,78444970,examples/graph,,180,78444970:examples/graph/src/main/java/graph/algorithm/path/astar.java,AStar,AStar_RBL4_caed66ebTest,PASS,2.634,ok; sandbox readiness passed
2026-07-23T18:42:02+00:00,baseline_sandbox_readiness,78444970,examples/structures,,181,78444970:examples/structures/src/main/java/ds/heap/arrayheap.java,ArrayHeap,ArrayHeap_RBL4_cc0b81f1Test,PASS,2.632,ok; sandbox readiness passed
2026-07-23T18:42:02+00:00,baseline_sandbox_readiness,81384608,integrations/spark/spark-catalog/spark-catalog-core,,184,81384608:integrations/spark/spark-catalog/spark-catalog-core/src/main/java/com/thinkbiganalytics/kylo/catalog/spark/sources/jdbc/jdbchighwatermarkvisitor.java,JdbcHighWaterMarkVisitor,JdbcHighWaterMarkVisitor_RBL4_347735f5Test,START,,prepare per-class sandbox and run generation prewarm without invoking GPT/EvoSuite
2026-07-23T18:42:02+00:00,baseline_sandbox_readiness,81384608,integrations/spark/spark-catalog/spark-catalog-core,,185,81384608:integrations/spark/spark-catalog/spark-catalog-core/src/main/java/com/thinkbiganalytics/kylo/catalog/spark/sources/jdbc/jdbchighwatermarkaccumulableparam.java,JdbcHighWaterMarkAccumulableParam,JdbcHighWaterMarkAccumulableParam_RBL4_1975b3e4Test,START,,prepare per-class sandbox and run generation prewarm without invoking GPT/EvoSuite
2026-07-23T18:42:02+00:00,baseline_sandbox_readiness,78444970,examples/graph,,183,78444970:examples/graph/src/main/java/graph/algorithm/path/floydwarshall.java,FloydWarshall,FloydWarshall_RBL4_592f2b06Test,PASS,2.635,ok; sandbox readiness passed
2026-07-23T18:42:02+00:00,baseline_sandbox_readiness,81384608,integrations/spark/spark-catalog/spark-catalog-core,,186,81384608:integrations/spark/spark-catalog/spark-catalog-core/src/main/java/com/thinkbiganalytics/kylo/catalog/spark/sources/datasetutil.java,DataSetUtil,DataSetUtil_RBL4_79e5be4dTest,START,,prepare per-class sandbox and run generation prewarm without invoking GPT/EvoSuite
2026-07-23T18:42:02+00:00,baseline_sandbox_readiness,78444970,examples/graph,,182,78444970:examples/graph/src/main/java/graph/algorithm/mst/jarnikprim.java,JarnikPrim,JarnikPrim_RBL4_9f5bd54aTest,PASS,2.66,ok; sandbox readiness passed
2026-07-23T18:42:02+00:00,baseline_sandbox_readiness,81384608,integrations/spark/spark-catalog/spark-catalog-core,,187,81384608:integrations/spark/spark-catalog/spark-catalog-core/src/main/java/com/thinkbiganalytics/kylo/catalog/spark/sources/jdbc/jdbcrelationprovider.java,JdbcRelationProvider,JdbcRelationProvider_RBL4_901bfaa9Test,START,,prepare per-class sandbox and run generation prewarm without invoking GPT/EvoSuite
2026-07-23T18:46:29+00:00,maven_reactor_prewarm,81384608,integrations/spark/spark-catalog/spark-catalog-core,,185,81384608:integrations/spark/spark-catalog/spark-catalog-core/src/main/java/com/thinkbiganalytics/kylo/catalog/spark/sources/jdbc/jdbchighwatermarkaccumulableparam.java,JdbcHighWaterMarkAccumulableParam,,START,,prewarm reactor dependencies for -pl integrations/spark/spark-catalog/spark-catalog-core; synthesized placeholder test hidden during prewarm: JdbcHighWaterMarkAccumulableParam_RBL4_1975b3e4Test.java
2026-07-23T18:46:54+00:00,maven_reactor_prewarm,81384608,integrations/spark/spark-catalog/spark-catalog-core,,185,81384608:integrations/spark/spark-catalog/spark-catalog-core/src/main/java/com/thinkbiganalytics/kylo/catalog/spark/sources/jdbc/jdbchighwatermarkaccumulableparam.java,JdbcHighWaterMarkAccumulableParam,,PASS,25.254,"0260724_010022_d3f7f7b1__baseline_readiness\185_81384608_1975b3e4\compiledrepos\81384608\integrations\spark\spark-catalog\spark-catalog-core\target\test-classes
[INFO] /D:/A_ThucNghiem/scripts_v2/workspaces/20260724_010022_d3f7f7b1__baseline_readiness/185_81384608_1975b3e4/compiledrepos/81384608/integrations/spark/spark-catalog/spark-catalog-core/src/test/java/com/thinkbiganalytics/kylo/catalog/spark/AbstractKyloCatalogDataSetAccessTest.java: Some input files use unchecked or unsafe operations.
[INFO] /D:/A_ThucNghiem/scripts_v2/workspaces/20260724_010022_d3f7f7b1__baseline_readiness/185_81384608_1975b3e4/compiledrepos/81384608/integrations/spark/spark-catalog/spark-catalog-core/src/test/java/com/thinkbiganalytics/kylo/catalog/spark/AbstractKyloCatalogDataSetAccessTest.java: Recompile with -Xlint:unchecked for details.
[INFO] 
[INFO] --- surefire:2.20:test (default-test) @ kylo-spark-catalog-core ---
[INFO] Tests are skipped.
[INFO] 
[INFO] --- license:1.16:check-file-header (first) @ kylo-spark-catalog-core ---
[INFO] adding extra resolver file:///D:/A_ThucNghiem/scripts_v2/workspaces/20260724_010022_d3f7f7b1__baseline_readiness/185_81384608_1975b3e4/compiledrepos/81384608/integrations/spark/spark-catalog/spark-catalog-core/../../../../license-config
[WARNING] The extension sql is already accepted for comment style sql
[INFO] Will search files to update from root D:\A_ThucNghiem\scripts_v2\workspaces\20260724_010022_d3f7f7b1__baseline_readiness\185_81384608_1975b3e4\compiledrepos\81384608\integrations\spark\spark-catalog\spark-catalog-core\src
[INFO] Will search files to update from root D:\A_ThucNghiem\scripts_v2\workspaces\20260724_010022_d3f7f7b1__baseline_readiness\185_81384608_1975b3e4\compiledrepos\81384608\integrations\spark\spark-catalog\spark-catalog-core\target\generated-sources
[INFO] Scan 43 files header done in 118.278ms.
[INFO] All files are up-to-date.
[INFO] 
[INFO] --- jar:3.5.0:jar (default-jar) @ kylo-spark-catalog-core ---
[INFO] Building jar: D:\A_ThucNghiem\scripts_v2\workspaces\20260724_010022_d3f7f7b1__baseline_readiness\185_81384608_1975b3e4\compiledrepos\81384608\integrations\spark\spark-catalog\spark-catalog-core\target\kylo-spark-catalog-core-0.10.1-SNAPSHOT.jar
[INFO] 
[INFO] --- install:3.1.4:install (default-install) @ kylo-spark-catalog-core ---
[INFO] Installing D:\A_ThucNghiem\scripts_v2\workspaces\20260724_010022_d3f7f7b1__baseline_readiness\185_81384608_1975b3e4\compiledrepos\81384608\integrations\spark\spark-catalog\spark-catalog-core\pom.xml to C:\Users\admin\.m2\repository\com\thinkbiganalytics\kylo\integrations\kylo-spark-catalog-core\0.10.1-SNAPSHOT\kylo-spark-catalog-core-0.10.1-SNAPSHOT.pom
[INFO] Installing D:\A_ThucNghiem\scripts_v2\workspaces\20260724_010022_d3f7f7b1__baseline_readiness\185_81384608_1975b3e4\compiledrepos\81384608\integrations\spark\spark-catalog\spark-catalog-core\target\kylo-spark-catalog-core-0.10.1-SNAPSHOT.jar to C:\Users\admin\.m2\repository\com\thinkbiganalytics\kylo\integrations\kylo-spark-catalog-core\0.10.1-SNAPSHOT\kylo-spark-catalog-core-0.10.1-SNAPSHOT.jar
[INFO] ------------------------------------------------------------------------
[INFO] Reactor Summary for kylo 0.10.1-SNAPSHOT:
[INFO] 
[INFO] kylo ............................................... SUCCESS [  1.222 s]
[INFO] kylo-commons ....................................... SUCCESS [  0.021 s]
[INFO] kylo-commons-rest-model ............................ SUCCESS [  1.672 s]
[INFO] kylo-commons-jdbc .................................. SUCCESS [  1.226 s]
[INFO] kylo-integrations .................................. SUCCESS [  0.117 s]
[INFO] Kylo Spark Parent .................................. SUCCESS [  0.281 s]
[INFO] Kylo Catalog Parent ................................ SUCCESS [  0.030 s]
[INFO] Kylo Catalog API ................................... SUCCESS [  3.311 s]
[INFO] kylo-core .......................................... SUCCESS [  0.073 s]
[INFO] kylo-services .................................."
2026-07-23T18:46:54+00:00,maven_reactor_prewarm_wait,81384608,integrations/spark/spark-catalog/spark-catalog-core,,184,81384608:integrations/spark/spark-catalog/spark-catalog-core/src/main/java/com/thinkbiganalytics/kylo/catalog/spark/sources/jdbc/jdbchighwatermarkvisitor.java,JdbcHighWaterMarkVisitor,,PASS,25.291,waited 25.290s for same repo/scope prewarm lock: maven:integrations/spark/spark-catalog/spark-catalog-core
2026-07-23T18:46:54+00:00,baseline_sandbox_readiness,81384608,integrations/spark/spark-catalog/spark-catalog-core,,185,81384608:integrations/spark/spark-catalog/spark-catalog-core/src/main/java/com/thinkbiganalytics/kylo/catalog/spark/sources/jdbc/jdbchighwatermarkaccumulableparam.java,JdbcHighWaterMarkAccumulableParam,JdbcHighWaterMarkAccumulableParam_RBL4_1975b3e4Test,PASS,292.377,ok; sandbox readiness passed
2026-07-23T18:46:54+00:00,maven_reactor_prewarm,81384608,integrations/spark/spark-catalog/spark-catalog-core,,184,81384608:integrations/spark/spark-catalog/spark-catalog-core/src/main/java/com/thinkbiganalytics/kylo/catalog/spark/sources/jdbc/jdbchighwatermarkvisitor.java,JdbcHighWaterMarkVisitor,,START,,prewarm reactor dependencies for -pl integrations/spark/spark-catalog/spark-catalog-core; synthesized placeholder test hidden during prewarm: JdbcHighWaterMarkVisitor_RBL4_347735f5Test.java
2026-07-23T18:46:54+00:00,baseline_sandbox_readiness,81384608,integrations/spark/spark-catalog/spark-catalog-core,,188,81384608:integrations/spark/spark-catalog/spark-catalog-core/src/main/java/com/thinkbiganalytics/kylo/catalog/spark/sources/jdbc/jdbchighwatermark.java,JdbcHighWaterMark,JdbcHighWaterMark_RBL4_0b3aff22Test,START,,prepare per-class sandbox and run generation prewarm without invoking GPT/EvoSuite
2026-07-23T18:47:18+00:00,maven_reactor_prewarm,81384608,integrations/spark/spark-catalog/spark-catalog-core,,184,81384608:integrations/spark/spark-catalog/spark-catalog-core/src/main/java/com/thinkbiganalytics/kylo/catalog/spark/sources/jdbc/jdbchighwatermarkvisitor.java,JdbcHighWaterMarkVisitor,,PASS,23.622,"es\20260724_010022_d3f7f7b1__baseline_readiness\184_81384608_347735f5\compiledrepos\81384608\integrations\spark\spark-catalog\spark-catalog-core\target\test-classes
[INFO] /D:/A_ThucNghiem/scripts_v2/workspaces/20260724_010022_d3f7f7b1__baseline_readiness/184_81384608_347735f5/compiledrepos/81384608/integrations/spark/spark-catalog/spark-catalog-core/src/test/java/com/thinkbiganalytics/kylo/catalog/spark/sources/jdbc/JdbcHighWaterMarkTest.java: Some input files use unchecked or unsafe operations.
[INFO] /D:/A_ThucNghiem/scripts_v2/workspaces/20260724_010022_d3f7f7b1__baseline_readiness/184_81384608_347735f5/compiledrepos/81384608/integrations/spark/spark-catalog/spark-catalog-core/src/test/java/com/thinkbiganalytics/kylo/catalog/spark/sources/jdbc/JdbcHighWaterMarkTest.java: Recompile with -Xlint:unchecked for details.
[INFO] 
[INFO] --- surefire:2.20:test (default-test) @ kylo-spark-catalog-core ---
[INFO] Tests are skipped.
[INFO] 
[INFO] --- license:1.16:check-file-header (first) @ kylo-spark-catalog-core ---
[INFO] adding extra resolver file:///D:/A_ThucNghiem/scripts_v2/workspaces/20260724_010022_d3f7f7b1__baseline_readiness/184_81384608_347735f5/compiledrepos/81384608/integrations/spark/spark-catalog/spark-catalog-core/../../../../license-config
[WARNING] The extension sql is already accepted for comment style sql
[INFO] Will search files to update from root D:\A_ThucNghiem\scripts_v2\workspaces\20260724_010022_d3f7f7b1__baseline_readiness\184_81384608_347735f5\compiledrepos\81384608\integrations\spark\spark-catalog\spark-catalog-core\src
[INFO] Will search files to update from root D:\A_ThucNghiem\scripts_v2\workspaces\20260724_010022_d3f7f7b1__baseline_readiness\184_81384608_347735f5\compiledrepos\81384608\integrations\spark\spark-catalog\spark-catalog-core\target\generated-sources
[INFO] Scan 43 files header done in 125.158ms.
[INFO] All files are up-to-date.
[INFO] 
[INFO] --- jar:3.5.0:jar (default-jar) @ kylo-spark-catalog-core ---
[INFO] Building jar: D:\A_ThucNghiem\scripts_v2\workspaces\20260724_010022_d3f7f7b1__baseline_readiness\184_81384608_347735f5\compiledrepos\81384608\integrations\spark\spark-catalog\spark-catalog-core\target\kylo-spark-catalog-core-0.10.1-SNAPSHOT.jar
[INFO] 
[INFO] --- install:3.1.4:install (default-install) @ kylo-spark-catalog-core ---
[INFO] Installing D:\A_ThucNghiem\scripts_v2\workspaces\20260724_010022_d3f7f7b1__baseline_readiness\184_81384608_347735f5\compiledrepos\81384608\integrations\spark\spark-catalog\spark-catalog-core\pom.xml to C:\Users\admin\.m2\repository\com\thinkbiganalytics\kylo\integrations\kylo-spark-catalog-core\0.10.1-SNAPSHOT\kylo-spark-catalog-core-0.10.1-SNAPSHOT.pom
[INFO] Installing D:\A_ThucNghiem\scripts_v2\workspaces\20260724_010022_d3f7f7b1__baseline_readiness\184_81384608_347735f5\compiledrepos\81384608\integrations\spark\spark-catalog\spark-catalog-core\target\kylo-spark-catalog-core-0.10.1-SNAPSHOT.jar to C:\Users\admin\.m2\repository\com\thinkbiganalytics\kylo\integrations\kylo-spark-catalog-core\0.10.1-SNAPSHOT\kylo-spark-catalog-core-0.10.1-SNAPSHOT.jar
[INFO] ------------------------------------------------------------------------
[INFO] Reactor Summary for kylo 0.10.1-SNAPSHOT:
[INFO] 
[INFO] kylo ............................................... SUCCESS [  1.029 s]
[INFO] kylo-commons ....................................... SUCCESS [  0.025 s]
[INFO] kylo-commons-rest-model ............................ SUCCESS [  1.640 s]
[INFO] kylo-commons-jdbc .................................. SUCCESS [  0.753 s]
[INFO] kylo-integrations .................................. SUCCESS [  0.091 s]
[INFO] Kylo Spark Parent .................................. SUCCESS [  0.319 s]
[INFO] Kylo Catalog Parent ................................ SUCCESS [  0.032 s]
[INFO] Kylo Catalog API ................................... SUCCESS [  3.138 s]
[INFO] kylo-core .......................................... SUCCESS [  0.123 s]
[INFO] kylo-services .................................."
2026-07-23T18:47:18+00:00,maven_reactor_prewarm_wait,81384608,integrations/spark/spark-catalog/spark-catalog-core,,187,81384608:integrations/spark/spark-catalog/spark-catalog-core/src/main/java/com/thinkbiganalytics/kylo/catalog/spark/sources/jdbc/jdbcrelationprovider.java,JdbcRelationProvider,,PASS,48.916,waited 48.916s for same repo/scope prewarm lock: maven:integrations/spark/spark-catalog/spark-catalog-core
2026-07-23T18:47:18+00:00,baseline_sandbox_readiness,81384608,integrations/spark/spark-catalog/spark-catalog-core,,184,81384608:integrations/spark/spark-catalog/spark-catalog-core/src/main/java/com/thinkbiganalytics/kylo/catalog/spark/sources/jdbc/jdbchighwatermarkvisitor.java,JdbcHighWaterMarkVisitor,JdbcHighWaterMarkVisitor_RBL4_347735f5Test,PASS,316.003,ok; sandbox readiness passed
2026-07-23T18:47:18+00:00,maven_reactor_prewarm,81384608,integrations/spark/spark-catalog/spark-catalog-core,,187,81384608:integrations/spark/spark-catalog/spark-catalog-core/src/main/java/com/thinkbiganalytics/kylo/catalog/spark/sources/jdbc/jdbcrelationprovider.java,JdbcRelationProvider,,START,,prewarm reactor dependencies for -pl integrations/spark/spark-catalog/spark-catalog-core; synthesized placeholder test hidden during prewarm: JdbcRelationProvider_RBL4_901bfaa9Test.java
2026-07-23T18:47:18+00:00,baseline_sandbox_readiness,81384608,integrations/spark/spark-catalog/spark-catalog-core,,189,81384608:integrations/spark/spark-catalog/spark-catalog-core/src/main/java/com/thinkbiganalytics/kylo/catalog/spark/abstractdatasetoptionsaccess.java,AbstractDataSetOptionsAccess,AbstractDataSetOptionsAccess_RBL4_da844f5aTest,START,,prepare per-class sandbox and run generation prewarm without invoking GPT/EvoSuite
2026-07-23T18:47:42+00:00,maven_reactor_prewarm,81384608,integrations/spark/spark-catalog/spark-catalog-core,,187,81384608:integrations/spark/spark-catalog/spark-catalog-core/src/main/java/com/thinkbiganalytics/kylo/catalog/spark/sources/jdbc/jdbcrelationprovider.java,JdbcRelationProvider,,PASS,24.014,"0260724_010022_d3f7f7b1__baseline_readiness\187_81384608_901bfaa9\compiledrepos\81384608\integrations\spark\spark-catalog\spark-catalog-core\target\test-classes
[INFO] /D:/A_ThucNghiem/scripts_v2/workspaces/20260724_010022_d3f7f7b1__baseline_readiness/187_81384608_901bfaa9/compiledrepos/81384608/integrations/spark/spark-catalog/spark-catalog-core/src/test/java/com/thinkbiganalytics/kylo/catalog/spark/AbstractKyloCatalogDataSetAccessTest.java: Some input files use unchecked or unsafe operations.
[INFO] /D:/A_ThucNghiem/scripts_v2/workspaces/20260724_010022_d3f7f7b1__baseline_readiness/187_81384608_901bfaa9/compiledrepos/81384608/integrations/spark/spark-catalog/spark-catalog-core/src/test/java/com/thinkbiganalytics/kylo/catalog/spark/AbstractKyloCatalogDataSetAccessTest.java: Recompile with -Xlint:unchecked for details.
[INFO] 
[INFO] --- surefire:2.20:test (default-test) @ kylo-spark-catalog-core ---
[INFO] Tests are skipped.
[INFO] 
[INFO] --- license:1.16:check-file-header (first) @ kylo-spark-catalog-core ---
[INFO] adding extra resolver file:///D:/A_ThucNghiem/scripts_v2/workspaces/20260724_010022_d3f7f7b1__baseline_readiness/187_81384608_901bfaa9/compiledrepos/81384608/integrations/spark/spark-catalog/spark-catalog-core/../../../../license-config
[WARNING] The extension sql is already accepted for comment style sql
[INFO] Will search files to update from root D:\A_ThucNghiem\scripts_v2\workspaces\20260724_010022_d3f7f7b1__baseline_readiness\187_81384608_901bfaa9\compiledrepos\81384608\integrations\spark\spark-catalog\spark-catalog-core\src
[INFO] Will search files to update from root D:\A_ThucNghiem\scripts_v2\workspaces\20260724_010022_d3f7f7b1__baseline_readiness\187_81384608_901bfaa9\compiledrepos\81384608\integrations\spark\spark-catalog\spark-catalog-core\target\generated-sources
[INFO] Scan 43 files header done in 124.436ms.
[INFO] All files are up-to-date.
[INFO] 
[INFO] --- jar:3.5.0:jar (default-jar) @ kylo-spark-catalog-core ---
[INFO] Building jar: D:\A_ThucNghiem\scripts_v2\workspaces\20260724_010022_d3f7f7b1__baseline_readiness\187_81384608_901bfaa9\compiledrepos\81384608\integrations\spark\spark-catalog\spark-catalog-core\target\kylo-spark-catalog-core-0.10.1-SNAPSHOT.jar
[INFO] 
[INFO] --- install:3.1.4:install (default-install) @ kylo-spark-catalog-core ---
[INFO] Installing D:\A_ThucNghiem\scripts_v2\workspaces\20260724_010022_d3f7f7b1__baseline_readiness\187_81384608_901bfaa9\compiledrepos\81384608\integrations\spark\spark-catalog\spark-catalog-core\pom.xml to C:\Users\admin\.m2\repository\com\thinkbiganalytics\kylo\integrations\kylo-spark-catalog-core\0.10.1-SNAPSHOT\kylo-spark-catalog-core-0.10.1-SNAPSHOT.pom
[INFO] Installing D:\A_ThucNghiem\scripts_v2\workspaces\20260724_010022_d3f7f7b1__baseline_readiness\187_81384608_901bfaa9\compiledrepos\81384608\integrations\spark\spark-catalog\spark-catalog-core\target\kylo-spark-catalog-core-0.10.1-SNAPSHOT.jar to C:\Users\admin\.m2\repository\com\thinkbiganalytics\kylo\integrations\kylo-spark-catalog-core\0.10.1-SNAPSHOT\kylo-spark-catalog-core-0.10.1-SNAPSHOT.jar
[INFO] ------------------------------------------------------------------------
[INFO] Reactor Summary for kylo 0.10.1-SNAPSHOT:
[INFO] 
[INFO] kylo ............................................... SUCCESS [  1.051 s]
[INFO] kylo-commons ....................................... SUCCESS [  0.025 s]
[INFO] kylo-commons-rest-model ............................ SUCCESS [  1.734 s]
[INFO] kylo-commons-jdbc .................................. SUCCESS [  1.033 s]
[INFO] kylo-integrations .................................. SUCCESS [  0.089 s]
[INFO] Kylo Spark Parent .................................. SUCCESS [  0.298 s]
[INFO] Kylo Catalog Parent ................................ SUCCESS [  0.035 s]
[INFO] Kylo Catalog API ................................... SUCCESS [  2.346 s]
[INFO] kylo-core .......................................... SUCCESS [  0.040 s]
[INFO] kylo-services .................................."
2026-07-23T18:47:42+00:00,baseline_sandbox_readiness,81384608,integrations/spark/spark-catalog/spark-catalog-core,,187,81384608:integrations/spark/spark-catalog/spark-catalog-core/src/main/java/com/thinkbiganalytics/kylo/catalog/spark/sources/jdbc/jdbcrelationprovider.java,JdbcRelationProvider,JdbcRelationProvider_RBL4_901bfaa9Test,PASS,339.995,ok; sandbox readiness passed
2026-07-23T18:47:42+00:00,maven_reactor_prewarm_wait,81384608,integrations/spark/spark-catalog/spark-catalog-core,,186,81384608:integrations/spark/spark-catalog/spark-catalog-core/src/main/java/com/thinkbiganalytics/kylo/catalog/spark/sources/datasetutil.java,DataSetUtil,,PASS,72.939,waited 72.939s for same repo/scope prewarm lock: maven:integrations/spark/spark-catalog/spark-catalog-core
2026-07-23T18:47:42+00:00,baseline_sandbox_readiness,81384608,integrations/spark/spark-catalog/spark-catalog-core,,190,81384608:integrations/spark/spark-catalog/spark-catalog-core/src/main/java/com/thinkbiganalytics/kylo/catalog/spark/sources/spark/highwatermarkinputformat.java,HighWaterMarkInputFormat,HighWaterMarkInputFormat_RBL4_5fd49e1fTest,START,,prepare per-class sandbox and run generation prewarm without invoking GPT/EvoSuite
2026-07-23T18:47:42+00:00,maven_reactor_prewarm,81384608,integrations/spark/spark-catalog/spark-catalog-core,,186,81384608:integrations/spark/spark-catalog/spark-catalog-core/src/main/java/com/thinkbiganalytics/kylo/catalog/spark/sources/datasetutil.java,DataSetUtil,,START,,prewarm reactor dependencies for -pl integrations/spark/spark-catalog/spark-catalog-core; synthesized placeholder test hidden during prewarm: DataSetUtil_RBL4_79e5be4dTest.java
2026-07-23T18:48:06+00:00,maven_reactor_prewarm,81384608,integrations/spark/spark-catalog/spark-catalog-core,,186,81384608:integrations/spark/spark-catalog/spark-catalog-core/src/main/java/com/thinkbiganalytics/kylo/catalog/spark/sources/datasetutil.java,DataSetUtil,,PASS,23.916,"0260724_010022_d3f7f7b1__baseline_readiness\186_81384608_79e5be4d\compiledrepos\81384608\integrations\spark\spark-catalog\spark-catalog-core\target\test-classes
[INFO] /D:/A_ThucNghiem/scripts_v2/workspaces/20260724_010022_d3f7f7b1__baseline_readiness/186_81384608_79e5be4d/compiledrepos/81384608/integrations/spark/spark-catalog/spark-catalog-core/src/test/java/com/thinkbiganalytics/kylo/catalog/spark/AbstractKyloCatalogDataSetAccessTest.java: Some input files use unchecked or unsafe operations.
[INFO] /D:/A_ThucNghiem/scripts_v2/workspaces/20260724_010022_d3f7f7b1__baseline_readiness/186_81384608_79e5be4d/compiledrepos/81384608/integrations/spark/spark-catalog/spark-catalog-core/src/test/java/com/thinkbiganalytics/kylo/catalog/spark/AbstractKyloCatalogDataSetAccessTest.java: Recompile with -Xlint:unchecked for details.
[INFO] 
[INFO] --- surefire:2.20:test (default-test) @ kylo-spark-catalog-core ---
[INFO] Tests are skipped.
[INFO] 
[INFO] --- license:1.16:check-file-header (first) @ kylo-spark-catalog-core ---
[INFO] adding extra resolver file:///D:/A_ThucNghiem/scripts_v2/workspaces/20260724_010022_d3f7f7b1__baseline_readiness/186_81384608_79e5be4d/compiledrepos/81384608/integrations/spark/spark-catalog/spark-catalog-core/../../../../license-config
[WARNING] The extension sql is already accepted for comment style sql
[INFO] Will search files to update from root D:\A_ThucNghiem\scripts_v2\workspaces\20260724_010022_d3f7f7b1__baseline_readiness\186_81384608_79e5be4d\compiledrepos\81384608\integrations\spark\spark-catalog\spark-catalog-core\src
[INFO] Will search files to update from root D:\A_ThucNghiem\scripts_v2\workspaces\20260724_010022_d3f7f7b1__baseline_readiness\186_81384608_79e5be4d\compiledrepos\81384608\integrations\spark\spark-catalog\spark-catalog-core\target\generated-sources
[INFO] Scan 43 files header done in 119.285ms.
[INFO] All files are up-to-date.
[INFO] 
[INFO] --- jar:3.5.0:jar (default-jar) @ kylo-spark-catalog-core ---
[INFO] Building jar: D:\A_ThucNghiem\scripts_v2\workspaces\20260724_010022_d3f7f7b1__baseline_readiness\186_81384608_79e5be4d\compiledrepos\81384608\integrations\spark\spark-catalog\spark-catalog-core\target\kylo-spark-catalog-core-0.10.1-SNAPSHOT.jar
[INFO] 
[INFO] --- install:3.1.4:install (default-install) @ kylo-spark-catalog-core ---
[INFO] Installing D:\A_ThucNghiem\scripts_v2\workspaces\20260724_010022_d3f7f7b1__baseline_readiness\186_81384608_79e5be4d\compiledrepos\81384608\integrations\spark\spark-catalog\spark-catalog-core\pom.xml to C:\Users\admin\.m2\repository\com\thinkbiganalytics\kylo\integrations\kylo-spark-catalog-core\0.10.1-SNAPSHOT\kylo-spark-catalog-core-0.10.1-SNAPSHOT.pom
[INFO] Installing D:\A_ThucNghiem\scripts_v2\workspaces\20260724_010022_d3f7f7b1__baseline_readiness\186_81384608_79e5be4d\compiledrepos\81384608\integrations\spark\spark-catalog\spark-catalog-core\target\kylo-spark-catalog-core-0.10.1-SNAPSHOT.jar to C:\Users\admin\.m2\repository\com\thinkbiganalytics\kylo\integrations\kylo-spark-catalog-core\0.10.1-SNAPSHOT\kylo-spark-catalog-core-0.10.1-SNAPSHOT.jar
[INFO] ------------------------------------------------------------------------
[INFO] Reactor Summary for kylo 0.10.1-SNAPSHOT:
[INFO] 
[INFO] kylo ............................................... SUCCESS [  1.024 s]
[INFO] kylo-commons ....................................... SUCCESS [  0.025 s]
[INFO] kylo-commons-rest-model ............................ SUCCESS [  1.578 s]
[INFO] kylo-commons-jdbc .................................. SUCCESS [  0.660 s]
[INFO] kylo-integrations .................................. SUCCESS [  0.046 s]
[INFO] Kylo Spark Parent .................................. SUCCESS [  0.160 s]
[INFO] Kylo Catalog Parent ................................ SUCCESS [  0.020 s]
[INFO] Kylo Catalog API ................................... SUCCESS [  2.693 s]
[INFO] kylo-core .......................................... SUCCESS [  0.041 s]
[INFO] kylo-services .................................."
2026-07-23T18:48:06+00:00,baseline_sandbox_readiness,81384608,integrations/spark/spark-catalog/spark-catalog-core,,186,81384608:integrations/spark/spark-catalog/spark-catalog-core/src/main/java/com/thinkbiganalytics/kylo/catalog/spark/sources/datasetutil.java,DataSetUtil,DataSetUtil_RBL4_79e5be4dTest,PASS,363.928,ok; sandbox readiness passed
2026-07-23T18:48:06+00:00,maven_reactor_prewarm_wait,81384608,integrations/spark/spark-catalog/spark-catalog-core,,188,81384608:integrations/spark/spark-catalog/spark-catalog-core/src/main/java/com/thinkbiganalytics/kylo/catalog/spark/sources/jdbc/jdbchighwatermark.java,JdbcHighWaterMark,,PASS,61.016,waited 61.016s for same repo/scope prewarm lock: maven:integrations/spark/spark-catalog/spark-catalog-core
2026-07-23T18:48:06+00:00,baseline_sandbox_readiness,81384608,integrations/spark/spark-catalog/spark-catalog-core,,191,81384608:integrations/spark/spark-catalog/spark-catalog-core/src/main/java/com/thinkbiganalytics/kylo/catalog/spark/sources/spark/sparkdatasetcontext.java,SparkDataSetContext,SparkDataSetContext_RBL4_7e6fcfeeTest,START,,prepare per-class sandbox and run generation prewarm without invoking GPT/EvoSuite
2026-07-23T18:48:06+00:00,maven_reactor_prewarm,81384608,integrations/spark/spark-catalog/spark-catalog-core,,188,81384608:integrations/spark/spark-catalog/spark-catalog-core/src/main/java/com/thinkbiganalytics/kylo/catalog/spark/sources/jdbc/jdbchighwatermark.java,JdbcHighWaterMark,,START,,prewarm reactor dependencies for -pl integrations/spark/spark-catalog/spark-catalog-core; synthesized placeholder test hidden during prewarm: JdbcHighWaterMark_RBL4_0b3aff22Test.java
2026-07-23T18:48:29+00:00,maven_reactor_prewarm,81384608,integrations/spark/spark-catalog/spark-catalog-core,,188,81384608:integrations/spark/spark-catalog/spark-catalog-core/src/main/java/com/thinkbiganalytics/kylo/catalog/spark/sources/jdbc/jdbchighwatermark.java,JdbcHighWaterMark,,PASS,23.387,"0260724_010022_d3f7f7b1__baseline_readiness\188_81384608_0b3aff22\compiledrepos\81384608\integrations\spark\spark-catalog\spark-catalog-core\target\test-classes
[INFO] /D:/A_ThucNghiem/scripts_v2/workspaces/20260724_010022_d3f7f7b1__baseline_readiness/188_81384608_0b3aff22/compiledrepos/81384608/integrations/spark/spark-catalog/spark-catalog-core/src/test/java/com/thinkbiganalytics/kylo/catalog/spark/AbstractKyloCatalogDataSetAccessTest.java: Some input files use unchecked or unsafe operations.
[INFO] /D:/A_ThucNghiem/scripts_v2/workspaces/20260724_010022_d3f7f7b1__baseline_readiness/188_81384608_0b3aff22/compiledrepos/81384608/integrations/spark/spark-catalog/spark-catalog-core/src/test/java/com/thinkbiganalytics/kylo/catalog/spark/AbstractKyloCatalogDataSetAccessTest.java: Recompile with -Xlint:unchecked for details.
[INFO] 
[INFO] --- surefire:2.20:test (default-test) @ kylo-spark-catalog-core ---
[INFO] Tests are skipped.
[INFO] 
[INFO] --- license:1.16:check-file-header (first) @ kylo-spark-catalog-core ---
[INFO] adding extra resolver file:///D:/A_ThucNghiem/scripts_v2/workspaces/20260724_010022_d3f7f7b1__baseline_readiness/188_81384608_0b3aff22/compiledrepos/81384608/integrations/spark/spark-catalog/spark-catalog-core/../../../../license-config
[WARNING] The extension sql is already accepted for comment style sql
[INFO] Will search files to update from root D:\A_ThucNghiem\scripts_v2\workspaces\20260724_010022_d3f7f7b1__baseline_readiness\188_81384608_0b3aff22\compiledrepos\81384608\integrations\spark\spark-catalog\spark-catalog-core\src
[INFO] Will search files to update from root D:\A_ThucNghiem\scripts_v2\workspaces\20260724_010022_d3f7f7b1__baseline_readiness\188_81384608_0b3aff22\compiledrepos\81384608\integrations\spark\spark-catalog\spark-catalog-core\target\generated-sources
[INFO] Scan 43 files header done in 112.879ms.
[INFO] All files are up-to-date.
[INFO] 
[INFO] --- jar:3.5.0:jar (default-jar) @ kylo-spark-catalog-core ---
[INFO] Building jar: D:\A_ThucNghiem\scripts_v2\workspaces\20260724_010022_d3f7f7b1__baseline_readiness\188_81384608_0b3aff22\compiledrepos\81384608\integrations\spark\spark-catalog\spark-catalog-core\target\kylo-spark-catalog-core-0.10.1-SNAPSHOT.jar
[INFO] 
[INFO] --- install:3.1.4:install (default-install) @ kylo-spark-catalog-core ---
[INFO] Installing D:\A_ThucNghiem\scripts_v2\workspaces\20260724_010022_d3f7f7b1__baseline_readiness\188_81384608_0b3aff22\compiledrepos\81384608\integrations\spark\spark-catalog\spark-catalog-core\pom.xml to C:\Users\admin\.m2\repository\com\thinkbiganalytics\kylo\integrations\kylo-spark-catalog-core\0.10.1-SNAPSHOT\kylo-spark-catalog-core-0.10.1-SNAPSHOT.pom
[INFO] Installing D:\A_ThucNghiem\scripts_v2\workspaces\20260724_010022_d3f7f7b1__baseline_readiness\188_81384608_0b3aff22\compiledrepos\81384608\integrations\spark\spark-catalog\spark-catalog-core\target\kylo-spark-catalog-core-0.10.1-SNAPSHOT.jar to C:\Users\admin\.m2\repository\com\thinkbiganalytics\kylo\integrations\kylo-spark-catalog-core\0.10.1-SNAPSHOT\kylo-spark-catalog-core-0.10.1-SNAPSHOT.jar
[INFO] ------------------------------------------------------------------------
[INFO] Reactor Summary for kylo 0.10.1-SNAPSHOT:
[INFO] 
[INFO] kylo ............................................... SUCCESS [  1.037 s]
[INFO] kylo-commons ....................................... SUCCESS [  0.017 s]
[INFO] kylo-commons-rest-model ............................ SUCCESS [  1.603 s]
[INFO] kylo-commons-jdbc .................................. SUCCESS [  0.778 s]
[INFO] kylo-integrations .................................. SUCCESS [  0.074 s]
[INFO] Kylo Spark Parent .................................. SUCCESS [  0.302 s]
[INFO] Kylo Catalog Parent ................................ SUCCESS [  0.039 s]
[INFO] Kylo Catalog API ................................... SUCCESS [  2.337 s]
[INFO] kylo-core .......................................... SUCCESS [  0.082 s]
[INFO] kylo-services .................................."
2026-07-23T18:48:29+00:00,baseline_sandbox_readiness,81384608,integrations/spark/spark-catalog/spark-catalog-core,,188,81384608:integrations/spark/spark-catalog/spark-catalog-core/src/main/java/com/thinkbiganalytics/kylo/catalog/spark/sources/jdbc/jdbchighwatermark.java,JdbcHighWaterMark,JdbcHighWaterMark_RBL4_0b3aff22Test,PASS,94.967,ok; sandbox readiness passed
2026-07-23T18:48:29+00:00,maven_reactor_prewarm_wait,81384608,integrations/spark/spark-catalog/spark-catalog-core,,189,81384608:integrations/spark/spark-catalog/spark-catalog-core/src/main/java/com/thinkbiganalytics/kylo/catalog/spark/abstractdatasetoptionsaccess.java,AbstractDataSetOptionsAccess,,PASS,60.456,waited 60.456s for same repo/scope prewarm lock: maven:integrations/spark/spark-catalog/spark-catalog-core
2026-07-23T18:48:29+00:00,baseline_sandbox_readiness,85795396,metrics-dropwizardmetrics,,192,85795396:metrics-dropwizardmetrics/src/main/java/org/apache/calcite/avatica/metrics/dropwizard/dropwizardgauge.java,DropwizardGauge,DropwizardGauge_RBL4_3f1ba9c7Test,START,,prepare per-class sandbox and run generation prewarm without invoking GPT/EvoSuite
2026-07-23T18:48:29+00:00,maven_reactor_prewarm,81384608,integrations/spark/spark-catalog/spark-catalog-core,,189,81384608:integrations/spark/spark-catalog/spark-catalog-core/src/main/java/com/thinkbiganalytics/kylo/catalog/spark/abstractdatasetoptionsaccess.java,AbstractDataSetOptionsAccess,,START,,prewarm reactor dependencies for -pl integrations/spark/spark-catalog/spark-catalog-core; synthesized placeholder test hidden during prewarm: AbstractDataSetOptionsAccess_RBL4_da844f5aTest.java
2026-07-23T18:48:44+00:00,gradle_sandbox_prewarm,85795396,metrics-dropwizardmetrics,,192,85795396:metrics-dropwizardmetrics/src/main/java/org/apache/calcite/avatica/metrics/dropwizard/dropwizardgauge.java,DropwizardGauge,,START,,compile Gradle sandbox before AgoneTest/EvoSuite; synthesized placeholder test hidden during prewarm: DropwizardGauge_RBL4_3f1ba9c7Test.java
2026-07-23T18:48:53+00:00,maven_reactor_prewarm,81384608,integrations/spark/spark-catalog/spark-catalog-core,,189,81384608:integrations/spark/spark-catalog/spark-catalog-core/src/main/java/com/thinkbiganalytics/kylo/catalog/spark/abstractdatasetoptionsaccess.java,AbstractDataSetOptionsAccess,,PASS,23.745,"es\20260724_010022_d3f7f7b1__baseline_readiness\189_81384608_da844f5a\compiledrepos\81384608\integrations\spark\spark-catalog\spark-catalog-core\target\test-classes
[INFO] /D:/A_ThucNghiem/scripts_v2/workspaces/20260724_010022_d3f7f7b1__baseline_readiness/189_81384608_da844f5a/compiledrepos/81384608/integrations/spark/spark-catalog/spark-catalog-core/src/test/java/com/thinkbiganalytics/kylo/catalog/spark/sources/jdbc/JdbcHighWaterMarkTest.java: Some input files use unchecked or unsafe operations.
[INFO] /D:/A_ThucNghiem/scripts_v2/workspaces/20260724_010022_d3f7f7b1__baseline_readiness/189_81384608_da844f5a/compiledrepos/81384608/integrations/spark/spark-catalog/spark-catalog-core/src/test/java/com/thinkbiganalytics/kylo/catalog/spark/sources/jdbc/JdbcHighWaterMarkTest.java: Recompile with -Xlint:unchecked for details.
[INFO] 
[INFO] --- surefire:2.20:test (default-test) @ kylo-spark-catalog-core ---
[INFO] Tests are skipped.
[INFO] 
[INFO] --- license:1.16:check-file-header (first) @ kylo-spark-catalog-core ---
[INFO] adding extra resolver file:///D:/A_ThucNghiem/scripts_v2/workspaces/20260724_010022_d3f7f7b1__baseline_readiness/189_81384608_da844f5a/compiledrepos/81384608/integrations/spark/spark-catalog/spark-catalog-core/../../../../license-config
[WARNING] The extension sql is already accepted for comment style sql
[INFO] Will search files to update from root D:\A_ThucNghiem\scripts_v2\workspaces\20260724_010022_d3f7f7b1__baseline_readiness\189_81384608_da844f5a\compiledrepos\81384608\integrations\spark\spark-catalog\spark-catalog-core\src
[INFO] Will search files to update from root D:\A_ThucNghiem\scripts_v2\workspaces\20260724_010022_d3f7f7b1__baseline_readiness\189_81384608_da844f5a\compiledrepos\81384608\integrations\spark\spark-catalog\spark-catalog-core\target\generated-sources
[INFO] Scan 43 files header done in 123.092ms.
[INFO] All files are up-to-date.
[INFO] 
[INFO] --- jar:3.5.0:jar (default-jar) @ kylo-spark-catalog-core ---
[INFO] Building jar: D:\A_ThucNghiem\scripts_v2\workspaces\20260724_010022_d3f7f7b1__baseline_readiness\189_81384608_da844f5a\compiledrepos\81384608\integrations\spark\spark-catalog\spark-catalog-core\target\kylo-spark-catalog-core-0.10.1-SNAPSHOT.jar
[INFO] 
[INFO] --- install:3.1.4:install (default-install) @ kylo-spark-catalog-core ---
[INFO] Installing D:\A_ThucNghiem\scripts_v2\workspaces\20260724_010022_d3f7f7b1__baseline_readiness\189_81384608_da844f5a\compiledrepos\81384608\integrations\spark\spark-catalog\spark-catalog-core\pom.xml to C:\Users\admin\.m2\repository\com\thinkbiganalytics\kylo\integrations\kylo-spark-catalog-core\0.10.1-SNAPSHOT\kylo-spark-catalog-core-0.10.1-SNAPSHOT.pom
[INFO] Installing D:\A_ThucNghiem\scripts_v2\workspaces\20260724_010022_d3f7f7b1__baseline_readiness\189_81384608_da844f5a\compiledrepos\81384608\integrations\spark\spark-catalog\spark-catalog-core\target\kylo-spark-catalog-core-0.10.1-SNAPSHOT.jar to C:\Users\admin\.m2\repository\com\thinkbiganalytics\kylo\integrations\kylo-spark-catalog-core\0.10.1-SNAPSHOT\kylo-spark-catalog-core-0.10.1-SNAPSHOT.jar
[INFO] ------------------------------------------------------------------------
[INFO] Reactor Summary for kylo 0.10.1-SNAPSHOT:
[INFO] 
[INFO] kylo ............................................... SUCCESS [  1.224 s]
[INFO] kylo-commons ....................................... SUCCESS [  0.023 s]
[INFO] kylo-commons-rest-model ............................ SUCCESS [  1.660 s]
[INFO] kylo-commons-jdbc .................................. SUCCESS [  0.868 s]
[INFO] kylo-integrations .................................. SUCCESS [  0.104 s]
[INFO] Kylo Spark Parent .................................. SUCCESS [  0.348 s]
[INFO] Kylo Catalog Parent ................................ SUCCESS [  0.040 s]
[INFO] Kylo Catalog API ................................... SUCCESS [  2.507 s]
[INFO] kylo-core .......................................... SUCCESS [  0.046 s]
[INFO] kylo-services .................................."
2026-07-23T18:48:53+00:00,baseline_sandbox_readiness,81384608,integrations/spark/spark-catalog/spark-catalog-core,,189,81384608:integrations/spark/spark-catalog/spark-catalog-core/src/main/java/com/thinkbiganalytics/kylo/catalog/spark/abstractdatasetoptionsaccess.java,AbstractDataSetOptionsAccess,AbstractDataSetOptionsAccess_RBL4_da844f5aTest,PASS,95.094,ok; sandbox readiness passed
2026-07-23T18:48:53+00:00,maven_reactor_prewarm_wait,81384608,integrations/spark/spark-catalog/spark-catalog-core,,190,81384608:integrations/spark/spark-catalog/spark-catalog-core/src/main/java/com/thinkbiganalytics/kylo/catalog/spark/sources/spark/highwatermarkinputformat.java,HighWaterMarkInputFormat,,PASS,60.792,waited 60.792s for same repo/scope prewarm lock: maven:integrations/spark/spark-catalog/spark-catalog-core
2026-07-23T18:48:53+00:00,baseline_sandbox_readiness,85795396,metrics-dropwizardmetrics,,193,85795396:metrics-dropwizardmetrics/src/main/java/org/apache/calcite/avatica/metrics/dropwizard/dropwizardhistogram.java,DropwizardHistogram,DropwizardHistogram_RBL4_0b144c66Test,START,,prepare per-class sandbox and run generation prewarm without invoking GPT/EvoSuite
2026-07-23T18:48:53+00:00,maven_reactor_prewarm,81384608,integrations/spark/spark-catalog/spark-catalog-core,,190,81384608:integrations/spark/spark-catalog/spark-catalog-core/src/main/java/com/thinkbiganalytics/kylo/catalog/spark/sources/spark/highwatermarkinputformat.java,HighWaterMarkInputFormat,,START,,prewarm reactor dependencies for -pl integrations/spark/spark-catalog/spark-catalog-core; synthesized placeholder test hidden during prewarm: HighWaterMarkInputFormat_RBL4_5fd49e1fTest.java
2026-07-23T18:48:54+00:00,gradle_sandbox_prewarm,85795396,metrics-dropwizardmetrics,,193,85795396:metrics-dropwizardmetrics/src/main/java/org/apache/calcite/avatica/metrics/dropwizard/dropwizardhistogram.java,DropwizardHistogram,,START,,compile Gradle sandbox before AgoneTest/EvoSuite; synthesized placeholder test hidden during prewarm: DropwizardHistogram_RBL4_0b144c66Test.java
2026-07-23T18:49:10+00:00,gradle_sandbox_prewarm,85795396,metrics-dropwizardmetrics,,192,85795396:metrics-dropwizardmetrics/src/main/java/org/apache/calcite/avatica/metrics/dropwizard/dropwizardgauge.java,DropwizardGauge,,PASS,26.504,"compile Gradle sandbox before AgoneTest/EvoSuite; synthesized placeholder test hidden during prewarm: DropwizardGauge_RBL4_3f1ba9c7Test.java; classes_dir=D:\A_ThucNghiem\scripts_v2\workspaces\20260724_010022_d3f7f7b1__baseline_readiness\192_85795396_3f1ba9c7\compiledrepos\85795396\metrics-dropwizardmetrics\build\classes\java\main
To honour the JVM settings for this build a single-use Daemon process will be forked. For more on this, please refer to https://docs.gradle.org/8.14.4/userguide/gradle_daemon.html#sec:disabling_the_daemon in the Gradle documentation.
Daemon will be stopped at the end of the build 

> Configure project :
Building Apache Calcite Avatica 1.29.0-SNAPSHOT

> Task :metrics-dropwizardmetrics:clean UP-TO-DATE
> Task :metrics-dropwizardmetrics:processResources
> Task :metrics-dropwizardmetrics:processTestResources NO-SOURCE
> Task :metrics:compileJava
> Task :metrics-dropwizardmetrics:compileJava
> Task :metrics-dropwizardmetrics:classes
> Task :metrics-dropwizardmetrics:compileTestJava
> Task :metrics-dropwizardmetrics:testClasses

[Incubating] Problems report is available at: file:///D:/A_ThucNghiem/scripts_v2/workspaces/20260724_010022_d3f7f7b1__baseline_readiness/192_85795396_3f1ba9c7/compiledrepos/85795396/build/reports/problems/problems-report.html

Deprecated Gradle features were used in this build, making it incompatible with Gradle 9.0.

You can use '--warning-mode all' to show the individual deprecation warnings and determine if they come from your own scripts or plugins.

For more on this, please refer to https://docs.gradle.org/8.14.4/userguide/command_line_interface.html#sec:command_line_warnings in the Gradle documentation.

BUILD SUCCESSFUL in 23s
5 actionable tasks: 4 executed, 1 up-to-date"
2026-07-23T18:49:10+00:00,baseline_sandbox_readiness,85795396,metrics-dropwizardmetrics,,192,85795396:metrics-dropwizardmetrics/src/main/java/org/apache/calcite/avatica/metrics/dropwizard/dropwizardgauge.java,DropwizardGauge,DropwizardGauge_RBL4_3f1ba9c7Test,PASS,41.116,ok; sandbox readiness passed
2026-07-23T18:49:10+00:00,baseline_sandbox_readiness,85795396,core,,194,85795396:core/src/main/java/org/apache/calcite/avatica/remote/protobufhandler.java,ProtobufHandler,ProtobufHandler_RBL4_d33c3262Test,START,,prepare per-class sandbox and run generation prewarm without invoking GPT/EvoSuite
2026-07-23T18:49:11+00:00,gradle_sandbox_prewarm,85795396,core,,194,85795396:core/src/main/java/org/apache/calcite/avatica/remote/protobufhandler.java,ProtobufHandler,,START,,compile Gradle sandbox before AgoneTest/EvoSuite; synthesized placeholder test hidden during prewarm: ProtobufHandler_RBL4_d33c3262Test.java
2026-07-23T18:49:19+00:00,gradle_sandbox_prewarm,85795396,metrics-dropwizardmetrics,,193,85795396:metrics-dropwizardmetrics/src/main/java/org/apache/calcite/avatica/metrics/dropwizard/dropwizardhistogram.java,DropwizardHistogram,,PASS,25.05,"compile Gradle sandbox before AgoneTest/EvoSuite; synthesized placeholder test hidden during prewarm: DropwizardHistogram_RBL4_0b144c66Test.java; classes_dir=D:\A_ThucNghiem\scripts_v2\workspaces\20260724_010022_d3f7f7b1__baseline_readiness\193_85795396_0b144c66\compiledrepos\85795396\metrics-dropwizardmetrics\build\classes\java\main
To honour the JVM settings for this build a single-use Daemon process will be forked. For more on this, please refer to https://docs.gradle.org/8.14.4/userguide/gradle_daemon.html#sec:disabling_the_daemon in the Gradle documentation.
Daemon will be stopped at the end of the build 

> Configure project :
Building Apache Calcite Avatica 1.29.0-SNAPSHOT

> Task :metrics-dropwizardmetrics:clean UP-TO-DATE
> Task :metrics-dropwizardmetrics:processResources
> Task :metrics-dropwizardmetrics:processTestResources NO-SOURCE
> Task :metrics:compileJava
> Task :metrics-dropwizardmetrics:compileJava
> Task :metrics-dropwizardmetrics:classes
> Task :metrics-dropwizardmetrics:compileTestJava
> Task :metrics-dropwizardmetrics:testClasses

[Incubating] Problems report is available at: file:///D:/A_ThucNghiem/scripts_v2/workspaces/20260724_010022_d3f7f7b1__baseline_readiness/193_85795396_0b144c66/compiledrepos/85795396/build/reports/problems/problems-report.html

Deprecated Gradle features were used in this build, making it incompatible with Gradle 9.0.

You can use '--warning-mode all' to show the individual deprecation warnings and determine if they come from your own scripts or plugins.

For more on this, please refer to https://docs.gradle.org/8.14.4/userguide/command_line_interface.html#sec:command_line_warnings in the Gradle documentation.

BUILD SUCCESSFUL in 21s
5 actionable tasks: 4 executed, 1 up-to-date"
2026-07-23T18:49:19+00:00,baseline_sandbox_readiness,85795396,metrics-dropwizardmetrics,,193,85795396:metrics-dropwizardmetrics/src/main/java/org/apache/calcite/avatica/metrics/dropwizard/dropwizardhistogram.java,DropwizardHistogram,DropwizardHistogram_RBL4_0b144c66Test,PASS,25.862,ok; sandbox readiness passed
2026-07-23T18:49:19+00:00,baseline_sandbox_readiness,85795396,metrics-dropwizardmetrics,,195,85795396:metrics-dropwizardmetrics/src/main/java/org/apache/calcite/avatica/metrics/dropwizard/dropwizardmetricssystem.java,DropwizardMetricsSystem,DropwizardMetricsSystem_RBL4_b6cb9e18Test,START,,prepare per-class sandbox and run generation prewarm without invoking GPT/EvoSuite
2026-07-23T18:49:19+00:00,gradle_sandbox_prewarm,85795396,metrics-dropwizardmetrics,,195,85795396:metrics-dropwizardmetrics/src/main/java/org/apache/calcite/avatica/metrics/dropwizard/dropwizardmetricssystem.java,DropwizardMetricsSystem,,START,,compile Gradle sandbox before AgoneTest/EvoSuite; synthesized placeholder test hidden during prewarm: DropwizardMetricsSystem_RBL4_b6cb9e18Test.java
2026-07-23T18:49:21+00:00,maven_reactor_prewarm,81384608,integrations/spark/spark-catalog/spark-catalog-core,,190,81384608:integrations/spark/spark-catalog/spark-catalog-core/src/main/java/com/thinkbiganalytics/kylo/catalog/spark/sources/spark/highwatermarkinputformat.java,HighWaterMarkInputFormat,,PASS,28.309,"es\20260724_010022_d3f7f7b1__baseline_readiness\190_81384608_5fd49e1f\compiledrepos\81384608\integrations\spark\spark-catalog\spark-catalog-core\target\test-classes
[INFO] /D:/A_ThucNghiem/scripts_v2/workspaces/20260724_010022_d3f7f7b1__baseline_readiness/190_81384608_5fd49e1f/compiledrepos/81384608/integrations/spark/spark-catalog/spark-catalog-core/src/test/java/com/thinkbiganalytics/kylo/catalog/spark/sources/jdbc/JdbcHighWaterMarkTest.java: Some input files use unchecked or unsafe operations.
[INFO] /D:/A_ThucNghiem/scripts_v2/workspaces/20260724_010022_d3f7f7b1__baseline_readiness/190_81384608_5fd49e1f/compiledrepos/81384608/integrations/spark/spark-catalog/spark-catalog-core/src/test/java/com/thinkbiganalytics/kylo/catalog/spark/sources/jdbc/JdbcHighWaterMarkTest.java: Recompile with -Xlint:unchecked for details.
[INFO] 
[INFO] --- surefire:2.20:test (default-test) @ kylo-spark-catalog-core ---
[INFO] Tests are skipped.
[INFO] 
[INFO] --- license:1.16:check-file-header (first) @ kylo-spark-catalog-core ---
[INFO] adding extra resolver file:///D:/A_ThucNghiem/scripts_v2/workspaces/20260724_010022_d3f7f7b1__baseline_readiness/190_81384608_5fd49e1f/compiledrepos/81384608/integrations/spark/spark-catalog/spark-catalog-core/../../../../license-config
[WARNING] The extension sql is already accepted for comment style sql
[INFO] Will search files to update from root D:\A_ThucNghiem\scripts_v2\workspaces\20260724_010022_d3f7f7b1__baseline_readiness\190_81384608_5fd49e1f\compiledrepos\81384608\integrations\spark\spark-catalog\spark-catalog-core\src
[INFO] Will search files to update from root D:\A_ThucNghiem\scripts_v2\workspaces\20260724_010022_d3f7f7b1__baseline_readiness\190_81384608_5fd49e1f\compiledrepos\81384608\integrations\spark\spark-catalog\spark-catalog-core\target\generated-sources
[INFO] Scan 43 files header done in 125.745ms.
[INFO] All files are up-to-date.
[INFO] 
[INFO] --- jar:3.5.0:jar (default-jar) @ kylo-spark-catalog-core ---
[INFO] Building jar: D:\A_ThucNghiem\scripts_v2\workspaces\20260724_010022_d3f7f7b1__baseline_readiness\190_81384608_5fd49e1f\compiledrepos\81384608\integrations\spark\spark-catalog\spark-catalog-core\target\kylo-spark-catalog-core-0.10.1-SNAPSHOT.jar
[INFO] 
[INFO] --- install:3.1.4:install (default-install) @ kylo-spark-catalog-core ---
[INFO] Installing D:\A_ThucNghiem\scripts_v2\workspaces\20260724_010022_d3f7f7b1__baseline_readiness\190_81384608_5fd49e1f\compiledrepos\81384608\integrations\spark\spark-catalog\spark-catalog-core\pom.xml to C:\Users\admin\.m2\repository\com\thinkbiganalytics\kylo\integrations\kylo-spark-catalog-core\0.10.1-SNAPSHOT\kylo-spark-catalog-core-0.10.1-SNAPSHOT.pom
[INFO] Installing D:\A_ThucNghiem\scripts_v2\workspaces\20260724_010022_d3f7f7b1__baseline_readiness\190_81384608_5fd49e1f\compiledrepos\81384608\integrations\spark\spark-catalog\spark-catalog-core\target\kylo-spark-catalog-core-0.10.1-SNAPSHOT.jar to C:\Users\admin\.m2\repository\com\thinkbiganalytics\kylo\integrations\kylo-spark-catalog-core\0.10.1-SNAPSHOT\kylo-spark-catalog-core-0.10.1-SNAPSHOT.jar
[INFO] ------------------------------------------------------------------------
[INFO] Reactor Summary for kylo 0.10.1-SNAPSHOT:
[INFO] 
[INFO] kylo ............................................... SUCCESS [  1.267 s]
[INFO] kylo-commons ....................................... SUCCESS [  0.019 s]
[INFO] kylo-commons-rest-model ............................ SUCCESS [  2.516 s]
[INFO] kylo-commons-jdbc .................................. SUCCESS [  1.377 s]
[INFO] kylo-integrations .................................. SUCCESS [  0.098 s]
[INFO] Kylo Spark Parent .................................. SUCCESS [  0.750 s]
[INFO] Kylo Catalog Parent ................................ SUCCESS [  0.077 s]
[INFO] Kylo Catalog API ................................... SUCCESS [  3.872 s]
[INFO] kylo-core .......................................... SUCCESS [  0.078 s]
[INFO] kylo-services .................................."
2026-07-23T18:49:21+00:00,baseline_sandbox_readiness,81384608,integrations/spark/spark-catalog/spark-catalog-core,,190,81384608:integrations/spark/spark-catalog/spark-catalog-core/src/main/java/com/thinkbiganalytics/kylo/catalog/spark/sources/spark/highwatermarkinputformat.java,HighWaterMarkInputFormat,HighWaterMarkInputFormat_RBL4_5fd49e1fTest,PASS,99.392,ok; sandbox readiness passed
2026-07-23T18:49:21+00:00,maven_reactor_prewarm_wait,81384608,integrations/spark/spark-catalog/spark-catalog-core,,191,81384608:integrations/spark/spark-catalog/spark-catalog-core/src/main/java/com/thinkbiganalytics/kylo/catalog/spark/sources/spark/sparkdatasetcontext.java,SparkDataSetContext,,PASS,65.019,waited 65.019s for same repo/scope prewarm lock: maven:integrations/spark/spark-catalog/spark-catalog-core
2026-07-23T18:49:21+00:00,baseline_sandbox_readiness,85795396,core,,196,85795396:core/src/main/java/org/apache/calcite/avatica/remote/protobufservice.java,ProtobufService,ProtobufService_RBL4_33f17a9fTest,START,,prepare per-class sandbox and run generation prewarm without invoking GPT/EvoSuite
2026-07-23T18:49:21+00:00,maven_reactor_prewarm,81384608,integrations/spark/spark-catalog/spark-catalog-core,,191,81384608:integrations/spark/spark-catalog/spark-catalog-core/src/main/java/com/thinkbiganalytics/kylo/catalog/spark/sources/spark/sparkdatasetcontext.java,SparkDataSetContext,,START,,prewarm reactor dependencies for -pl integrations/spark/spark-catalog/spark-catalog-core; synthesized placeholder test hidden during prewarm: SparkDataSetContext_RBL4_7e6fcfeeTest.java
2026-07-23T18:49:22+00:00,gradle_sandbox_prewarm,85795396,core,,196,85795396:core/src/main/java/org/apache/calcite/avatica/remote/protobufservice.java,ProtobufService,,START,,compile Gradle sandbox before AgoneTest/EvoSuite; synthesized placeholder test hidden during prewarm: ProtobufService_RBL4_33f17a9fTest.java
2026-07-23T18:49:57+00:00,gradle_sandbox_prewarm,85795396,metrics-dropwizardmetrics,,195,85795396:metrics-dropwizardmetrics/src/main/java/org/apache/calcite/avatica/metrics/dropwizard/dropwizardmetricssystem.java,DropwizardMetricsSystem,,PASS,37.437,"compile Gradle sandbox before AgoneTest/EvoSuite; synthesized placeholder test hidden during prewarm: DropwizardMetricsSystem_RBL4_b6cb9e18Test.java; classes_dir=D:\A_ThucNghiem\scripts_v2\workspaces\20260724_010022_d3f7f7b1__baseline_readiness\195_85795396_b6cb9e18\compiledrepos\85795396\metrics-dropwizardmetrics\build\classes\java\main
To honour the JVM settings for this build a single-use Daemon process will be forked. For more on this, please refer to https://docs.gradle.org/8.14.4/userguide/gradle_daemon.html#sec:disabling_the_daemon in the Gradle documentation.
Daemon will be stopped at the end of the build 

> Configure project :
Building Apache Calcite Avatica 1.29.0-SNAPSHOT

> Task :metrics-dropwizardmetrics:clean UP-TO-DATE
> Task :metrics-dropwizardmetrics:processResources
> Task :metrics-dropwizardmetrics:processTestResources NO-SOURCE
> Task :metrics:compileJava
> Task :metrics-dropwizardmetrics:compileJava
> Task :metrics-dropwizardmetrics:classes
> Task :metrics-dropwizardmetrics:compileTestJava
> Task :metrics-dropwizardmetrics:testClasses

[Incubating] Problems report is available at: file:///D:/A_ThucNghiem/scripts_v2/workspaces/20260724_010022_d3f7f7b1__baseline_readiness/195_85795396_b6cb9e18/compiledrepos/85795396/build/reports/problems/problems-report.html

Deprecated Gradle features were used in this build, making it incompatible with Gradle 9.0.

You can use '--warning-mode all' to show the individual deprecation warnings and determine if they come from your own scripts or plugins.

For more on this, please refer to https://docs.gradle.org/8.14.4/userguide/command_line_interface.html#sec:command_line_warnings in the Gradle documentation.

BUILD SUCCESSFUL in 34s
5 actionable tasks: 4 executed, 1 up-to-date"
2026-07-23T18:49:57+00:00,baseline_sandbox_readiness,85795396,metrics-dropwizardmetrics,,195,85795396:metrics-dropwizardmetrics/src/main/java/org/apache/calcite/avatica/metrics/dropwizard/dropwizardmetricssystem.java,DropwizardMetricsSystem,DropwizardMetricsSystem_RBL4_b6cb9e18Test,PASS,38.258,ok; sandbox readiness passed
2026-07-23T18:49:57+00:00,baseline_sandbox_readiness,85795396,core,,197,85795396:core/src/main/java/org/apache/calcite/avatica/remote/kerberosconnection.java,KerberosConnection,KerberosConnection_RBL4_e0bbdbb3Test,START,,prepare per-class sandbox and run generation prewarm without invoking GPT/EvoSuite
2026-07-23T18:49:58+00:00,gradle_sandbox_prewarm,85795396,core,,197,85795396:core/src/main/java/org/apache/calcite/avatica/remote/kerberosconnection.java,KerberosConnection,,START,,compile Gradle sandbox before AgoneTest/EvoSuite; synthesized placeholder test hidden during prewarm: KerberosConnection_RBL4_e0bbdbb3Test.java
2026-07-23T18:50:02+00:00,gradle_sandbox_prewarm,85795396,core,,194,85795396:core/src/main/java/org/apache/calcite/avatica/remote/protobufhandler.java,ProtobufHandler,,PASS,51.016,"compile Gradle sandbox before AgoneTest/EvoSuite; synthesized placeholder test hidden during prewarm: ProtobufHandler_RBL4_d33c3262Test.java; classes_dir=D:\A_ThucNghiem\scripts_v2\workspaces\20260724_010022_d3f7f7b1__baseline_readiness\194_85795396_d33c3262\compiledrepos\85795396\core\build\classes\java\main
To honour the JVM settings for this build a single-use Daemon process will be forked. For more on this, please refer to https://docs.gradle.org/8.14.4/userguide/gradle_daemon.html#sec:disabling_the_daemon in the Gradle documentation.
Daemon will be stopped at the end of the build 

> Configure project :
Building Apache Calcite Avatica 1.29.0-SNAPSHOT

> Task :core:clean UP-TO-DATE
> Task :core:filterJava
> Task :core:extractProto
> Task :core:processResources
> Task :core:extractTestProto
> Task :core:processTestResources NO-SOURCE
> Task :metrics:compileJava
> Task :metrics:processResources NO-SOURCE
> Task :core:extractIncludeProto
> Task :core:generateProto

> Task :core:compileJava

> Task :core:classes
> Task :core:extractIncludeTestProto
> Task :core:generateTestProto NO-SOURCE

> Task :core:compileTestJava

> Task :core:testClasses

[Incubating] Problems report is available at: file:///D:/A_ThucNghiem/scripts_v2/workspaces/20260724_010022_d3f7f7b1__baseline_readiness/194_85795396_d33c3262/compiledrepos/85795396/build/reports/problems/problems-report.html

Deprecated Gradle features were used in this build, making it incompatible with Gradle 9.0.

You can use '--warning-mode all' to show the individual deprecation warnings and determine if they come from your own scripts or plugins.

For more on this, please refer to https://docs.gradle.org/8.14.4/userguide/command_line_interface.html#sec:command_line_warnings in the Gradle documentation.

BUILD SUCCESSFUL in 47s
11 actionable tasks: 10 executed, 1 up-to-date

Note: Some input files use unchecked or unsafe operations.
Note: Recompile with -Xlint:unchecked for details.
Note: Some input files use unchecked or unsafe operations.
Note: Recompile with -Xlint:unchecked for details."
2026-07-23T18:50:02+00:00,baseline_sandbox_readiness,85795396,core,,194,85795396:core/src/main/java/org/apache/calcite/avatica/remote/protobufhandler.java,ProtobufHandler,ProtobufHandler_RBL4_d33c3262Test,PASS,51.886,ok; sandbox readiness passed
2026-07-23T18:50:02+00:00,baseline_sandbox_readiness,85795396,core,,198,85795396:core/src/main/java/org/apache/calcite/avatica/connectionpropertiesimpl.java,ConnectionPropertiesImpl,ConnectionPropertiesImpl_RBL4_5c0f04f0Test,START,,prepare per-class sandbox and run generation prewarm without invoking GPT/EvoSuite
2026-07-23T18:50:04+00:00,gradle_sandbox_prewarm,85795396,core,,198,85795396:core/src/main/java/org/apache/calcite/avatica/connectionpropertiesimpl.java,ConnectionPropertiesImpl,,START,,compile Gradle sandbox before AgoneTest/EvoSuite; synthesized placeholder test hidden during prewarm: ConnectionPropertiesImpl_RBL4_5c0f04f0Test.java
2026-07-23T18:50:04+00:00,maven_reactor_prewarm,81384608,integrations/spark/spark-catalog/spark-catalog-core,,191,81384608:integrations/spark/spark-catalog/spark-catalog-core/src/main/java/com/thinkbiganalytics/kylo/catalog/spark/sources/spark/sparkdatasetcontext.java,SparkDataSetContext,,PASS,43.228,"0260724_010022_d3f7f7b1__baseline_readiness\191_81384608_7e6fcfee\compiledrepos\81384608\integrations\spark\spark-catalog\spark-catalog-core\target\test-classes
[INFO] /D:/A_ThucNghiem/scripts_v2/workspaces/20260724_010022_d3f7f7b1__baseline_readiness/191_81384608_7e6fcfee/compiledrepos/81384608/integrations/spark/spark-catalog/spark-catalog-core/src/test/java/com/thinkbiganalytics/kylo/catalog/spark/AbstractKyloCatalogDataSetAccessTest.java: Some input files use unchecked or unsafe operations.
[INFO] /D:/A_ThucNghiem/scripts_v2/workspaces/20260724_010022_d3f7f7b1__baseline_readiness/191_81384608_7e6fcfee/compiledrepos/81384608/integrations/spark/spark-catalog/spark-catalog-core/src/test/java/com/thinkbiganalytics/kylo/catalog/spark/AbstractKyloCatalogDataSetAccessTest.java: Recompile with -Xlint:unchecked for details.
[INFO] 
[INFO] --- surefire:2.20:test (default-test) @ kylo-spark-catalog-core ---
[INFO] Tests are skipped.
[INFO] 
[INFO] --- license:1.16:check-file-header (first) @ kylo-spark-catalog-core ---
[INFO] adding extra resolver file:///D:/A_ThucNghiem/scripts_v2/workspaces/20260724_010022_d3f7f7b1__baseline_readiness/191_81384608_7e6fcfee/compiledrepos/81384608/integrations/spark/spark-catalog/spark-catalog-core/../../../../license-config
[WARNING] The extension sql is already accepted for comment style sql
[INFO] Will search files to update from root D:\A_ThucNghiem\scripts_v2\workspaces\20260724_010022_d3f7f7b1__baseline_readiness\191_81384608_7e6fcfee\compiledrepos\81384608\integrations\spark\spark-catalog\spark-catalog-core\src
[INFO] Will search files to update from root D:\A_ThucNghiem\scripts_v2\workspaces\20260724_010022_d3f7f7b1__baseline_readiness\191_81384608_7e6fcfee\compiledrepos\81384608\integrations\spark\spark-catalog\spark-catalog-core\target\generated-sources
[INFO] Scan 43 files header done in 474.253ms.
[INFO] All files are up-to-date.
[INFO] 
[INFO] --- jar:3.5.0:jar (default-jar) @ kylo-spark-catalog-core ---
[INFO] Building jar: D:\A_ThucNghiem\scripts_v2\workspaces\20260724_010022_d3f7f7b1__baseline_readiness\191_81384608_7e6fcfee\compiledrepos\81384608\integrations\spark\spark-catalog\spark-catalog-core\target\kylo-spark-catalog-core-0.10.1-SNAPSHOT.jar
[INFO] 
[INFO] --- install:3.1.4:install (default-install) @ kylo-spark-catalog-core ---
[INFO] Installing D:\A_ThucNghiem\scripts_v2\workspaces\20260724_010022_d3f7f7b1__baseline_readiness\191_81384608_7e6fcfee\compiledrepos\81384608\integrations\spark\spark-catalog\spark-catalog-core\pom.xml to C:\Users\admin\.m2\repository\com\thinkbiganalytics\kylo\integrations\kylo-spark-catalog-core\0.10.1-SNAPSHOT\kylo-spark-catalog-core-0.10.1-SNAPSHOT.pom
[INFO] Installing D:\A_ThucNghiem\scripts_v2\workspaces\20260724_010022_d3f7f7b1__baseline_readiness\191_81384608_7e6fcfee\compiledrepos\81384608\integrations\spark\spark-catalog\spark-catalog-core\target\kylo-spark-catalog-core-0.10.1-SNAPSHOT.jar to C:\Users\admin\.m2\repository\com\thinkbiganalytics\kylo\integrations\kylo-spark-catalog-core\0.10.1-SNAPSHOT\kylo-spark-catalog-core-0.10.1-SNAPSHOT.jar
[INFO] ------------------------------------------------------------------------
[INFO] Reactor Summary for kylo 0.10.1-SNAPSHOT:
[INFO] 
[INFO] kylo ............................................... SUCCESS [  1.532 s]
[INFO] kylo-commons ....................................... SUCCESS [  0.045 s]
[INFO] kylo-commons-rest-model ............................ SUCCESS [  4.057 s]
[INFO] kylo-commons-jdbc .................................. SUCCESS [  1.833 s]
[INFO] kylo-integrations .................................. SUCCESS [  0.127 s]
[INFO] Kylo Spark Parent .................................. SUCCESS [  0.964 s]
[INFO] Kylo Catalog Parent ................................ SUCCESS [  0.099 s]
[INFO] Kylo Catalog API ................................... SUCCESS [  6.894 s]
[INFO] kylo-core .......................................... SUCCESS [  0.149 s]
[INFO] kylo-services .................................."
2026-07-23T18:50:04+00:00,baseline_sandbox_readiness,81384608,integrations/spark/spark-catalog/spark-catalog-core,,191,81384608:integrations/spark/spark-catalog/spark-catalog-core/src/main/java/com/thinkbiganalytics/kylo/catalog/spark/sources/spark/sparkdatasetcontext.java,SparkDataSetContext,SparkDataSetContext_RBL4_7e6fcfeeTest,PASS,118.7,ok; sandbox readiness passed
2026-07-23T18:50:04+00:00,baseline_sandbox_readiness,85795396,core,,199,85795396:core/src/main/java/org/apache/calcite/avatica/querystate.java,QueryState,QueryState_RBL4_22b34a0aTest,START,,prepare per-class sandbox and run generation prewarm without invoking GPT/EvoSuite
2026-07-23T18:50:06+00:00,gradle_sandbox_prewarm,85795396,core,,199,85795396:core/src/main/java/org/apache/calcite/avatica/querystate.java,QueryState,,START,,compile Gradle sandbox before AgoneTest/EvoSuite; synthesized placeholder test hidden during prewarm: QueryState_RBL4_22b34a0aTest.java
2026-07-23T18:50:19+00:00,gradle_sandbox_prewarm,85795396,core,,196,85795396:core/src/main/java/org/apache/calcite/avatica/remote/protobufservice.java,ProtobufService,,PASS,57.39,"compile Gradle sandbox before AgoneTest/EvoSuite; synthesized placeholder test hidden during prewarm: ProtobufService_RBL4_33f17a9fTest.java; classes_dir=D:\A_ThucNghiem\scripts_v2\workspaces\20260724_010022_d3f7f7b1__baseline_readiness\196_85795396_33f17a9f\compiledrepos\85795396\core\build\classes\java\main
To honour the JVM settings for this build a single-use Daemon process will be forked. For more on this, please refer to https://docs.gradle.org/8.14.4/userguide/gradle_daemon.html#sec:disabling_the_daemon in the Gradle documentation.
Daemon will be stopped at the end of the build 

> Configure project :
Building Apache Calcite Avatica 1.29.0-SNAPSHOT

> Task :core:clean UP-TO-DATE
> Task :core:filterJava
> Task :core:extractProto
> Task :core:processResources
> Task :core:extractTestProto
> Task :core:processTestResources NO-SOURCE
> Task :metrics:compileJava
> Task :metrics:processResources NO-SOURCE
> Task :core:extractIncludeProto
> Task :core:generateProto

> Task :core:compileJava

> Task :core:classes
> Task :core:extractIncludeTestProto
> Task :core:generateTestProto NO-SOURCE

> Task :core:compileTestJava

> Task :core:testClasses

[Incubating] Problems report is available at: file:///D:/A_ThucNghiem/scripts_v2/workspaces/20260724_010022_d3f7f7b1__baseline_readiness/196_85795396_33f17a9f/compiledrepos/85795396/build/reports/problems/problems-report.html

Deprecated Gradle features were used in this build, making it incompatible with Gradle 9.0.

You can use '--warning-mode all' to show the individual deprecation warnings and determine if they come from your own scripts or plugins.

For more on this, please refer to https://docs.gradle.org/8.14.4/userguide/command_line_interface.html#sec:command_line_warnings in the Gradle documentation.

BUILD SUCCESSFUL in 54s
11 actionable tasks: 10 executed, 1 up-to-date

Note: Some input files use unchecked or unsafe operations.
Note: Recompile with -Xlint:unchecked for details.
Note: Some input files use unchecked or unsafe operations.
Note: Recompile with -Xlint:unchecked for details."
2026-07-23T18:50:19+00:00,baseline_sandbox_readiness,85795396,core,,196,85795396:core/src/main/java/org/apache/calcite/avatica/remote/protobufservice.java,ProtobufService,ProtobufService_RBL4_33f17a9fTest,PASS,58.127,ok; sandbox readiness passed
2026-07-23T18:50:19+00:00,baseline_sandbox_readiness,95247959,http-clients/netty-nio-client,,200,95247959:http-clients/netty-nio-client/src/main/java/software/amazon/awssdk/http/nio/netty/internal/http2/http2settingsframehandler.java,Http2SettingsFrameHandler,Http2SettingsFrameHandler_RBL4_27231889Test,START,,prepare per-class sandbox and run generation prewarm without invoking GPT/EvoSuite
2026-07-23T18:50:58+00:00,gradle_sandbox_prewarm,85795396,core,,197,85795396:core/src/main/java/org/apache/calcite/avatica/remote/kerberosconnection.java,KerberosConnection,,PASS,60.192,"compile Gradle sandbox before AgoneTest/EvoSuite; synthesized placeholder test hidden during prewarm: KerberosConnection_RBL4_e0bbdbb3Test.java; classes_dir=D:\A_ThucNghiem\scripts_v2\workspaces\20260724_010022_d3f7f7b1__baseline_readiness\197_85795396_e0bbdbb3\compiledrepos\85795396\core\build\classes\java\main
To honour the JVM settings for this build a single-use Daemon process will be forked. For more on this, please refer to https://docs.gradle.org/8.14.4/userguide/gradle_daemon.html#sec:disabling_the_daemon in the Gradle documentation.
Daemon will be stopped at the end of the build 

> Configure project :
Building Apache Calcite Avatica 1.29.0-SNAPSHOT

> Task :core:clean UP-TO-DATE
> Task :core:filterJava
> Task :core:extractProto
> Task :core:processResources
> Task :core:extractTestProto
> Task :core:processTestResources NO-SOURCE
> Task :metrics:compileJava
> Task :metrics:processResources NO-SOURCE
> Task :core:extractIncludeProto
> Task :core:generateProto

> Task :core:compileJava

> Task :core:classes
> Task :core:extractIncludeTestProto
> Task :core:generateTestProto NO-SOURCE

> Task :core:compileTestJava

> Task :core:testClasses

[Incubating] Problems report is available at: file:///D:/A_ThucNghiem/scripts_v2/workspaces/20260724_010022_d3f7f7b1__baseline_readiness/197_85795396_e0bbdbb3/compiledrepos/85795396/build/reports/problems/problems-report.html

Deprecated Gradle features were used in this build, making it incompatible with Gradle 9.0.

You can use '--warning-mode all' to show the individual deprecation warnings and determine if they come from your own scripts or plugins.

For more on this, please refer to https://docs.gradle.org/8.14.4/userguide/command_line_interface.html#sec:command_line_warnings in the Gradle documentation.

BUILD SUCCESSFUL in 56s
11 actionable tasks: 10 executed, 1 up-to-date

Note: Some input files use unchecked or unsafe operations.
Note: Recompile with -Xlint:unchecked for details.
Note: Some input files use unchecked or unsafe operations.
Note: Recompile with -Xlint:unchecked for details."
2026-07-23T18:50:58+00:00,baseline_sandbox_readiness,85795396,core,,197,85795396:core/src/main/java/org/apache/calcite/avatica/remote/kerberosconnection.java,KerberosConnection,KerberosConnection_RBL4_e0bbdbb3Test,PASS,61.577,ok; sandbox readiness passed
2026-07-23T18:50:58+00:00,baseline_sandbox_readiness,95247959,http-clients/netty-nio-client,,201,95247959:http-clients/netty-nio-client/src/main/java/software/amazon/awssdk/http/nio/netty/internal/sharedsdkeventloopgroup.java,SharedSdkEventLoopGroup,SharedSdkEventLoopGroup_RBL4_9e42aa37Test,START,,prepare per-class sandbox and run generation prewarm without invoking GPT/EvoSuite
2026-07-23T18:51:07+00:00,gradle_sandbox_prewarm,85795396,core,,198,85795396:core/src/main/java/org/apache/calcite/avatica/connectionpropertiesimpl.java,ConnectionPropertiesImpl,,PASS,62.788,"compile Gradle sandbox before AgoneTest/EvoSuite; synthesized placeholder test hidden during prewarm: ConnectionPropertiesImpl_RBL4_5c0f04f0Test.java; classes_dir=D:\A_ThucNghiem\scripts_v2\workspaces\20260724_010022_d3f7f7b1__baseline_readiness\198_85795396_5c0f04f0\compiledrepos\85795396\core\build\classes\java\main
To honour the JVM settings for this build a single-use Daemon process will be forked. For more on this, please refer to https://docs.gradle.org/8.14.4/userguide/gradle_daemon.html#sec:disabling_the_daemon in the Gradle documentation.
Daemon will be stopped at the end of the build 

> Configure project :
Building Apache Calcite Avatica 1.29.0-SNAPSHOT

> Task :core:clean UP-TO-DATE
> Task :core:filterJava
> Task :core:extractProto
> Task :core:processResources
> Task :core:extractTestProto
> Task :core:processTestResources NO-SOURCE
> Task :metrics:compileJava
> Task :metrics:processResources NO-SOURCE
> Task :core:extractIncludeProto
> Task :core:generateProto

> Task :core:compileJava

> Task :core:classes
> Task :core:extractIncludeTestProto
> Task :core:generateTestProto NO-SOURCE

> Task :core:compileTestJava

> Task :core:testClasses

[Incubating] Problems report is available at: file:///D:/A_ThucNghiem/scripts_v2/workspaces/20260724_010022_d3f7f7b1__baseline_readiness/198_85795396_5c0f04f0/compiledrepos/85795396/build/reports/problems/problems-report.html

Deprecated Gradle features were used in this build, making it incompatible with Gradle 9.0.

You can use '--warning-mode all' to show the individual deprecation warnings and determine if they come from your own scripts or plugins.

For more on this, please refer to https://docs.gradle.org/8.14.4/userguide/command_line_interface.html#sec:command_line_warnings in the Gradle documentation.

BUILD SUCCESSFUL in 58s
11 actionable tasks: 10 executed, 1 up-to-date

Note: Some input files use unchecked or unsafe operations.
Note: Recompile with -Xlint:unchecked for details.
Note: Some input files use unchecked or unsafe operations.
Note: Recompile with -Xlint:unchecked for details."
2026-07-23T18:51:07+00:00,baseline_sandbox_readiness,85795396,core,,198,85795396:core/src/main/java/org/apache/calcite/avatica/connectionpropertiesimpl.java,ConnectionPropertiesImpl,ConnectionPropertiesImpl_RBL4_5c0f04f0Test,PASS,64.754,ok; sandbox readiness passed
2026-07-23T18:51:07+00:00,baseline_sandbox_readiness,95247959,http-clients/netty-nio-client,,202,95247959:http-clients/netty-nio-client/src/main/java/software/amazon/awssdk/http/nio/netty/internal/proxytunnelinithandler.java,ProxyTunnelInitHandler,ProxyTunnelInitHandler_RBL4_8592520dTest,START,,prepare per-class sandbox and run generation prewarm without invoking GPT/EvoSuite
2026-07-23T18:51:08+00:00,gradle_sandbox_prewarm,85795396,core,,199,85795396:core/src/main/java/org/apache/calcite/avatica/querystate.java,QueryState,,PASS,61.542,"compile Gradle sandbox before AgoneTest/EvoSuite; synthesized placeholder test hidden during prewarm: QueryState_RBL4_22b34a0aTest.java; classes_dir=D:\A_ThucNghiem\scripts_v2\workspaces\20260724_010022_d3f7f7b1__baseline_readiness\199_85795396_22b34a0a\compiledrepos\85795396\core\build\classes\java\main
To honour the JVM settings for this build a single-use Daemon process will be forked. For more on this, please refer to https://docs.gradle.org/8.14.4/userguide/gradle_daemon.html#sec:disabling_the_daemon in the Gradle documentation.
Daemon will be stopped at the end of the build 

> Configure project :
Building Apache Calcite Avatica 1.29.0-SNAPSHOT

> Task :core:clean UP-TO-DATE
> Task :core:filterJava
> Task :core:extractProto
> Task :core:processResources
> Task :core:extractTestProto
> Task :core:processTestResources NO-SOURCE
> Task :metrics:compileJava
> Task :metrics:processResources NO-SOURCE
> Task :core:extractIncludeProto
> Task :core:generateProto

> Task :core:compileJava

> Task :core:classes
> Task :core:extractIncludeTestProto
> Task :core:generateTestProto NO-SOURCE

> Task :core:compileTestJava

> Task :core:testClasses

[Incubating] Problems report is available at: file:///D:/A_ThucNghiem/scripts_v2/workspaces/20260724_010022_d3f7f7b1__baseline_readiness/199_85795396_22b34a0a/compiledrepos/85795396/build/reports/problems/problems-report.html

Deprecated Gradle features were used in this build, making it incompatible with Gradle 9.0.

You can use '--warning-mode all' to show the individual deprecation warnings and determine if they come from your own scripts or plugins.

For more on this, please refer to https://docs.gradle.org/8.14.4/userguide/command_line_interface.html#sec:command_line_warnings in the Gradle documentation.

BUILD SUCCESSFUL in 58s
11 actionable tasks: 10 executed, 1 up-to-date

Note: Some input files use unchecked or unsafe operations.
Note: Recompile with -Xlint:unchecked for details.
Note: Some input files use unchecked or unsafe operations.
Note: Recompile with -Xlint:unchecked for details."
2026-07-23T18:51:08+00:00,baseline_sandbox_readiness,85795396,core,,199,85795396:core/src/main/java/org/apache/calcite/avatica/querystate.java,QueryState,QueryState_RBL4_22b34a0aTest,PASS,63.361,ok; sandbox readiness passed
2026-07-23T18:51:08+00:00,baseline_sandbox_readiness,95247959,http-clients/netty-nio-client,,203,95247959:http-clients/netty-nio-client/src/main/java/software/amazon/awssdk/http/nio/netty/internal/utils/channelutils.java,ChannelUtils,ChannelUtils_RBL4_6d41ba87Test,START,,prepare per-class sandbox and run generation prewarm without invoking GPT/EvoSuite
2026-07-23T18:55:56+00:00,maven_reactor_prewarm,95247959,http-clients/netty-nio-client,,201,95247959:http-clients/netty-nio-client/src/main/java/software/amazon/awssdk/http/nio/netty/internal/sharedsdkeventloopgroup.java,SharedSdkEventLoopGroup,,START,,prewarm reactor dependencies for -pl http-clients/netty-nio-client; synthesized placeholder test hidden during prewarm: SharedSdkEventLoopGroup_RBL4_9e42aa37Test.java
2026-07-23T18:56:35+00:00,maven_reactor_prewarm,95247959,http-clients/netty-nio-client,,201,95247959:http-clients/netty-nio-client/src/main/java/software/amazon/awssdk/http/nio/netty/internal/sharedsdkeventloopgroup.java,SharedSdkEventLoopGroup,,PASS,39.797,"pile) @ netty-nio-client ---
[WARNING]  Parameter 'forceJavacCompilerUse' (user property 'maven.compiler.forceJavacCompilerUse') is deprecated: Use forceLegacyJavacApi instead
[INFO] Recompiling the module because of changed dependency.
[INFO] Compiling 91 source files with javac [debug target 1.8] to target\classes
[INFO] 
[INFO] --- resources:3.4.0:testResources (default-testResources) @ netty-nio-client ---
[INFO] Copying 5 resources from src\test\resources to target\test-classes
[INFO] skip non existing resourceDirectory D:\A_ThucNghiem\scripts_v2\workspaces\20260724_010022_d3f7f7b1__baseline_readiness\201_95247959_9e42aa37\compiledrepos\95247959\http-clients\netty-nio-client\src\it\resources
[INFO] 
[INFO] --- compiler:3.14.1:testCompile (default-testCompile) @ netty-nio-client ---
[WARNING]  Parameter 'forceJavacCompilerUse' (user property 'maven.compiler.forceJavacCompilerUse') is deprecated: Use forceLegacyJavacApi instead
[INFO] Recompiling the module because of changed dependency.
[INFO] Compiling 94 source files with javac [debug target 1.8] to target\test-classes
[INFO] 
[INFO] --- surefire:3.1.2:test (default-test) @ netty-nio-client ---
[INFO] Tests are skipped.
[INFO] 
[INFO] --- jar:3.3.0:jar (default-jar) @ netty-nio-client ---
[INFO] Building jar: D:\A_ThucNghiem\scripts_v2\workspaces\20260724_010022_d3f7f7b1__baseline_readiness\201_95247959_9e42aa37\compiledrepos\95247959\http-clients\netty-nio-client\target\aws-sdk-java-netty-nio-client-2.49.2-SNAPSHOT.jar
[INFO] 
[INFO] --- javadoc:3.4.1:jar (generate-javadocs) @ netty-nio-client ---
[INFO] Skipping javadoc generation
[INFO] 
[INFO] --- jacoco:0.8.13:report (jacoco-site) @ netty-nio-client ---
[INFO] Skipping JaCoCo execution because property jacoco.skip is set.
[INFO] 
[INFO] --- jacoco:0.8.13:prepare-agent (pre-integration-test) @ netty-nio-client ---
[INFO] Skipping JaCoCo execution because property jacoco.skip is set.
[INFO] 
[INFO] --- jacoco:0.8.13:report (post-integration-test) @ netty-nio-client ---
[INFO] Skipping JaCoCo execution because property jacoco.skip is set.
[INFO] 
[INFO] --- dependency:3.1.1:analyze-only (default) @ netty-nio-client ---
[INFO] No dependency problems found
[INFO] 
[INFO] --- japicmp:0.15.6:cmp (default) @ netty-nio-client ---
[INFO] Written file 'D:\A_ThucNghiem\scripts_v2\workspaces\20260724_010022_d3f7f7b1__baseline_readiness\201_95247959_9e42aa37\compiledrepos\95247959\http-clients\netty-nio-client\target\japicmp\japicmp.diff'.
[INFO] Written file 'D:\A_ThucNghiem\scripts_v2\workspaces\20260724_010022_d3f7f7b1__baseline_readiness\201_95247959_9e42aa37\compiledrepos\95247959\http-clients\netty-nio-client\target\japicmp\japicmp.xml'.
[INFO] Written file 'D:\A_ThucNghiem\scripts_v2\workspaces\20260724_010022_d3f7f7b1__baseline_readiness\201_95247959_9e42aa37\compiledrepos\95247959\http-clients\netty-nio-client\target\japicmp\japicmp.html'.
[INFO] 
[INFO] --- install:3.1.4:install (default-install) @ netty-nio-client ---
[INFO] Installing D:\A_ThucNghiem\scripts_v2\workspaces\20260724_010022_d3f7f7b1__baseline_readiness\201_95247959_9e42aa37\compiledrepos\95247959\http-clients\netty-nio-client\pom.xml to C:\Users\admin\.m2\repository\software\amazon\awssdk\netty-nio-client\2.49.2-SNAPSHOT\netty-nio-client-2.49.2-SNAPSHOT.pom
[INFO] Installing D:\A_ThucNghiem\scripts_v2\workspaces\20260724_010022_d3f7f7b1__baseline_readiness\201_95247959_9e42aa37\compiledrepos\95247959\http-clients\netty-nio-client\target\aws-sdk-java-netty-nio-client-2.49.2-SNAPSHOT.jar to C:\Users\admin\.m2\repository\software\amazon\awssdk\netty-nio-client\2.49.2-SNAPSHOT\netty-nio-client-2.49.2-SNAPSHOT.jar
[INFO] ------------------------------------------------------------------------
[INFO] Reactor Summary:
[INFO] 
[INFO] AWS Java SDK :: Build Tools 1.0 .................... SUCCESS [  3.286 s]
[INFO] AWS Java SDK :: Parent 2.49.2-SNAPSHOT ............. SUCCESS [  4.278 s]
[INFO] AWS Java SDK :: Core 2.49.2-SNAPSHOT ............... SUCCESS [  0.053 s]"
2026-07-23T18:56:35+00:00,maven_reactor_prewarm_wait,95247959,http-clients/netty-nio-client,,202,95247959:http-clients/netty-nio-client/src/main/java/software/amazon/awssdk/http/nio/netty/internal/proxytunnelinithandler.java,ProxyTunnelInitHandler,,PASS,39.794,waited 39.794s for same repo/scope prewarm lock: maven:http-clients/netty-nio-client
2026-07-23T18:56:35+00:00,baseline_sandbox_readiness,95247959,http-clients/netty-nio-client,,201,95247959:http-clients/netty-nio-client/src/main/java/software/amazon/awssdk/http/nio/netty/internal/sharedsdkeventloopgroup.java,SharedSdkEventLoopGroup,SharedSdkEventLoopGroup_RBL4_9e42aa37Test,PASS,336.946,ok; sandbox readiness passed
2026-07-23T18:56:35+00:00,maven_reactor_prewarm,95247959,http-clients/netty-nio-client,,202,95247959:http-clients/netty-nio-client/src/main/java/software/amazon/awssdk/http/nio/netty/internal/proxytunnelinithandler.java,ProxyTunnelInitHandler,,START,,prewarm reactor dependencies for -pl http-clients/netty-nio-client; synthesized placeholder test hidden during prewarm: ProxyTunnelInitHandler_RBL4_8592520dTest.java
2026-07-23T18:56:35+00:00,baseline_sandbox_readiness,95247959,http-clients/netty-nio-client,,204,95247959:http-clients/netty-nio-client/src/main/java/software/amazon/awssdk/http/nio/netty/internal/http1tunnelconnectionpool.java,Http1TunnelConnectionPool,Http1TunnelConnectionPool_RBL4_f157e96cTest,START,,prepare per-class sandbox and run generation prewarm without invoking GPT/EvoSuite
2026-07-23T18:57:16+00:00,maven_reactor_prewarm,95247959,http-clients/netty-nio-client,,202,95247959:http-clients/netty-nio-client/src/main/java/software/amazon/awssdk/http/nio/netty/internal/proxytunnelinithandler.java,ProxyTunnelInitHandler,,PASS,40.521,"pile) @ netty-nio-client ---
[WARNING]  Parameter 'forceJavacCompilerUse' (user property 'maven.compiler.forceJavacCompilerUse') is deprecated: Use forceLegacyJavacApi instead
[INFO] Recompiling the module because of changed dependency.
[INFO] Compiling 91 source files with javac [debug target 1.8] to target\classes
[INFO] 
[INFO] --- resources:3.4.0:testResources (default-testResources) @ netty-nio-client ---
[INFO] Copying 5 resources from src\test\resources to target\test-classes
[INFO] skip non existing resourceDirectory D:\A_ThucNghiem\scripts_v2\workspaces\20260724_010022_d3f7f7b1__baseline_readiness\202_95247959_8592520d\compiledrepos\95247959\http-clients\netty-nio-client\src\it\resources
[INFO] 
[INFO] --- compiler:3.14.1:testCompile (default-testCompile) @ netty-nio-client ---
[WARNING]  Parameter 'forceJavacCompilerUse' (user property 'maven.compiler.forceJavacCompilerUse') is deprecated: Use forceLegacyJavacApi instead
[INFO] Recompiling the module because of changed dependency.
[INFO] Compiling 94 source files with javac [debug target 1.8] to target\test-classes
[INFO] 
[INFO] --- surefire:3.1.2:test (default-test) @ netty-nio-client ---
[INFO] Tests are skipped.
[INFO] 
[INFO] --- jar:3.3.0:jar (default-jar) @ netty-nio-client ---
[INFO] Building jar: D:\A_ThucNghiem\scripts_v2\workspaces\20260724_010022_d3f7f7b1__baseline_readiness\202_95247959_8592520d\compiledrepos\95247959\http-clients\netty-nio-client\target\aws-sdk-java-netty-nio-client-2.49.2-SNAPSHOT.jar
[INFO] 
[INFO] --- javadoc:3.4.1:jar (generate-javadocs) @ netty-nio-client ---
[INFO] Skipping javadoc generation
[INFO] 
[INFO] --- jacoco:0.8.13:report (jacoco-site) @ netty-nio-client ---
[INFO] Skipping JaCoCo execution because property jacoco.skip is set.
[INFO] 
[INFO] --- jacoco:0.8.13:prepare-agent (pre-integration-test) @ netty-nio-client ---
[INFO] Skipping JaCoCo execution because property jacoco.skip is set.
[INFO] 
[INFO] --- jacoco:0.8.13:report (post-integration-test) @ netty-nio-client ---
[INFO] Skipping JaCoCo execution because property jacoco.skip is set.
[INFO] 
[INFO] --- dependency:3.1.1:analyze-only (default) @ netty-nio-client ---
[INFO] No dependency problems found
[INFO] 
[INFO] --- japicmp:0.15.6:cmp (default) @ netty-nio-client ---
[INFO] Written file 'D:\A_ThucNghiem\scripts_v2\workspaces\20260724_010022_d3f7f7b1__baseline_readiness\202_95247959_8592520d\compiledrepos\95247959\http-clients\netty-nio-client\target\japicmp\japicmp.diff'.
[INFO] Written file 'D:\A_ThucNghiem\scripts_v2\workspaces\20260724_010022_d3f7f7b1__baseline_readiness\202_95247959_8592520d\compiledrepos\95247959\http-clients\netty-nio-client\target\japicmp\japicmp.xml'.
[INFO] Written file 'D:\A_ThucNghiem\scripts_v2\workspaces\20260724_010022_d3f7f7b1__baseline_readiness\202_95247959_8592520d\compiledrepos\95247959\http-clients\netty-nio-client\target\japicmp\japicmp.html'.
[INFO] 
[INFO] --- install:3.1.4:install (default-install) @ netty-nio-client ---
[INFO] Installing D:\A_ThucNghiem\scripts_v2\workspaces\20260724_010022_d3f7f7b1__baseline_readiness\202_95247959_8592520d\compiledrepos\95247959\http-clients\netty-nio-client\pom.xml to C:\Users\admin\.m2\repository\software\amazon\awssdk\netty-nio-client\2.49.2-SNAPSHOT\netty-nio-client-2.49.2-SNAPSHOT.pom
[INFO] Installing D:\A_ThucNghiem\scripts_v2\workspaces\20260724_010022_d3f7f7b1__baseline_readiness\202_95247959_8592520d\compiledrepos\95247959\http-clients\netty-nio-client\target\aws-sdk-java-netty-nio-client-2.49.2-SNAPSHOT.jar to C:\Users\admin\.m2\repository\software\amazon\awssdk\netty-nio-client\2.49.2-SNAPSHOT\netty-nio-client-2.49.2-SNAPSHOT.jar
[INFO] ------------------------------------------------------------------------
[INFO] Reactor Summary:
[INFO] 
[INFO] AWS Java SDK :: Build Tools 1.0 .................... SUCCESS [  3.196 s]
[INFO] AWS Java SDK :: Parent 2.49.2-SNAPSHOT ............. SUCCESS [  4.329 s]
[INFO] AWS Java SDK :: Core 2.49.2-SNAPSHOT ............... SUCCESS [  0.058 s]"
2026-07-23T18:57:16+00:00,maven_reactor_prewarm_wait,95247959,http-clients/netty-nio-client,,203,95247959:http-clients/netty-nio-client/src/main/java/software/amazon/awssdk/http/nio/netty/internal/utils/channelutils.java,ChannelUtils,,PASS,80.325,waited 80.325s for same repo/scope prewarm lock: maven:http-clients/netty-nio-client
2026-07-23T18:57:16+00:00,baseline_sandbox_readiness,95247959,http-clients/netty-nio-client,,202,95247959:http-clients/netty-nio-client/src/main/java/software/amazon/awssdk/http/nio/netty/internal/proxytunnelinithandler.java,ProxyTunnelInitHandler,ProxyTunnelInitHandler_RBL4_8592520dTest,PASS,369.187,ok; sandbox readiness passed
2026-07-23T18:57:16+00:00,maven_reactor_prewarm,95247959,http-clients/netty-nio-client,,203,95247959:http-clients/netty-nio-client/src/main/java/software/amazon/awssdk/http/nio/netty/internal/utils/channelutils.java,ChannelUtils,,START,,prewarm reactor dependencies for -pl http-clients/netty-nio-client; synthesized placeholder test hidden during prewarm: ChannelUtils_RBL4_6d41ba87Test.java
2026-07-23T18:57:16+00:00,baseline_sandbox_readiness,95247959,http-clients/netty-nio-client,,205,95247959:http-clients/netty-nio-client/src/main/java/software/amazon/awssdk/http/nio/netty/internal/honorcloseonreleasechannelpool.java,HonorCloseOnReleaseChannelPool,HonorCloseOnReleaseChannelPool_RBL4_0c77cc85Test,START,,prepare per-class sandbox and run generation prewarm without invoking GPT/EvoSuite
2026-07-23T18:57:55+00:00,maven_reactor_prewarm,95247959,http-clients/netty-nio-client,,203,95247959:http-clients/netty-nio-client/src/main/java/software/amazon/awssdk/http/nio/netty/internal/utils/channelutils.java,ChannelUtils,,PASS,39.292,"pile) @ netty-nio-client ---
[WARNING]  Parameter 'forceJavacCompilerUse' (user property 'maven.compiler.forceJavacCompilerUse') is deprecated: Use forceLegacyJavacApi instead
[INFO] Recompiling the module because of changed dependency.
[INFO] Compiling 91 source files with javac [debug target 1.8] to target\classes
[INFO] 
[INFO] --- resources:3.4.0:testResources (default-testResources) @ netty-nio-client ---
[INFO] Copying 5 resources from src\test\resources to target\test-classes
[INFO] skip non existing resourceDirectory D:\A_ThucNghiem\scripts_v2\workspaces\20260724_010022_d3f7f7b1__baseline_readiness\203_95247959_6d41ba87\compiledrepos\95247959\http-clients\netty-nio-client\src\it\resources
[INFO] 
[INFO] --- compiler:3.14.1:testCompile (default-testCompile) @ netty-nio-client ---
[WARNING]  Parameter 'forceJavacCompilerUse' (user property 'maven.compiler.forceJavacCompilerUse') is deprecated: Use forceLegacyJavacApi instead
[INFO] Recompiling the module because of changed dependency.
[INFO] Compiling 94 source files with javac [debug target 1.8] to target\test-classes
[INFO] 
[INFO] --- surefire:3.1.2:test (default-test) @ netty-nio-client ---
[INFO] Tests are skipped.
[INFO] 
[INFO] --- jar:3.3.0:jar (default-jar) @ netty-nio-client ---
[INFO] Building jar: D:\A_ThucNghiem\scripts_v2\workspaces\20260724_010022_d3f7f7b1__baseline_readiness\203_95247959_6d41ba87\compiledrepos\95247959\http-clients\netty-nio-client\target\aws-sdk-java-netty-nio-client-2.49.2-SNAPSHOT.jar
[INFO] 
[INFO] --- javadoc:3.4.1:jar (generate-javadocs) @ netty-nio-client ---
[INFO] Skipping javadoc generation
[INFO] 
[INFO] --- jacoco:0.8.13:report (jacoco-site) @ netty-nio-client ---
[INFO] Skipping JaCoCo execution because property jacoco.skip is set.
[INFO] 
[INFO] --- jacoco:0.8.13:prepare-agent (pre-integration-test) @ netty-nio-client ---
[INFO] Skipping JaCoCo execution because property jacoco.skip is set.
[INFO] 
[INFO] --- jacoco:0.8.13:report (post-integration-test) @ netty-nio-client ---
[INFO] Skipping JaCoCo execution because property jacoco.skip is set.
[INFO] 
[INFO] --- dependency:3.1.1:analyze-only (default) @ netty-nio-client ---
[INFO] No dependency problems found
[INFO] 
[INFO] --- japicmp:0.15.6:cmp (default) @ netty-nio-client ---
[INFO] Written file 'D:\A_ThucNghiem\scripts_v2\workspaces\20260724_010022_d3f7f7b1__baseline_readiness\203_95247959_6d41ba87\compiledrepos\95247959\http-clients\netty-nio-client\target\japicmp\japicmp.diff'.
[INFO] Written file 'D:\A_ThucNghiem\scripts_v2\workspaces\20260724_010022_d3f7f7b1__baseline_readiness\203_95247959_6d41ba87\compiledrepos\95247959\http-clients\netty-nio-client\target\japicmp\japicmp.xml'.
[INFO] Written file 'D:\A_ThucNghiem\scripts_v2\workspaces\20260724_010022_d3f7f7b1__baseline_readiness\203_95247959_6d41ba87\compiledrepos\95247959\http-clients\netty-nio-client\target\japicmp\japicmp.html'.
[INFO] 
[INFO] --- install:3.1.4:install (default-install) @ netty-nio-client ---
[INFO] Installing D:\A_ThucNghiem\scripts_v2\workspaces\20260724_010022_d3f7f7b1__baseline_readiness\203_95247959_6d41ba87\compiledrepos\95247959\http-clients\netty-nio-client\pom.xml to C:\Users\admin\.m2\repository\software\amazon\awssdk\netty-nio-client\2.49.2-SNAPSHOT\netty-nio-client-2.49.2-SNAPSHOT.pom
[INFO] Installing D:\A_ThucNghiem\scripts_v2\workspaces\20260724_010022_d3f7f7b1__baseline_readiness\203_95247959_6d41ba87\compiledrepos\95247959\http-clients\netty-nio-client\target\aws-sdk-java-netty-nio-client-2.49.2-SNAPSHOT.jar to C:\Users\admin\.m2\repository\software\amazon\awssdk\netty-nio-client\2.49.2-SNAPSHOT\netty-nio-client-2.49.2-SNAPSHOT.jar
[INFO] ------------------------------------------------------------------------
[INFO] Reactor Summary:
[INFO] 
[INFO] AWS Java SDK :: Build Tools 1.0 .................... SUCCESS [  3.481 s]
[INFO] AWS Java SDK :: Parent 2.49.2-SNAPSHOT ............. SUCCESS [  3.819 s]
[INFO] AWS Java SDK :: Core 2.49.2-SNAPSHOT ............... SUCCESS [  0.051 s]"
2026-07-23T18:57:55+00:00,baseline_sandbox_readiness,95247959,http-clients/netty-nio-client,,203,95247959:http-clients/netty-nio-client/src/main/java/software/amazon/awssdk/http/nio/netty/internal/utils/channelutils.java,ChannelUtils,ChannelUtils_RBL4_6d41ba87Test,PASS,407.581,ok; sandbox readiness passed
2026-07-23T18:57:55+00:00,maven_reactor_prewarm_wait,95247959,http-clients/netty-nio-client,,200,95247959:http-clients/netty-nio-client/src/main/java/software/amazon/awssdk/http/nio/netty/internal/http2/http2settingsframehandler.java,Http2SettingsFrameHandler,,PASS,119.617,waited 119.617s for same repo/scope prewarm lock: maven:http-clients/netty-nio-client
2026-07-23T18:57:55+00:00,baseline_sandbox_readiness,95247959,http-clients/netty-nio-client,,206,95247959:http-clients/netty-nio-client/src/main/java/software/amazon/awssdk/http/nio/netty/internal/utils/betterfixedchannelpool.java,BetterFixedChannelPool,BetterFixedChannelPool_RBL4_4477633fTest,START,,prepare per-class sandbox and run generation prewarm without invoking GPT/EvoSuite
2026-07-23T18:57:55+00:00,maven_reactor_prewarm,95247959,http-clients/netty-nio-client,,200,95247959:http-clients/netty-nio-client/src/main/java/software/amazon/awssdk/http/nio/netty/internal/http2/http2settingsframehandler.java,Http2SettingsFrameHandler,,START,,prewarm reactor dependencies for -pl http-clients/netty-nio-client; synthesized placeholder test hidden during prewarm: Http2SettingsFrameHandler_RBL4_27231889Test.java
2026-07-23T18:58:36+00:00,maven_reactor_prewarm,95247959,http-clients/netty-nio-client,,200,95247959:http-clients/netty-nio-client/src/main/java/software/amazon/awssdk/http/nio/netty/internal/http2/http2settingsframehandler.java,Http2SettingsFrameHandler,,PASS,40.863,"pile) @ netty-nio-client ---
[WARNING]  Parameter 'forceJavacCompilerUse' (user property 'maven.compiler.forceJavacCompilerUse') is deprecated: Use forceLegacyJavacApi instead
[INFO] Recompiling the module because of changed dependency.
[INFO] Compiling 91 source files with javac [debug target 1.8] to target\classes
[INFO] 
[INFO] --- resources:3.4.0:testResources (default-testResources) @ netty-nio-client ---
[INFO] Copying 5 resources from src\test\resources to target\test-classes
[INFO] skip non existing resourceDirectory D:\A_ThucNghiem\scripts_v2\workspaces\20260724_010022_d3f7f7b1__baseline_readiness\200_95247959_27231889\compiledrepos\95247959\http-clients\netty-nio-client\src\it\resources
[INFO] 
[INFO] --- compiler:3.14.1:testCompile (default-testCompile) @ netty-nio-client ---
[WARNING]  Parameter 'forceJavacCompilerUse' (user property 'maven.compiler.forceJavacCompilerUse') is deprecated: Use forceLegacyJavacApi instead
[INFO] Recompiling the module because of changed dependency.
[INFO] Compiling 94 source files with javac [debug target 1.8] to target\test-classes
[INFO] 
[INFO] --- surefire:3.1.2:test (default-test) @ netty-nio-client ---
[INFO] Tests are skipped.
[INFO] 
[INFO] --- jar:3.3.0:jar (default-jar) @ netty-nio-client ---
[INFO] Building jar: D:\A_ThucNghiem\scripts_v2\workspaces\20260724_010022_d3f7f7b1__baseline_readiness\200_95247959_27231889\compiledrepos\95247959\http-clients\netty-nio-client\target\aws-sdk-java-netty-nio-client-2.49.2-SNAPSHOT.jar
[INFO] 
[INFO] --- javadoc:3.4.1:jar (generate-javadocs) @ netty-nio-client ---
[INFO] Skipping javadoc generation
[INFO] 
[INFO] --- jacoco:0.8.13:report (jacoco-site) @ netty-nio-client ---
[INFO] Skipping JaCoCo execution because property jacoco.skip is set.
[INFO] 
[INFO] --- jacoco:0.8.13:prepare-agent (pre-integration-test) @ netty-nio-client ---
[INFO] Skipping JaCoCo execution because property jacoco.skip is set.
[INFO] 
[INFO] --- jacoco:0.8.13:report (post-integration-test) @ netty-nio-client ---
[INFO] Skipping JaCoCo execution because property jacoco.skip is set.
[INFO] 
[INFO] --- dependency:3.1.1:analyze-only (default) @ netty-nio-client ---
[INFO] No dependency problems found
[INFO] 
[INFO] --- japicmp:0.15.6:cmp (default) @ netty-nio-client ---
[INFO] Written file 'D:\A_ThucNghiem\scripts_v2\workspaces\20260724_010022_d3f7f7b1__baseline_readiness\200_95247959_27231889\compiledrepos\95247959\http-clients\netty-nio-client\target\japicmp\japicmp.diff'.
[INFO] Written file 'D:\A_ThucNghiem\scripts_v2\workspaces\20260724_010022_d3f7f7b1__baseline_readiness\200_95247959_27231889\compiledrepos\95247959\http-clients\netty-nio-client\target\japicmp\japicmp.xml'.
[INFO] Written file 'D:\A_ThucNghiem\scripts_v2\workspaces\20260724_010022_d3f7f7b1__baseline_readiness\200_95247959_27231889\compiledrepos\95247959\http-clients\netty-nio-client\target\japicmp\japicmp.html'.
[INFO] 
[INFO] --- install:3.1.4:install (default-install) @ netty-nio-client ---
[INFO] Installing D:\A_ThucNghiem\scripts_v2\workspaces\20260724_010022_d3f7f7b1__baseline_readiness\200_95247959_27231889\compiledrepos\95247959\http-clients\netty-nio-client\pom.xml to C:\Users\admin\.m2\repository\software\amazon\awssdk\netty-nio-client\2.49.2-SNAPSHOT\netty-nio-client-2.49.2-SNAPSHOT.pom
[INFO] Installing D:\A_ThucNghiem\scripts_v2\workspaces\20260724_010022_d3f7f7b1__baseline_readiness\200_95247959_27231889\compiledrepos\95247959\http-clients\netty-nio-client\target\aws-sdk-java-netty-nio-client-2.49.2-SNAPSHOT.jar to C:\Users\admin\.m2\repository\software\amazon\awssdk\netty-nio-client\2.49.2-SNAPSHOT\netty-nio-client-2.49.2-SNAPSHOT.jar
[INFO] ------------------------------------------------------------------------
[INFO] Reactor Summary:
[INFO] 
[INFO] AWS Java SDK :: Build Tools 1.0 .................... SUCCESS [  3.125 s]
[INFO] AWS Java SDK :: Parent 2.49.2-SNAPSHOT ............. SUCCESS [  3.574 s]
[INFO] AWS Java SDK :: Core 2.49.2-SNAPSHOT ............... SUCCESS [  0.056 s]"
2026-07-23T18:58:36+00:00,baseline_sandbox_readiness,95247959,http-clients/netty-nio-client,,200,95247959:http-clients/netty-nio-client/src/main/java/software/amazon/awssdk/http/nio/netty/internal/http2/http2settingsframehandler.java,Http2SettingsFrameHandler,Http2SettingsFrameHandler_RBL4_27231889Test,PASS,496.914,ok; sandbox readiness passed
2026-07-23T18:58:36+00:00,maven_reactor_prewarm_wait,95247959,http-clients/netty-nio-client,,204,95247959:http-clients/netty-nio-client/src/main/java/software/amazon/awssdk/http/nio/netty/internal/http1tunnelconnectionpool.java,Http1TunnelConnectionPool,,PASS,102.819,waited 102.818s for same repo/scope prewarm lock: maven:http-clients/netty-nio-client
2026-07-23T18:58:36+00:00,baseline_sandbox_readiness,95247959,http-clients/netty-nio-client,,207,95247959:http-clients/netty-nio-client/src/main/java/software/amazon/awssdk/http/nio/netty/proxyconfiguration.java,ProxyConfiguration,ProxyConfiguration_RBL4_51b0240dTest,START,,prepare per-class sandbox and run generation prewarm without invoking GPT/EvoSuite
2026-07-23T18:58:36+00:00,maven_reactor_prewarm,95247959,http-clients/netty-nio-client,,204,95247959:http-clients/netty-nio-client/src/main/java/software/amazon/awssdk/http/nio/netty/internal/http1tunnelconnectionpool.java,Http1TunnelConnectionPool,,START,,prewarm reactor dependencies for -pl http-clients/netty-nio-client; synthesized placeholder test hidden during prewarm: Http1TunnelConnectionPool_RBL4_f157e96cTest.java
2026-07-23T18:59:16+00:00,maven_reactor_prewarm,95247959,http-clients/netty-nio-client,,204,95247959:http-clients/netty-nio-client/src/main/java/software/amazon/awssdk/http/nio/netty/internal/http1tunnelconnectionpool.java,Http1TunnelConnectionPool,,PASS,39.809,"pile) @ netty-nio-client ---
[WARNING]  Parameter 'forceJavacCompilerUse' (user property 'maven.compiler.forceJavacCompilerUse') is deprecated: Use forceLegacyJavacApi instead
[INFO] Recompiling the module because of changed dependency.
[INFO] Compiling 91 source files with javac [debug target 1.8] to target\classes
[INFO] 
[INFO] --- resources:3.4.0:testResources (default-testResources) @ netty-nio-client ---
[INFO] Copying 5 resources from src\test\resources to target\test-classes
[INFO] skip non existing resourceDirectory D:\A_ThucNghiem\scripts_v2\workspaces\20260724_010022_d3f7f7b1__baseline_readiness\204_95247959_f157e96c\compiledrepos\95247959\http-clients\netty-nio-client\src\it\resources
[INFO] 
[INFO] --- compiler:3.14.1:testCompile (default-testCompile) @ netty-nio-client ---
[WARNING]  Parameter 'forceJavacCompilerUse' (user property 'maven.compiler.forceJavacCompilerUse') is deprecated: Use forceLegacyJavacApi instead
[INFO] Recompiling the module because of changed dependency.
[INFO] Compiling 94 source files with javac [debug target 1.8] to target\test-classes
[INFO] 
[INFO] --- surefire:3.1.2:test (default-test) @ netty-nio-client ---
[INFO] Tests are skipped.
[INFO] 
[INFO] --- jar:3.3.0:jar (default-jar) @ netty-nio-client ---
[INFO] Building jar: D:\A_ThucNghiem\scripts_v2\workspaces\20260724_010022_d3f7f7b1__baseline_readiness\204_95247959_f157e96c\compiledrepos\95247959\http-clients\netty-nio-client\target\aws-sdk-java-netty-nio-client-2.49.2-SNAPSHOT.jar
[INFO] 
[INFO] --- javadoc:3.4.1:jar (generate-javadocs) @ netty-nio-client ---
[INFO] Skipping javadoc generation
[INFO] 
[INFO] --- jacoco:0.8.13:report (jacoco-site) @ netty-nio-client ---
[INFO] Skipping JaCoCo execution because property jacoco.skip is set.
[INFO] 
[INFO] --- jacoco:0.8.13:prepare-agent (pre-integration-test) @ netty-nio-client ---
[INFO] Skipping JaCoCo execution because property jacoco.skip is set.
[INFO] 
[INFO] --- jacoco:0.8.13:report (post-integration-test) @ netty-nio-client ---
[INFO] Skipping JaCoCo execution because property jacoco.skip is set.
[INFO] 
[INFO] --- dependency:3.1.1:analyze-only (default) @ netty-nio-client ---
[INFO] No dependency problems found
[INFO] 
[INFO] --- japicmp:0.15.6:cmp (default) @ netty-nio-client ---
[INFO] Written file 'D:\A_ThucNghiem\scripts_v2\workspaces\20260724_010022_d3f7f7b1__baseline_readiness\204_95247959_f157e96c\compiledrepos\95247959\http-clients\netty-nio-client\target\japicmp\japicmp.diff'.
[INFO] Written file 'D:\A_ThucNghiem\scripts_v2\workspaces\20260724_010022_d3f7f7b1__baseline_readiness\204_95247959_f157e96c\compiledrepos\95247959\http-clients\netty-nio-client\target\japicmp\japicmp.xml'.
[INFO] Written file 'D:\A_ThucNghiem\scripts_v2\workspaces\20260724_010022_d3f7f7b1__baseline_readiness\204_95247959_f157e96c\compiledrepos\95247959\http-clients\netty-nio-client\target\japicmp\japicmp.html'.
[INFO] 
[INFO] --- install:3.1.4:install (default-install) @ netty-nio-client ---
[INFO] Installing D:\A_ThucNghiem\scripts_v2\workspaces\20260724_010022_d3f7f7b1__baseline_readiness\204_95247959_f157e96c\compiledrepos\95247959\http-clients\netty-nio-client\pom.xml to C:\Users\admin\.m2\repository\software\amazon\awssdk\netty-nio-client\2.49.2-SNAPSHOT\netty-nio-client-2.49.2-SNAPSHOT.pom
[INFO] Installing D:\A_ThucNghiem\scripts_v2\workspaces\20260724_010022_d3f7f7b1__baseline_readiness\204_95247959_f157e96c\compiledrepos\95247959\http-clients\netty-nio-client\target\aws-sdk-java-netty-nio-client-2.49.2-SNAPSHOT.jar to C:\Users\admin\.m2\repository\software\amazon\awssdk\netty-nio-client\2.49.2-SNAPSHOT\netty-nio-client-2.49.2-SNAPSHOT.jar
[INFO] ------------------------------------------------------------------------
[INFO] Reactor Summary:
[INFO] 
[INFO] AWS Java SDK :: Build Tools 1.0 .................... SUCCESS [  3.968 s]
[INFO] AWS Java SDK :: Parent 2.49.2-SNAPSHOT ............. SUCCESS [  4.128 s]
[INFO] AWS Java SDK :: Core 2.49.2-SNAPSHOT ............... SUCCESS [  0.050 s]"
2026-07-23T18:59:16+00:00,baseline_sandbox_readiness,95247959,http-clients/netty-nio-client,,204,95247959:http-clients/netty-nio-client/src/main/java/software/amazon/awssdk/http/nio/netty/internal/http1tunnelconnectionpool.java,Http1TunnelConnectionPool,Http1TunnelConnectionPool_RBL4_f157e96cTest,PASS,160.514,ok; sandbox readiness passed
2026-07-23T18:59:16+00:00,maven_reactor_prewarm_wait,95247959,http-clients/netty-nio-client,,205,95247959:http-clients/netty-nio-client/src/main/java/software/amazon/awssdk/http/nio/netty/internal/honorcloseonreleasechannelpool.java,HonorCloseOnReleaseChannelPool,,PASS,98.388,waited 98.388s for same repo/scope prewarm lock: maven:http-clients/netty-nio-client
2026-07-23T18:59:16+00:00,baseline_sandbox_readiness,9619226,spring-data-simpledb-impl,,208,9619226:spring-data-simpledb-impl/src/main/java/org/springframework/data/simpledb/util/alphanumstringcomparator.java,AlphanumStringComparator,AlphanumStringComparator_RBL4_324510faTest,START,,prepare per-class sandbox and run generation prewarm without invoking GPT/EvoSuite
2026-07-23T18:59:16+00:00,maven_reactor_prewarm,95247959,http-clients/netty-nio-client,,205,95247959:http-clients/netty-nio-client/src/main/java/software/amazon/awssdk/http/nio/netty/internal/honorcloseonreleasechannelpool.java,HonorCloseOnReleaseChannelPool,,START,,prewarm reactor dependencies for -pl http-clients/netty-nio-client; synthesized placeholder test hidden during prewarm: HonorCloseOnReleaseChannelPool_RBL4_0c77cc85Test.java
2026-07-23T18:59:21+00:00,baseline_sandbox_readiness,9619226,spring-data-simpledb-impl,,208,9619226:spring-data-simpledb-impl/src/main/java/org/springframework/data/simpledb/util/alphanumstringcomparator.java,AlphanumStringComparator,AlphanumStringComparator_RBL4_324510faTest,PASS,4.875,ok; sandbox readiness passed
2026-07-23T18:59:21+00:00,baseline_sandbox_readiness,9619226,spring-data-simpledb-impl,,209,9619226:spring-data-simpledb-impl/src/main/java/org/springframework/data/simpledb/core/domainitembuilder.java,DomainItemBuilder,DomainItemBuilder_RBL4_fe7e4c72Test,START,,prepare per-class sandbox and run generation prewarm without invoking GPT/EvoSuite
2026-07-23T18:59:21+00:00,baseline_sandbox_readiness,9619226,spring-data-simpledb-impl,,209,9619226:spring-data-simpledb-impl/src/main/java/org/springframework/data/simpledb/core/domainitembuilder.java,DomainItemBuilder,DomainItemBuilder_RBL4_fe7e4c72Test,PASS,0.292,ok; sandbox readiness passed
2026-07-23T18:59:21+00:00,baseline_sandbox_readiness,9619226,spring-data-simpledb-impl,,210,9619226:spring-data-simpledb-impl/src/main/java/org/springframework/data/simpledb/query/simpledbresultconverter.java,SimpleDbResultConverter,SimpleDbResultConverter_RBL4_c6463d40Test,START,,prepare per-class sandbox and run generation prewarm without invoking GPT/EvoSuite
2026-07-23T18:59:21+00:00,baseline_sandbox_readiness,9619226,spring-data-simpledb-impl,,210,9619226:spring-data-simpledb-impl/src/main/java/org/springframework/data/simpledb/query/simpledbresultconverter.java,SimpleDbResultConverter,SimpleDbResultConverter_RBL4_c6463d40Test,PASS,0.277,ok; sandbox readiness passed
2026-07-23T18:59:21+00:00,baseline_sandbox_readiness,9619226,spring-data-simpledb-impl,,211,9619226:spring-data-simpledb-impl/src/main/java/org/springframework/data/simpledb/query/simpledbrepositoryquery.java,SimpleDbRepositoryQuery,SimpleDbRepositoryQuery_RBL4_ec1e9b28Test,START,,prepare per-class sandbox and run generation prewarm without invoking GPT/EvoSuite
2026-07-23T18:59:22+00:00,baseline_sandbox_readiness,9619226,spring-data-simpledb-impl,,211,9619226:spring-data-simpledb-impl/src/main/java/org/springframework/data/simpledb/query/simpledbrepositoryquery.java,SimpleDbRepositoryQuery,SimpleDbRepositoryQuery_RBL4_ec1e9b28Test,PASS,0.293,ok; sandbox readiness passed
2026-07-23T18:59:22+00:00,baseline_sandbox_readiness,9619226,spring-data-simpledb-impl,,212,9619226:spring-data-simpledb-impl/src/main/java/org/springframework/data/simpledb/util/maputils.java,MapUtils,MapUtils_RBL4_d5ece548Test,START,,prepare per-class sandbox and run generation prewarm without invoking GPT/EvoSuite
2026-07-23T18:59:22+00:00,baseline_sandbox_readiness,9619226,spring-data-simpledb-impl,,212,9619226:spring-data-simpledb-impl/src/main/java/org/springframework/data/simpledb/util/maputils.java,MapUtils,MapUtils_RBL4_d5ece548Test,PASS,0.3,ok; sandbox readiness passed
2026-07-23T18:59:22+00:00,baseline_sandbox_readiness,9619226,spring-data-simpledb-impl,,213,9619226:spring-data-simpledb-impl/src/main/java/org/springframework/data/simpledb/exception/simpledbexceptiontranslator.java,SimpleDbExceptionTranslator,SimpleDbExceptionTranslator_RBL4_9f019880Test,START,,prepare per-class sandbox and run generation prewarm without invoking GPT/EvoSuite
2026-07-23T18:59:22+00:00,baseline_sandbox_readiness,9619226,spring-data-simpledb-impl,,213,9619226:spring-data-simpledb-impl/src/main/java/org/springframework/data/simpledb/exception/simpledbexceptiontranslator.java,SimpleDbExceptionTranslator,SimpleDbExceptionTranslator_RBL4_9f019880Test,PASS,0.28,ok; sandbox readiness passed
2026-07-23T18:59:22+00:00,baseline_sandbox_readiness,9619226,spring-data-simpledb-impl,,214,9619226:spring-data-simpledb-impl/src/main/java/org/springframework/data/simpledb/query/parttreeconverter.java,PartTreeConverter,PartTreeConverter_RBL4_0742ac9cTest,START,,prepare per-class sandbox and run generation prewarm without invoking GPT/EvoSuite
2026-07-23T18:59:23+00:00,baseline_sandbox_readiness,9619226,spring-data-simpledb-impl,,214,9619226:spring-data-simpledb-impl/src/main/java/org/springframework/data/simpledb/query/parttreeconverter.java,PartTreeConverter,PartTreeConverter_RBL4_0742ac9cTest,PASS,0.293,ok; sandbox readiness passed
2026-07-23T18:59:23+00:00,baseline_sandbox_readiness,9619226,spring-data-simpledb-impl,,215,9619226:spring-data-simpledb-impl/src/main/java/org/springframework/data/simpledb/attributeutil/simpledbattributeconverter.java,SimpleDBAttributeConverter,SimpleDBAttributeConverter_RBL4_3b9a0f18Test,START,,prepare per-class sandbox and run generation prewarm without invoking GPT/EvoSuite
2026-07-23T18:59:23+00:00,baseline_sandbox_readiness,9619226,spring-data-simpledb-impl,,215,9619226:spring-data-simpledb-impl/src/main/java/org/springframework/data/simpledb/attributeutil/simpledbattributeconverter.java,SimpleDBAttributeConverter,SimpleDBAttributeConverter_RBL4_3b9a0f18Test,PASS,0.297,ok; sandbox readiness passed
2026-07-23T18:59:23+00:00,baseline_sandbox_readiness,97822421,infrastructure,,216,97822421:infrastructure/src/main/java/com/pchudzik/springmock/infrastructure/definition/registry/doublenameresolver.java,DoubleNameResolver,DoubleNameResolver_RBL4_9722645dTest,START,,prepare per-class sandbox and run generation prewarm without invoking GPT/EvoSuite
2026-07-23T18:59:30+00:00,baseline_sandbox_readiness,97822421,infrastructure,,216,97822421:infrastructure/src/main/java/com/pchudzik/springmock/infrastructure/definition/registry/doublenameresolver.java,DoubleNameResolver,DoubleNameResolver_RBL4_9722645dTest,PASS,6.729,ok; sandbox readiness passed
2026-07-23T18:59:30+00:00,baseline_sandbox_readiness,97822421,infrastructure,,217,97822421:infrastructure/src/main/java/com/pchudzik/springmock/infrastructure/annotation/nodoubleclassdefined.java,NoDoubleClassDefined,NoDoubleClassDefined_RBL4_f739e0feTest,START,,prepare per-class sandbox and run generation prewarm without invoking GPT/EvoSuite
2026-07-23T18:59:30+00:00,baseline_sandbox_readiness,97822421,infrastructure,,217,97822421:infrastructure/src/main/java/com/pchudzik/springmock/infrastructure/annotation/nodoubleclassdefined.java,NoDoubleClassDefined,NoDoubleClassDefined_RBL4_f739e0feTest,PASS,0.435,ok; sandbox readiness passed
2026-07-23T18:59:30+00:00,baseline_sandbox_readiness,97822421,infrastructure,,218,97822421:infrastructure/src/main/java/com/pchudzik/springmock/infrastructure/spring/mockclassresolver.java,MockClassResolver,MockClassResolver_RBL4_7e494c92Test,START,,prepare per-class sandbox and run generation prewarm without invoking GPT/EvoSuite
2026-07-23T18:59:30+00:00,baseline_sandbox_readiness,97822421,infrastructure,,218,97822421:infrastructure/src/main/java/com/pchudzik/springmock/infrastructure/spring/mockclassresolver.java,MockClassResolver,MockClassResolver_RBL4_7e494c92Test,PASS,0.412,ok; sandbox readiness passed
2026-07-23T18:59:30+00:00,baseline_sandbox_readiness,97822421,infrastructure,,219,97822421:infrastructure/src/main/java/com/pchudzik/springmock/infrastructure/definition/registry/doubleconfigurationresolver.java,DoubleConfigurationResolver,DoubleConfigurationResolver_RBL4_f449ae5fTest,START,,prepare per-class sandbox and run generation prewarm without invoking GPT/EvoSuite
2026-07-23T18:59:31+00:00,baseline_sandbox_readiness,97822421,infrastructure,,219,97822421:infrastructure/src/main/java/com/pchudzik/springmock/infrastructure/definition/registry/doubleconfigurationresolver.java,DoubleConfigurationResolver,DoubleConfigurationResolver_RBL4_f449ae5fTest,PASS,0.485,ok; sandbox readiness passed
2026-07-23T18:59:31+00:00,baseline_sandbox_readiness,97822421,infrastructure,,220,97822421:infrastructure/src/main/java/com/pchudzik/springmock/infrastructure/spring/util/applicationcontextwalker.java,ApplicationContextWalker,ApplicationContextWalker_RBL4_8573e9e6Test,START,,prepare per-class sandbox and run generation prewarm without invoking GPT/EvoSuite
2026-07-23T18:59:32+00:00,baseline_sandbox_readiness,97822421,infrastructure,,220,97822421:infrastructure/src/main/java/com/pchudzik/springmock/infrastructure/spring/util/applicationcontextwalker.java,ApplicationContextWalker,ApplicationContextWalker_RBL4_8573e9e6Test,PASS,0.609,ok; sandbox readiness passed
2026-07-23T18:59:32+00:00,baseline_sandbox_readiness,97822421,infrastructure,,221,97822421:infrastructure/src/main/java/com/pchudzik/springmock/infrastructure/spring/util/beandefinitionfinder.java,BeanDefinitionFinder,BeanDefinitionFinder_RBL4_e4d7c8afTest,START,,prepare per-class sandbox and run generation prewarm without invoking GPT/EvoSuite
2026-07-23T18:59:32+00:00,baseline_sandbox_readiness,97822421,infrastructure,,221,97822421:infrastructure/src/main/java/com/pchudzik/springmock/infrastructure/spring/util/beandefinitionfinder.java,BeanDefinitionFinder,BeanDefinitionFinder_RBL4_e4d7c8afTest,PASS,0.397,ok; sandbox readiness passed
2026-07-23T18:59:32+00:00,baseline_sandbox_readiness,97822421,infrastructure,,222,97822421:infrastructure/src/main/java/com/pchudzik/springmock/infrastructure/definition/registry/doublesearch.java,DoubleSearch,DoubleSearch_RBL4_ffeb6769Test,START,,prepare per-class sandbox and run generation prewarm without invoking GPT/EvoSuite
2026-07-23T18:59:32+00:00,baseline_sandbox_readiness,97822421,infrastructure,,222,97822421:infrastructure/src/main/java/com/pchudzik/springmock/infrastructure/definition/registry/doublesearch.java,DoubleSearch,DoubleSearch_RBL4_ffeb6769Test,PASS,0.522,ok; sandbox readiness passed
2026-07-23T18:59:33+00:00,baseline_sandbox_readiness,97822421,infrastructure,,223,97822421:infrastructure/src/main/java/com/pchudzik/springmock/infrastructure/definition/doublename.java,DoubleName,DoubleName_RBL4_a3466d37Test,START,,prepare per-class sandbox and run generation prewarm without invoking GPT/EvoSuite
2026-07-23T18:59:33+00:00,baseline_sandbox_readiness,97822421,infrastructure,,223,97822421:infrastructure/src/main/java/com/pchudzik/springmock/infrastructure/definition/doublename.java,DoubleName,DoubleName_RBL4_a3466d37Test,PASS,0.804,ok; sandbox readiness passed
2026-07-23T18:59:33+00:00,baseline_sandbox_readiness,98410891,core,,224,98410891:core/src/main/java/com/softavail/commsrouter/eval/rsqlevaluatorfactory.java,RsqlEvaluatorFactory,RsqlEvaluatorFactory_RBL4_fb92d911Test,START,,prepare per-class sandbox and run generation prewarm without invoking GPT/EvoSuite
2026-07-23T18:59:48+00:00,maven_reactor_prewarm,98410891,core,,224,98410891:core/src/main/java/com/softavail/commsrouter/eval/rsqlevaluatorfactory.java,RsqlEvaluatorFactory,,START,,prewarm reactor dependencies for -pl core; synthesized placeholder test hidden during prewarm: RsqlEvaluatorFactory_RBL4_fb92d911Test.java
2026-07-23T18:59:53+00:00,maven_reactor_prewarm,95247959,http-clients/netty-nio-client,,205,95247959:http-clients/netty-nio-client/src/main/java/software/amazon/awssdk/http/nio/netty/internal/honorcloseonreleasechannelpool.java,HonorCloseOnReleaseChannelPool,,PASS,36.948,"pile) @ netty-nio-client ---
[WARNING]  Parameter 'forceJavacCompilerUse' (user property 'maven.compiler.forceJavacCompilerUse') is deprecated: Use forceLegacyJavacApi instead
[INFO] Recompiling the module because of changed dependency.
[INFO] Compiling 91 source files with javac [debug target 1.8] to target\classes
[INFO] 
[INFO] --- resources:3.4.0:testResources (default-testResources) @ netty-nio-client ---
[INFO] Copying 5 resources from src\test\resources to target\test-classes
[INFO] skip non existing resourceDirectory D:\A_ThucNghiem\scripts_v2\workspaces\20260724_010022_d3f7f7b1__baseline_readiness\205_95247959_0c77cc85\compiledrepos\95247959\http-clients\netty-nio-client\src\it\resources
[INFO] 
[INFO] --- compiler:3.14.1:testCompile (default-testCompile) @ netty-nio-client ---
[WARNING]  Parameter 'forceJavacCompilerUse' (user property 'maven.compiler.forceJavacCompilerUse') is deprecated: Use forceLegacyJavacApi instead
[INFO] Recompiling the module because of changed dependency.
[INFO] Compiling 94 source files with javac [debug target 1.8] to target\test-classes
[INFO] 
[INFO] --- surefire:3.1.2:test (default-test) @ netty-nio-client ---
[INFO] Tests are skipped.
[INFO] 
[INFO] --- jar:3.3.0:jar (default-jar) @ netty-nio-client ---
[INFO] Building jar: D:\A_ThucNghiem\scripts_v2\workspaces\20260724_010022_d3f7f7b1__baseline_readiness\205_95247959_0c77cc85\compiledrepos\95247959\http-clients\netty-nio-client\target\aws-sdk-java-netty-nio-client-2.49.2-SNAPSHOT.jar
[INFO] 
[INFO] --- javadoc:3.4.1:jar (generate-javadocs) @ netty-nio-client ---
[INFO] Skipping javadoc generation
[INFO] 
[INFO] --- jacoco:0.8.13:report (jacoco-site) @ netty-nio-client ---
[INFO] Skipping JaCoCo execution because property jacoco.skip is set.
[INFO] 
[INFO] --- jacoco:0.8.13:prepare-agent (pre-integration-test) @ netty-nio-client ---
[INFO] Skipping JaCoCo execution because property jacoco.skip is set.
[INFO] 
[INFO] --- jacoco:0.8.13:report (post-integration-test) @ netty-nio-client ---
[INFO] Skipping JaCoCo execution because property jacoco.skip is set.
[INFO] 
[INFO] --- dependency:3.1.1:analyze-only (default) @ netty-nio-client ---
[INFO] No dependency problems found
[INFO] 
[INFO] --- japicmp:0.15.6:cmp (default) @ netty-nio-client ---
[INFO] Written file 'D:\A_ThucNghiem\scripts_v2\workspaces\20260724_010022_d3f7f7b1__baseline_readiness\205_95247959_0c77cc85\compiledrepos\95247959\http-clients\netty-nio-client\target\japicmp\japicmp.diff'.
[INFO] Written file 'D:\A_ThucNghiem\scripts_v2\workspaces\20260724_010022_d3f7f7b1__baseline_readiness\205_95247959_0c77cc85\compiledrepos\95247959\http-clients\netty-nio-client\target\japicmp\japicmp.xml'.
[INFO] Written file 'D:\A_ThucNghiem\scripts_v2\workspaces\20260724_010022_d3f7f7b1__baseline_readiness\205_95247959_0c77cc85\compiledrepos\95247959\http-clients\netty-nio-client\target\japicmp\japicmp.html'.
[INFO] 
[INFO] --- install:3.1.4:install (default-install) @ netty-nio-client ---
[INFO] Installing D:\A_ThucNghiem\scripts_v2\workspaces\20260724_010022_d3f7f7b1__baseline_readiness\205_95247959_0c77cc85\compiledrepos\95247959\http-clients\netty-nio-client\pom.xml to C:\Users\admin\.m2\repository\software\amazon\awssdk\netty-nio-client\2.49.2-SNAPSHOT\netty-nio-client-2.49.2-SNAPSHOT.pom
[INFO] Installing D:\A_ThucNghiem\scripts_v2\workspaces\20260724_010022_d3f7f7b1__baseline_readiness\205_95247959_0c77cc85\compiledrepos\95247959\http-clients\netty-nio-client\target\aws-sdk-java-netty-nio-client-2.49.2-SNAPSHOT.jar to C:\Users\admin\.m2\repository\software\amazon\awssdk\netty-nio-client\2.49.2-SNAPSHOT\netty-nio-client-2.49.2-SNAPSHOT.jar
[INFO] ------------------------------------------------------------------------
[INFO] Reactor Summary:
[INFO] 
[INFO] AWS Java SDK :: Build Tools 1.0 .................... SUCCESS [  3.155 s]
[INFO] AWS Java SDK :: Parent 2.49.2-SNAPSHOT ............. SUCCESS [  3.252 s]
[INFO] AWS Java SDK :: Core 2.49.2-SNAPSHOT ............... SUCCESS [  0.048 s]"
2026-07-23T18:59:53+00:00,maven_reactor_prewarm_wait,95247959,http-clients/netty-nio-client,,206,95247959:http-clients/netty-nio-client/src/main/java/software/amazon/awssdk/http/nio/netty/internal/utils/betterfixedchannelpool.java,BetterFixedChannelPool,,PASS,88.283,waited 88.283s for same repo/scope prewarm lock: maven:http-clients/netty-nio-client
2026-07-23T18:59:53+00:00,baseline_sandbox_readiness,95247959,http-clients/netty-nio-client,,205,95247959:http-clients/netty-nio-client/src/main/java/software/amazon/awssdk/http/nio/netty/internal/honorcloseonreleasechannelpool.java,HonorCloseOnReleaseChannelPool,HonorCloseOnReleaseChannelPool_RBL4_0c77cc85Test,PASS,156.942,ok; sandbox readiness passed
2026-07-23T18:59:53+00:00,maven_reactor_prewarm,95247959,http-clients/netty-nio-client,,206,95247959:http-clients/netty-nio-client/src/main/java/software/amazon/awssdk/http/nio/netty/internal/utils/betterfixedchannelpool.java,BetterFixedChannelPool,,START,,prewarm reactor dependencies for -pl http-clients/netty-nio-client; synthesized placeholder test hidden during prewarm: BetterFixedChannelPool_RBL4_4477633fTest.java
2026-07-23T18:59:53+00:00,baseline_sandbox_readiness,98410891,core,,225,98410891:core/src/main/java/com/softavail/commsrouter/domain/routerobject.java,RouterObject,RouterObject_RBL4_12e60e04Test,START,,prepare per-class sandbox and run generation prewarm without invoking GPT/EvoSuite
2026-07-23T19:00:06+00:00,maven_reactor_prewarm,98410891,core,,224,98410891:core/src/main/java/com/softavail/commsrouter/eval/rsqlevaluatorfactory.java,RsqlEvaluatorFactory,,PASS,18.695,"dScmBranch: UNKNOWN_BRANCH
[INFO] 
[INFO] --- jacoco:0.7.9:prepare-agent (default-prepare-agent) @ comms-router-core ---
[INFO] Skipping JaCoCo execution because property jacoco.skip is set.
[INFO] argLine set to empty
[INFO] 
[INFO] --- resources:3.4.0:resources (default-resources) @ comms-router-core ---
[INFO] Copying 2 resources from src\main\resources to target\classes
[INFO] 
[INFO] --- compiler:3.6.2:compile (default-compile) @ comms-router-core ---
[INFO] Changes detected - recompiling the module!
[INFO] Compiling 79 source files to D:\A_ThucNghiem\scripts_v2\workspaces\20260724_010022_d3f7f7b1__baseline_readiness\224_98410891_fb92d911\compiledrepos\98410891\core\target\classes
[WARNING] /D:/A_ThucNghiem/scripts_v2/workspaces/20260724_010022_d3f7f7b1__baseline_readiness/224_98410891_fb92d911/compiledrepos/98410891/core/src/main/java/com/softavail/commsrouter/api/service/FilterHelper.java:[81,17] unchecked generic array creation for varargs parameter of type T[]
[WARNING] /D:/A_ThucNghiem/scripts_v2/workspaces/20260724_010022_d3f7f7b1__baseline_readiness/224_98410891_fb92d911/compiledrepos/98410891/core/src/main/java/com/softavail/commsrouter/api/service/FilterHelper.java:[190,22] unchecked method invocation: method like in interface javax.persistence.criteria.CriteriaBuilder is applied to given types
  required: javax.persistence.criteria.Expression<java.lang.String>,java.lang.String
  found: javax.persistence.criteria.Path,java.lang.String
[WARNING] /D:/A_ThucNghiem/scripts_v2/workspaces/20260724_010022_d3f7f7b1__baseline_readiness/224_98410891_fb92d911/compiledrepos/98410891/core/src/main/java/com/softavail/commsrouter/api/service/FilterHelper.java:[190,23] unchecked conversion
  required: javax.persistence.criteria.Expression<java.lang.String>
  found:    javax.persistence.criteria.Path
[WARNING] /D:/A_ThucNghiem/scripts_v2/workspaces/20260724_010022_d3f7f7b1__baseline_readiness/224_98410891_fb92d911/compiledrepos/98410891/core/src/main/java/com/softavail/commsrouter/api/service/FilterHelper.java:[196,29] unchecked call to in(java.util.Collection<?>) as a member of the raw type javax.persistence.criteria.Expression
[INFO] 
[INFO] --- resources:3.4.0:testResources (default-testResources) @ comms-router-core ---
[INFO] Copying 4 resources from src\test\resources to target\test-classes
[INFO] 
[INFO] --- compiler:3.6.2:testCompile (default-testCompile) @ comms-router-core ---
[INFO] Changes detected - recompiling the module!
[INFO] Compiling 13 source files to D:\A_ThucNghiem\scripts_v2\workspaces\20260724_010022_d3f7f7b1__baseline_readiness\224_98410891_fb92d911\compiledrepos\98410891\core\target\test-classes
[INFO] 
[INFO] --- surefire:3.5.4:test (default-test) @ comms-router-core ---
[INFO] Tests are skipped.
[INFO] 
[INFO] --- jacoco:0.7.9:report (default-report) @ comms-router-core ---
[INFO] Skipping JaCoCo execution because property jacoco.skip is set.
[INFO] 
[INFO] --- jar:3.5.0:jar (default-jar) @ comms-router-core ---
[INFO] Building jar: D:\A_ThucNghiem\scripts_v2\workspaces\20260724_010022_d3f7f7b1__baseline_readiness\224_98410891_fb92d911\compiledrepos\98410891\core\target\comms-router-core-0.10.2-SNAPSHOT.jar
[INFO] 
[INFO] --- jacoco:0.7.9:check (default-check) @ comms-router-core ---
[INFO] Skipping JaCoCo execution because property jacoco.skip is set.
[INFO] 
[INFO] --- install:3.1.4:install (default-install) @ comms-router-core ---
[INFO] Installing D:\A_ThucNghiem\scripts_v2\workspaces\20260724_010022_d3f7f7b1__baseline_readiness\224_98410891_fb92d911\compiledrepos\98410891\core\pom.xml to C:\Users\admin\.m2\repository\com\softavail\comms-router\comms-router-core\0.10.2-SNAPSHOT\comms-router-core-0.10.2-SNAPSHOT.pom
[INFO] Installing D:\A_ThucNghiem\scripts_v2\workspaces\20260724_010022_d3f7f7b1__baseline_readiness\224_98410891_fb92d911\compiledrepos\98410891\core\target\comms-router-core-0.10.2-SNAPSHOT.jar to C:\Users\admin\.m2\repository\com\softavail\comms-router\comms-router-core\0.10.2-SNAPSHO"
2026-07-23T19:00:06+00:00,baseline_sandbox_readiness,98410891,core,,224,98410891:core/src/main/java/com/softavail/commsrouter/eval/rsqlevaluatorfactory.java,RsqlEvaluatorFactory,RsqlEvaluatorFactory_RBL4_fb92d911Test,PASS,33.137,ok; sandbox readiness passed
2026-07-23T19:00:06+00:00,maven_reactor_prewarm_wait,98410891,core,,225,98410891:core/src/main/java/com/softavail/commsrouter/domain/routerobject.java,RouterObject,,PASS,12.816,waited 12.816s for same repo/scope prewarm lock: maven:core
2026-07-23T19:00:06+00:00,baseline_sandbox_readiness,98410891,applications/demo,,226,98410891:applications/demo/src/main/java/com/softavail/comms/demo/application/impl/cfg4jconfiguration.java,Cfg4jConfiguration,Cfg4jConfiguration_RBL4_4b1af932Test,START,,prepare per-class sandbox and run generation prewarm without invoking GPT/EvoSuite
2026-07-23T19:00:06+00:00,maven_reactor_prewarm,98410891,core,,225,98410891:core/src/main/java/com/softavail/commsrouter/domain/routerobject.java,RouterObject,,START,,prewarm reactor dependencies for -pl core; synthesized placeholder test hidden during prewarm: RouterObject_RBL4_12e60e04Test.java
2026-07-23T19:00:07+00:00,maven_reactor_prewarm,98410891,applications/demo,,226,98410891:applications/demo/src/main/java/com/softavail/comms/demo/application/impl/cfg4jconfiguration.java,Cfg4jConfiguration,,START,,prewarm reactor dependencies for -pl applications/demo; synthesized placeholder test hidden during prewarm: Cfg4jConfiguration_RBL4_4b1af932Test.java
2026-07-23T19:00:29+00:00,maven_reactor_prewarm,98410891,core,,225,98410891:core/src/main/java/com/softavail/commsrouter/domain/routerobject.java,RouterObject,,PASS,22.502,"dScmBranch: UNKNOWN_BRANCH
[INFO] 
[INFO] --- jacoco:0.7.9:prepare-agent (default-prepare-agent) @ comms-router-core ---
[INFO] Skipping JaCoCo execution because property jacoco.skip is set.
[INFO] argLine set to empty
[INFO] 
[INFO] --- resources:3.4.0:resources (default-resources) @ comms-router-core ---
[INFO] Copying 2 resources from src\main\resources to target\classes
[INFO] 
[INFO] --- compiler:3.6.2:compile (default-compile) @ comms-router-core ---
[INFO] Changes detected - recompiling the module!
[INFO] Compiling 79 source files to D:\A_ThucNghiem\scripts_v2\workspaces\20260724_010022_d3f7f7b1__baseline_readiness\225_98410891_12e60e04\compiledrepos\98410891\core\target\classes
[WARNING] /D:/A_ThucNghiem/scripts_v2/workspaces/20260724_010022_d3f7f7b1__baseline_readiness/225_98410891_12e60e04/compiledrepos/98410891/core/src/main/java/com/softavail/commsrouter/api/service/FilterHelper.java:[81,17] unchecked generic array creation for varargs parameter of type T[]
[WARNING] /D:/A_ThucNghiem/scripts_v2/workspaces/20260724_010022_d3f7f7b1__baseline_readiness/225_98410891_12e60e04/compiledrepos/98410891/core/src/main/java/com/softavail/commsrouter/api/service/FilterHelper.java:[190,22] unchecked method invocation: method like in interface javax.persistence.criteria.CriteriaBuilder is applied to given types
  required: javax.persistence.criteria.Expression<java.lang.String>,java.lang.String
  found: javax.persistence.criteria.Path,java.lang.String
[WARNING] /D:/A_ThucNghiem/scripts_v2/workspaces/20260724_010022_d3f7f7b1__baseline_readiness/225_98410891_12e60e04/compiledrepos/98410891/core/src/main/java/com/softavail/commsrouter/api/service/FilterHelper.java:[190,23] unchecked conversion
  required: javax.persistence.criteria.Expression<java.lang.String>
  found:    javax.persistence.criteria.Path
[WARNING] /D:/A_ThucNghiem/scripts_v2/workspaces/20260724_010022_d3f7f7b1__baseline_readiness/225_98410891_12e60e04/compiledrepos/98410891/core/src/main/java/com/softavail/commsrouter/api/service/FilterHelper.java:[196,29] unchecked call to in(java.util.Collection<?>) as a member of the raw type javax.persistence.criteria.Expression
[INFO] 
[INFO] --- resources:3.4.0:testResources (default-testResources) @ comms-router-core ---
[INFO] Copying 4 resources from src\test\resources to target\test-classes
[INFO] 
[INFO] --- compiler:3.6.2:testCompile (default-testCompile) @ comms-router-core ---
[INFO] Changes detected - recompiling the module!
[INFO] Compiling 13 source files to D:\A_ThucNghiem\scripts_v2\workspaces\20260724_010022_d3f7f7b1__baseline_readiness\225_98410891_12e60e04\compiledrepos\98410891\core\target\test-classes
[INFO] 
[INFO] --- surefire:3.5.4:test (default-test) @ comms-router-core ---
[INFO] Tests are skipped.
[INFO] 
[INFO] --- jacoco:0.7.9:report (default-report) @ comms-router-core ---
[INFO] Skipping JaCoCo execution because property jacoco.skip is set.
[INFO] 
[INFO] --- jar:3.5.0:jar (default-jar) @ comms-router-core ---
[INFO] Building jar: D:\A_ThucNghiem\scripts_v2\workspaces\20260724_010022_d3f7f7b1__baseline_readiness\225_98410891_12e60e04\compiledrepos\98410891\core\target\comms-router-core-0.10.2-SNAPSHOT.jar
[INFO] 
[INFO] --- jacoco:0.7.9:check (default-check) @ comms-router-core ---
[INFO] Skipping JaCoCo execution because property jacoco.skip is set.
[INFO] 
[INFO] --- install:3.1.4:install (default-install) @ comms-router-core ---
[INFO] Installing D:\A_ThucNghiem\scripts_v2\workspaces\20260724_010022_d3f7f7b1__baseline_readiness\225_98410891_12e60e04\compiledrepos\98410891\core\pom.xml to C:\Users\admin\.m2\repository\com\softavail\comms-router\comms-router-core\0.10.2-SNAPSHOT\comms-router-core-0.10.2-SNAPSHOT.pom
[INFO] Installing D:\A_ThucNghiem\scripts_v2\workspaces\20260724_010022_d3f7f7b1__baseline_readiness\225_98410891_12e60e04\compiledrepos\98410891\core\target\comms-router-core-0.10.2-SNAPSHOT.jar to C:\Users\admin\.m2\repository\com\softavail\comms-router\comms-router-core\0.10.2-SNAPSHO"
2026-07-23T19:00:29+00:00,baseline_sandbox_readiness,98410891,core,,225,98410891:core/src/main/java/com/softavail/commsrouter/domain/routerobject.java,RouterObject,RouterObject_RBL4_12e60e04Test,PASS,36.066,ok; sandbox readiness passed
2026-07-23T19:00:29+00:00,baseline_sandbox_readiness,98410891,applications/demo,,227,98410891:applications/demo/src/main/java/com/softavail/comms/demo/application/impl/propertiesconfiguration.java,PropertiesConfiguration,PropertiesConfiguration_RBL4_1e12e7ddTest,START,,prepare per-class sandbox and run generation prewarm without invoking GPT/EvoSuite
2026-07-23T19:00:34+00:00,maven_reactor_prewarm,98410891,applications/demo,,226,98410891:applications/demo/src/main/java/com/softavail/comms/demo/application/impl/cfg4jconfiguration.java,Cfg4jConfiguration,,PASS,26.784," 0.10.2-SNAPSHOT                          [5/5]
[INFO]   from applications\demo\pom.xml
[INFO] --------------------------------[ war ]---------------------------------
[INFO] 
[INFO] --- checkstyle:2.17:checkstyle (validate) @ demo-application ---
[INFO] 
[INFO] --- buildnumber:1.4:create (default) @ demo-application ---
[INFO] ShortRevision tag detected. The value is '7'.
[INFO] Executing: cmd.exe /X /C ""git rev-parse --verify --short=7 HEAD""
[INFO] Working directory: D:\A_ThucNghiem\scripts_v2\workspaces\20260724_010022_d3f7f7b1__baseline_readiness\226_98410891_4b1af932\compiledrepos\98410891\applications\demo
[INFO] Storing buildNumber: null at timestamp: 1784833228249
[WARNING] Cannot get the branch information from the git repository: 
Detecting the current branch failed: fatal: not a git repository (or any of the parent directories): .git

[INFO] ShortRevision tag detected. The value is '7'.
[INFO] Executing: cmd.exe /X /C ""git rev-parse --verify --short=7 HEAD""
[INFO] Working directory: D:\A_ThucNghiem\scripts_v2\workspaces\20260724_010022_d3f7f7b1__baseline_readiness\226_98410891_4b1af932\compiledrepos\98410891\applications\demo
[INFO] Storing buildScmBranch: UNKNOWN_BRANCH
[INFO] 
[INFO] --- jacoco:0.7.9:prepare-agent (default-prepare-agent) @ demo-application ---
[INFO] Skipping JaCoCo execution because property jacoco.skip is set.
[INFO] argLine set to empty
[INFO] 
[INFO] --- resources:3.4.0:resources (default-resources) @ demo-application ---
[INFO] Copying 2 resources from src\main\resources to target\classes
[INFO] 
[INFO] --- compiler:3.6.2:compile (default-compile) @ demo-application ---
[INFO] Changes detected - recompiling the module!
[INFO] Compiling 48 source files to D:\A_ThucNghiem\scripts_v2\workspaces\20260724_010022_d3f7f7b1__baseline_readiness\226_98410891_4b1af932\compiledrepos\98410891\applications\demo\target\classes
[INFO] 
[INFO] --- resources:3.4.0:testResources (default-testResources) @ demo-application ---
[INFO] Copying 1 resource from src\test\resources to target\test-classes
[INFO] 
[INFO] --- compiler:3.6.2:testCompile (default-testCompile) @ demo-application ---
[INFO] Changes detected - recompiling the module!
[INFO] Compiling 3 source files to D:\A_ThucNghiem\scripts_v2\workspaces\20260724_010022_d3f7f7b1__baseline_readiness\226_98410891_4b1af932\compiledrepos\98410891\applications\demo\target\test-classes
[INFO] 
[INFO] --- surefire:3.5.4:test (default-test) @ demo-application ---
[INFO] Tests are skipped.
[INFO] 
[INFO] --- jacoco:0.7.9:report (default-report) @ demo-application ---
[INFO] Skipping JaCoCo execution because property jacoco.skip is set.
[INFO] 
[INFO] --- war:3.1.0:war (default-war) @ demo-application ---
[INFO] Packaging webapp
[INFO] Assembling webapp [demo-application] in [D:\A_ThucNghiem\scripts_v2\workspaces\20260724_010022_d3f7f7b1__baseline_readiness\226_98410891_4b1af932\compiledrepos\98410891\applications\demo\target\demo-application-0.10.2-SNAPSHOT]
[INFO] Processing war project
[INFO] Webapp assembled in [478 msecs]
[INFO] Building war: D:\A_ThucNghiem\scripts_v2\workspaces\20260724_010022_d3f7f7b1__baseline_readiness\226_98410891_4b1af932\compiledrepos\98410891\applications\demo\target\demo-application-0.10.2-SNAPSHOT.war
[INFO] 
[INFO] --- jacoco:0.7.9:check (default-check) @ demo-application ---
[INFO] Skipping JaCoCo execution because property jacoco.skip is set.
[INFO] 
[INFO] --- install:3.1.4:install (default-install) @ demo-application ---
[INFO] Installing D:\A_ThucNghiem\scripts_v2\workspaces\20260724_010022_d3f7f7b1__baseline_readiness\226_98410891_4b1af932\compiledrepos\98410891\applications\demo\pom.xml to C:\Users\admin\.m2\repository\com\softavail\comms-router\demo-application\0.10.2-SNAPSHOT\demo-application-0.10.2-SNAPSHOT.pom
[INFO] Installing D:\A_ThucNghiem\scripts_v2\workspaces\20260724_010022_d3f7f7b1__baseline_readiness\226_98410891_4b1af932\compiledrepos\98410891\applications\demo\target\demo-application-0.10.2-SNAPSHOT.war to C:\User"
2026-07-23T19:00:34+00:00,maven_reactor_prewarm_wait,98410891,applications/demo,,227,98410891:applications/demo/src/main/java/com/softavail/comms/demo/application/impl/propertiesconfiguration.java,PropertiesConfiguration,,PASS,4.211,waited 4.210s for same repo/scope prewarm lock: maven:applications/demo
2026-07-23T19:00:34+00:00,baseline_sandbox_readiness,98410891,applications/demo,,226,98410891:applications/demo/src/main/java/com/softavail/comms/demo/application/impl/cfg4jconfiguration.java,Cfg4jConfiguration,Cfg4jConfiguration_RBL4_4b1af932Test,PASS,27.6,ok; sandbox readiness passed
2026-07-23T19:00:34+00:00,maven_reactor_prewarm,98410891,applications/demo,,227,98410891:applications/demo/src/main/java/com/softavail/comms/demo/application/impl/propertiesconfiguration.java,PropertiesConfiguration,,START,,prewarm reactor dependencies for -pl applications/demo; synthesized placeholder test hidden during prewarm: PropertiesConfiguration_RBL4_1e12e7ddTest.java
2026-07-23T19:00:34+00:00,baseline_sandbox_readiness,98410891,core-interface,,228,98410891:core-interface/src/main/java/com/softavail/commsrouter/api/dto/model/skill/numberintervalboundary.java,NumberIntervalBoundary,NumberIntervalBoundary_RBL4_1b7997e6Test,START,,prepare per-class sandbox and run generation prewarm without invoking GPT/EvoSuite
2026-07-23T19:00:35+00:00,maven_reactor_prewarm,98410891,core-interface,,228,98410891:core-interface/src/main/java/com/softavail/commsrouter/api/dto/model/skill/numberintervalboundary.java,NumberIntervalBoundary,,START,,prewarm reactor dependencies for -pl core-interface; synthesized placeholder test hidden during prewarm: NumberIntervalBoundary_RBL4_1b7997e6Test.java
2026-07-23T19:00:36+00:00,maven_reactor_prewarm,95247959,http-clients/netty-nio-client,,206,95247959:http-clients/netty-nio-client/src/main/java/software/amazon/awssdk/http/nio/netty/internal/utils/betterfixedchannelpool.java,BetterFixedChannelPool,,PASS,42.864,"pile) @ netty-nio-client ---
[WARNING]  Parameter 'forceJavacCompilerUse' (user property 'maven.compiler.forceJavacCompilerUse') is deprecated: Use forceLegacyJavacApi instead
[INFO] Recompiling the module because of changed dependency.
[INFO] Compiling 91 source files with javac [debug target 1.8] to target\classes
[INFO] 
[INFO] --- resources:3.4.0:testResources (default-testResources) @ netty-nio-client ---
[INFO] Copying 5 resources from src\test\resources to target\test-classes
[INFO] skip non existing resourceDirectory D:\A_ThucNghiem\scripts_v2\workspaces\20260724_010022_d3f7f7b1__baseline_readiness\206_95247959_4477633f\compiledrepos\95247959\http-clients\netty-nio-client\src\it\resources
[INFO] 
[INFO] --- compiler:3.14.1:testCompile (default-testCompile) @ netty-nio-client ---
[WARNING]  Parameter 'forceJavacCompilerUse' (user property 'maven.compiler.forceJavacCompilerUse') is deprecated: Use forceLegacyJavacApi instead
[INFO] Recompiling the module because of changed dependency.
[INFO] Compiling 94 source files with javac [debug target 1.8] to target\test-classes
[INFO] 
[INFO] --- surefire:3.1.2:test (default-test) @ netty-nio-client ---
[INFO] Tests are skipped.
[INFO] 
[INFO] --- jar:3.3.0:jar (default-jar) @ netty-nio-client ---
[INFO] Building jar: D:\A_ThucNghiem\scripts_v2\workspaces\20260724_010022_d3f7f7b1__baseline_readiness\206_95247959_4477633f\compiledrepos\95247959\http-clients\netty-nio-client\target\aws-sdk-java-netty-nio-client-2.49.2-SNAPSHOT.jar
[INFO] 
[INFO] --- javadoc:3.4.1:jar (generate-javadocs) @ netty-nio-client ---
[INFO] Skipping javadoc generation
[INFO] 
[INFO] --- jacoco:0.8.13:report (jacoco-site) @ netty-nio-client ---
[INFO] Skipping JaCoCo execution because property jacoco.skip is set.
[INFO] 
[INFO] --- jacoco:0.8.13:prepare-agent (pre-integration-test) @ netty-nio-client ---
[INFO] Skipping JaCoCo execution because property jacoco.skip is set.
[INFO] 
[INFO] --- jacoco:0.8.13:report (post-integration-test) @ netty-nio-client ---
[INFO] Skipping JaCoCo execution because property jacoco.skip is set.
[INFO] 
[INFO] --- dependency:3.1.1:analyze-only (default) @ netty-nio-client ---
[INFO] No dependency problems found
[INFO] 
[INFO] --- japicmp:0.15.6:cmp (default) @ netty-nio-client ---
[INFO] Written file 'D:\A_ThucNghiem\scripts_v2\workspaces\20260724_010022_d3f7f7b1__baseline_readiness\206_95247959_4477633f\compiledrepos\95247959\http-clients\netty-nio-client\target\japicmp\japicmp.diff'.
[INFO] Written file 'D:\A_ThucNghiem\scripts_v2\workspaces\20260724_010022_d3f7f7b1__baseline_readiness\206_95247959_4477633f\compiledrepos\95247959\http-clients\netty-nio-client\target\japicmp\japicmp.xml'.
[INFO] Written file 'D:\A_ThucNghiem\scripts_v2\workspaces\20260724_010022_d3f7f7b1__baseline_readiness\206_95247959_4477633f\compiledrepos\95247959\http-clients\netty-nio-client\target\japicmp\japicmp.html'.
[INFO] 
[INFO] --- install:3.1.4:install (default-install) @ netty-nio-client ---
[INFO] Installing D:\A_ThucNghiem\scripts_v2\workspaces\20260724_010022_d3f7f7b1__baseline_readiness\206_95247959_4477633f\compiledrepos\95247959\http-clients\netty-nio-client\pom.xml to C:\Users\admin\.m2\repository\software\amazon\awssdk\netty-nio-client\2.49.2-SNAPSHOT\netty-nio-client-2.49.2-SNAPSHOT.pom
[INFO] Installing D:\A_ThucNghiem\scripts_v2\workspaces\20260724_010022_d3f7f7b1__baseline_readiness\206_95247959_4477633f\compiledrepos\95247959\http-clients\netty-nio-client\target\aws-sdk-java-netty-nio-client-2.49.2-SNAPSHOT.jar to C:\Users\admin\.m2\repository\software\amazon\awssdk\netty-nio-client\2.49.2-SNAPSHOT\netty-nio-client-2.49.2-SNAPSHOT.jar
[INFO] ------------------------------------------------------------------------
[INFO] Reactor Summary:
[INFO] 
[INFO] AWS Java SDK :: Build Tools 1.0 .................... SUCCESS [  3.437 s]
[INFO] AWS Java SDK :: Parent 2.49.2-SNAPSHOT ............. SUCCESS [  4.832 s]
[INFO] AWS Java SDK :: Core 2.49.2-SNAPSHOT ............... SUCCESS [  0.054 s]"
2026-07-23T19:00:36+00:00,baseline_sandbox_readiness,95247959,http-clients/netty-nio-client,,206,95247959:http-clients/netty-nio-client/src/main/java/software/amazon/awssdk/http/nio/netty/internal/utils/betterfixedchannelpool.java,BetterFixedChannelPool,BetterFixedChannelPool_RBL4_4477633fTest,PASS,160.517,ok; sandbox readiness passed
2026-07-23T19:00:36+00:00,maven_reactor_prewarm_wait,95247959,http-clients/netty-nio-client,,207,95247959:http-clients/netty-nio-client/src/main/java/software/amazon/awssdk/http/nio/netty/proxyconfiguration.java,ProxyConfiguration,,PASS,91.874,waited 91.874s for same repo/scope prewarm lock: maven:http-clients/netty-nio-client
2026-07-23T19:00:36+00:00,baseline_sandbox_readiness,98410891,core-interface,,229,98410891:core-interface/src/main/java/com/softavail/commsrouter/api/dto/model/skill/numberattributedomaindto.java,NumberAttributeDomainDto,NumberAttributeDomainDto_RBL4_a597dd0fTest,START,,prepare per-class sandbox and run generation prewarm without invoking GPT/EvoSuite
2026-07-23T19:00:36+00:00,maven_reactor_prewarm,95247959,http-clients/netty-nio-client,,207,95247959:http-clients/netty-nio-client/src/main/java/software/amazon/awssdk/http/nio/netty/proxyconfiguration.java,ProxyConfiguration,,START,,prewarm reactor dependencies for -pl http-clients/netty-nio-client; synthesized placeholder test hidden during prewarm: ProxyConfiguration_RBL4_51b0240dTest.java
2026-07-23T19:00:48+00:00,maven_reactor_prewarm,98410891,core-interface,,228,98410891:core-interface/src/main/java/com/softavail/commsrouter/api/dto/model/skill/numberintervalboundary.java,NumberIntervalBoundary,,PASS,12.91,"rface >-------
[INFO] Building Comms Router Core Interface 0.10.2-SNAPSHOT               [3/3]
[INFO]   from core-interface\pom.xml
[INFO] --------------------------------[ jar ]---------------------------------
[INFO] 
[INFO] --- checkstyle:2.17:checkstyle (validate) @ comms-router-core-interface ---
[INFO] 
[INFO] --- buildnumber:1.4:create (default) @ comms-router-core-interface ---
[INFO] ShortRevision tag detected. The value is '7'.
[INFO] Executing: cmd.exe /X /C ""git rev-parse --verify --short=7 HEAD""
[INFO] Working directory: D:\A_ThucNghiem\scripts_v2\workspaces\20260724_010022_d3f7f7b1__baseline_readiness\228_98410891_1b7997e6\compiledrepos\98410891\core-interface
[INFO] Storing buildNumber: null at timestamp: 1784833244727
[WARNING] Cannot get the branch information from the git repository: 
Detecting the current branch failed: fatal: not a git repository (or any of the parent directories): .git

[INFO] ShortRevision tag detected. The value is '7'.
[INFO] Executing: cmd.exe /X /C ""git rev-parse --verify --short=7 HEAD""
[INFO] Working directory: D:\A_ThucNghiem\scripts_v2\workspaces\20260724_010022_d3f7f7b1__baseline_readiness\228_98410891_1b7997e6\compiledrepos\98410891\core-interface
[INFO] Storing buildScmBranch: UNKNOWN_BRANCH
[INFO] 
[INFO] --- jacoco:0.7.9:prepare-agent (default-prepare-agent) @ comms-router-core-interface ---
[INFO] Skipping JaCoCo execution because property jacoco.skip is set.
[INFO] argLine set to empty
[INFO] 
[INFO] --- resources:3.4.0:resources (default-resources) @ comms-router-core-interface ---
[INFO] skip non existing resourceDirectory D:\A_ThucNghiem\scripts_v2\workspaces\20260724_010022_d3f7f7b1__baseline_readiness\228_98410891_1b7997e6\compiledrepos\98410891\core-interface\src\main\resources
[INFO] 
[INFO] --- compiler:3.6.2:compile (default-compile) @ comms-router-core-interface ---
[INFO] Changes detected - recompiling the module!
[INFO] Compiling 67 source files to D:\A_ThucNghiem\scripts_v2\workspaces\20260724_010022_d3f7f7b1__baseline_readiness\228_98410891_1b7997e6\compiledrepos\98410891\core-interface\target\classes
[INFO] 
[INFO] --- resources:3.4.0:testResources (default-testResources) @ comms-router-core-interface ---
[INFO] skip non existing resourceDirectory D:\A_ThucNghiem\scripts_v2\workspaces\20260724_010022_d3f7f7b1__baseline_readiness\228_98410891_1b7997e6\compiledrepos\98410891\core-interface\src\test\resources
[INFO] 
[INFO] --- compiler:3.6.2:testCompile (default-testCompile) @ comms-router-core-interface ---
[INFO] Changes detected - recompiling the module!
[INFO] Compiling 5 source files to D:\A_ThucNghiem\scripts_v2\workspaces\20260724_010022_d3f7f7b1__baseline_readiness\228_98410891_1b7997e6\compiledrepos\98410891\core-interface\target\test-classes
[INFO] 
[INFO] --- surefire:3.5.4:test (default-test) @ comms-router-core-interface ---
[INFO] Tests are skipped.
[INFO] 
[INFO] --- jacoco:0.7.9:report (default-report) @ comms-router-core-interface ---
[INFO] Skipping JaCoCo execution because property jacoco.skip is set.
[INFO] 
[INFO] --- jar:3.5.0:jar (default-jar) @ comms-router-core-interface ---
[INFO] Building jar: D:\A_ThucNghiem\scripts_v2\workspaces\20260724_010022_d3f7f7b1__baseline_readiness\228_98410891_1b7997e6\compiledrepos\98410891\core-interface\target\comms-router-core-interface-0.10.2-SNAPSHOT.jar
[INFO] 
[INFO] --- jacoco:0.7.9:check (default-check) @ comms-router-core-interface ---
[INFO] Skipping JaCoCo execution because property jacoco.skip is set.
[INFO] 
[INFO] --- install:3.1.4:install (default-install) @ comms-router-core-interface ---
[INFO] Installing D:\A_ThucNghiem\scripts_v2\workspaces\20260724_010022_d3f7f7b1__baseline_readiness\228_98410891_1b7997e6\compiledrepos\98410891\core-interface\pom.xml to C:\Users\admin\.m2\repository\com\softavail\comms-router\comms-router-core-interface\0.10.2-SNAPSHOT\comms-router-core-interface-0.10.2-SNAPSHOT.pom
[INFO] Installing D:\A_ThucNghiem\scripts_v2\workspaces\20260724_010022_d3f7f7b1__basel"
2026-07-23T19:00:48+00:00,baseline_sandbox_readiness,98410891,core-interface,,228,98410891:core-interface/src/main/java/com/softavail/commsrouter/api/dto/model/skill/numberintervalboundary.java,NumberIntervalBoundary,NumberIntervalBoundary_RBL4_1b7997e6Test,PASS,13.687,ok; sandbox readiness passed
2026-07-23T19:00:48+00:00,maven_reactor_prewarm_wait,98410891,core-interface,,229,98410891:core-interface/src/main/java/com/softavail/commsrouter/api/dto/model/skill/numberattributedomaindto.java,NumberAttributeDomainDto,,PASS,11.226,waited 11.226s for same repo/scope prewarm lock: maven:core-interface
2026-07-23T19:00:48+00:00,baseline_sandbox_readiness,98410891,core,,230,98410891:core/src/main/java/com/softavail/commsrouter/api/service/skillvalidator.java,SkillValidator,SkillValidator_RBL4_cb7f3212Test,START,,prepare per-class sandbox and run generation prewarm without invoking GPT/EvoSuite
2026-07-23T19:00:48+00:00,maven_reactor_prewarm,98410891,core-interface,,229,98410891:core-interface/src/main/java/com/softavail/commsrouter/api/dto/model/skill/numberattributedomaindto.java,NumberAttributeDomainDto,,START,,prewarm reactor dependencies for -pl core-interface; synthesized placeholder test hidden during prewarm: NumberAttributeDomainDto_RBL4_a597dd0fTest.java
2026-07-23T19:00:49+00:00,maven_reactor_prewarm,98410891,core,,230,98410891:core/src/main/java/com/softavail/commsrouter/api/service/skillvalidator.java,SkillValidator,,START,,prewarm reactor dependencies for -pl core; synthesized placeholder test hidden during prewarm: SkillValidator_RBL4_cb7f3212Test.java
2026-07-23T19:00:56+00:00,maven_reactor_prewarm,98410891,applications/demo,,227,98410891:applications/demo/src/main/java/com/softavail/comms/demo/application/impl/propertiesconfiguration.java,PropertiesConfiguration,,PASS,22.054," 0.10.2-SNAPSHOT                          [5/5]
[INFO]   from applications\demo\pom.xml
[INFO] --------------------------------[ war ]---------------------------------
[INFO] 
[INFO] --- checkstyle:2.17:checkstyle (validate) @ demo-application ---
[INFO] 
[INFO] --- buildnumber:1.4:create (default) @ demo-application ---
[INFO] ShortRevision tag detected. The value is '7'.
[INFO] Executing: cmd.exe /X /C ""git rev-parse --verify --short=7 HEAD""
[INFO] Working directory: D:\A_ThucNghiem\scripts_v2\workspaces\20260724_010022_d3f7f7b1__baseline_readiness\227_98410891_1e12e7dd\compiledrepos\98410891\applications\demo
[INFO] Storing buildNumber: null at timestamp: 1784833250705
[WARNING] Cannot get the branch information from the git repository: 
Detecting the current branch failed: fatal: not a git repository (or any of the parent directories): .git

[INFO] ShortRevision tag detected. The value is '7'.
[INFO] Executing: cmd.exe /X /C ""git rev-parse --verify --short=7 HEAD""
[INFO] Working directory: D:\A_ThucNghiem\scripts_v2\workspaces\20260724_010022_d3f7f7b1__baseline_readiness\227_98410891_1e12e7dd\compiledrepos\98410891\applications\demo
[INFO] Storing buildScmBranch: UNKNOWN_BRANCH
[INFO] 
[INFO] --- jacoco:0.7.9:prepare-agent (default-prepare-agent) @ demo-application ---
[INFO] Skipping JaCoCo execution because property jacoco.skip is set.
[INFO] argLine set to empty
[INFO] 
[INFO] --- resources:3.4.0:resources (default-resources) @ demo-application ---
[INFO] Copying 2 resources from src\main\resources to target\classes
[INFO] 
[INFO] --- compiler:3.6.2:compile (default-compile) @ demo-application ---
[INFO] Changes detected - recompiling the module!
[INFO] Compiling 48 source files to D:\A_ThucNghiem\scripts_v2\workspaces\20260724_010022_d3f7f7b1__baseline_readiness\227_98410891_1e12e7dd\compiledrepos\98410891\applications\demo\target\classes
[INFO] 
[INFO] --- resources:3.4.0:testResources (default-testResources) @ demo-application ---
[INFO] Copying 1 resource from src\test\resources to target\test-classes
[INFO] 
[INFO] --- compiler:3.6.2:testCompile (default-testCompile) @ demo-application ---
[INFO] Changes detected - recompiling the module!
[INFO] Compiling 3 source files to D:\A_ThucNghiem\scripts_v2\workspaces\20260724_010022_d3f7f7b1__baseline_readiness\227_98410891_1e12e7dd\compiledrepos\98410891\applications\demo\target\test-classes
[INFO] 
[INFO] --- surefire:3.5.4:test (default-test) @ demo-application ---
[INFO] Tests are skipped.
[INFO] 
[INFO] --- jacoco:0.7.9:report (default-report) @ demo-application ---
[INFO] Skipping JaCoCo execution because property jacoco.skip is set.
[INFO] 
[INFO] --- war:3.1.0:war (default-war) @ demo-application ---
[INFO] Packaging webapp
[INFO] Assembling webapp [demo-application] in [D:\A_ThucNghiem\scripts_v2\workspaces\20260724_010022_d3f7f7b1__baseline_readiness\227_98410891_1e12e7dd\compiledrepos\98410891\applications\demo\target\demo-application-0.10.2-SNAPSHOT]
[INFO] Processing war project
[INFO] Webapp assembled in [468 msecs]
[INFO] Building war: D:\A_ThucNghiem\scripts_v2\workspaces\20260724_010022_d3f7f7b1__baseline_readiness\227_98410891_1e12e7dd\compiledrepos\98410891\applications\demo\target\demo-application-0.10.2-SNAPSHOT.war
[INFO] 
[INFO] --- jacoco:0.7.9:check (default-check) @ demo-application ---
[INFO] Skipping JaCoCo execution because property jacoco.skip is set.
[INFO] 
[INFO] --- install:3.1.4:install (default-install) @ demo-application ---
[INFO] Installing D:\A_ThucNghiem\scripts_v2\workspaces\20260724_010022_d3f7f7b1__baseline_readiness\227_98410891_1e12e7dd\compiledrepos\98410891\applications\demo\pom.xml to C:\Users\admin\.m2\repository\com\softavail\comms-router\demo-application\0.10.2-SNAPSHOT\demo-application-0.10.2-SNAPSHOT.pom
[INFO] Installing D:\A_ThucNghiem\scripts_v2\workspaces\20260724_010022_d3f7f7b1__baseline_readiness\227_98410891_1e12e7dd\compiledrepos\98410891\applications\demo\target\demo-application-0.10.2-SNAPSHOT.war to C:\User"
2026-07-23T19:00:56+00:00,baseline_sandbox_readiness,98410891,applications/demo,,227,98410891:applications/demo/src/main/java/com/softavail/comms/demo/application/impl/propertiesconfiguration.java,PropertiesConfiguration,PropertiesConfiguration_RBL4_1e12e7ddTest,PASS,27.15,ok; sandbox readiness passed
2026-07-23T19:00:56+00:00,baseline_sandbox_readiness,98410891,core,,231,98410891:core/src/main/java/com/softavail/commsrouter/domain/dto/mappers/attributedomainmapper.java,AttributeDomainMapper,AttributeDomainMapper_RBL4_8e2f6551Test,START,,prepare per-class sandbox and run generation prewarm without invoking GPT/EvoSuite
2026-07-23T19:01:03+00:00,maven_reactor_prewarm,98410891,core-interface,,229,98410891:core-interface/src/main/java/com/softavail/commsrouter/api/dto/model/skill/numberattributedomaindto.java,NumberAttributeDomainDto,,PASS,15.137,"face >-------
[INFO] Building Comms Router Core Interface 0.10.2-SNAPSHOT               [3/3]
[INFO]   from core-interface\pom.xml
[INFO] --------------------------------[ jar ]---------------------------------
[INFO] 
[INFO] --- checkstyle:2.17:checkstyle (validate) @ comms-router-core-interface ---
[INFO] 
[INFO] --- buildnumber:1.4:create (default) @ comms-router-core-interface ---
[INFO] ShortRevision tag detected. The value is '7'.
[INFO] Executing: cmd.exe /X /C ""git rev-parse --verify --short=7 HEAD""
[INFO] Working directory: D:\A_ThucNghiem\scripts_v2\workspaces\20260724_010022_d3f7f7b1__baseline_readiness\229_98410891_a597dd0f\compiledrepos\98410891\core-interface
[INFO] Storing buildNumber: null at timestamp: 1784833258845
[WARNING] Cannot get the branch information from the git repository: 
Detecting the current branch failed: fatal: not a git repository (or any of the parent directories): .git

[INFO] ShortRevision tag detected. The value is '7'.
[INFO] Executing: cmd.exe /X /C ""git rev-parse --verify --short=7 HEAD""
[INFO] Working directory: D:\A_ThucNghiem\scripts_v2\workspaces\20260724_010022_d3f7f7b1__baseline_readiness\229_98410891_a597dd0f\compiledrepos\98410891\core-interface
[INFO] Storing buildScmBranch: UNKNOWN_BRANCH
[INFO] 
[INFO] --- jacoco:0.7.9:prepare-agent (default-prepare-agent) @ comms-router-core-interface ---
[INFO] Skipping JaCoCo execution because property jacoco.skip is set.
[INFO] argLine set to empty
[INFO] 
[INFO] --- resources:3.4.0:resources (default-resources) @ comms-router-core-interface ---
[INFO] skip non existing resourceDirectory D:\A_ThucNghiem\scripts_v2\workspaces\20260724_010022_d3f7f7b1__baseline_readiness\229_98410891_a597dd0f\compiledrepos\98410891\core-interface\src\main\resources
[INFO] 
[INFO] --- compiler:3.6.2:compile (default-compile) @ comms-router-core-interface ---
[INFO] Changes detected - recompiling the module!
[INFO] Compiling 67 source files to D:\A_ThucNghiem\scripts_v2\workspaces\20260724_010022_d3f7f7b1__baseline_readiness\229_98410891_a597dd0f\compiledrepos\98410891\core-interface\target\classes
[INFO] 
[INFO] --- resources:3.4.0:testResources (default-testResources) @ comms-router-core-interface ---
[INFO] skip non existing resourceDirectory D:\A_ThucNghiem\scripts_v2\workspaces\20260724_010022_d3f7f7b1__baseline_readiness\229_98410891_a597dd0f\compiledrepos\98410891\core-interface\src\test\resources
[INFO] 
[INFO] --- compiler:3.6.2:testCompile (default-testCompile) @ comms-router-core-interface ---
[INFO] Changes detected - recompiling the module!
[INFO] Compiling 5 source files to D:\A_ThucNghiem\scripts_v2\workspaces\20260724_010022_d3f7f7b1__baseline_readiness\229_98410891_a597dd0f\compiledrepos\98410891\core-interface\target\test-classes
[INFO] 
[INFO] --- surefire:3.5.4:test (default-test) @ comms-router-core-interface ---
[INFO] Tests are skipped.
[INFO] 
[INFO] --- jacoco:0.7.9:report (default-report) @ comms-router-core-interface ---
[INFO] Skipping JaCoCo execution because property jacoco.skip is set.
[INFO] 
[INFO] --- jar:3.5.0:jar (default-jar) @ comms-router-core-interface ---
[INFO] Building jar: D:\A_ThucNghiem\scripts_v2\workspaces\20260724_010022_d3f7f7b1__baseline_readiness\229_98410891_a597dd0f\compiledrepos\98410891\core-interface\target\comms-router-core-interface-0.10.2-SNAPSHOT.jar
[INFO] 
[INFO] --- jacoco:0.7.9:check (default-check) @ comms-router-core-interface ---
[INFO] Skipping JaCoCo execution because property jacoco.skip is set.
[INFO] 
[INFO] --- install:3.1.4:install (default-install) @ comms-router-core-interface ---
[INFO] Installing D:\A_ThucNghiem\scripts_v2\workspaces\20260724_010022_d3f7f7b1__baseline_readiness\229_98410891_a597dd0f\compiledrepos\98410891\core-interface\pom.xml to C:\Users\admin\.m2\repository\com\softavail\comms-router\comms-router-core-interface\0.10.2-SNAPSHOT\comms-router-core-interface-0.10.2-SNAPSHOT.pom
[INFO] Installing D:\A_ThucNghiem\scripts_v2\workspaces\20260724_010022_d3f7f7b1__baseli"
2026-07-23T19:01:03+00:00,baseline_sandbox_readiness,98410891,core-interface,,229,98410891:core-interface/src/main/java/com/softavail/commsrouter/api/dto/model/skill/numberattributedomaindto.java,NumberAttributeDomainDto,NumberAttributeDomainDto_RBL4_a597dd0fTest,PASS,27.126,ok; sandbox readiness passed
2026-07-23T19:01:03+00:00,baseline_sandbox_readiness,9884445,minnal-jaxrs/minnal-instrumentation-jaxrs,,232,9884445:minnal-jaxrs/minnal-instrumentation-jaxrs/src/main/java/org/minnal/instrument/entity/metadata/handler/manytomanyannotationhandler.java,ManyToManyAnnotationHandler,ManyToManyAnnotationHandler_RBL4_a6306c47Test,START,,prepare per-class sandbox and run generation prewarm without invoking GPT/EvoSuite
2026-07-23T19:01:12+00:00,maven_reactor_prewarm,98410891,core,,230,98410891:core/src/main/java/com/softavail/commsrouter/api/service/skillvalidator.java,SkillValidator,,PASS,23.449,"dScmBranch: UNKNOWN_BRANCH
[INFO] 
[INFO] --- jacoco:0.7.9:prepare-agent (default-prepare-agent) @ comms-router-core ---
[INFO] Skipping JaCoCo execution because property jacoco.skip is set.
[INFO] argLine set to empty
[INFO] 
[INFO] --- resources:3.4.0:resources (default-resources) @ comms-router-core ---
[INFO] Copying 2 resources from src\main\resources to target\classes
[INFO] 
[INFO] --- compiler:3.6.2:compile (default-compile) @ comms-router-core ---
[INFO] Changes detected - recompiling the module!
[INFO] Compiling 79 source files to D:\A_ThucNghiem\scripts_v2\workspaces\20260724_010022_d3f7f7b1__baseline_readiness\230_98410891_cb7f3212\compiledrepos\98410891\core\target\classes
[WARNING] /D:/A_ThucNghiem/scripts_v2/workspaces/20260724_010022_d3f7f7b1__baseline_readiness/230_98410891_cb7f3212/compiledrepos/98410891/core/src/main/java/com/softavail/commsrouter/api/service/FilterHelper.java:[81,17] unchecked generic array creation for varargs parameter of type T[]
[WARNING] /D:/A_ThucNghiem/scripts_v2/workspaces/20260724_010022_d3f7f7b1__baseline_readiness/230_98410891_cb7f3212/compiledrepos/98410891/core/src/main/java/com/softavail/commsrouter/api/service/FilterHelper.java:[190,22] unchecked method invocation: method like in interface javax.persistence.criteria.CriteriaBuilder is applied to given types
  required: javax.persistence.criteria.Expression<java.lang.String>,java.lang.String
  found: javax.persistence.criteria.Path,java.lang.String
[WARNING] /D:/A_ThucNghiem/scripts_v2/workspaces/20260724_010022_d3f7f7b1__baseline_readiness/230_98410891_cb7f3212/compiledrepos/98410891/core/src/main/java/com/softavail/commsrouter/api/service/FilterHelper.java:[190,23] unchecked conversion
  required: javax.persistence.criteria.Expression<java.lang.String>
  found:    javax.persistence.criteria.Path
[WARNING] /D:/A_ThucNghiem/scripts_v2/workspaces/20260724_010022_d3f7f7b1__baseline_readiness/230_98410891_cb7f3212/compiledrepos/98410891/core/src/main/java/com/softavail/commsrouter/api/service/FilterHelper.java:[196,29] unchecked call to in(java.util.Collection<?>) as a member of the raw type javax.persistence.criteria.Expression
[INFO] 
[INFO] --- resources:3.4.0:testResources (default-testResources) @ comms-router-core ---
[INFO] Copying 4 resources from src\test\resources to target\test-classes
[INFO] 
[INFO] --- compiler:3.6.2:testCompile (default-testCompile) @ comms-router-core ---
[INFO] Changes detected - recompiling the module!
[INFO] Compiling 13 source files to D:\A_ThucNghiem\scripts_v2\workspaces\20260724_010022_d3f7f7b1__baseline_readiness\230_98410891_cb7f3212\compiledrepos\98410891\core\target\test-classes
[INFO] 
[INFO] --- surefire:3.5.4:test (default-test) @ comms-router-core ---
[INFO] Tests are skipped.
[INFO] 
[INFO] --- jacoco:0.7.9:report (default-report) @ comms-router-core ---
[INFO] Skipping JaCoCo execution because property jacoco.skip is set.
[INFO] 
[INFO] --- jar:3.5.0:jar (default-jar) @ comms-router-core ---
[INFO] Building jar: D:\A_ThucNghiem\scripts_v2\workspaces\20260724_010022_d3f7f7b1__baseline_readiness\230_98410891_cb7f3212\compiledrepos\98410891\core\target\comms-router-core-0.10.2-SNAPSHOT.jar
[INFO] 
[INFO] --- jacoco:0.7.9:check (default-check) @ comms-router-core ---
[INFO] Skipping JaCoCo execution because property jacoco.skip is set.
[INFO] 
[INFO] --- install:3.1.4:install (default-install) @ comms-router-core ---
[INFO] Installing D:\A_ThucNghiem\scripts_v2\workspaces\20260724_010022_d3f7f7b1__baseline_readiness\230_98410891_cb7f3212\compiledrepos\98410891\core\pom.xml to C:\Users\admin\.m2\repository\com\softavail\comms-router\comms-router-core\0.10.2-SNAPSHOT\comms-router-core-0.10.2-SNAPSHOT.pom
[INFO] Installing D:\A_ThucNghiem\scripts_v2\workspaces\20260724_010022_d3f7f7b1__baseline_readiness\230_98410891_cb7f3212\compiledrepos\98410891\core\target\comms-router-core-0.10.2-SNAPSHOT.jar to C:\Users\admin\.m2\repository\com\softavail\comms-router\comms-router-core\0.10.2-SNAPSHO"
2026-07-23T19:01:12+00:00,baseline_sandbox_readiness,98410891,core,,230,98410891:core/src/main/java/com/softavail/commsrouter/api/service/skillvalidator.java,SkillValidator,SkillValidator_RBL4_cb7f3212Test,PASS,24.547,ok; sandbox readiness passed
2026-07-23T19:01:12+00:00,maven_reactor_prewarm_wait,98410891,core,,231,98410891:core/src/main/java/com/softavail/commsrouter/domain/dto/mappers/attributedomainmapper.java,AttributeDomainMapper,,PASS,15.157,waited 15.157s for same repo/scope prewarm lock: maven:core
2026-07-23T19:01:12+00:00,baseline_sandbox_readiness,9884445,minnal-jaxrs/minnal-instrumentation-jaxrs,,233,9884445:minnal-jaxrs/minnal-instrumentation-jaxrs/src/main/java/org/minnal/instrument/entity/metadata/handler/securemultipleannotationhandler.java,SecureMultipleAnnotationHandler,SecureMultipleAnnotationHandler_RBL4_3b15123aTest,START,,prepare per-class sandbox and run generation prewarm without invoking GPT/EvoSuite
2026-07-23T19:01:12+00:00,maven_reactor_prewarm,98410891,core,,231,98410891:core/src/main/java/com/softavail/commsrouter/domain/dto/mappers/attributedomainmapper.java,AttributeDomainMapper,,START,,prewarm reactor dependencies for -pl core; synthesized placeholder test hidden during prewarm: AttributeDomainMapper_RBL4_8e2f6551Test.java
2026-07-23T19:01:13+00:00,maven_reactor_prewarm,9884445,minnal-jaxrs/minnal-instrumentation-jaxrs,,232,9884445:minnal-jaxrs/minnal-instrumentation-jaxrs/src/main/java/org/minnal/instrument/entity/metadata/handler/manytomanyannotationhandler.java,ManyToManyAnnotationHandler,,START,,prewarm reactor dependencies for -pl minnal-jaxrs/minnal-instrumentation-jaxrs; synthesized placeholder test hidden during prewarm: ManyToManyAnnotationHandler_RBL4_a6306c47Test.java
2026-07-23T19:01:22+00:00,maven_reactor_prewarm,95247959,http-clients/netty-nio-client,,207,95247959:http-clients/netty-nio-client/src/main/java/software/amazon/awssdk/http/nio/netty/proxyconfiguration.java,ProxyConfiguration,,PASS,46.577,"pile) @ netty-nio-client ---
[WARNING]  Parameter 'forceJavacCompilerUse' (user property 'maven.compiler.forceJavacCompilerUse') is deprecated: Use forceLegacyJavacApi instead
[INFO] Recompiling the module because of changed dependency.
[INFO] Compiling 91 source files with javac [debug target 1.8] to target\classes
[INFO] 
[INFO] --- resources:3.4.0:testResources (default-testResources) @ netty-nio-client ---
[INFO] Copying 5 resources from src\test\resources to target\test-classes
[INFO] skip non existing resourceDirectory D:\A_ThucNghiem\scripts_v2\workspaces\20260724_010022_d3f7f7b1__baseline_readiness\207_95247959_51b0240d\compiledrepos\95247959\http-clients\netty-nio-client\src\it\resources
[INFO] 
[INFO] --- compiler:3.14.1:testCompile (default-testCompile) @ netty-nio-client ---
[WARNING]  Parameter 'forceJavacCompilerUse' (user property 'maven.compiler.forceJavacCompilerUse') is deprecated: Use forceLegacyJavacApi instead
[INFO] Recompiling the module because of changed dependency.
[INFO] Compiling 94 source files with javac [debug target 1.8] to target\test-classes
[INFO] 
[INFO] --- surefire:3.1.2:test (default-test) @ netty-nio-client ---
[INFO] Tests are skipped.
[INFO] 
[INFO] --- jar:3.3.0:jar (default-jar) @ netty-nio-client ---
[INFO] Building jar: D:\A_ThucNghiem\scripts_v2\workspaces\20260724_010022_d3f7f7b1__baseline_readiness\207_95247959_51b0240d\compiledrepos\95247959\http-clients\netty-nio-client\target\aws-sdk-java-netty-nio-client-2.49.2-SNAPSHOT.jar
[INFO] 
[INFO] --- javadoc:3.4.1:jar (generate-javadocs) @ netty-nio-client ---
[INFO] Skipping javadoc generation
[INFO] 
[INFO] --- jacoco:0.8.13:report (jacoco-site) @ netty-nio-client ---
[INFO] Skipping JaCoCo execution because property jacoco.skip is set.
[INFO] 
[INFO] --- jacoco:0.8.13:prepare-agent (pre-integration-test) @ netty-nio-client ---
[INFO] Skipping JaCoCo execution because property jacoco.skip is set.
[INFO] 
[INFO] --- jacoco:0.8.13:report (post-integration-test) @ netty-nio-client ---
[INFO] Skipping JaCoCo execution because property jacoco.skip is set.
[INFO] 
[INFO] --- dependency:3.1.1:analyze-only (default) @ netty-nio-client ---
[INFO] No dependency problems found
[INFO] 
[INFO] --- japicmp:0.15.6:cmp (default) @ netty-nio-client ---
[INFO] Written file 'D:\A_ThucNghiem\scripts_v2\workspaces\20260724_010022_d3f7f7b1__baseline_readiness\207_95247959_51b0240d\compiledrepos\95247959\http-clients\netty-nio-client\target\japicmp\japicmp.diff'.
[INFO] Written file 'D:\A_ThucNghiem\scripts_v2\workspaces\20260724_010022_d3f7f7b1__baseline_readiness\207_95247959_51b0240d\compiledrepos\95247959\http-clients\netty-nio-client\target\japicmp\japicmp.xml'.
[INFO] Written file 'D:\A_ThucNghiem\scripts_v2\workspaces\20260724_010022_d3f7f7b1__baseline_readiness\207_95247959_51b0240d\compiledrepos\95247959\http-clients\netty-nio-client\target\japicmp\japicmp.html'.
[INFO] 
[INFO] --- install:3.1.4:install (default-install) @ netty-nio-client ---
[INFO] Installing D:\A_ThucNghiem\scripts_v2\workspaces\20260724_010022_d3f7f7b1__baseline_readiness\207_95247959_51b0240d\compiledrepos\95247959\http-clients\netty-nio-client\pom.xml to C:\Users\admin\.m2\repository\software\amazon\awssdk\netty-nio-client\2.49.2-SNAPSHOT\netty-nio-client-2.49.2-SNAPSHOT.pom
[INFO] Installing D:\A_ThucNghiem\scripts_v2\workspaces\20260724_010022_d3f7f7b1__baseline_readiness\207_95247959_51b0240d\compiledrepos\95247959\http-clients\netty-nio-client\target\aws-sdk-java-netty-nio-client-2.49.2-SNAPSHOT.jar to C:\Users\admin\.m2\repository\software\amazon\awssdk\netty-nio-client\2.49.2-SNAPSHOT\netty-nio-client-2.49.2-SNAPSHOT.jar
[INFO] ------------------------------------------------------------------------
[INFO] Reactor Summary:
[INFO] 
[INFO] AWS Java SDK :: Build Tools 1.0 .................... SUCCESS [  4.055 s]
[INFO] AWS Java SDK :: Parent 2.49.2-SNAPSHOT ............. SUCCESS [  6.681 s]
[INFO] AWS Java SDK :: Core 2.49.2-SNAPSHOT ............... SUCCESS [  0.069 s]"
2026-07-23T19:01:22+00:00,baseline_sandbox_readiness,95247959,http-clients/netty-nio-client,,207,95247959:http-clients/netty-nio-client/src/main/java/software/amazon/awssdk/http/nio/netty/proxyconfiguration.java,ProxyConfiguration,ProxyConfiguration_RBL4_51b0240dTest,PASS,166.229,ok; sandbox readiness passed
2026-07-23T19:01:22+00:00,baseline_sandbox_readiness,9884445,minnal-jaxrs/minnal-instrumentation-jaxrs,,234,9884445:minnal-jaxrs/minnal-instrumentation-jaxrs/src/main/java/org/minnal/instrument/entity/metadata/handler/elementcollectionannotationhandler.java,ElementCollectionAnnotationHandler,ElementCollectionAnnotationHandler_RBL4_7e40a186Test,START,,prepare per-class sandbox and run generation prewarm without invoking GPT/EvoSuite
2026-07-23T19:01:29+00:00,maven_reactor_prewarm,9884445,minnal-jaxrs/minnal-instrumentation-jaxrs,,232,9884445:minnal-jaxrs/minnal-instrumentation-jaxrs/src/main/java/org/minnal/instrument/entity/metadata/handler/manytomanyannotationhandler.java,ManyToManyAnnotationHandler,,PASS,15.841,"ources) < generate-sources @ minnal-jaxrs <<<
[INFO] 
[INFO] 
[INFO] --- source:2.2.1:jar (attach-sources) @ minnal-jaxrs ---
[INFO] 
[INFO] --- javadoc:2.9:jar (attach-javadocs) @ minnal-jaxrs ---
[INFO] Skipping javadoc generation
[INFO] 
[INFO] --- install:3.1.4:install (default-install) @ minnal-jaxrs ---
[INFO] Installing D:\A_ThucNghiem\scripts_v2\workspaces\20260724_010022_d3f7f7b1__baseline_readiness\232_9884445_a6306c47\compiledrepos\9884445\minnal-jaxrs\pom.xml to C:\Users\admin\.m2\repository\org\minnal\minnal-jaxrs\2.0.2-SNAPSHOT\minnal-jaxrs-2.0.2-SNAPSHOT.pom
[INFO] 
[INFO] --------------< org.minnal:minnal-instrumentation-jaxrs >---------------
[INFO] Building Minnal instrumentation jaxrs module 2.0.2-SNAPSHOT        [4/4]
[INFO]   from minnal-jaxrs\minnal-instrumentation-jaxrs\pom.xml
[INFO] --------------------------------[ jar ]---------------------------------
[INFO] 
[INFO] --- resources:3.4.0:resources (default-resources) @ minnal-instrumentation-jaxrs ---
[INFO] Copying 7 resources from src\main\resources to target\classes
[INFO] 
[INFO] --- compiler:2.1:compile (default-compile) @ minnal-instrumentation-jaxrs ---
[INFO] Compiling 68 source files to D:\A_ThucNghiem\scripts_v2\workspaces\20260724_010022_d3f7f7b1__baseline_readiness\232_9884445_a6306c47\compiledrepos\9884445\minnal-jaxrs\minnal-instrumentation-jaxrs\target\classes
[INFO] 
[INFO] --- resources:3.4.0:testResources (default-testResources) @ minnal-instrumentation-jaxrs ---
[INFO] Copying 1 resource from src\test\resources to target\test-classes
[INFO] 
[INFO] --- compiler:2.1:testCompile (default-testCompile) @ minnal-instrumentation-jaxrs ---
[INFO] Compiling 33 source files to D:\A_ThucNghiem\scripts_v2\workspaces\20260724_010022_d3f7f7b1__baseline_readiness\232_9884445_a6306c47\compiledrepos\9884445\minnal-jaxrs\minnal-instrumentation-jaxrs\target\test-classes
[INFO] 
[INFO] --- surefire:3.5.4:test (default-test) @ minnal-instrumentation-jaxrs ---
[INFO] Tests are skipped.
[INFO] 
[INFO] --- jar:2.4:jar (default-jar) @ minnal-instrumentation-jaxrs ---
[INFO] Building jar: D:\A_ThucNghiem\scripts_v2\workspaces\20260724_010022_d3f7f7b1__baseline_readiness\232_9884445_a6306c47\compiledrepos\9884445\minnal-jaxrs\minnal-instrumentation-jaxrs\target\minnal-instrumentation-jaxrs-2.0.2-SNAPSHOT.jar
[INFO] 
[INFO] >>> source:2.2.1:jar (attach-sources) > generate-sources @ minnal-instrumentation-jaxrs >>>
[INFO] 
[INFO] <<< source:2.2.1:jar (attach-sources) < generate-sources @ minnal-instrumentation-jaxrs <<<
[INFO] 
[INFO] 
[INFO] --- source:2.2.1:jar (attach-sources) @ minnal-instrumentation-jaxrs ---
[INFO] Building jar: D:\A_ThucNghiem\scripts_v2\workspaces\20260724_010022_d3f7f7b1__baseline_readiness\232_9884445_a6306c47\compiledrepos\9884445\minnal-jaxrs\minnal-instrumentation-jaxrs\target\minnal-instrumentation-jaxrs-2.0.2-SNAPSHOT-sources.jar
[INFO] 
[INFO] --- javadoc:2.9:jar (attach-javadocs) @ minnal-instrumentation-jaxrs ---
[INFO] Skipping javadoc generation
[INFO] 
[INFO] --- install:3.1.4:install (default-install) @ minnal-instrumentation-jaxrs ---
[INFO] Installing D:\A_ThucNghiem\scripts_v2\workspaces\20260724_010022_d3f7f7b1__baseline_readiness\232_9884445_a6306c47\compiledrepos\9884445\minnal-jaxrs\minnal-instrumentation-jaxrs\pom.xml to C:\Users\admin\.m2\repository\org\minnal\minnal-instrumentation-jaxrs\2.0.2-SNAPSHOT\minnal-instrumentation-jaxrs-2.0.2-SNAPSHOT.pom
[INFO] Installing D:\A_ThucNghiem\scripts_v2\workspaces\20260724_010022_d3f7f7b1__baseline_readiness\232_9884445_a6306c47\compiledrepos\9884445\minnal-jaxrs\minnal-instrumentation-jaxrs\target\minnal-instrumentation-jaxrs-2.0.2-SNAPSHOT.jar to C:\Users\admin\.m2\repository\org\minnal\minnal-instrumentation-jaxrs\2.0.2-SNAPSHOT\minnal-instrumentation-jaxrs-2.0.2-SNAPSHOT.jar
[INFO] Installing D:\A_ThucNghiem\scripts_v2\workspaces\20260724_010022_d3f7f7b1__baseline_readiness\232_9884445_a6306c47\compiledrepos\9884445\minnal-jaxrs\minnal-instrumentation-jaxrs\target\min"
2026-07-23T19:01:29+00:00,maven_reactor_prewarm_wait,9884445,minnal-jaxrs/minnal-instrumentation-jaxrs,,233,9884445:minnal-jaxrs/minnal-instrumentation-jaxrs/src/main/java/org/minnal/instrument/entity/metadata/handler/securemultipleannotationhandler.java,SecureMultipleAnnotationHandler,,PASS,15.65,waited 15.650s for same repo/scope prewarm lock: maven:minnal-jaxrs/minnal-instrumentation-jaxrs
2026-07-23T19:01:29+00:00,baseline_sandbox_readiness,9884445,minnal-jaxrs/minnal-instrumentation-jaxrs,,232,9884445:minnal-jaxrs/minnal-instrumentation-jaxrs/src/main/java/org/minnal/instrument/entity/metadata/handler/manytomanyannotationhandler.java,ManyToManyAnnotationHandler,ManyToManyAnnotationHandler_RBL4_a6306c47Test,PASS,25.81,ok; sandbox readiness passed
2026-07-23T19:01:29+00:00,baseline_sandbox_readiness,9884445,minnal-jaxrs/minnal-instrumentation-jaxrs,,235,9884445:minnal-jaxrs/minnal-instrumentation-jaxrs/src/main/java/org/minnal/instrument/resource/metadata/resourcemetadatabuilder.java,ResourceMetaDataBuilder,ResourceMetaDataBuilder_RBL4_c1478021Test,START,,prepare per-class sandbox and run generation prewarm without invoking GPT/EvoSuite
2026-07-23T19:01:29+00:00,maven_reactor_prewarm,9884445,minnal-jaxrs/minnal-instrumentation-jaxrs,,233,9884445:minnal-jaxrs/minnal-instrumentation-jaxrs/src/main/java/org/minnal/instrument/entity/metadata/handler/securemultipleannotationhandler.java,SecureMultipleAnnotationHandler,,START,,prewarm reactor dependencies for -pl minnal-jaxrs/minnal-instrumentation-jaxrs; synthesized placeholder test hidden during prewarm: SecureMultipleAnnotationHandler_RBL4_3b15123aTest.java
2026-07-23T19:01:33+00:00,maven_reactor_prewarm,98410891,core,,231,98410891:core/src/main/java/com/softavail/commsrouter/domain/dto/mappers/attributedomainmapper.java,AttributeDomainMapper,,PASS,20.811,"dScmBranch: UNKNOWN_BRANCH
[INFO] 
[INFO] --- jacoco:0.7.9:prepare-agent (default-prepare-agent) @ comms-router-core ---
[INFO] Skipping JaCoCo execution because property jacoco.skip is set.
[INFO] argLine set to empty
[INFO] 
[INFO] --- resources:3.4.0:resources (default-resources) @ comms-router-core ---
[INFO] Copying 2 resources from src\main\resources to target\classes
[INFO] 
[INFO] --- compiler:3.6.2:compile (default-compile) @ comms-router-core ---
[INFO] Changes detected - recompiling the module!
[INFO] Compiling 79 source files to D:\A_ThucNghiem\scripts_v2\workspaces\20260724_010022_d3f7f7b1__baseline_readiness\231_98410891_8e2f6551\compiledrepos\98410891\core\target\classes
[WARNING] /D:/A_ThucNghiem/scripts_v2/workspaces/20260724_010022_d3f7f7b1__baseline_readiness/231_98410891_8e2f6551/compiledrepos/98410891/core/src/main/java/com/softavail/commsrouter/api/service/FilterHelper.java:[81,17] unchecked generic array creation for varargs parameter of type T[]
[WARNING] /D:/A_ThucNghiem/scripts_v2/workspaces/20260724_010022_d3f7f7b1__baseline_readiness/231_98410891_8e2f6551/compiledrepos/98410891/core/src/main/java/com/softavail/commsrouter/api/service/FilterHelper.java:[190,22] unchecked method invocation: method like in interface javax.persistence.criteria.CriteriaBuilder is applied to given types
  required: javax.persistence.criteria.Expression<java.lang.String>,java.lang.String
  found: javax.persistence.criteria.Path,java.lang.String
[WARNING] /D:/A_ThucNghiem/scripts_v2/workspaces/20260724_010022_d3f7f7b1__baseline_readiness/231_98410891_8e2f6551/compiledrepos/98410891/core/src/main/java/com/softavail/commsrouter/api/service/FilterHelper.java:[190,23] unchecked conversion
  required: javax.persistence.criteria.Expression<java.lang.String>
  found:    javax.persistence.criteria.Path
[WARNING] /D:/A_ThucNghiem/scripts_v2/workspaces/20260724_010022_d3f7f7b1__baseline_readiness/231_98410891_8e2f6551/compiledrepos/98410891/core/src/main/java/com/softavail/commsrouter/api/service/FilterHelper.java:[196,29] unchecked call to in(java.util.Collection<?>) as a member of the raw type javax.persistence.criteria.Expression
[INFO] 
[INFO] --- resources:3.4.0:testResources (default-testResources) @ comms-router-core ---
[INFO] Copying 4 resources from src\test\resources to target\test-classes
[INFO] 
[INFO] --- compiler:3.6.2:testCompile (default-testCompile) @ comms-router-core ---
[INFO] Changes detected - recompiling the module!
[INFO] Compiling 13 source files to D:\A_ThucNghiem\scripts_v2\workspaces\20260724_010022_d3f7f7b1__baseline_readiness\231_98410891_8e2f6551\compiledrepos\98410891\core\target\test-classes
[INFO] 
[INFO] --- surefire:3.5.4:test (default-test) @ comms-router-core ---
[INFO] Tests are skipped.
[INFO] 
[INFO] --- jacoco:0.7.9:report (default-report) @ comms-router-core ---
[INFO] Skipping JaCoCo execution because property jacoco.skip is set.
[INFO] 
[INFO] --- jar:3.5.0:jar (default-jar) @ comms-router-core ---
[INFO] Building jar: D:\A_ThucNghiem\scripts_v2\workspaces\20260724_010022_d3f7f7b1__baseline_readiness\231_98410891_8e2f6551\compiledrepos\98410891\core\target\comms-router-core-0.10.2-SNAPSHOT.jar
[INFO] 
[INFO] --- jacoco:0.7.9:check (default-check) @ comms-router-core ---
[INFO] Skipping JaCoCo execution because property jacoco.skip is set.
[INFO] 
[INFO] --- install:3.1.4:install (default-install) @ comms-router-core ---
[INFO] Installing D:\A_ThucNghiem\scripts_v2\workspaces\20260724_010022_d3f7f7b1__baseline_readiness\231_98410891_8e2f6551\compiledrepos\98410891\core\pom.xml to C:\Users\admin\.m2\repository\com\softavail\comms-router\comms-router-core\0.10.2-SNAPSHOT\comms-router-core-0.10.2-SNAPSHOT.pom
[INFO] Installing D:\A_ThucNghiem\scripts_v2\workspaces\20260724_010022_d3f7f7b1__baseline_readiness\231_98410891_8e2f6551\compiledrepos\98410891\core\target\comms-router-core-0.10.2-SNAPSHOT.jar to C:\Users\admin\.m2\repository\com\softavail\comms-router\comms-router-core\0.10.2-SNAPSHO"
2026-07-23T19:01:33+00:00,baseline_sandbox_readiness,98410891,core,,231,98410891:core/src/main/java/com/softavail/commsrouter/domain/dto/mappers/attributedomainmapper.java,AttributeDomainMapper,AttributeDomainMapper_RBL4_8e2f6551Test,PASS,36.994,ok; sandbox readiness passed
2026-07-23T19:01:33+00:00,baseline_sandbox_readiness,9884445,minnal-jaxrs/minnal-instrumentation-jaxrs,,236,9884445:minnal-jaxrs/minnal-instrumentation-jaxrs/src/main/java/org/minnal/instrument/entity/metadata/handler/searchableannotationhandler.java,SearchableAnnotationHandler,SearchableAnnotationHandler_RBL4_19519df8Test,START,,prepare per-class sandbox and run generation prewarm without invoking GPT/EvoSuite
2026-07-23T19:01:41+00:00,maven_reactor_prewarm,9884445,minnal-jaxrs/minnal-instrumentation-jaxrs,,233,9884445:minnal-jaxrs/minnal-instrumentation-jaxrs/src/main/java/org/minnal/instrument/entity/metadata/handler/securemultipleannotationhandler.java,SecureMultipleAnnotationHandler,,PASS,12.505,"sources) < generate-sources @ minnal-jaxrs <<<
[INFO] 
[INFO] 
[INFO] --- source:2.2.1:jar (attach-sources) @ minnal-jaxrs ---
[INFO] 
[INFO] --- javadoc:2.9:jar (attach-javadocs) @ minnal-jaxrs ---
[INFO] Skipping javadoc generation
[INFO] 
[INFO] --- install:3.1.4:install (default-install) @ minnal-jaxrs ---
[INFO] Installing D:\A_ThucNghiem\scripts_v2\workspaces\20260724_010022_d3f7f7b1__baseline_readiness\233_9884445_3b15123a\compiledrepos\9884445\minnal-jaxrs\pom.xml to C:\Users\admin\.m2\repository\org\minnal\minnal-jaxrs\2.0.2-SNAPSHOT\minnal-jaxrs-2.0.2-SNAPSHOT.pom
[INFO] 
[INFO] --------------< org.minnal:minnal-instrumentation-jaxrs >---------------
[INFO] Building Minnal instrumentation jaxrs module 2.0.2-SNAPSHOT        [4/4]
[INFO]   from minnal-jaxrs\minnal-instrumentation-jaxrs\pom.xml
[INFO] --------------------------------[ jar ]---------------------------------
[INFO] 
[INFO] --- resources:3.4.0:resources (default-resources) @ minnal-instrumentation-jaxrs ---
[INFO] Copying 7 resources from src\main\resources to target\classes
[INFO] 
[INFO] --- compiler:2.1:compile (default-compile) @ minnal-instrumentation-jaxrs ---
[INFO] Compiling 68 source files to D:\A_ThucNghiem\scripts_v2\workspaces\20260724_010022_d3f7f7b1__baseline_readiness\233_9884445_3b15123a\compiledrepos\9884445\minnal-jaxrs\minnal-instrumentation-jaxrs\target\classes
[INFO] 
[INFO] --- resources:3.4.0:testResources (default-testResources) @ minnal-instrumentation-jaxrs ---
[INFO] Copying 1 resource from src\test\resources to target\test-classes
[INFO] 
[INFO] --- compiler:2.1:testCompile (default-testCompile) @ minnal-instrumentation-jaxrs ---
[INFO] Compiling 33 source files to D:\A_ThucNghiem\scripts_v2\workspaces\20260724_010022_d3f7f7b1__baseline_readiness\233_9884445_3b15123a\compiledrepos\9884445\minnal-jaxrs\minnal-instrumentation-jaxrs\target\test-classes
[INFO] 
[INFO] --- surefire:3.5.4:test (default-test) @ minnal-instrumentation-jaxrs ---
[INFO] Tests are skipped.
[INFO] 
[INFO] --- jar:2.4:jar (default-jar) @ minnal-instrumentation-jaxrs ---
[INFO] Building jar: D:\A_ThucNghiem\scripts_v2\workspaces\20260724_010022_d3f7f7b1__baseline_readiness\233_9884445_3b15123a\compiledrepos\9884445\minnal-jaxrs\minnal-instrumentation-jaxrs\target\minnal-instrumentation-jaxrs-2.0.2-SNAPSHOT.jar
[INFO] 
[INFO] >>> source:2.2.1:jar (attach-sources) > generate-sources @ minnal-instrumentation-jaxrs >>>
[INFO] 
[INFO] <<< source:2.2.1:jar (attach-sources) < generate-sources @ minnal-instrumentation-jaxrs <<<
[INFO] 
[INFO] 
[INFO] --- source:2.2.1:jar (attach-sources) @ minnal-instrumentation-jaxrs ---
[INFO] Building jar: D:\A_ThucNghiem\scripts_v2\workspaces\20260724_010022_d3f7f7b1__baseline_readiness\233_9884445_3b15123a\compiledrepos\9884445\minnal-jaxrs\minnal-instrumentation-jaxrs\target\minnal-instrumentation-jaxrs-2.0.2-SNAPSHOT-sources.jar
[INFO] 
[INFO] --- javadoc:2.9:jar (attach-javadocs) @ minnal-instrumentation-jaxrs ---
[INFO] Skipping javadoc generation
[INFO] 
[INFO] --- install:3.1.4:install (default-install) @ minnal-instrumentation-jaxrs ---
[INFO] Installing D:\A_ThucNghiem\scripts_v2\workspaces\20260724_010022_d3f7f7b1__baseline_readiness\233_9884445_3b15123a\compiledrepos\9884445\minnal-jaxrs\minnal-instrumentation-jaxrs\pom.xml to C:\Users\admin\.m2\repository\org\minnal\minnal-instrumentation-jaxrs\2.0.2-SNAPSHOT\minnal-instrumentation-jaxrs-2.0.2-SNAPSHOT.pom
[INFO] Installing D:\A_ThucNghiem\scripts_v2\workspaces\20260724_010022_d3f7f7b1__baseline_readiness\233_9884445_3b15123a\compiledrepos\9884445\minnal-jaxrs\minnal-instrumentation-jaxrs\target\minnal-instrumentation-jaxrs-2.0.2-SNAPSHOT.jar to C:\Users\admin\.m2\repository\org\minnal\minnal-instrumentation-jaxrs\2.0.2-SNAPSHOT\minnal-instrumentation-jaxrs-2.0.2-SNAPSHOT.jar
[INFO] Installing D:\A_ThucNghiem\scripts_v2\workspaces\20260724_010022_d3f7f7b1__baseline_readiness\233_9884445_3b15123a\compiledrepos\9884445\minnal-jaxrs\minnal-instrumentation-jaxrs\target\mi"
2026-07-23T19:01:41+00:00,maven_reactor_prewarm_wait,9884445,minnal-jaxrs/minnal-instrumentation-jaxrs,,234,9884445:minnal-jaxrs/minnal-instrumentation-jaxrs/src/main/java/org/minnal/instrument/entity/metadata/handler/elementcollectionannotationhandler.java,ElementCollectionAnnotationHandler,,PASS,18.266,waited 18.266s for same repo/scope prewarm lock: maven:minnal-jaxrs/minnal-instrumentation-jaxrs
2026-07-23T19:01:41+00:00,baseline_sandbox_readiness,9884445,minnal-jaxrs/minnal-instrumentation-jaxrs,,233,9884445:minnal-jaxrs/minnal-instrumentation-jaxrs/src/main/java/org/minnal/instrument/entity/metadata/handler/securemultipleannotationhandler.java,SecureMultipleAnnotationHandler,SecureMultipleAnnotationHandler_RBL4_3b15123aTest,PASS,28.921,ok; sandbox readiness passed
2026-07-23T19:01:41+00:00,baseline_sandbox_readiness,9884445,minnal-jaxrs/minnal-instrumentation-jaxrs,,237,9884445:minnal-jaxrs/minnal-instrumentation-jaxrs/src/main/java/org/minnal/instrument/applicationenhancer.java,ApplicationEnhancer,ApplicationEnhancer_RBL4_7bd3161bTest,START,,prepare per-class sandbox and run generation prewarm without invoking GPT/EvoSuite
2026-07-23T19:01:41+00:00,maven_reactor_prewarm,9884445,minnal-jaxrs/minnal-instrumentation-jaxrs,,234,9884445:minnal-jaxrs/minnal-instrumentation-jaxrs/src/main/java/org/minnal/instrument/entity/metadata/handler/elementcollectionannotationhandler.java,ElementCollectionAnnotationHandler,,START,,prewarm reactor dependencies for -pl minnal-jaxrs/minnal-instrumentation-jaxrs; synthesized placeholder test hidden during prewarm: ElementCollectionAnnotationHandler_RBL4_7e40a186Test.java
2026-07-23T19:01:52+00:00,maven_reactor_prewarm,9884445,minnal-jaxrs/minnal-instrumentation-jaxrs,,234,9884445:minnal-jaxrs/minnal-instrumentation-jaxrs/src/main/java/org/minnal/instrument/entity/metadata/handler/elementcollectionannotationhandler.java,ElementCollectionAnnotationHandler,,PASS,10.796,"sources) < generate-sources @ minnal-jaxrs <<<
[INFO] 
[INFO] 
[INFO] --- source:2.2.1:jar (attach-sources) @ minnal-jaxrs ---
[INFO] 
[INFO] --- javadoc:2.9:jar (attach-javadocs) @ minnal-jaxrs ---
[INFO] Skipping javadoc generation
[INFO] 
[INFO] --- install:3.1.4:install (default-install) @ minnal-jaxrs ---
[INFO] Installing D:\A_ThucNghiem\scripts_v2\workspaces\20260724_010022_d3f7f7b1__baseline_readiness\234_9884445_7e40a186\compiledrepos\9884445\minnal-jaxrs\pom.xml to C:\Users\admin\.m2\repository\org\minnal\minnal-jaxrs\2.0.2-SNAPSHOT\minnal-jaxrs-2.0.2-SNAPSHOT.pom
[INFO] 
[INFO] --------------< org.minnal:minnal-instrumentation-jaxrs >---------------
[INFO] Building Minnal instrumentation jaxrs module 2.0.2-SNAPSHOT        [4/4]
[INFO]   from minnal-jaxrs\minnal-instrumentation-jaxrs\pom.xml
[INFO] --------------------------------[ jar ]---------------------------------
[INFO] 
[INFO] --- resources:3.4.0:resources (default-resources) @ minnal-instrumentation-jaxrs ---
[INFO] Copying 7 resources from src\main\resources to target\classes
[INFO] 
[INFO] --- compiler:2.1:compile (default-compile) @ minnal-instrumentation-jaxrs ---
[INFO] Compiling 68 source files to D:\A_ThucNghiem\scripts_v2\workspaces\20260724_010022_d3f7f7b1__baseline_readiness\234_9884445_7e40a186\compiledrepos\9884445\minnal-jaxrs\minnal-instrumentation-jaxrs\target\classes
[INFO] 
[INFO] --- resources:3.4.0:testResources (default-testResources) @ minnal-instrumentation-jaxrs ---
[INFO] Copying 1 resource from src\test\resources to target\test-classes
[INFO] 
[INFO] --- compiler:2.1:testCompile (default-testCompile) @ minnal-instrumentation-jaxrs ---
[INFO] Compiling 33 source files to D:\A_ThucNghiem\scripts_v2\workspaces\20260724_010022_d3f7f7b1__baseline_readiness\234_9884445_7e40a186\compiledrepos\9884445\minnal-jaxrs\minnal-instrumentation-jaxrs\target\test-classes
[INFO] 
[INFO] --- surefire:3.5.4:test (default-test) @ minnal-instrumentation-jaxrs ---
[INFO] Tests are skipped.
[INFO] 
[INFO] --- jar:2.4:jar (default-jar) @ minnal-instrumentation-jaxrs ---
[INFO] Building jar: D:\A_ThucNghiem\scripts_v2\workspaces\20260724_010022_d3f7f7b1__baseline_readiness\234_9884445_7e40a186\compiledrepos\9884445\minnal-jaxrs\minnal-instrumentation-jaxrs\target\minnal-instrumentation-jaxrs-2.0.2-SNAPSHOT.jar
[INFO] 
[INFO] >>> source:2.2.1:jar (attach-sources) > generate-sources @ minnal-instrumentation-jaxrs >>>
[INFO] 
[INFO] <<< source:2.2.1:jar (attach-sources) < generate-sources @ minnal-instrumentation-jaxrs <<<
[INFO] 
[INFO] 
[INFO] --- source:2.2.1:jar (attach-sources) @ minnal-instrumentation-jaxrs ---
[INFO] Building jar: D:\A_ThucNghiem\scripts_v2\workspaces\20260724_010022_d3f7f7b1__baseline_readiness\234_9884445_7e40a186\compiledrepos\9884445\minnal-jaxrs\minnal-instrumentation-jaxrs\target\minnal-instrumentation-jaxrs-2.0.2-SNAPSHOT-sources.jar
[INFO] 
[INFO] --- javadoc:2.9:jar (attach-javadocs) @ minnal-instrumentation-jaxrs ---
[INFO] Skipping javadoc generation
[INFO] 
[INFO] --- install:3.1.4:install (default-install) @ minnal-instrumentation-jaxrs ---
[INFO] Installing D:\A_ThucNghiem\scripts_v2\workspaces\20260724_010022_d3f7f7b1__baseline_readiness\234_9884445_7e40a186\compiledrepos\9884445\minnal-jaxrs\minnal-instrumentation-jaxrs\pom.xml to C:\Users\admin\.m2\repository\org\minnal\minnal-instrumentation-jaxrs\2.0.2-SNAPSHOT\minnal-instrumentation-jaxrs-2.0.2-SNAPSHOT.pom
[INFO] Installing D:\A_ThucNghiem\scripts_v2\workspaces\20260724_010022_d3f7f7b1__baseline_readiness\234_9884445_7e40a186\compiledrepos\9884445\minnal-jaxrs\minnal-instrumentation-jaxrs\target\minnal-instrumentation-jaxrs-2.0.2-SNAPSHOT.jar to C:\Users\admin\.m2\repository\org\minnal\minnal-instrumentation-jaxrs\2.0.2-SNAPSHOT\minnal-instrumentation-jaxrs-2.0.2-SNAPSHOT.jar
[INFO] Installing D:\A_ThucNghiem\scripts_v2\workspaces\20260724_010022_d3f7f7b1__baseline_readiness\234_9884445_7e40a186\compiledrepos\9884445\minnal-jaxrs\minnal-instrumentation-jaxrs\target\mi"
2026-07-23T19:01:52+00:00,maven_reactor_prewarm_wait,9884445,minnal-jaxrs/minnal-instrumentation-jaxrs,,235,9884445:minnal-jaxrs/minnal-instrumentation-jaxrs/src/main/java/org/minnal/instrument/resource/metadata/resourcemetadatabuilder.java,ResourceMetaDataBuilder,,PASS,22.603,waited 22.603s for same repo/scope prewarm lock: maven:minnal-jaxrs/minnal-instrumentation-jaxrs
2026-07-23T19:01:52+00:00,baseline_sandbox_readiness,9884445,minnal-jaxrs/minnal-instrumentation-jaxrs,,234,9884445:minnal-jaxrs/minnal-instrumentation-jaxrs/src/main/java/org/minnal/instrument/entity/metadata/handler/elementcollectionannotationhandler.java,ElementCollectionAnnotationHandler,ElementCollectionAnnotationHandler_RBL4_7e40a186Test,PASS,29.67,ok; sandbox readiness passed
2026-07-23T19:01:52+00:00,baseline_sandbox_readiness,9884445,minnal-jaxrs/minnal-instrumentation-jaxrs,,238,9884445:minnal-jaxrs/minnal-instrumentation-jaxrs/src/main/java/org/minnal/instrument/resource/resourceutil.java,ResourceUtil,ResourceUtil_RBL4_be372e05Test,START,,prepare per-class sandbox and run generation prewarm without invoking GPT/EvoSuite
2026-07-23T19:01:52+00:00,maven_reactor_prewarm,9884445,minnal-jaxrs/minnal-instrumentation-jaxrs,,235,9884445:minnal-jaxrs/minnal-instrumentation-jaxrs/src/main/java/org/minnal/instrument/resource/metadata/resourcemetadatabuilder.java,ResourceMetaDataBuilder,,START,,prewarm reactor dependencies for -pl minnal-jaxrs/minnal-instrumentation-jaxrs; synthesized placeholder test hidden during prewarm: ResourceMetaDataBuilder_RBL4_c1478021Test.java
2026-07-23T19:02:02+00:00,maven_reactor_prewarm,9884445,minnal-jaxrs/minnal-instrumentation-jaxrs,,235,9884445:minnal-jaxrs/minnal-instrumentation-jaxrs/src/main/java/org/minnal/instrument/resource/metadata/resourcemetadatabuilder.java,ResourceMetaDataBuilder,,PASS,10.133,"sources) < generate-sources @ minnal-jaxrs <<<
[INFO] 
[INFO] 
[INFO] --- source:2.2.1:jar (attach-sources) @ minnal-jaxrs ---
[INFO] 
[INFO] --- javadoc:2.9:jar (attach-javadocs) @ minnal-jaxrs ---
[INFO] Skipping javadoc generation
[INFO] 
[INFO] --- install:3.1.4:install (default-install) @ minnal-jaxrs ---
[INFO] Installing D:\A_ThucNghiem\scripts_v2\workspaces\20260724_010022_d3f7f7b1__baseline_readiness\235_9884445_c1478021\compiledrepos\9884445\minnal-jaxrs\pom.xml to C:\Users\admin\.m2\repository\org\minnal\minnal-jaxrs\2.0.2-SNAPSHOT\minnal-jaxrs-2.0.2-SNAPSHOT.pom
[INFO] 
[INFO] --------------< org.minnal:minnal-instrumentation-jaxrs >---------------
[INFO] Building Minnal instrumentation jaxrs module 2.0.2-SNAPSHOT        [4/4]
[INFO]   from minnal-jaxrs\minnal-instrumentation-jaxrs\pom.xml
[INFO] --------------------------------[ jar ]---------------------------------
[INFO] 
[INFO] --- resources:3.4.0:resources (default-resources) @ minnal-instrumentation-jaxrs ---
[INFO] Copying 7 resources from src\main\resources to target\classes
[INFO] 
[INFO] --- compiler:2.1:compile (default-compile) @ minnal-instrumentation-jaxrs ---
[INFO] Compiling 68 source files to D:\A_ThucNghiem\scripts_v2\workspaces\20260724_010022_d3f7f7b1__baseline_readiness\235_9884445_c1478021\compiledrepos\9884445\minnal-jaxrs\minnal-instrumentation-jaxrs\target\classes
[INFO] 
[INFO] --- resources:3.4.0:testResources (default-testResources) @ minnal-instrumentation-jaxrs ---
[INFO] Copying 1 resource from src\test\resources to target\test-classes
[INFO] 
[INFO] --- compiler:2.1:testCompile (default-testCompile) @ minnal-instrumentation-jaxrs ---
[INFO] Compiling 33 source files to D:\A_ThucNghiem\scripts_v2\workspaces\20260724_010022_d3f7f7b1__baseline_readiness\235_9884445_c1478021\compiledrepos\9884445\minnal-jaxrs\minnal-instrumentation-jaxrs\target\test-classes
[INFO] 
[INFO] --- surefire:3.5.4:test (default-test) @ minnal-instrumentation-jaxrs ---
[INFO] Tests are skipped.
[INFO] 
[INFO] --- jar:2.4:jar (default-jar) @ minnal-instrumentation-jaxrs ---
[INFO] Building jar: D:\A_ThucNghiem\scripts_v2\workspaces\20260724_010022_d3f7f7b1__baseline_readiness\235_9884445_c1478021\compiledrepos\9884445\minnal-jaxrs\minnal-instrumentation-jaxrs\target\minnal-instrumentation-jaxrs-2.0.2-SNAPSHOT.jar
[INFO] 
[INFO] >>> source:2.2.1:jar (attach-sources) > generate-sources @ minnal-instrumentation-jaxrs >>>
[INFO] 
[INFO] <<< source:2.2.1:jar (attach-sources) < generate-sources @ minnal-instrumentation-jaxrs <<<
[INFO] 
[INFO] 
[INFO] --- source:2.2.1:jar (attach-sources) @ minnal-instrumentation-jaxrs ---
[INFO] Building jar: D:\A_ThucNghiem\scripts_v2\workspaces\20260724_010022_d3f7f7b1__baseline_readiness\235_9884445_c1478021\compiledrepos\9884445\minnal-jaxrs\minnal-instrumentation-jaxrs\target\minnal-instrumentation-jaxrs-2.0.2-SNAPSHOT-sources.jar
[INFO] 
[INFO] --- javadoc:2.9:jar (attach-javadocs) @ minnal-instrumentation-jaxrs ---
[INFO] Skipping javadoc generation
[INFO] 
[INFO] --- install:3.1.4:install (default-install) @ minnal-instrumentation-jaxrs ---
[INFO] Installing D:\A_ThucNghiem\scripts_v2\workspaces\20260724_010022_d3f7f7b1__baseline_readiness\235_9884445_c1478021\compiledrepos\9884445\minnal-jaxrs\minnal-instrumentation-jaxrs\pom.xml to C:\Users\admin\.m2\repository\org\minnal\minnal-instrumentation-jaxrs\2.0.2-SNAPSHOT\minnal-instrumentation-jaxrs-2.0.2-SNAPSHOT.pom
[INFO] Installing D:\A_ThucNghiem\scripts_v2\workspaces\20260724_010022_d3f7f7b1__baseline_readiness\235_9884445_c1478021\compiledrepos\9884445\minnal-jaxrs\minnal-instrumentation-jaxrs\target\minnal-instrumentation-jaxrs-2.0.2-SNAPSHOT.jar to C:\Users\admin\.m2\repository\org\minnal\minnal-instrumentation-jaxrs\2.0.2-SNAPSHOT\minnal-instrumentation-jaxrs-2.0.2-SNAPSHOT.jar
[INFO] Installing D:\A_ThucNghiem\scripts_v2\workspaces\20260724_010022_d3f7f7b1__baseline_readiness\235_9884445_c1478021\compiledrepos\9884445\minnal-jaxrs\minnal-instrumentation-jaxrs\target\mi"
2026-07-23T19:02:02+00:00,maven_reactor_prewarm_wait,9884445,minnal-jaxrs/minnal-instrumentation-jaxrs,,236,9884445:minnal-jaxrs/minnal-instrumentation-jaxrs/src/main/java/org/minnal/instrument/entity/metadata/handler/searchableannotationhandler.java,SearchableAnnotationHandler,,PASS,28.394,waited 28.394s for same repo/scope prewarm lock: maven:minnal-jaxrs/minnal-instrumentation-jaxrs
2026-07-23T19:02:02+00:00,baseline_sandbox_readiness,9884445,minnal-jaxrs/minnal-instrumentation-jaxrs,,235,9884445:minnal-jaxrs/minnal-instrumentation-jaxrs/src/main/java/org/minnal/instrument/resource/metadata/resourcemetadatabuilder.java,ResourceMetaDataBuilder,ResourceMetaDataBuilder_RBL4_c1478021Test,PASS,33.449,ok; sandbox readiness passed
2026-07-23T19:02:02+00:00,maven_reactor_prewarm,9884445,minnal-jaxrs/minnal-instrumentation-jaxrs,,236,9884445:minnal-jaxrs/minnal-instrumentation-jaxrs/src/main/java/org/minnal/instrument/entity/metadata/handler/searchableannotationhandler.java,SearchableAnnotationHandler,,START,,prewarm reactor dependencies for -pl minnal-jaxrs/minnal-instrumentation-jaxrs; synthesized placeholder test hidden during prewarm: SearchableAnnotationHandler_RBL4_19519df8Test.java
2026-07-23T19:02:02+00:00,baseline_sandbox_readiness,9884445,minnal-jaxrs/minnal-instrumentation-jaxrs,,239,9884445:minnal-jaxrs/minnal-instrumentation-jaxrs/src/main/java/org/minnal/instrument/entity/metadata/actionmetadata.java,ActionMetaData,ActionMetaData_RBL4_8bc4b0feTest,START,,prepare per-class sandbox and run generation prewarm without invoking GPT/EvoSuite
2026-07-23T19:02:12+00:00,maven_reactor_prewarm,9884445,minnal-jaxrs/minnal-instrumentation-jaxrs,,236,9884445:minnal-jaxrs/minnal-instrumentation-jaxrs/src/main/java/org/minnal/instrument/entity/metadata/handler/searchableannotationhandler.java,SearchableAnnotationHandler,,PASS,10.076,"sources) < generate-sources @ minnal-jaxrs <<<
[INFO] 
[INFO] 
[INFO] --- source:2.2.1:jar (attach-sources) @ minnal-jaxrs ---
[INFO] 
[INFO] --- javadoc:2.9:jar (attach-javadocs) @ minnal-jaxrs ---
[INFO] Skipping javadoc generation
[INFO] 
[INFO] --- install:3.1.4:install (default-install) @ minnal-jaxrs ---
[INFO] Installing D:\A_ThucNghiem\scripts_v2\workspaces\20260724_010022_d3f7f7b1__baseline_readiness\236_9884445_19519df8\compiledrepos\9884445\minnal-jaxrs\pom.xml to C:\Users\admin\.m2\repository\org\minnal\minnal-jaxrs\2.0.2-SNAPSHOT\minnal-jaxrs-2.0.2-SNAPSHOT.pom
[INFO] 
[INFO] --------------< org.minnal:minnal-instrumentation-jaxrs >---------------
[INFO] Building Minnal instrumentation jaxrs module 2.0.2-SNAPSHOT        [4/4]
[INFO]   from minnal-jaxrs\minnal-instrumentation-jaxrs\pom.xml
[INFO] --------------------------------[ jar ]---------------------------------
[INFO] 
[INFO] --- resources:3.4.0:resources (default-resources) @ minnal-instrumentation-jaxrs ---
[INFO] Copying 7 resources from src\main\resources to target\classes
[INFO] 
[INFO] --- compiler:2.1:compile (default-compile) @ minnal-instrumentation-jaxrs ---
[INFO] Compiling 68 source files to D:\A_ThucNghiem\scripts_v2\workspaces\20260724_010022_d3f7f7b1__baseline_readiness\236_9884445_19519df8\compiledrepos\9884445\minnal-jaxrs\minnal-instrumentation-jaxrs\target\classes
[INFO] 
[INFO] --- resources:3.4.0:testResources (default-testResources) @ minnal-instrumentation-jaxrs ---
[INFO] Copying 1 resource from src\test\resources to target\test-classes
[INFO] 
[INFO] --- compiler:2.1:testCompile (default-testCompile) @ minnal-instrumentation-jaxrs ---
[INFO] Compiling 33 source files to D:\A_ThucNghiem\scripts_v2\workspaces\20260724_010022_d3f7f7b1__baseline_readiness\236_9884445_19519df8\compiledrepos\9884445\minnal-jaxrs\minnal-instrumentation-jaxrs\target\test-classes
[INFO] 
[INFO] --- surefire:3.5.4:test (default-test) @ minnal-instrumentation-jaxrs ---
[INFO] Tests are skipped.
[INFO] 
[INFO] --- jar:2.4:jar (default-jar) @ minnal-instrumentation-jaxrs ---
[INFO] Building jar: D:\A_ThucNghiem\scripts_v2\workspaces\20260724_010022_d3f7f7b1__baseline_readiness\236_9884445_19519df8\compiledrepos\9884445\minnal-jaxrs\minnal-instrumentation-jaxrs\target\minnal-instrumentation-jaxrs-2.0.2-SNAPSHOT.jar
[INFO] 
[INFO] >>> source:2.2.1:jar (attach-sources) > generate-sources @ minnal-instrumentation-jaxrs >>>
[INFO] 
[INFO] <<< source:2.2.1:jar (attach-sources) < generate-sources @ minnal-instrumentation-jaxrs <<<
[INFO] 
[INFO] 
[INFO] --- source:2.2.1:jar (attach-sources) @ minnal-instrumentation-jaxrs ---
[INFO] Building jar: D:\A_ThucNghiem\scripts_v2\workspaces\20260724_010022_d3f7f7b1__baseline_readiness\236_9884445_19519df8\compiledrepos\9884445\minnal-jaxrs\minnal-instrumentation-jaxrs\target\minnal-instrumentation-jaxrs-2.0.2-SNAPSHOT-sources.jar
[INFO] 
[INFO] --- javadoc:2.9:jar (attach-javadocs) @ minnal-instrumentation-jaxrs ---
[INFO] Skipping javadoc generation
[INFO] 
[INFO] --- install:3.1.4:install (default-install) @ minnal-instrumentation-jaxrs ---
[INFO] Installing D:\A_ThucNghiem\scripts_v2\workspaces\20260724_010022_d3f7f7b1__baseline_readiness\236_9884445_19519df8\compiledrepos\9884445\minnal-jaxrs\minnal-instrumentation-jaxrs\pom.xml to C:\Users\admin\.m2\repository\org\minnal\minnal-instrumentation-jaxrs\2.0.2-SNAPSHOT\minnal-instrumentation-jaxrs-2.0.2-SNAPSHOT.pom
[INFO] Installing D:\A_ThucNghiem\scripts_v2\workspaces\20260724_010022_d3f7f7b1__baseline_readiness\236_9884445_19519df8\compiledrepos\9884445\minnal-jaxrs\minnal-instrumentation-jaxrs\target\minnal-instrumentation-jaxrs-2.0.2-SNAPSHOT.jar to C:\Users\admin\.m2\repository\org\minnal\minnal-instrumentation-jaxrs\2.0.2-SNAPSHOT\minnal-instrumentation-jaxrs-2.0.2-SNAPSHOT.jar
[INFO] Installing D:\A_ThucNghiem\scripts_v2\workspaces\20260724_010022_d3f7f7b1__baseline_readiness\236_9884445_19519df8\compiledrepos\9884445\minnal-jaxrs\minnal-instrumentation-jaxrs\target\mi"
2026-07-23T19:02:12+00:00,maven_reactor_prewarm_wait,9884445,minnal-jaxrs/minnal-instrumentation-jaxrs,,237,9884445:minnal-jaxrs/minnal-instrumentation-jaxrs/src/main/java/org/minnal/instrument/applicationenhancer.java,ApplicationEnhancer,,PASS,30.359,waited 30.359s for same repo/scope prewarm lock: maven:minnal-jaxrs/minnal-instrumentation-jaxrs
2026-07-23T19:02:12+00:00,baseline_sandbox_readiness,9884445,minnal-jaxrs/minnal-instrumentation-jaxrs,,236,9884445:minnal-jaxrs/minnal-instrumentation-jaxrs/src/main/java/org/minnal/instrument/entity/metadata/handler/searchableannotationhandler.java,SearchableAnnotationHandler,SearchableAnnotationHandler_RBL4_19519df8Test,PASS,39.126,ok; sandbox readiness passed
2026-07-23T19:02:12+00:00,maven_reactor_prewarm,9884445,minnal-jaxrs/minnal-instrumentation-jaxrs,,237,9884445:minnal-jaxrs/minnal-instrumentation-jaxrs/src/main/java/org/minnal/instrument/applicationenhancer.java,ApplicationEnhancer,,START,,prewarm reactor dependencies for -pl minnal-jaxrs/minnal-instrumentation-jaxrs; synthesized placeholder test hidden during prewarm: ApplicationEnhancer_RBL4_7bd3161bTest.java
2026-07-23T19:02:23+00:00,maven_reactor_prewarm,9884445,minnal-jaxrs/minnal-instrumentation-jaxrs,,237,9884445:minnal-jaxrs/minnal-instrumentation-jaxrs/src/main/java/org/minnal/instrument/applicationenhancer.java,ApplicationEnhancer,,PASS,10.734,"sources) < generate-sources @ minnal-jaxrs <<<
[INFO] 
[INFO] 
[INFO] --- source:2.2.1:jar (attach-sources) @ minnal-jaxrs ---
[INFO] 
[INFO] --- javadoc:2.9:jar (attach-javadocs) @ minnal-jaxrs ---
[INFO] Skipping javadoc generation
[INFO] 
[INFO] --- install:3.1.4:install (default-install) @ minnal-jaxrs ---
[INFO] Installing D:\A_ThucNghiem\scripts_v2\workspaces\20260724_010022_d3f7f7b1__baseline_readiness\237_9884445_7bd3161b\compiledrepos\9884445\minnal-jaxrs\pom.xml to C:\Users\admin\.m2\repository\org\minnal\minnal-jaxrs\2.0.2-SNAPSHOT\minnal-jaxrs-2.0.2-SNAPSHOT.pom
[INFO] 
[INFO] --------------< org.minnal:minnal-instrumentation-jaxrs >---------------
[INFO] Building Minnal instrumentation jaxrs module 2.0.2-SNAPSHOT        [4/4]
[INFO]   from minnal-jaxrs\minnal-instrumentation-jaxrs\pom.xml
[INFO] --------------------------------[ jar ]---------------------------------
[INFO] 
[INFO] --- resources:3.4.0:resources (default-resources) @ minnal-instrumentation-jaxrs ---
[INFO] Copying 7 resources from src\main\resources to target\classes
[INFO] 
[INFO] --- compiler:2.1:compile (default-compile) @ minnal-instrumentation-jaxrs ---
[INFO] Compiling 68 source files to D:\A_ThucNghiem\scripts_v2\workspaces\20260724_010022_d3f7f7b1__baseline_readiness\237_9884445_7bd3161b\compiledrepos\9884445\minnal-jaxrs\minnal-instrumentation-jaxrs\target\classes
[INFO] 
[INFO] --- resources:3.4.0:testResources (default-testResources) @ minnal-instrumentation-jaxrs ---
[INFO] Copying 1 resource from src\test\resources to target\test-classes
[INFO] 
[INFO] --- compiler:2.1:testCompile (default-testCompile) @ minnal-instrumentation-jaxrs ---
[INFO] Compiling 33 source files to D:\A_ThucNghiem\scripts_v2\workspaces\20260724_010022_d3f7f7b1__baseline_readiness\237_9884445_7bd3161b\compiledrepos\9884445\minnal-jaxrs\minnal-instrumentation-jaxrs\target\test-classes
[INFO] 
[INFO] --- surefire:3.5.4:test (default-test) @ minnal-instrumentation-jaxrs ---
[INFO] Tests are skipped.
[INFO] 
[INFO] --- jar:2.4:jar (default-jar) @ minnal-instrumentation-jaxrs ---
[INFO] Building jar: D:\A_ThucNghiem\scripts_v2\workspaces\20260724_010022_d3f7f7b1__baseline_readiness\237_9884445_7bd3161b\compiledrepos\9884445\minnal-jaxrs\minnal-instrumentation-jaxrs\target\minnal-instrumentation-jaxrs-2.0.2-SNAPSHOT.jar
[INFO] 
[INFO] >>> source:2.2.1:jar (attach-sources) > generate-sources @ minnal-instrumentation-jaxrs >>>
[INFO] 
[INFO] <<< source:2.2.1:jar (attach-sources) < generate-sources @ minnal-instrumentation-jaxrs <<<
[INFO] 
[INFO] 
[INFO] --- source:2.2.1:jar (attach-sources) @ minnal-instrumentation-jaxrs ---
[INFO] Building jar: D:\A_ThucNghiem\scripts_v2\workspaces\20260724_010022_d3f7f7b1__baseline_readiness\237_9884445_7bd3161b\compiledrepos\9884445\minnal-jaxrs\minnal-instrumentation-jaxrs\target\minnal-instrumentation-jaxrs-2.0.2-SNAPSHOT-sources.jar
[INFO] 
[INFO] --- javadoc:2.9:jar (attach-javadocs) @ minnal-instrumentation-jaxrs ---
[INFO] Skipping javadoc generation
[INFO] 
[INFO] --- install:3.1.4:install (default-install) @ minnal-instrumentation-jaxrs ---
[INFO] Installing D:\A_ThucNghiem\scripts_v2\workspaces\20260724_010022_d3f7f7b1__baseline_readiness\237_9884445_7bd3161b\compiledrepos\9884445\minnal-jaxrs\minnal-instrumentation-jaxrs\pom.xml to C:\Users\admin\.m2\repository\org\minnal\minnal-instrumentation-jaxrs\2.0.2-SNAPSHOT\minnal-instrumentation-jaxrs-2.0.2-SNAPSHOT.pom
[INFO] Installing D:\A_ThucNghiem\scripts_v2\workspaces\20260724_010022_d3f7f7b1__baseline_readiness\237_9884445_7bd3161b\compiledrepos\9884445\minnal-jaxrs\minnal-instrumentation-jaxrs\target\minnal-instrumentation-jaxrs-2.0.2-SNAPSHOT.jar to C:\Users\admin\.m2\repository\org\minnal\minnal-instrumentation-jaxrs\2.0.2-SNAPSHOT\minnal-instrumentation-jaxrs-2.0.2-SNAPSHOT.jar
[INFO] Installing D:\A_ThucNghiem\scripts_v2\workspaces\20260724_010022_d3f7f7b1__baseline_readiness\237_9884445_7bd3161b\compiledrepos\9884445\minnal-jaxrs\minnal-instrumentation-jaxrs\target\mi"
2026-07-23T19:02:23+00:00,maven_reactor_prewarm_wait,9884445,minnal-jaxrs/minnal-instrumentation-jaxrs,,238,9884445:minnal-jaxrs/minnal-instrumentation-jaxrs/src/main/java/org/minnal/instrument/resource/resourceutil.java,ResourceUtil,,PASS,30.254,waited 30.254s for same repo/scope prewarm lock: maven:minnal-jaxrs/minnal-instrumentation-jaxrs
2026-07-23T19:02:23+00:00,baseline_sandbox_readiness,9884445,minnal-jaxrs/minnal-instrumentation-jaxrs,,237,9884445:minnal-jaxrs/minnal-instrumentation-jaxrs/src/main/java/org/minnal/instrument/applicationenhancer.java,ApplicationEnhancer,ApplicationEnhancer_RBL4_7bd3161bTest,PASS,41.761,ok; sandbox readiness passed
2026-07-23T19:02:23+00:00,maven_reactor_prewarm,9884445,minnal-jaxrs/minnal-instrumentation-jaxrs,,238,9884445:minnal-jaxrs/minnal-instrumentation-jaxrs/src/main/java/org/minnal/instrument/resource/resourceutil.java,ResourceUtil,,START,,prewarm reactor dependencies for -pl minnal-jaxrs/minnal-instrumentation-jaxrs; synthesized placeholder test hidden during prewarm: ResourceUtil_RBL4_be372e05Test.java
2026-07-23T19:02:34+00:00,maven_reactor_prewarm,9884445,minnal-jaxrs/minnal-instrumentation-jaxrs,,238,9884445:minnal-jaxrs/minnal-instrumentation-jaxrs/src/main/java/org/minnal/instrument/resource/resourceutil.java,ResourceUtil,,PASS,10.66,"sources) < generate-sources @ minnal-jaxrs <<<
[INFO] 
[INFO] 
[INFO] --- source:2.2.1:jar (attach-sources) @ minnal-jaxrs ---
[INFO] 
[INFO] --- javadoc:2.9:jar (attach-javadocs) @ minnal-jaxrs ---
[INFO] Skipping javadoc generation
[INFO] 
[INFO] --- install:3.1.4:install (default-install) @ minnal-jaxrs ---
[INFO] Installing D:\A_ThucNghiem\scripts_v2\workspaces\20260724_010022_d3f7f7b1__baseline_readiness\238_9884445_be372e05\compiledrepos\9884445\minnal-jaxrs\pom.xml to C:\Users\admin\.m2\repository\org\minnal\minnal-jaxrs\2.0.2-SNAPSHOT\minnal-jaxrs-2.0.2-SNAPSHOT.pom
[INFO] 
[INFO] --------------< org.minnal:minnal-instrumentation-jaxrs >---------------
[INFO] Building Minnal instrumentation jaxrs module 2.0.2-SNAPSHOT        [4/4]
[INFO]   from minnal-jaxrs\minnal-instrumentation-jaxrs\pom.xml
[INFO] --------------------------------[ jar ]---------------------------------
[INFO] 
[INFO] --- resources:3.4.0:resources (default-resources) @ minnal-instrumentation-jaxrs ---
[INFO] Copying 7 resources from src\main\resources to target\classes
[INFO] 
[INFO] --- compiler:2.1:compile (default-compile) @ minnal-instrumentation-jaxrs ---
[INFO] Compiling 68 source files to D:\A_ThucNghiem\scripts_v2\workspaces\20260724_010022_d3f7f7b1__baseline_readiness\238_9884445_be372e05\compiledrepos\9884445\minnal-jaxrs\minnal-instrumentation-jaxrs\target\classes
[INFO] 
[INFO] --- resources:3.4.0:testResources (default-testResources) @ minnal-instrumentation-jaxrs ---
[INFO] Copying 1 resource from src\test\resources to target\test-classes
[INFO] 
[INFO] --- compiler:2.1:testCompile (default-testCompile) @ minnal-instrumentation-jaxrs ---
[INFO] Compiling 33 source files to D:\A_ThucNghiem\scripts_v2\workspaces\20260724_010022_d3f7f7b1__baseline_readiness\238_9884445_be372e05\compiledrepos\9884445\minnal-jaxrs\minnal-instrumentation-jaxrs\target\test-classes
[INFO] 
[INFO] --- surefire:3.5.4:test (default-test) @ minnal-instrumentation-jaxrs ---
[INFO] Tests are skipped.
[INFO] 
[INFO] --- jar:2.4:jar (default-jar) @ minnal-instrumentation-jaxrs ---
[INFO] Building jar: D:\A_ThucNghiem\scripts_v2\workspaces\20260724_010022_d3f7f7b1__baseline_readiness\238_9884445_be372e05\compiledrepos\9884445\minnal-jaxrs\minnal-instrumentation-jaxrs\target\minnal-instrumentation-jaxrs-2.0.2-SNAPSHOT.jar
[INFO] 
[INFO] >>> source:2.2.1:jar (attach-sources) > generate-sources @ minnal-instrumentation-jaxrs >>>
[INFO] 
[INFO] <<< source:2.2.1:jar (attach-sources) < generate-sources @ minnal-instrumentation-jaxrs <<<
[INFO] 
[INFO] 
[INFO] --- source:2.2.1:jar (attach-sources) @ minnal-instrumentation-jaxrs ---
[INFO] Building jar: D:\A_ThucNghiem\scripts_v2\workspaces\20260724_010022_d3f7f7b1__baseline_readiness\238_9884445_be372e05\compiledrepos\9884445\minnal-jaxrs\minnal-instrumentation-jaxrs\target\minnal-instrumentation-jaxrs-2.0.2-SNAPSHOT-sources.jar
[INFO] 
[INFO] --- javadoc:2.9:jar (attach-javadocs) @ minnal-instrumentation-jaxrs ---
[INFO] Skipping javadoc generation
[INFO] 
[INFO] --- install:3.1.4:install (default-install) @ minnal-instrumentation-jaxrs ---
[INFO] Installing D:\A_ThucNghiem\scripts_v2\workspaces\20260724_010022_d3f7f7b1__baseline_readiness\238_9884445_be372e05\compiledrepos\9884445\minnal-jaxrs\minnal-instrumentation-jaxrs\pom.xml to C:\Users\admin\.m2\repository\org\minnal\minnal-instrumentation-jaxrs\2.0.2-SNAPSHOT\minnal-instrumentation-jaxrs-2.0.2-SNAPSHOT.pom
[INFO] Installing D:\A_ThucNghiem\scripts_v2\workspaces\20260724_010022_d3f7f7b1__baseline_readiness\238_9884445_be372e05\compiledrepos\9884445\minnal-jaxrs\minnal-instrumentation-jaxrs\target\minnal-instrumentation-jaxrs-2.0.2-SNAPSHOT.jar to C:\Users\admin\.m2\repository\org\minnal\minnal-instrumentation-jaxrs\2.0.2-SNAPSHOT\minnal-instrumentation-jaxrs-2.0.2-SNAPSHOT.jar
[INFO] Installing D:\A_ThucNghiem\scripts_v2\workspaces\20260724_010022_d3f7f7b1__baseline_readiness\238_9884445_be372e05\compiledrepos\9884445\minnal-jaxrs\minnal-instrumentation-jaxrs\target\mi"
2026-07-23T19:02:34+00:00,maven_reactor_prewarm_wait,9884445,minnal-jaxrs/minnal-instrumentation-jaxrs,,239,9884445:minnal-jaxrs/minnal-instrumentation-jaxrs/src/main/java/org/minnal/instrument/entity/metadata/actionmetadata.java,ActionMetaData,,PASS,30.84,waited 30.840s for same repo/scope prewarm lock: maven:minnal-jaxrs/minnal-instrumentation-jaxrs
2026-07-23T19:02:34+00:00,baseline_sandbox_readiness,9884445,minnal-jaxrs/minnal-instrumentation-jaxrs,,238,9884445:minnal-jaxrs/minnal-instrumentation-jaxrs/src/main/java/org/minnal/instrument/resource/resourceutil.java,ResourceUtil,ResourceUtil_RBL4_be372e05Test,PASS,41.625,ok; sandbox readiness passed
2026-07-23T19:02:34+00:00,maven_reactor_prewarm,9884445,minnal-jaxrs/minnal-instrumentation-jaxrs,,239,9884445:minnal-jaxrs/minnal-instrumentation-jaxrs/src/main/java/org/minnal/instrument/entity/metadata/actionmetadata.java,ActionMetaData,,START,,prewarm reactor dependencies for -pl minnal-jaxrs/minnal-instrumentation-jaxrs; synthesized placeholder test hidden during prewarm: ActionMetaData_RBL4_8bc4b0feTest.java
2026-07-23T19:02:44+00:00,maven_reactor_prewarm,9884445,minnal-jaxrs/minnal-instrumentation-jaxrs,,239,9884445:minnal-jaxrs/minnal-instrumentation-jaxrs/src/main/java/org/minnal/instrument/entity/metadata/actionmetadata.java,ActionMetaData,,PASS,10.136,"sources) < generate-sources @ minnal-jaxrs <<<
[INFO] 
[INFO] 
[INFO] --- source:2.2.1:jar (attach-sources) @ minnal-jaxrs ---
[INFO] 
[INFO] --- javadoc:2.9:jar (attach-javadocs) @ minnal-jaxrs ---
[INFO] Skipping javadoc generation
[INFO] 
[INFO] --- install:3.1.4:install (default-install) @ minnal-jaxrs ---
[INFO] Installing D:\A_ThucNghiem\scripts_v2\workspaces\20260724_010022_d3f7f7b1__baseline_readiness\239_9884445_8bc4b0fe\compiledrepos\9884445\minnal-jaxrs\pom.xml to C:\Users\admin\.m2\repository\org\minnal\minnal-jaxrs\2.0.2-SNAPSHOT\minnal-jaxrs-2.0.2-SNAPSHOT.pom
[INFO] 
[INFO] --------------< org.minnal:minnal-instrumentation-jaxrs >---------------
[INFO] Building Minnal instrumentation jaxrs module 2.0.2-SNAPSHOT        [4/4]
[INFO]   from minnal-jaxrs\minnal-instrumentation-jaxrs\pom.xml
[INFO] --------------------------------[ jar ]---------------------------------
[INFO] 
[INFO] --- resources:3.4.0:resources (default-resources) @ minnal-instrumentation-jaxrs ---
[INFO] Copying 7 resources from src\main\resources to target\classes
[INFO] 
[INFO] --- compiler:2.1:compile (default-compile) @ minnal-instrumentation-jaxrs ---
[INFO] Compiling 68 source files to D:\A_ThucNghiem\scripts_v2\workspaces\20260724_010022_d3f7f7b1__baseline_readiness\239_9884445_8bc4b0fe\compiledrepos\9884445\minnal-jaxrs\minnal-instrumentation-jaxrs\target\classes
[INFO] 
[INFO] --- resources:3.4.0:testResources (default-testResources) @ minnal-instrumentation-jaxrs ---
[INFO] Copying 1 resource from src\test\resources to target\test-classes
[INFO] 
[INFO] --- compiler:2.1:testCompile (default-testCompile) @ minnal-instrumentation-jaxrs ---
[INFO] Compiling 33 source files to D:\A_ThucNghiem\scripts_v2\workspaces\20260724_010022_d3f7f7b1__baseline_readiness\239_9884445_8bc4b0fe\compiledrepos\9884445\minnal-jaxrs\minnal-instrumentation-jaxrs\target\test-classes
[INFO] 
[INFO] --- surefire:3.5.4:test (default-test) @ minnal-instrumentation-jaxrs ---
[INFO] Tests are skipped.
[INFO] 
[INFO] --- jar:2.4:jar (default-jar) @ minnal-instrumentation-jaxrs ---
[INFO] Building jar: D:\A_ThucNghiem\scripts_v2\workspaces\20260724_010022_d3f7f7b1__baseline_readiness\239_9884445_8bc4b0fe\compiledrepos\9884445\minnal-jaxrs\minnal-instrumentation-jaxrs\target\minnal-instrumentation-jaxrs-2.0.2-SNAPSHOT.jar
[INFO] 
[INFO] >>> source:2.2.1:jar (attach-sources) > generate-sources @ minnal-instrumentation-jaxrs >>>
[INFO] 
[INFO] <<< source:2.2.1:jar (attach-sources) < generate-sources @ minnal-instrumentation-jaxrs <<<
[INFO] 
[INFO] 
[INFO] --- source:2.2.1:jar (attach-sources) @ minnal-instrumentation-jaxrs ---
[INFO] Building jar: D:\A_ThucNghiem\scripts_v2\workspaces\20260724_010022_d3f7f7b1__baseline_readiness\239_9884445_8bc4b0fe\compiledrepos\9884445\minnal-jaxrs\minnal-instrumentation-jaxrs\target\minnal-instrumentation-jaxrs-2.0.2-SNAPSHOT-sources.jar
[INFO] 
[INFO] --- javadoc:2.9:jar (attach-javadocs) @ minnal-instrumentation-jaxrs ---
[INFO] Skipping javadoc generation
[INFO] 
[INFO] --- install:3.1.4:install (default-install) @ minnal-instrumentation-jaxrs ---
[INFO] Installing D:\A_ThucNghiem\scripts_v2\workspaces\20260724_010022_d3f7f7b1__baseline_readiness\239_9884445_8bc4b0fe\compiledrepos\9884445\minnal-jaxrs\minnal-instrumentation-jaxrs\pom.xml to C:\Users\admin\.m2\repository\org\minnal\minnal-instrumentation-jaxrs\2.0.2-SNAPSHOT\minnal-instrumentation-jaxrs-2.0.2-SNAPSHOT.pom
[INFO] Installing D:\A_ThucNghiem\scripts_v2\workspaces\20260724_010022_d3f7f7b1__baseline_readiness\239_9884445_8bc4b0fe\compiledrepos\9884445\minnal-jaxrs\minnal-instrumentation-jaxrs\target\minnal-instrumentation-jaxrs-2.0.2-SNAPSHOT.jar to C:\Users\admin\.m2\repository\org\minnal\minnal-instrumentation-jaxrs\2.0.2-SNAPSHOT\minnal-instrumentation-jaxrs-2.0.2-SNAPSHOT.jar
[INFO] Installing D:\A_ThucNghiem\scripts_v2\workspaces\20260724_010022_d3f7f7b1__baseline_readiness\239_9884445_8bc4b0fe\compiledrepos\9884445\minnal-jaxrs\minnal-instrumentation-jaxrs\target\mi"
2026-07-23T19:02:44+00:00,baseline_sandbox_readiness,9884445,minnal-jaxrs/minnal-instrumentation-jaxrs,,239,9884445:minnal-jaxrs/minnal-instrumentation-jaxrs/src/main/java/org/minnal/instrument/entity/metadata/actionmetadata.java,ActionMetaData,ActionMetaData_RBL4_8bc4b0feTest,PASS,41.627,ok; sandbox readiness passed
2026-07-23T19:02:44+00:00,runner,,,,,,,,ERROR,,RuntimeError: Baseline/sandbox readiness gate failed for 1 classes; generation not started.
