order_index,repo_id,repo_url,dataset_commit_sha,unique_mapped_focal_count,repo_order_hash,status,failure_category,failure_detail,clone_status,commit_sha,declared_java_versions,effective_java_runtime,qualified_build_scopes,unique_eligible_buildable_count,selected_for_sample,updated_at
0,69595482,https://github.com/Apicurio/apicurio-studio,,17,0010980633888bcc954fd0e55b282115978bbb60aa566695de1a8aace7793fe0,pending,,,pending,,,8,,0,false,2026-07-22T22:25:19+00:00
1,92980167,https://github.com/mit-ll/PACE,,13,002353abe6f128ce5bae4a6d2eefb02f71a2c71a613ce43c6091f1b703437ea5,pending,,,pending,,,8,,0,false,2026-07-22T22:25:19+00:00
2,41547678,https://github.com/ftomassetti/turin-programming-language,,13,002a1e2e76b973fccc5869809e63ca9002180db7eaaa31635bb28cc03fa03970,pending,,,pending,,,8,,0,false,2026-07-22T22:25:19+00:00
3,45997449,https://github.com/eBay/WebRex,,28,0065a939e7b14992b4588f91e2fe20db305c1d4eab0326fe1058de8c9f4bf5dc,pending,,,pending,,,8,,0,false,2026-07-22T22:25:19+00:00
4,44308560,https://github.com/nokia/RED,,80,0096dce4232be7425d8ed2aedbb3cb33e9f5d4d5097edf536662045d3e0c3c5a,pending,,,pending,,,8,,0,false,2026-07-22T22:25:19+00:00
5,98013453,https://github.com/apache/atlas,,49,0145525bf90b568bc04bd245bc7a7f8ba8980f2c7dacd1a1f5f6b2a676592975,pending,,,pending,,,8,,0,false,2026-07-22T22:25:19+00:00
6,58591901,https://github.com/lessthanoptimal/DeepBoof,,23,0184619f83a9571ffb23f1820dff30ed1d3f1a90c6ebe48a60688cbe1d5beb0f,pending,,,pending,,,8,,0,false,2026-07-22T22:25:19+00:00
7,50872805,https://github.com/googleapis/gax-java,,63,018c86112ea987c3a02fc4781150f2e606246e9cf6167925b696a4c03ac89e40,pending,,,pending,,,8,,0,false,2026-07-22T22:25:19+00:00
8,7826526,https://github.com/wikimedia/kraken,,16,019d03dbe86beb5c5b4de0293b9d1b15e1d010fb132b5f490d147e113d261940,pending,,,pending,,,8,,0,false,2026-07-22T22:25:19+00:00
9,48175620,https://github.com/google/agera,,23,01a14624f2e9d2c5321c54aa125f5b11c82fc1aa435bda7a9bd6f37703eb9828,pending,,,pending,,,8,,0,false,2026-07-22T22:25:19+00:00
10,35126129,https://github.com/cloudera-labs/phoenix,,28,0244162c8c8d1dbe44965ea78596aa4ed03aa8af1df7e900f53aff9e50926a3f,pending,,,pending,,,8,,0,false,2026-07-22T22:25:19+00:00
11,81384608,https://github.com/Teradata/kylo,,112,02457121742e837c95a39241f461d44a14854380753541029a8c82a4460c6992,pending,,,pending,,,8,,0,false,2026-07-22T22:25:19+00:00
12,85795396,https://github.com/apache/calcite-avatica,,28,025d0181ca64ee396f2d82cf50bba4f1554a0d8631451d58d2cdb7275e8507fc,pending,,,pending,,,8,,0,false,2026-07-22T22:25:19+00:00
13,41627638,https://github.com/cuipengfei/Spikes,,49,0260b30807adb2124af5c87f006c717b3ceaf3754f1944c771912e47b27ff1d9,pending,,,pending,,,8,,0,false,2026-07-22T22:25:19+00:00
14,66030306,https://github.com/reactor/reactor-netty,,16,02a45f67ad2da5b98b16c2973e4239ce3e1244f2caa6b22dc58cf576d429fcfe,pending,,,pending,,,8,,0,false,2026-07-22T22:25:19+00:00
15,65356302,https://github.com/openzipkin/zipkin-reporter-java,,12,030325b678f117385cc3877e100572140489cbbd901724b3f7e1a73d0a8e2af0,pending,,,pending,,,8,,0,false,2026-07-22T22:25:19+00:00
16,526139,https://github.com/bcdev/smos-box,,39,0326efb0c998e67d01141cb2f20d90c2937e181753845128fa14ece85a0ba3d0,pending,,,pending,,,8,,0,false,2026-07-22T22:25:19+00:00
17,39195736,https://github.com/racodond/sonar-jproperties-plugin,,20,0338957808f0c46e84a2ef54ef6bd6f2d7f6178f8c61dc3e55ccce1f9eaaeccc,pending,,,pending,,,8,,0,false,2026-07-22T22:25:19+00:00
18,66062805,https://github.com/Meituan-Dianping/Zebra,,15,033cb3a9fb362191315e43b31ddc0594fe098e8ee4136c784cefe9eb69bf67dc,pending,,,pending,,,8,,0,false,2026-07-22T22:25:19+00:00
19,42109069,https://github.com/OpenConext/OpenConext-pdp,,27,03713c52f667ae9d6021a792a8b6e53dda6cedcc845b8314877ee9cc37d73d15,pending,,,pending,,,8,,0,false,2026-07-22T22:25:19+00:00
20,42751554,https://github.com/LearnLib/alex,,61,0399fc0a200e029a68a59d4d35d5de3e616c57c02cd603945cf4b371732bf02a,pending,,,pending,,,8,,0,false,2026-07-22T22:25:19+00:00
21,77481567,https://github.com/rbi/trading4j,,63,03eef097265552ce659bc0732771f4d992968216fff99d9c6af197bb1e8e259c,pending,,,pending,,,8,,0,false,2026-07-22T22:25:19+00:00
22,97518356,https://github.com/dremio/dremio-oss,,179,04269cd1b746a2e2c9ebacaa2063d5445be17436c9a675be96d19fdf4f77e4d7,pending,,,pending,,,8,,0,false,2026-07-22T22:25:19+00:00
23,46413020,https://github.com/clarin-eric/VLO,,37,042c03bc5ce461d9f532e07bc9b62fadef43120d70bdf36b1b3f679a0e5f9462,pending,,,pending,,,8,,0,false,2026-07-22T22:25:19+00:00
24,79112912,https://github.com/Alfresco/SearchServices,,24,04479c97f8cdbed9c19df5445b4be40994a4003b408720a563bf5f12e5b3c970,pending,,,pending,,,8,,0,false,2026-07-22T22:25:19+00:00
25,40111808,https://github.com/eGovFrame/egovframe.rte.3.5,,21,049eeffe2b96761379fbec1b305a9fd038c0de7761ec5f6d4883ff8c5b918554,pending,,,pending,,,8,,0,false,2026-07-22T22:25:19+00:00
26,62117812,https://github.com/apache/pulsar,,173,04b89a4289fb1f76355809d8410c037567fcdfd58c6be60ec52c0c44b42d6f53,pending,,,pending,,,8,,0,false,2026-07-22T22:25:19+00:00
27,597631,https://github.com/sbliven/biojava,,22,04feb773a713cdd859dab599340ebefcf5034792a0fd7642d522abaf113f3944,pending,,,pending,,,8,,0,false,2026-07-22T22:25:19+00:00
28,860937,https://github.com/apache/hama,,17,0553a8ef443b04c47c627c1b8cec80e2f0f525d9d193f5e179bcc53080e6c03a,pending,,,pending,,,8,,0,false,2026-07-22T22:25:19+00:00
29,74059585,https://github.com/GoogleCloudPlatform/cloud-trace-java-instrumentation,,12,05717027d6831cd96b0986c333c81778dca79c47dccc8b48d1b4ab4a59e76d4f,pending,,,pending,,,8,,0,false,2026-07-22T22:25:19+00:00
30,35627039,https://github.com/hortonworks/streamline,,51,05c8673a7dc694cd7baadcdde1555ef7d7ce9d0c2bc68bc219c331e971b38d04,pending,,,pending,,,8,,0,false,2026-07-22T22:25:19+00:00
31,60578004,https://github.com/artoderk/elastic-jobx,,32,05e8d8283df0e87f4e14c2cc64f4e4a3e6431fc7b06cba0a4b96993ba097ca5a,pending,,,pending,,,8,,0,false,2026-07-22T22:25:19+00:00
32,537800,https://github.com/dropwizard/metrics,,56,06083b1e73dc5014886435d6662cb00528d6fdb7da3d84884ea4c3de2aeb11fb,pending,,,pending,,,8,,0,false,2026-07-22T22:25:19+00:00
33,9836833,https://github.com/restx/restx,,27,0621cfedba240cdfe3c7b1a8057c8da1d6dcb5bd7b5d9e3dd1e1493d81a3bfbc,pending,,,pending,,,8,,0,false,2026-07-22T22:25:19+00:00
34,67934497,https://github.com/networknt/light-example-4j,,13,06d1e199afd76e0c2c46c93995b621622c728bbbdae78cba9ec0b3effb2e3295,pending,,,pending,,,8,,0,false,2026-07-22T22:25:19+00:00
35,74999474,https://github.com/yahoo/parsec-libraries,,15,06d8cdd572c17d35f463c15921d2656de021f5ca3d32a14d6d9527e8de3cbe73,pending,,,pending,,,8,,0,false,2026-07-22T22:25:19+00:00
36,9884445,https://github.com/minnal/minnal,,52,071fd6a54cccf3011795775bf5ed3e5e2a2adcabf3f90ddba71a366ff5f84c48,pending,,,pending,,,8,,0,false,2026-07-22T22:25:19+00:00
37,4368712,https://github.com/jersey/jersey,,76,07308510625aa1c54fd6f734d70ffb9abfa5798e57fdf67f2ceb1c6fd11afd46,pending,,,pending,,,8,,0,false,2026-07-22T22:25:19+00:00
38,39285768,https://github.com/schemacrawler/SchemaCrawler,,14,073cc9ef7c990390165f00d72bbd59524145ead2fe0863a72ea6bd37a930ba90,pending,,,pending,,,8,,0,false,2026-07-22T22:25:19+00:00
39,712229,https://github.com/cloudera/flume,,50,0785fa9bd532fe13c3e9fd7f914f60986d9fbc0debc174c8e1c631ed3ba2e17b,pending,,,pending,,,8,,0,false,2026-07-22T22:25:19+00:00
40,52507351,https://github.com/diennea/herddb,,17,0787be3960aff0da3fb1b4bb82ce24d6f373fa7f266bab1a2ef9dc0dc77bb79f,pending,,,pending,,,8,,0,false,2026-07-22T22:25:19+00:00
41,67436705,https://github.com/openhab/org.openhab.binding.zigbee,,22,079b275dc0ec75b2426e97d51ba1b35ac5b6328917ab33160af5a3147137e71e,pending,,,pending,,,8,,0,false,2026-07-22T22:25:19+00:00
42,905232,https://github.com/ops4j/org.ops4j.pax.runner,,16,07bf231302241738c2c98ec4404a42e176417293b7578d4220093ec004a7beaa,pending,,,pending,,,8,,0,false,2026-07-22T22:25:19+00:00
43,69571507,https://github.com/openzipkin/zipkin-aws,,13,081a8cfb219bc053f1a59f47efdcc85a06df6c71008ad753cf12edef2b4a1f68,pending,,,pending,,,8,,0,false,2026-07-22T22:25:19+00:00
44,558963,https://github.com/httpcache4j/httpcache4j,,22,085892286c0b6504278c983b09615866657ecbe69d768d23ea9bf2fa14fa4435,pending,,,pending,,,8,,0,false,2026-07-22T22:25:19+00:00
45,46450575,https://github.com/spotify/flo,,19,0875bf5310490f95ae9d3c5c04e3ea1d90b45e58a66a669f6edb7eb8feb38249,pending,,,pending,,,8,,0,false,2026-07-22T22:25:19+00:00
46,35532096,https://github.com/gruter/tajo-elasticsearch,,44,08e73d7c277238ae1676168e6e119f41add121c0e5045eacc91e67d168872dc3,pending,,,pending,,,8,,0,false,2026-07-22T22:25:19+00:00
47,7416235,https://github.com/rosjava/rosjava_core,,14,08f66617e7bfc98914d9bd7a4aaf286cc7c04769f2a6f3abbc9dfe252046fa5f,pending,,,pending,,,8,,0,false,2026-07-22T22:25:19+00:00
48,77030088,https://github.com/bihe0832/Android-GetAPKInfo,,12,092723dec42b087e55390309a853dbed7920b1a71d01ab964ab3a187638fe235,pending,,,pending,,,8,,0,false,2026-07-22T22:25:19+00:00
49,32377028,https://github.com/otros-systems/otroslogviewer,,82,09abe93a013b4542d9a7182ad04d44f4a387d7541be570a87ad759a84dcf63b7,pending,,,pending,,,8,,0,false,2026-07-22T22:25:19+00:00
50,5601676,https://github.com/Nciaravola/PonySDK,,24,09fdd9b29c4edfe5df99c1c19410012f88f5611ce33404e180fd44b7bd80ddc8,pending,,,pending,,,8,,0,false,2026-07-22T22:25:19+00:00
51,9054533,https://github.com/graphhopper/jsprit,,53,0a07a6ec949269de349ffaa67c377968146860445f4f2525cf3c6c5d4a36c0bd,pending,,,pending,,,8,,0,false,2026-07-22T22:25:19+00:00
52,52972024,https://github.com/SmartTools/smartactors-core,,226,0a5a22c111a5129fde1a8f7af52f36a063fb99d96beb37dcdbb32f4e7b282639,pending,,,pending,,,8,,0,false,2026-07-22T22:25:19+00:00
53,49057615,https://github.com/folio-org/okapi,,22,0a9dd0710d15faf0e8a2c2c4338d5a9052c57032742de2e4d9146a88dc2d161d,pending,,,pending,,,8,,0,false,2026-07-22T22:25:19+00:00
54,64487983,https://github.com/ErnestMing/JavaDesignPartternImpl,,70,0b0a0007d96401982c0ff628caeb0d37a871df251e2628ab474c6e58c7bb9cfa,pending,,,pending,,,8,,0,false,2026-07-22T22:25:19+00:00
55,3713233,https://github.com/seratch/junithelper,,54,0b3490095deb0626ee5d9ebb26e94b391509f1b28ae3d1398c439febfa505d37,pending,,,pending,,,8,,0,false,2026-07-22T22:25:19+00:00
56,47184968,https://github.com/adobe/aem-core-wcm-components,,54,0b3deff5147ca1cc67e9a7613654f9c22efcef4c81929f11fcbd554b909f0170,pending,,,pending,,,8,,0,false,2026-07-22T22:25:19+00:00
57,98410891,https://github.com/Nexmo/comms-router,,14,0bd4ee4eb308d500e8ba7b00b7c6bdb4e3eee026f6d22b8444f1fb7840394bca,pending,,,pending,,,8,,0,false,2026-07-22T22:25:19+00:00
58,4159017,https://github.com/SonarSource/sslr,,45,0c0b62835aa00e560a0fadbdebcfbb638819940728537dd32227acef6858d80c,pending,,,pending,,,8,,0,false,2026-07-22T22:25:19+00:00
59,60377070,https://github.com/vespa-engine/vespa,,494,0c1258ffe1447612a88571c37c9e23b384d5c41b9b02913671d5f620a6a7214a,pending,,,pending,,,8,,0,false,2026-07-22T22:25:19+00:00
60,4955633,https://github.com/segmentio/analytics-java,,12,0c9dfc39814dbb6746c4bab8170df60ee3e94730edb6bbb6d06ff5d299da8c23,pending,,,pending,,,8,,0,false,2026-07-22T22:25:19+00:00
61,76278501,https://github.com/kickstarter/android-oss,,16,0c9fa62ab42c33db6e62ca5e14f5701517e4491735c540fd9bbce140750115bb,pending,,,pending,,,8,,0,false,2026-07-22T22:25:19+00:00
62,58555246,https://github.com/voyages-sncf-technologies/strowgr,,18,0cc71eab7d75d2ae07833f4292e9d40b6cc0afb1372af112c58472b76ef18c27,pending,,,pending,,,8,,0,false,2026-07-22T22:25:19+00:00
63,76684197,https://github.com/universum-studios/android_intents,,14,0cd15442514d848a8fa6e58f35b185b061d1e7b78eb8706222bcb290896ef316,pending,,,pending,,,8,,0,false,2026-07-22T22:25:19+00:00
64,7481569,https://github.com/oracle/opengrok,,113,0cee71d8ca6deca9439eeb1e64a7337a94365de7004e7f35a1a3fb8fe9cb4b9b,pending,,,pending,,,8,,0,false,2026-07-22T22:25:19+00:00
65,3847504,https://github.com/digitalroastery/weblounge,,62,0d6460a323768a072381b77369c00395dc3f439e7ba854fd4c9f3bd6d9a881e0,pending,,,pending,,,8,,0,false,2026-07-22T22:25:19+00:00
66,97822421,https://github.com/pchudzik/springmock,,15,0dd43e351d0f638d7dc063329f18ace928b69c318bccdacea976b138594a7b3f,pending,,,pending,,,8,,0,false,2026-07-22T22:25:19+00:00
67,58086354,https://github.com/BitTigerInst/miniCassandra,,54,0eca51357e7261714837431239b32fb0ac566ce5a72d40b8b10286d51850164f,pending,,,pending,,,8,,0,false,2026-07-22T22:25:19+00:00
68,76604873,https://github.com/universum-studios/android_preferences,,12,0eec3746d981c5f7a350831cd2db692631db6f06866833d24aa0323e3772d56d,pending,,,pending,,,8,,0,false,2026-07-22T22:25:19+00:00
69,95247959,https://github.com/aws/aws-sdk-java-v2,,196,0f65fb2c3dbc7ad39d477c4a326a27b45f1d6839e9821bf356b097000f77bc51,pending,,,pending,,,8,,0,false,2026-07-22T22:25:19+00:00
70,9619226,https://github.com/3pillarlabs/spring-data-simpledb,,14,0f7f08c366f8eea0da06b2eb859ec4375fd040c86f091889de36b87a6a0c4abd,pending,,,pending,,,8,,0,false,2026-07-22T22:25:19+00:00
71,45755430,https://github.com/Discord4J/Discord4J,,13,0f81d3bd9f123c7e3770aa550af8ed009b1d8b7416c2422c0e6b640316c2891a,pending,,,pending,,,8,,0,false,2026-07-22T22:25:19+00:00
72,904044,https://github.com/chrismattmann/solrcene,,12,0f8360bd6bdd71b15ec645d9b81848905fc82687ea0360c436817ba5838fe7b2,pending,,,pending,,,8,,0,false,2026-07-22T22:25:19+00:00
73,3513261,https://github.com/sap-production/xcode-maven-plugin,,18,0fe894a177834dbb0218c8992a1f1c7b77c3e852bf9e1c93c11e3a986636ab39,pending,,,pending,,,8,,0,false,2026-07-22T22:25:19+00:00
74,50056934,https://github.com/twitter/distributedlog,,43,103dbfe25e550ead93e4a2e461b816e00a7d22ee14ba4379cce7780bbe595247,pending,,,pending,,,8,,0,false,2026-07-22T22:25:19+00:00
75,854893,https://github.com/preon/preon,,21,1045c68ae073dd43baae38e1201f80f832bf5f067959698063118cae7cebb16b,pending,,,pending,,,8,,0,false,2026-07-22T22:25:19+00:00
76,4597349,https://github.com/pentaho/pentaho-commons-xul,,19,10767d0f710e39b28852ce4f8ecc1dd82f864a57fdf01f6dca1851a012bfbf77,pending,,,pending,,,8,,0,false,2026-07-22T22:25:19+00:00
77,78444970,https://github.com/voho/web,,17,107fd696855b24fe82eb4a5e76a549836099068dab381fd4f87200d8a0a6e1a1,pending,,,pending,,,8,,0,false,2026-07-22T22:25:19+00:00
78,8328088,https://github.com/asarkar/java,,59,1090f35c6056b56e335a4409a055b600efe8a2df491d0b7013a3faaa9c49cbd6,pending,,,pending,,,8,,0,false,2026-07-22T22:25:19+00:00
79,87849739,https://github.com/eclipse/ditto,,612,118f52fc6bde637eba462eb1dc9af14820e83bcaba5a79d0f4c0d50b10637b6e,pending,,,pending,,,8,,0,false,2026-07-22T22:25:19+00:00
80,9812178,https://github.com/topicusonderwijs/tribe-krd-opensource,,20,11d65325691900f616f29db66befdda90172a84301c56475d88208621315a701,pending,,,pending,,,8,,0,false,2026-07-22T22:25:19+00:00
81,3580492,https://github.com/datasalt/pangool,,24,1235edbe4951568f8779f03ff8032d49e68bdbfa2507024daa65f76ee4369b2d,pending,,,pending,,,8,,0,false,2026-07-22T22:25:19+00:00
82,49317403,https://github.com/Nilhcem/droidcontn-2016,,19,12bbd8cf47e64bbbf9e30dfe3cb7e7f00586768e35fe1cf7a0c6f43064cf3143,pending,,,pending,,,8,,0,false,2026-07-22T22:25:19+00:00
83,952585,https://github.com/GeoWebCache/geowebcache,,28,12e14abc4ccc7463fad0699e658afcb9e5ef3e77e1328c79c06be03ecb880694,pending,,,pending,,,8,,0,false,2026-07-22T22:25:19+00:00
84,61565876,https://github.com/ljacqu/DependencyInjector,,13,13713c8619e91f63435ad5f8363ec26f5f6bf2dd3152fbd983f715ad1abb48a4,pending,,,pending,,,8,,0,false,2026-07-22T22:25:19+00:00
85,46396068,https://github.com/kakao/hbase-tools,,14,137b016d73cc1a8f515cca1c3261770421f478040a354782c977d38d01cc8b5f,pending,,,pending,,,8,,0,false,2026-07-22T22:25:19+00:00
86,48046454,https://github.com/hazelcast/hazelcast-jet,,54,13b2eb7b23b922cf712afb7c70c15d130fa1cfc82ce06c96b2b8723165bfa663,pending,,,pending,,,8,,0,false,2026-07-22T22:25:19+00:00
87,95005676,https://github.com/Backblaze/b2-sdk-java,,46,13bbaf8f0326742f039a7b757baabf191427e89db2ce2e92e8c7e75534504972,pending,,,pending,,,8,,0,false,2026-07-22T22:25:19+00:00
88,9294731,https://github.com/52North/SensorWebClient,,20,13d6aadc1349c1290fd9fab59bc92bb5dcb15871ca4233b37592c04d449bb70f,pending,,,pending,,,8,,0,false,2026-07-22T22:25:19+00:00
89,4514536,https://github.com/pentaho/big-data-plugin,,114,13ffc2cd4b03167bb1552a7f0b9f674055db84c526c27b656905e7fbcbf3d7c8,pending,,,pending,,,8,,0,false,2026-07-22T22:25:19+00:00
90,43105609,https://github.com/borball/weixin-sdk,,30,142868e65f676a0aa4a2ad8b60f0932b0897c209e265195b65f3e67ceb971e70,pending,,,pending,,,8,,0,false,2026-07-22T22:25:19+00:00
91,73420810,https://github.com/Apress/creating-maintainable-apis,,12,142fd55ab100675aaf56ece9e777ebc9519e76f1553029d965d5a0ac18058572,pending,,,pending,,,8,,0,false,2026-07-22T22:25:19+00:00
92,66303306,https://github.com/bazaarvoice/emodb,,62,1439edb5e5c2b625f229a2eaff5cc9cd6219057eefce94aa38bedea4795623f4,pending,,,pending,,,8,,0,false,2026-07-22T22:25:19+00:00
93,7095532,https://github.com/barchart/barchart-udt,,14,1445e62098c7ed34a87bcaa666f9ce80ef6d6123d89fae45b9339c15351ad8a1,pending,,,pending,,,8,,0,false,2026-07-22T22:25:19+00:00
94,6944525,https://github.com/linkedin/rest.li,,182,1468f48d6063422b6f8519b5fb448e0222d623098d2851490e7af9449f0f222d,pending,,,pending,,,8,,0,false,2026-07-22T22:25:19+00:00
95,6293402,https://github.com/vaadin/framework,,63,146ba5ac1219387119921613d908301a96c7f9f174c882a9c276e9f4d1410542,pending,,,pending,,,8,,0,false,2026-07-22T22:25:19+00:00
96,49384652,https://github.com/xiaolongzuo/niubi-job,,15,14c03e2dd220f66ad161c49b3e22fcd73efc566c32beecd86d2c4215d8f1f402,pending,,,pending,,,8,,0,false,2026-07-22T22:25:19+00:00
97,6437134,https://github.com/dma-enav/e-Navigation,,12,14c1931b6978365d6ad4de0b078f9154f3e7c4685780f96c9eac4f25721cb4c3,pending,,,pending,,,8,,0,false,2026-07-22T22:25:19+00:00
98,8927606,https://github.com/ibissource/iaf,,79,14c41fd3f1d94554d903f93fbd8e4b96b946b9e982dcf1aa8764e051cc883860,pending,,,pending,,,8,,0,false,2026-07-22T22:25:19+00:00
99,40266095,https://github.com/dkpro/dkpro-keyphrases,,18,14f6109a233dff4fa632cf0cb316a4c587cfdc5b2d8417a8ec89c9d9794866a5,pending,,,pending,,,8,,0,false,2026-07-22T22:25:19+00:00
100,48337670,https://github.com/openhab/openhab-core,,101,154b1830aeb9e0dcf80e6242ec40f74c2d71d58a43c0eb56fa2ebcd9f7464743,pending,,,pending,,,8,,0,false,2026-07-22T22:25:19+00:00
101,41263775,https://github.com/npgall/cqengine,,55,15bba842c9d0c60d6f1126b566ce562376c1a6c346c1a38512df97ee96d32a1c,pending,,,pending,,,8,,0,false,2026-07-22T22:25:19+00:00
102,76405311,https://github.com/linkedin/flashback,,21,1617874bdc8e993ad9b8a41f1fe9cce5c5d7669fa00d59d69678346ac0f329fa,pending,,,pending,,,8,,0,false,2026-07-22T22:25:19+00:00
103,68676827,https://github.com/LibreHealthIO/lh-toolkit,,168,161a20d155961473f0ea4c3c39e3e96f4ee987146e7cdd0798a59a7d08fa3698,pending,,,pending,,,8,,0,false,2026-07-22T22:25:19+00:00
104,6733624,https://github.com/doanduyhai/Achilles,,19,163a8edebd2e82b6e55f4661c9ca0f188e0b350b24a6044849505b52953c6f99,pending,,,pending,,,8,,0,false,2026-07-22T22:25:19+00:00
105,55707462,https://github.com/REDNBLACK/J-Kinopoisk2IMDB,,16,16486cad0b46646d2a6ec10f7e0ab368615d09f573529fe6579b0d1244be79e7,pending,,,pending,,,8,,0,false,2026-07-22T22:25:19+00:00
106,45805061,https://github.com/DevStreet/FinanceAnalytics,,1092,1661835bcffcc3f14bd6d68d3698ce296d756f2281dffdd75a521e3b9251a28b,pending,,,pending,,,8,,0,false,2026-07-22T22:25:19+00:00
107,94987426,https://github.com/kawasima/bouncr,,12,1665b8be618a18a748eaaa950cafdc292e4802c2f3e9c5b297dbaf281744c087,pending,,,pending,,,8,,0,false,2026-07-22T22:25:19+00:00
108,87859908,https://github.com/micrometer-metrics/micrometer,,118,16a9aeae6f714fc05ccdd4812c5a7ceaa7fa694b6a9a66cea07b92ca3979e567,pending,,,pending,,,8,,0,false,2026-07-22T22:25:19+00:00
109,5590873,https://github.com/arouel/quality-check,,32,17655451579c86e781d2de45f6981ee0831c1ca1616dae88d77af889d261bedd,pending,,,pending,,,8,,0,false,2026-07-22T22:25:19+00:00
110,3487509,https://github.com/ericlemerdy/one-kata-per-day,,16,1784cd5e5f49d9dbb6a4dd1ea3452efa0342fd900735d19d0430986a07ab149d,pending,,,pending,,,8,,0,false,2026-07-22T22:25:19+00:00
111,3999381,https://github.com/takawitter/trie4j,,14,178d71da072797b1d9b1c91f80100f7626153d724fd6891649bbd6174e9f898d,pending,,,pending,,,8,,0,false,2026-07-22T22:25:19+00:00
112,62373731,https://github.com/ctt-gob-es/SIGM-Community,,12,17ab87c2de5828886372a4d47400e945a0de827a0c95aece5a662f17be0ba0fc,pending,,,pending,,,8,,0,false,2026-07-22T22:25:19+00:00
113,71517454,https://github.com/bhits/pcm-api,,27,17f28353fad895b5781ad428f1d9c518afbfd42b4d3ab0c717a8aa4349b7f3b7,pending,,,pending,,,8,,0,false,2026-07-22T22:25:19+00:00
114,49071798,https://github.com/CMSgov/bluebutton-data-server,,15,18088d75fd0ccbd100ab6d9184b384e056ad90576a0f1006c7b7486db7fce97c,pending,,,pending,,,8,,0,false,2026-07-22T22:25:19+00:00
115,74537556,https://github.com/ruicao93/ONOS-ICOA,,440,181140dd1c6bdcbe9913a86db04710aa850fa29e8d42807b5d7ab0d060c06b93,pending,,,pending,,,8,,0,false,2026-07-22T22:25:19+00:00
116,91683656,https://github.com/crnk-project/crnk-framework,,132,1830762d2861423fd7b352ac97add78de6816af769cb8855ed1200fac7362c4e,pending,,,pending,,,8,,0,false,2026-07-22T22:25:19+00:00
117,4713292,https://github.com/cogroo/cogroo4,,15,184d76dc20f5e72c5b5ed558b6e96845864d01f89e0c093d30398a5970e72354,pending,,,pending,,,8,,0,false,2026-07-22T22:25:19+00:00
118,88962042,https://github.com/TNG/ArchUnit,,50,1854377d838aa3871cc95e547625eb368b33e02aaff7d1b456bac84cc0676617,pending,,,pending,,,8,,0,false,2026-07-22T22:25:19+00:00
119,67328052,https://github.com/web3j/web3j,,67,190b7ef06136394f545c1303de625780b0d87b8a43511a8cc8342885e4524617,pending,,,pending,,,8,,0,false,2026-07-22T22:25:19+00:00
120,89412712,https://github.com/javaee/javamail,,23,190f624e77f8f140a1f90fe629ed814eb598c78929a5b7f94b6ebe0cdb08a2e9,pending,,,pending,,,8,,0,false,2026-07-22T22:25:19+00:00
121,93012016,https://github.com/xzy256/bazel-mips64,,14,19104a895f256676abafa17c8bad2dc6b1335a51161dce47e2903b7a0f86f5a3,pending,,,pending,,,8,,0,false,2026-07-22T22:25:19+00:00
122,89762510,https://github.com/zccodere/study-imooc,,24,194c7ca9d847397afee08b6d065867fa17cb664a0bd660939dfdae4c96020b5e,pending,,,pending,,,8,,0,false,2026-07-22T22:25:19+00:00
123,49529486,https://github.com/mercadopago/px-android,,24,19c4559ea48c69f48446edbdac78b19714373cd428465a4b98d182427c6a90d0,pending,,,pending,,,8,,0,false,2026-07-22T22:25:19+00:00
124,7031510,https://github.com/dianping/puma,,38,19ccbe150b8a655bdd89f93b41e44e6d343214a2c66f27d94e03222798bc3636,pending,,,pending,,,8,,0,false,2026-07-22T22:25:19+00:00
125,7859424,https://github.com/Orego/Orego,,46,1ad5dfed155ad608ac5f64508666d535c7eed1708b65d10b64e8ac3a0fcb7371,pending,,,pending,,,8,,0,false,2026-07-22T22:25:19+00:00
126,8197357,https://github.com/undera/jmeter-plugins,,174,1adca52c31119601a1b2ede322bf83db4eef5561f693ca873f001b58fb4bcb5b,pending,,,pending,,,8,,0,false,2026-07-22T22:25:19+00:00
127,88777477,https://github.com/dizitart/nitrite-database,,114,1af3b6f8483d03b4eb85a7b7f74a5e0c933eaef95cae342377fc4be2c7d7c350,pending,,,pending,,,8,,0,false,2026-07-22T22:25:19+00:00
128,43563629,https://github.com/stkent/amplify,,12,1af45f48f922f589e66204c2229743a94ace75c80dbd2abfe45539096d221b15,pending,,,pending,,,8,,0,false,2026-07-22T22:25:19+00:00
129,85239682,https://github.com/FortnoxAB/reactive-wizard,,45,1b1db143c59303103a716f76f921b5a8fc1e245accf817c31f281ab74a238fec,pending,,,pending,,,8,,0,false,2026-07-22T22:25:19+00:00
130,6830643,https://github.com/Skylark95/Amazon-App-Notifier,,13,1ba445e0bb34cd9fee65eee99449a40906a23f18c6ecc395e5d16f41b17c12c6,pending,,,pending,,,8,,0,false,2026-07-22T22:25:19+00:00
131,95449551,https://github.com/Taskana/taskana,,22,1c2d9c9d33e1660f7a74abd56136ae98370f805f538a8c7627b5a6a3ef01a34b,pending,,,pending,,,8,,0,false,2026-07-22T22:25:19+00:00
132,43254843,https://github.com/komamitsu/fluency,,18,1c790c2d732a4d7af58c32a385df9a4614b67af8831c2fffd2807cfbeb948d20,pending,,,pending,,,8,,0,false,2026-07-22T22:25:19+00:00
133,93584385,https://github.com/oneops/oneops,,46,1cd63a50e5cbd9dadbc8e1c1bf1ffe12f56965a1cdaf474263ca5bc8649292f4,pending,,,pending,,,8,,0,false,2026-07-22T22:25:19+00:00
134,6101685,https://github.com/coherence-community/oracle-bedrock,,41,1cec3f30cbdad9bac94bc44fa47a084449033b82e46d812b45df8766754db8dc,pending,,,pending,,,8,,0,false,2026-07-22T22:25:19+00:00
135,61372044,https://github.com/MissionCriticalCloud/cosmic,,94,1cf80eaf4f3cf82bc60c65379f9c01f59d2d3b8ebd161374c8f871445a2124ad,pending,,,pending,,,8,,0,false,2026-07-22T22:25:19+00:00
136,41253781,https://github.com/panda-lang/panda,,42,1cfc747d6e8923ef759b8526301ca9ede3b38660f405b158ad0c42a727a5854a,pending,,,pending,,,8,,0,false,2026-07-22T22:25:19+00:00
137,5445246,https://github.com/aseovic/coherence-tools,,17,1d1555b67f9d728cbdfe12dd8a1531246001320dfb5c7d017e10627ca7cb19ae,pending,,,pending,,,8,,0,false,2026-07-22T22:25:19+00:00
138,58370373,https://github.com/zjnu-acm/judge,,35,1d1e7bbc3b0468a95d19e1e21ba3edb1cdca18a143ab97a7056326d965f10dd4,pending,,,pending,,,8,,0,false,2026-07-22T22:25:19+00:00
139,35204049,https://github.com/apache/incubator-atlas,,70,1d21628fe308f6b549049d94cad1245984c9c821893d267713c5e57d22d4b260,pending,,,pending,,,8,,0,false,2026-07-22T22:25:19+00:00
140,90045866,https://github.com/KnowageLabs/Knowage-Server,,15,1d284298dae4545393e381e6ebe7e2994e4002d8a10dc7a67565928bf95468cf,pending,,,pending,,,8,,0,false,2026-07-22T22:25:19+00:00
141,81143147,https://github.com/dmfs/uri-toolkit,,23,1d286a316fa2a06e611dcb856a77de859aec27d06d441375f81b81f411e96267,pending,,,pending,,,8,,0,false,2026-07-22T22:25:19+00:00
142,6780534,https://github.com/elan-ev/StudIPAndroidApp,,38,1d3cb366370a7422d98be7bf9a29210fba7533f5ed2398d91d853bd677ba81bf,pending,,,pending,,,8,,0,false,2026-07-22T22:25:19+00:00
143,59571413,https://github.com/jferard/fastods,,97,1db233c7385bb5b02746d4ebd26cc7839a52d9f114c7c7321098a2ac797dcdb7,pending,,,pending,,,8,,0,false,2026-07-22T22:25:19+00:00
144,37007492,https://github.com/alexcwyu/algotrader,,12,1dd37615a443ae13a8c776acd4f81cd85bdd0ff6733a07dddcdcfb7cf7696c64,pending,,,pending,,,8,,0,false,2026-07-22T22:25:19+00:00
145,35757620,https://github.com/victorrentea/training,,35,1dde394bf0b4be492c1cd03b5fd4fbda8dbc305f34c03fda8d0b665932ddae20,pending,,,pending,,,8,,0,false,2026-07-22T22:25:19+00:00
146,4298816,https://github.com/SeqWare/seqware,,22,1e8cd0b7d08ce583f0e409d95cf9ae3540cad473f54cdb816f9857dd77ac39d5,pending,,,pending,,,8,,0,false,2026-07-22T22:25:19+00:00
147,5109749,https://github.com/DataLite/zk-dl,,20,1eb1fedd4997a3fa28e492c5d3f57b12a627f68f6816e0332b051916cdda3aef,pending,,,pending,,,8,,0,false,2026-07-22T22:25:19+00:00
148,57251243,https://github.com/Nike-Inc/wingtips,,61,1ed70c5140f4c69bf15920c85661a3ff1a12f9f3b6ef701663e55025cc40763a,pending,,,pending,,,8,,0,false,2026-07-22T22:25:19+00:00
149,9977431,https://github.com/sscdotopen/recsys-als,,38,1f0a1e8835575402682dd2b01e9d93952c774bb730d9d42177743890a8c17f54,pending,,,pending,,,8,,0,false,2026-07-22T22:25:19+00:00
150,61566208,https://github.com/vmware-archive/OHMS,,46,1f1c1d297a264cc2f1e631921eb7f943ab8092422a91448d0c411f13d1bc218f,pending,,,pending,,,8,,0,false,2026-07-22T22:25:19+00:00
151,3839218,https://github.com/tmyroadctfig/swingx,,73,1f6c7a634fc77b0eaeb8ddfd17e23a6d99940583b2480bfee4a9fc66ea559544,pending,,,pending,,,8,,0,false,2026-07-22T22:25:19+00:00
152,50842364,https://github.com/opencirclesolutions/dynamo,,90,1fcc1fca987fa225092893e495716a6838aa2fe2d95f6975f247c4801958c742,pending,,,pending,,,8,,0,false,2026-07-22T22:25:19+00:00
153,60416700,https://github.com/MilosKozak/AndroidAPS,,120,1fe35432fa354d05839f0a97142b7b809999a0aef48676737fd3ba906e5b6283,pending,,,pending,,,8,,0,false,2026-07-22T22:25:19+00:00
154,9713275,https://github.com/seeker/similarImage,,66,1ff7df9b5796cac8145c97eb7c357422bf08d33cebf296b416230b9cf8c4e6f3,pending,,,pending,,,8,,0,false,2026-07-22T22:25:19+00:00
155,60111626,https://github.com/jline/jline3,,22,200139fc1f354682120744d97344ba3963164f59bf39d5faedb339f02d0b946f,pending,,,pending,,,8,,0,false,2026-07-22T22:25:19+00:00
156,48500629,https://github.com/ScaCap/spring-auto-restdocs,,23,2030045a5535ef2c52c9e4253d76c2201462e717ec79f206c31602e54779e639,pending,,,pending,,,8,,0,false,2026-07-22T22:25:19+00:00
157,52853557,https://github.com/cfibmers/open-Autoscaler,,15,2041dccbfcc333559a1132dd9d13645f0ab5fc8b4799ecc9f91fe03d0b6218a9,pending,,,pending,,,8,,0,false,2026-07-22T22:25:19+00:00
158,50205233,https://github.com/debezium/debezium,,39,2049b484270accb43df9bbdff4623132b99018254d22beb667eab6c34252097f,pending,,,pending,,,8,,0,false,2026-07-22T22:25:19+00:00
159,50436236,https://github.com/hartwigmedical/hmftools,,183,2084a6a5ec2a5085c842449684eacdff9259ba526a65bae99059572719154816,pending,,,pending,,,8,,0,false,2026-07-22T22:25:19+00:00
160,65993144,https://github.com/DSRCorporation/imf-conversion,,31,20b36e0b199171a153653faf4c6df4897ddf34654cafaa414e0da5f8fb0bd27e,pending,,,pending,,,8,,0,false,2026-07-22T22:25:19+00:00
161,46489668,https://github.com/PnEcrins/GeoNature-mobile,,17,20badf1260a8266ab137c4eaa1e9cde00683ac4c23ceb12dbf237b55b20c230f,pending,,,pending,,,8,,0,false,2026-07-22T22:25:19+00:00
162,73354878,https://github.com/StnetixDevTeam/ariADDna,,12,20e8c6a9bdd222269c0040e2204f3ba84cfa2ae46d88b14eee1cd3382b9ceaf2,pending,,,pending,,,8,,0,false,2026-07-22T22:25:19+00:00
163,51307016,https://github.com/eclipse/hono,,96,2132f5451ba6e1be5f9ec3128346d07b36aa03ded08ce4b423a135a6935ed07d,pending,,,pending,,,8,,0,false,2026-07-22T22:25:19+00:00
164,7914484,https://github.com/spring-projects/spring-ws,,84,21470cd5b83f62e947751227a10c150bffb114e29317ed171f6df43b0d39bff7,pending,,,pending,,,8,,0,false,2026-07-22T22:25:19+00:00
165,9365128,https://github.com/PerfCake/PerfCake,,23,217fc7bb2e7dbb291a1956ab76d12a5483725c34f6ccba41f5121dfc9337c733,pending,,,pending,,,8,,0,false,2026-07-22T22:25:19+00:00
166,91120647,https://github.com/AntonMykolaienko/xml2json,,12,2204e5b40f02e557f7c0b183b18c2e525808d185a4c1fc5c5e8c1a60577d39cc,pending,,,pending,,,8,,0,false,2026-07-22T22:25:19+00:00
167,54976745,https://github.com/bonej-org/BoneJ2,,41,22aaf6550110b3dc6a657f9ffb5e5594cd3c0626f6c98c263e339adde41cd86e,pending,,,pending,,,8,,0,false,2026-07-22T22:25:19+00:00
168,5074598,https://github.com/kdgregory/pomutil,,14,22c2650c0d196f43ef08e28eaf378472db19e8021da9eb84f705c12ae4608dfa,pending,,,pending,,,8,,0,false,2026-07-22T22:25:19+00:00
169,45644056,https://github.com/spotify/apollo,,29,22d075c7ddccc9815ff4cea2174e6442197f847f192d2a392c22e6c9268ab378,pending,,,pending,,,8,,0,false,2026-07-22T22:25:19+00:00
170,49115109,https://github.com/ggj2010/javabase,,27,233c42372b8b8e6b16c53bbee0f6b7f1b563b72debe16c2bb55546cffc98b880,pending,,,pending,,,8,,0,false,2026-07-22T22:25:19+00:00
171,58734918,https://github.com/graylog-labs/graylog-plugin-metrics-reporter,,40,233c9d0e6399defa70913b130c1ee8b69ab41ee803f942ff89be72ef7a9ed1e0,pending,,,pending,,,8,,0,false,2026-07-22T22:25:19+00:00
172,4368907,https://github.com/OpenBEL/openbel-framework,,16,234a2177c65a515b9e015fda21dbd4e5f91e769bcfd254572a2563b83e2fe8c0,pending,,,pending,,,8,,0,false,2026-07-22T22:25:19+00:00
173,40055799,https://github.com/RohanNagar/thunder,,34,2404a2a1f953bcc68138bdc49915ac62a528dd1ab6bd970be03f1288bc2317dc,pending,,,pending,,,8,,0,false,2026-07-22T22:25:19+00:00
174,58730569,https://github.com/hzi-braunschweig/SORMAS-Project,,63,2414a307e51a823a83cdd07d78791e536a5d4120cfa089c40683499e4a7c6602,pending,,,pending,,,8,,0,false,2026-07-22T22:25:19+00:00
175,72695594,https://github.com/UQdeco2800/coaster,,23,2478fe86fb4d30cbd18559cf2a8d9515d7fab291dd3887fa59faa9c342ccbfd6,pending,,,pending,,,8,,0,false,2026-07-22T22:25:19+00:00
176,88392053,https://github.com/tranleduy2000/text_converter,,20,249106e32357dc96a68b5860d680fca30430ead466c5ef3015ec72be990e9083,pending,,,pending,,,8,,0,false,2026-07-22T22:25:19+00:00
177,54650297,https://github.com/parsingdata/metal,,19,24c3211c10a3b21e227b6a5cf51089af7c5ffa76f129288c6846472c11f6288c,pending,,,pending,,,8,,0,false,2026-07-22T22:25:19+00:00
178,57401572,https://github.com/joinfaces/joinfaces,,21,24c37b8305410af2edb9b82f19f826422dacc3bc0e7c8774272413b6232214e7,pending,,,pending,,,8,,0,false,2026-07-22T22:25:19+00:00
179,3690150,https://github.com/openmrs/openmrs-module-uiframework,,19,24cfdd7c92a26cebf159f0ba6b8c23ffd66fde62affa732477e52e8e404ade86,pending,,,pending,,,8,,0,false,2026-07-22T22:25:19+00:00
180,36297446,https://github.com/AvanzaBank/astrix,,14,250a0fc71f480b55edf1dc69bc026b4add0f83a7e2cf77da36df367ce8baf27e,pending,,,pending,,,8,,0,false,2026-07-22T22:25:19+00:00
181,99995945,https://github.com/bitcoincash-wallet/bitcoincashj,,19,254c8e6d94561ec58404a3cb1db6738cf4d3dbdde8b7964b0c7e499b5e343b92,pending,,,pending,,,8,,0,false,2026-07-22T22:25:19+00:00
182,96507559,https://github.com/LXiong/weixin-java-tools,,32,255cba6e30394c2e9cb64ca93c5e90904308859589e1db83f23a0e691f6f570f,pending,,,pending,,,8,,0,false,2026-07-22T22:25:19+00:00
183,358381,https://github.com/huxi/sulky,,13,258f7e3b64d0d7dbcd915ab8ad296489616f704396c4eea3c2228eeda4d9d729,pending,,,pending,,,8,,0,false,2026-07-22T22:25:19+00:00
184,7506968,https://github.com/pentaho/pentaho-reporting,,196,25b27327f326c7f20000ee209a8aec855c6dfa0cc3233c2a97498de83482a0fa,pending,,,pending,,,8,,0,false,2026-07-22T22:25:19+00:00
185,66000206,https://github.com/getyoti/yoti-java-sdk,,65,25bd482afd750d5caeb8554c58f304829d8ce2d017a93ed08b27801467bc75a2,pending,,,pending,,,8,,0,false,2026-07-22T22:25:19+00:00
186,38311906,https://github.com/SpineEventEngine/core-java,,124,25bf65d40dd88c4aaa1fa6b1d685b3caa7618f3588a34108dff1b4835bb971cb,pending,,,pending,,,8,,0,false,2026-07-22T22:25:19+00:00
187,7891529,https://github.com/codenvy-legacy/ide,,31,2659cdcf69e7be248a7884bf7147b6ea7f675f62107e18da3bc692733ee3858d,pending,,,pending,,,8,,0,false,2026-07-22T22:25:19+00:00
188,96973263,https://github.com/mozilla-tw/FirefoxLite,,14,265b72fb2950154681fc403302e02c62afbebb4bc61494b02cbd574012747260,pending,,,pending,,,8,,0,false,2026-07-22T22:25:19+00:00
189,59744695,https://github.com/factoryfx/factoryfx,,42,2694a68000f3cba8c0ce1689387bc1093428155a38fd40d7f5179c9a147a8044,pending,,,pending,,,8,,0,false,2026-07-22T22:25:19+00:00
190,86422172,https://github.com/joinany/phoenix-for-cloudera,,24,26a00379f28e8a4675340de59bc1b87ef228a76fac7eeaec2a672aebac9609ad,pending,,,pending,,,8,,0,false,2026-07-22T22:25:19+00:00
191,63931184,https://github.com/apache/distributedlog,,27,26bb868031a6592eff7245ce527bccd17825e5701efd0441985a87976455eb1d,pending,,,pending,,,8,,0,false,2026-07-22T22:25:19+00:00
192,63085918,https://github.com/gretard/sonar-tsql-plugin,,12,26f375358fe62b67e173dcf25512ab1ccf8c3c63f71a24e35ae7b1dc61796e9c,pending,,,pending,,,8,,0,false,2026-07-22T22:25:19+00:00
193,7676364,https://github.com/forcedotcom/phoenix,,16,271efc686f9f3c9b5fa6ea0deb51d71a19fc7684a15278b614bfc5050fc24591,pending,,,pending,,,8,,0,false,2026-07-22T22:25:19+00:00
194,38317187,https://github.com/hal/console,,24,2741e604b758bf66731ed6e9766deaaa746a46b7879231b9ecf5004b7b3670f9,pending,,,pending,,,8,,0,false,2026-07-22T22:25:19+00:00
195,4522462,https://github.com/jersey/jersey-1.x-old,,14,27ab5bb87bd7ad13749c80ed876975612bbaabe9d08329bced5ff0e310f130a2,pending,,,pending,,,8,,0,false,2026-07-22T22:25:19+00:00
196,82604742,https://github.com/cerner/jwala,,64,27c02e960f97601447dd81710e392d19659d2da7421e6caa983da121825dc18b,pending,,,pending,,,8,,0,false,2026-07-22T22:25:19+00:00
197,45304947,https://github.com/KengoTODA/brownie,,13,27db2bd24c159d3b2ead83984c8a399894ac2603282aadb6ccff528b911a6b49,pending,,,pending,,,8,,0,false,2026-07-22T22:25:19+00:00
198,52081266,https://github.com/serayuzgur/heartbeat,,12,27dce3be1f8d1e880271d75c7d61e8a71a56976c9ed0cbd97fa370261c2affdd,pending,,,pending,,,8,,0,false,2026-07-22T22:25:19+00:00
199,62793144,https://github.com/EnMasseProject/enmasse,,36,27fda6d7c7a95d95766a88c9a57f537a2479b899f23a5780677e8dd50289b419,pending,,,pending,,,8,,0,false,2026-07-22T22:25:19+00:00
200,7748336,https://github.com/apache/tomee,,69,2887227f67e697487838b6eb964f4ad7be614a0305cd9855f3f63731458f1c7b,pending,,,pending,,,8,,0,false,2026-07-22T22:25:19+00:00
201,75893370,https://github.com/weexteam/hackernews-App-powered-by-Apache-Weex,,46,28f97b07056104d30cdb38abac6dbc46a0b664096cd8b94d3dbb5a1398b7cb60,pending,,,pending,,,8,,0,false,2026-07-22T22:25:19+00:00
202,88178114,https://github.com/spring-projects/spring-data-geode,,41,290b9656ee50e061eac69425b99970955f6154912dab1c6fa8d3fd2dd89520f9,pending,,,pending,,,8,,0,false,2026-07-22T22:25:19+00:00
203,62177795,https://github.com/c2mon/c2mon,,52,2912f55f0c06e874d345869d21e76909d3dcf9fceb83f441a24f3b3deb2874e7,pending,,,pending,,,8,,0,false,2026-07-22T22:25:19+00:00
204,77769341,https://github.com/InitialDLab/zeponline,,43,2925c4ac2c41b48c33fa72d7d2484097ab57558ba95766945f06e321421d9716,pending,,,pending,,,8,,0,false,2026-07-22T22:25:19+00:00
205,84008299,https://github.com/thiagoprocaci/springboot-react-jwt,,16,294e0249c3a6fe2cbd7583a4f79d5c181ad4c652efed0b4eed5b66a8cd08594b,pending,,,pending,,,8,,0,false,2026-07-22T22:25:19+00:00
206,551254,https://github.com/bpelunit/bpelunit,,39,298c946ee54afe5b1ec730b65ffe220ed3ba1815e9e128233b9c7ddf9a5c15f3,pending,,,pending,,,8,,0,false,2026-07-22T22:25:19+00:00
207,36211133,https://github.com/Quanticol/CARMA,,280,29966154378c05475ea90472ad42484d921741c61698605c920219b13b033365,pending,,,pending,,,8,,0,false,2026-07-22T22:25:19+00:00
208,9149127,https://github.com/murer/mycontainer,,12,2a1271c9b3fce7149952a71103c8a0b8ead1b00b28fd81a2f86ee25604af7790,pending,,,pending,,,8,,0,false,2026-07-22T22:25:19+00:00
209,4606342,https://github.com/vmware-serengeti/serengeti-ws,,66,2a218b8d63e63fd81c01ead3ae9bfe2e6751225ea75b331396149a731d5bda8a,pending,,,pending,,,8,,0,false,2026-07-22T22:25:19+00:00
210,76600904,https://github.com/zanata/zanata-mt,,48,2a61da593d4cbcda78cd9cfd618a354943d19db87a91360f191c381c7088fe09,pending,,,pending,,,8,,0,false,2026-07-22T22:25:19+00:00
211,60240214,https://github.com/apache/phoenix-tephra,,12,2a79ce624fb9f5ad2bf8423815ff73514a1ecab9bb0b4353e660955e057ae076,pending,,,pending,,,8,,0,false,2026-07-22T22:25:19+00:00
212,9467906,https://github.com/dayatang/dddlib,,58,2abba5d9ffe5b2ef292acafa44a9f86c50cd4cc6e2bd92285c3a28d0156d67c4,pending,,,pending,,,8,,0,false,2026-07-22T22:25:19+00:00
213,50154902,https://github.com/NextFaze/power-adapters,,13,2ac0321a0a9c951812a66229dfb4180179c53509dca7a39588f10f98b8c1ab43,pending,,,pending,,,8,,0,false,2026-07-22T22:25:19+00:00
214,56258575,https://github.com/smartcat-labs/cassandra-diagnostics,,22,2af647e931e8a9b0907eb2759353450414cc012bdd9cebd078ccdf27462bc904,pending,,,pending,,,8,,0,false,2026-07-22T22:25:19+00:00
215,49475567,https://github.com/CityOfNewYork/geoclient,,68,2b20e8a548bec21515ab97f534081d9b89f9d19141b15e912e10c70941640d13,pending,,,pending,,,8,,0,false,2026-07-22T22:25:19+00:00
216,4889980,https://github.com/m-m-m/util,,28,2b638bcbd26393eadfc5205031527e2f34cd07f9f5acdd2951ba959148deb378,pending,,,pending,,,8,,0,false,2026-07-22T22:25:19+00:00
217,35890978,https://github.com/google/caliper,,12,2b745529461e92d1ce29c05a1773b6eb55f7c6b867a7f784791d2331301ec5b4,pending,,,pending,,,8,,0,false,2026-07-22T22:25:19+00:00
218,56061422,https://github.com/line/line-bot-sdk-java,,21,2b98cbed201cc8ca1ba83d676fa8e47e74dd0fd99a32245f2a698b13e6c99870,pending,,,pending,,,8,,0,false,2026-07-22T22:25:19+00:00
219,44987877,https://github.com/VocabHunter/VocabHunter,,18,2bcac98d868a59b50e4a42b770e4fa96c7c3f3fd2a1909cb7ea3e9c00340eb07,pending,,,pending,,,8,,0,false,2026-07-22T22:25:19+00:00
220,4193864,https://github.com/nasa/mct,,132,2c1e4c471fc5126a10cfd7a12eaaccb2f0f0ffea3a603fc91834c86f330d821b,pending,,,pending,,,8,,0,false,2026-07-22T22:25:19+00:00
221,32310721,https://github.com/sventonsvn/sventon,,31,2c25b5a7e9e11c613e71d658c41f2499ac79edd27262881e88e3472614c31a16,pending,,,pending,,,8,,0,false,2026-07-22T22:25:19+00:00
222,87969126,https://github.com/blackducksoftware/hub-detect,,20,2c65163eaffd83f66829461fa11ef0e0c886ade0ffe0cca82e91884b3ea24b11,pending,,,pending,,,8,,0,false,2026-07-22T22:25:19+00:00
223,93520200,https://github.com/mnemonic-no/act-platform,,139,2ca375977d382530424e10511fdc3a2c56ed43dc40348fcf9f488c3e8e397e66,pending,,,pending,,,8,,0,false,2026-07-22T22:25:19+00:00
224,54102761,https://github.com/codenvy/codenvy,,51,2ca65659975fc010fa0faaa25dd82c7495b524c75c2c20e3720f51106aa02a5d,pending,,,pending,,,8,,0,false,2026-07-22T22:25:19+00:00
225,991965,https://github.com/Qi4j/qi4j-core,,12,2ceb090cde5e210b0eab0097182289848e3c6ec92429d2616af4c94e7d6ab614,pending,,,pending,,,8,,0,false,2026-07-22T22:25:19+00:00
226,44124366,https://github.com/yahoo/elide,,33,2d0743598236094cb8b958b360cb6a36de43ae130c94d4f6249b170e61899a99,pending,,,pending,,,8,,0,false,2026-07-22T22:25:19+00:00
227,66027126,https://github.com/dmfs/http-client-essentials-suite,,36,2d368bfa8473c9c11bc6c5ae806d7ab905e7a1cab037ec9ddeaed68f7c088bb0,pending,,,pending,,,8,,0,false,2026-07-22T22:25:19+00:00
228,67019969,https://github.com/KscSDK/ksc-sdk-java,,36,2d98dd8b288109c4b43005752a9f922f4eb3951c12bec1299ea6af5907cbf4f0,pending,,,pending,,,8,,0,false,2026-07-22T22:25:19+00:00
229,44064037,https://github.com/pedrovgs/AndroidGameBoyEmulator,,57,2d9a49a9a53f626a952f2aa1363f53b1ca9e9947ed13f542c0f753d719247fdc,pending,,,pending,,,8,,0,false,2026-07-22T22:25:19+00:00
230,4180644,https://github.com/Raxa/raxacore,,21,2dbf035a3c0c8f3df8d0fd231bdf529e8cbf7c6498448e96db2609a04020e892,pending,,,pending,,,8,,0,false,2026-07-22T22:25:19+00:00
231,49929380,https://github.com/rterp/SumZeroTrading,,61,2e1644180c492ea81a7559b47dce10b10443bedde3d01d3a254073902285bc64,pending,,,pending,,,8,,0,false,2026-07-22T22:25:19+00:00
232,376975,https://github.com/psiegman/epublib,,12,2e7ed985a60d9115b6ded4a3c877e8a4f8fd500e3bb134778a16447fabca4aab,pending,,,pending,,,8,,0,false,2026-07-22T22:25:19+00:00
233,75856578,https://github.com/pagseguro/pagseguro-sdk-java,,54,2efe241c8f934249b5f45315d9f4eeaec3e7de9fbbe158107d17a6d90301ceb6,pending,,,pending,,,8,,0,false,2026-07-22T22:25:19+00:00
234,80179724,https://github.com/facebook/litho,,36,2f0611cefaa71bb0dde7813832c7bb572977ceb854754126747f7a80959792e2,pending,,,pending,,,8,,0,false,2026-07-22T22:25:19+00:00
235,65084302,https://github.com/edgar615/api-gateway,,50,2f085dcd063d9aa43710b4554661ff9a5afaa01909261504f688b8badcd41275,pending,,,pending,,,8,,0,false,2026-07-22T22:25:19+00:00
236,7480345,https://github.com/robovm/robovm,,27,2f2ccf8507445f582317cf90ef5c7adbb8bb8c5cf146e73e3ab633f586873319,pending,,,pending,,,8,,0,false,2026-07-22T22:25:19+00:00
237,35211795,https://github.com/novoda/download-manager,,16,2f50b128350890e5ca33c655418c59e7ac740e1f6e5598ae62c29b962a3e318f,pending,,,pending,,,8,,0,false,2026-07-22T22:25:19+00:00
238,7959279,https://github.com/jparsec/jparsec,,37,2f69fb854445ca271d63f0fc55c5dc01e3592f0ad2fe288756e0f0cc5b03bbb1,pending,,,pending,,,8,,0,false,2026-07-22T22:25:19+00:00
239,8010626,https://github.com/molgenis/molgenis,,488,2fa31f24d09d9983c2b7651386ea650b67a405680e71500c419b9c98ca6fd87d,pending,,,pending,,,8,,0,false,2026-07-22T22:25:19+00:00
240,56853150,https://github.com/ScaDS/OSTMap,,12,2fbcb4d917b7cbb179b988e6964b77fe01aa5910310931a3f92dd9d95eabcf01,pending,,,pending,,,8,,0,false,2026-07-22T22:25:19+00:00
241,75368166,https://github.com/powermock/powermock-examples-maven,,27,2fcd2c6e7ea6158524cb0224bedbe307898cce57f39f3aadeb387179eba431aa,pending,,,pending,,,8,,0,false,2026-07-22T22:25:19+00:00
242,70711909,https://github.com/heremaps/here-aaa-java-sdk,,18,308136dd0a54ff0e24432c2b4df9efe23e453d44400ff3e3adcf00cd82f5e363,pending,,,pending,,,8,,0,false,2026-07-22T22:25:19+00:00
243,81799714,https://github.com/apache/ofbiz-framework,,12,3091f6f9f988814f5e16db0650f029b451a286965d308a3945cb338ce682dcf3,pending,,,pending,,,8,,0,false,2026-07-22T22:25:19+00:00
244,72737874,https://github.com/codeabovelab/haven-platform,,24,30da9934fff1c0239585dd681f142082b4180f0ed48c9174ba1254c6ea4d9cf2,pending,,,pending,,,8,,0,false,2026-07-22T22:25:19+00:00
245,91855299,https://github.com/wpilibsuite/shuffleboard,,45,30e01e8f475c2a7f7b78d249a07ef98324b67d8dd012c0333f206244179e455e,pending,,,pending,,,8,,0,false,2026-07-22T22:25:19+00:00
246,62253355,https://github.com/inovexcorp/mobi,,70,31ab1a6ddfccf210130386b7a0b8c3f9c9bfaddf4ed04cd87bf98db3a77ba024,pending,,,pending,,,8,,0,false,2026-07-22T22:25:19+00:00
247,7437073,https://github.com/apache/jena,,203,31e02f60d20c6192dc2ffee779c4bed754e8bb0f8f78fe5ace32cd9fdbff366c,pending,,,pending,,,8,,0,false,2026-07-22T22:25:19+00:00
248,45721011,https://github.com/apache/skywalking,,146,321925f197dc83a1d1022c23ad4f2ea860f9c4528e9e0dceb96cd5247cfb42bb,pending,,,pending,,,8,,0,false,2026-07-22T22:25:19+00:00
249,92746837,https://github.com/leekoko/Java-Web,,59,32b4a2dc7e9148134a4df36a3491c1ad93a2174b39012c100fb9b2b3544fd73c,pending,,,pending,,,8,,0,false,2026-07-22T22:25:19+00:00
250,514315,https://github.com/tinkerpop/rexster,,43,33aa735c2c5886c6f62ef16b30ca8e52371d92942165929394413e36092c6258,pending,,,pending,,,8,,0,false,2026-07-22T22:25:19+00:00
251,5405905,https://github.com/kiegroup/jbpm-wb,,147,33bebe6022c7c26ddfbbeddf636ada7342586e8d203d52f2f0837a9778e77a3e,pending,,,pending,,,8,,0,false,2026-07-22T22:25:19+00:00
252,4459604,https://github.com/jknack/handlebars.java,,19,33ce18a6a021c24a3d2512fc9822e55657ed8e33ac471b527b5cbe4a346db297,pending,,,pending,,,8,,0,false,2026-07-22T22:25:19+00:00
253,63107687,https://github.com/virtualdataset/virtdata-java,,34,33f3380e15ff8473df15c8f9178818e48da97c0df9dc8a09632775d86f7d6dac,pending,,,pending,,,8,,0,false,2026-07-22T22:25:19+00:00
254,55516736,https://github.com/OpenChatAlytics/OpenChatAlytics,,39,341c06a69ee53c3664f2e18d12520e179b54d5cb9daf041718c4095daa9542d7,pending,,,pending,,,8,,0,false,2026-07-22T22:25:19+00:00
255,915029,https://github.com/drugis/drugis-common,,16,34503414ed800f91dceb8e22938a57d69b1d3961e1b9f8b0df7bc3738e489bba,pending,,,pending,,,8,,0,false,2026-07-22T22:25:19+00:00
256,5208272,https://github.com/cwi-swat/rascal-msr,,15,346ed2b7a59709c7c09b5618b22a5080cedf4424d76bd031dbc001a895788153,pending,,,pending,,,8,,0,false,2026-07-22T22:25:19+00:00
257,6257768,https://github.com/gomezgoiri/otsopack,,22,347c4aeed0e0fcd63b158a1593ff756520e30f3732d3e877a6b1fcfbd5b1798d,pending,,,pending,,,8,,0,false,2026-07-22T22:25:19+00:00
258,56718024,https://github.com/MobiVM/robovm,,16,349e627ad820b47a5165b2f525596bc8f9bd838b7019f0de5b0410684cc73c38,pending,,,pending,,,8,,0,false,2026-07-22T22:25:19+00:00
259,41361042,https://github.com/idio/bliki,,14,350da7edc22d027a27864abd8995fd9115c77ced6251fbbb22ce8012a7d0ef3e,pending,,,pending,,,8,,0,false,2026-07-22T22:25:19+00:00
260,98184950,https://github.com/maestro-performance/maestro-java,,23,351b12be12b60f2c5e557803a3904f4e308f907b9d49912e6b238f058a073319,pending,,,pending,,,8,,0,false,2026-07-22T22:25:19+00:00
261,51700398,https://github.com/ymanvieu/trading,,17,353c138d981f9e4a4733cf161252d5a81dd2100c5df46378480cb4db1c77ec62,pending,,,pending,,,8,,0,false,2026-07-22T22:25:19+00:00
262,88711981,https://github.com/apache/qpid-broker-j,,188,353ded69aceb882bf4e8a7f32b819ba3971a9e694e52776a1868795252044c7b,pending,,,pending,,,8,,0,false,2026-07-22T22:25:19+00:00
263,74971299,https://github.com/Pardus-Engerek/engerek,,16,35a191850f23903adf6b0fafcff16e48dc30ddc0372626d00cdb7a5caf0ac9ef,pending,,,pending,,,8,,0,false,2026-07-22T22:25:19+00:00
264,87336871,https://github.com/InnovateUKGitHub/innovation-funding-service,,698,35cb57df3e43ff632f80cd67f519dbfd0e9c1106d53f883a0c76690db34252f9,pending,,,pending,,,8,,0,false,2026-07-22T22:25:19+00:00
265,43829671,https://github.com/KHP-Informatics/Cognition-DNC,,12,3655b6634d166d1dc62336fe4882bf8d530911bf98235c6da2e4e93406022472,pending,,,pending,,,8,,0,false,2026-07-22T22:25:19+00:00
266,60450885,https://github.com/hs-web/hsweb-easy-orm,,29,36ccd5c3f7059b7b575bc745def5222dac560f7be5b4ec0af94a21fe4621cd70,pending,,,pending,,,8,,0,false,2026-07-22T22:25:19+00:00
267,6863498,https://github.com/LibrePlan/libreplan,,21,36df35b1898d0a10c336031a6f87da95878aa6206cdb486ff9605ed6d0624520,pending,,,pending,,,8,,0,false,2026-07-22T22:25:19+00:00
268,37128954,https://github.com/thaliproject/Thali_CordovaPlugin_BtLibrary,,17,3708dc2a7e554212eee45f9701e0abf97ce137047e370485f8970f7686c24a31,pending,,,pending,,,8,,0,false,2026-07-22T22:25:19+00:00
269,37879810,https://github.com/DirectProject/nhin-d,,14,37686bd61d99fa11fe5dfd976e5fc15cf6ba70c7a060aae480128fec66a1d7d6,pending,,,pending,,,8,,0,false,2026-07-22T22:25:19+00:00
270,6172406,https://github.com/OpenLMIS/open-lmis,,367,379cd3c7ec1554a204981b12ff1bbee92182fd3fe1dd497804a65615eb814c9e,pending,,,pending,,,8,,0,false,2026-07-22T22:25:19+00:00
271,76634121,https://github.com/apache/qpid-proton-j,,25,37a03bce5781172923ab5c51d75e7ad7d9c6d7cbbfc8a8482143efd6dc06904d,pending,,,pending,,,8,,0,false,2026-07-22T22:25:19+00:00
272,84750226,https://github.com/WojciechZankowski/iextrading4j,,137,37a1d669543ee50034e32608674654dc32c1cc1359c5a6ad637c6d543cfab5ef,pending,,,pending,,,8,,0,false,2026-07-22T22:25:19+00:00
273,81002077,https://github.com/cadenzauk/siesta,,43,38ae7cf6ff3cc8ca26cc1010947eb832cb28d53f7a64a58b7591fff09f083661,pending,,,pending,,,8,,0,false,2026-07-22T22:25:19+00:00
274,7010724,https://github.com/dianping/cat,,17,38cf0aa105115cb4c084272b43592dbeb85698db7d2f8901e8fedd4e5273f5a6,pending,,,pending,,,8,,0,false,2026-07-22T22:25:19+00:00
275,7276954,https://github.com/Alluxio/alluxio,,203,38cfe117f90818b7bd16a3fa7c758af4e133bb1f07f178a3575a8e7e7cebc8e6,pending,,,pending,,,8,,0,false,2026-07-22T22:25:19+00:00
276,55638412,https://github.com/mapbox/mapbox-java,,38,38fa9a8629278a049382c08684b1978136733d2876e1ad353eddf89f622276dc,pending,,,pending,,,8,,0,false,2026-07-22T22:25:19+00:00
277,892275,https://github.com/square/retrofit,,23,39175491d2fdb3c3e6851e6945f8bd35fa1cd0c1563d767a8c85277090a2b193,pending,,,pending,,,8,,0,false,2026-07-22T22:25:19+00:00
278,91583905,https://github.com/alfasoftware/morf,,45,39216af11b5d54a908ac54aa6a3c4fb75a965480d362c3bb25a25f0f2bf8155d,pending,,,pending,,,8,,0,false,2026-07-22T22:25:19+00:00
279,76474200,https://github.com/apache/incubator-hudi,,58,392baa265fe44fb7edfe01df318e94418e0db8d02d90a497178feda04ecedd56,pending,,,pending,,,8,,0,false,2026-07-22T22:25:19+00:00
280,79360334,https://github.com/VeriVote/BEAST,,29,394f02f8d9cad4d89f440c9532e12b5c38e0e37d312bf303da3ebb386246be08,pending,,,pending,,,8,,0,false,2026-07-22T22:25:19+00:00
281,39772980,https://github.com/jo-source/jo-widgets,,15,39626d0f93ecf0d7daefe531942c460109ce65365fb0bc87b52101253dece1f3,pending,,,pending,,,8,,0,false,2026-07-22T22:25:19+00:00
282,4406463,https://github.com/openpreserve/plato,,31,39d50958f3cbb9ffeaf686272faef3e4e5f3fd1f3ef75ed7cff7b521cb9dd7d3,pending,,,pending,,,8,,0,false,2026-07-22T22:25:19+00:00
283,88657105,https://github.com/airlift/drift,,14,39f8edb64d82244d3c4f3a873fa607fd4a6f77ce70694862f5601d098c1d2357,pending,,,pending,,,8,,0,false,2026-07-22T22:25:19+00:00
284,41817706,https://github.com/mulesoft/mule-maven-plugin,,90,3a112a4d1bef4ae8734ba297aa6c0fb8ce832cc5877613d9d9dc818aed5c0a5f,pending,,,pending,,,8,,0,false,2026-07-22T22:25:19+00:00
285,5793738,https://github.com/Activiti/Activiti,,79,3a766f066956015c4370c6e219aa40f279b43e56c956208ccaea5d7a4705a1c1,pending,,,pending,,,8,,0,false,2026-07-22T22:25:19+00:00
286,49354052,https://github.com/lixiang-share/RPG_JG,,91,3ad1116aa57ddbd278674a0b6a8bf557ab0f3505520f9543ff0a9c1c7083529b,pending,,,pending,,,8,,0,false,2026-07-22T22:25:19+00:00
287,9369619,https://github.com/viadeo/kasper-framework,,16,3b3c590af3de1d6f565569d1fa3df889c967d4fff12b8d3db4215c40105e3e2a,pending,,,pending,,,8,,0,false,2026-07-22T22:25:19+00:00
288,68253152,https://github.com/Nike-Inc/backstopper,,48,3b5d91929f3f45def46eab2d7eb42cbd179451c5577417da756a5eecd9bb851e,pending,,,pending,,,8,,0,false,2026-07-22T22:25:19+00:00
289,62914175,https://github.com/icgc-dcc/dcc-release,,31,3b66f313e0de5c981396c6256224ecb448ec72649fe42da45c080f0285b6c656,pending,,,pending,,,8,,0,false,2026-07-22T22:25:19+00:00
290,95534270,https://github.com/appNG/appng,,80,3c01f00a2f62468f59e4864d3348f8c49e5368794da78c8bbb8500d2014b9e40,pending,,,pending,,,8,,0,false,2026-07-22T22:25:19+00:00
291,8759133,https://github.com/Netflix/zuul,,29,3c19c57ab476f7e1a83ccc7ea28add2a928f9dd20d4a9289e5cd9e4205c6118d,pending,,,pending,,,8,,0,false,2026-07-22T22:25:19+00:00
292,832680,https://github.com/apache/maven-surefire,,32,3c4b530239338c2bf5855a714816c6dc7bf8e2f3bc371bda3fd2904ab9a049d5,pending,,,pending,,,8,,0,false,2026-07-22T22:25:19+00:00
293,77492072,https://github.com/trellis-ldp/trellis,,76,3d02c90d6e9ade65f5981742ae1f26f53cb3d3ab87df91eae7182ddcb7af7562,pending,,,pending,,,8,,0,false,2026-07-22T22:25:19+00:00
294,38092182,https://github.com/harshalbenake/hbworkspace2-100,,52,3d4ea2eb1f69c64ef091f629ba63597741781d794968044e477cf4d49ca7b377,pending,,,pending,,,8,,0,false,2026-07-22T22:25:19+00:00
295,4182801,https://github.com/derari/cthul,,36,3d68ffac92462e210673f15a41a538afe89fe9a58322e30b5ae46db66408155e,pending,,,pending,,,8,,0,false,2026-07-22T22:25:19+00:00
296,51015648,https://github.com/reactor/reactor-addons,,14,3d758b80032ad2564ba1a21b6ecf766ee496b582f5c23a7cad5656fedcd7ad50,pending,,,pending,,,8,,0,false,2026-07-22T22:25:19+00:00
297,46573609,https://github.com/devgateway/ocvn,,36,3d90aa334e8aa5565d9f3a9872b6f343503a789b520da8dbc39f502db1cd21c5,pending,,,pending,,,8,,0,false,2026-07-22T22:25:19+00:00
298,37717709,https://github.com/JVoiceXML/JVoiceXML,,114,3da78095921b86eafac0111203af33abfa2da961e0f9fad0212660e80baa9b52,pending,,,pending,,,8,,0,false,2026-07-22T22:25:19+00:00
299,75693309,https://github.com/oracle/oci-java-sdk,,40,3dc600a4afdc556710bbee2a254508544f38b7b5254118b665855fa89a5fdb3f,pending,,,pending,,,8,,0,false,2026-07-22T22:25:19+00:00
300,87455763,https://github.com/mapbox/mapbox-navigation-android,,33,3e13cc57aeae141b109bb35725f44ad52bcd27a965d0ddac996da85de49c9213,pending,,,pending,,,8,,0,false,2026-07-22T22:25:19+00:00
301,42171410,https://github.com/eb4j/eb4j,,12,3e1c40ec3870ca715e337efc60b006ffb7fc3ee82686d961ad9cc478015471f2,pending,,,pending,,,8,,0,false,2026-07-22T22:25:19+00:00
302,99997703,https://github.com/ocadotechnology/Ocava,,51,3e3b634c8fbef0b0727eed2165647e4e38bb29b07da9f793a72dba9a7bb7ae84,pending,,,pending,,,8,,0,false,2026-07-22T22:25:19+00:00
303,90043355,https://github.com/MinesJTK/jtk,,43,3e93978079ccaa36c2da8c6ef3547956460a5d913671105e2c5d40708ba57e53,pending,,,pending,,,8,,0,false,2026-07-22T22:25:19+00:00
304,4810310,https://github.com/pmayweg/sonar-groovy,,21,3ee37a1d54e1171182b328630ddeb9129b5bd4526c2ce48cfbebf0cc0d4d8722,pending,,,pending,,,8,,0,false,2026-07-22T22:25:19+00:00
305,79350640,https://github.com/intuit/QuickBooks-V3-Java-SDK,,52,3f07a940eda493e8715c873462c1f05e07ffd183c932f929fe2053f68228e3c2,pending,,,pending,,,8,,0,false,2026-07-22T22:25:19+00:00
306,51379345,https://github.com/jskierbi/intellij-ce-playground,,35,3f60e8029b5171273515e506369bd1f732b32a28637d9dd5b8f940b265f141a1,pending,,,pending,,,8,,0,false,2026-07-22T22:25:19+00:00
307,48369985,https://github.com/feixiao/DesignPattern,,35,3f8028bb706d5b71f4aa3e6c78d3411f8ffeba6f77862f27709f6b83e80b5684,pending,,,pending,,,8,,0,false,2026-07-22T22:25:19+00:00
308,4398263,https://github.com/bazaarvoice/bv-android-sdk,,12,3f831753c4352f3f4de0ae7035d1a54c00f037de1ae4628d00827a3863ae9856,pending,,,pending,,,8,,0,false,2026-07-22T22:25:19+00:00
309,95594455,https://github.com/eclipse/microprofile-metrics,,13,402a231e0ea6935a9cefc84f1949574be191a42e28461a303ae1d1b18ccc635b,pending,,,pending,,,8,,0,false,2026-07-22T22:25:19+00:00
310,75974381,https://github.com/android10/frodo2,,12,40964c7e152105703b517cec5d96147145c8c4d56781c68ceffeeab6ecf14e2c,pending,,,pending,,,8,,0,false,2026-07-22T22:25:19+00:00
311,47246081,https://github.com/apache/brooklyn-server,,149,40b73a822b7abbf7bac729d48a1216644370ec9c805363730426984017067893,pending,,,pending,,,8,,0,false,2026-07-22T22:25:19+00:00
312,95247186,https://github.com/all-of-us/workbench,,46,40d86e541af40cd7f6fe7ccb9399a6290121cd9035eb18bce8e7519bc7886446,pending,,,pending,,,8,,0,false,2026-07-22T22:25:19+00:00
313,8455875,https://github.com/jpmml/jpmml,,14,41413de6c154491c2a1912c33010367b307670bc221899e25731207a756609eb,pending,,,pending,,,8,,0,false,2026-07-22T22:25:19+00:00
314,41263845,https://github.com/npgall/concurrent-trees,,33,4176195a4862f04bdc1cf2921a4ccbcf99ad767e5f43efde66415b8f4c699122,pending,,,pending,,,8,,0,false,2026-07-22T22:25:19+00:00
315,40325889,https://github.com/javaserverfaces/mojarra,,19,41b51c8a20130e38dc13a34da8523637e8b123448362bc874e5fa9d40dbca14a,pending,,,pending,,,8,,0,false,2026-07-22T22:25:19+00:00
316,89607184,https://github.com/JoleneOL/market-manage,,21,41d8ae0656b252e41877b810564b8dbc7ecb075cf1aa6106f8f3e776138d824d,pending,,,pending,,,8,,0,false,2026-07-22T22:25:19+00:00
317,4189503,https://github.com/I-TECH/openmrs-module-kenyaemr,,124,4202d318aeff953a9d326f74b7d2d7113774a7ab874fc8c36b42be25b18d5580,pending,,,pending,,,8,,0,false,2026-07-22T22:25:19+00:00
318,38218145,https://github.com/DIA-NZ/webcurator,,91,42052e0dea0d2be064536f87cd6dab31c7c092f10c85c306fd24530bbe0ed19f,pending,,,pending,,,8,,0,false,2026-07-22T22:25:19+00:00
319,39676740,https://github.com/mixitconf/cesar,,13,4248333e147a786532425a306fc2ccf59de532a0002d425b71f927569ea36d9e,pending,,,pending,,,8,,0,false,2026-07-22T22:25:19+00:00
320,67148625,https://github.com/rmap-project/rmap,,26,43466936d22db6f247fc5c834dc39407c837beb8b71cfeaf31e5648b2699e01e,pending,,,pending,,,8,,0,false,2026-07-22T22:25:19+00:00
321,5722110,https://github.com/joachimvda/jtransfo,,28,437937e4ddcbd8c5fb9ca902273bf0905536a116b509dc0afb3c938a58887e0a,pending,,,pending,,,8,,0,false,2026-07-22T22:25:19+00:00
322,34915498,https://github.com/coverity/pie,,13,43d9dda074a85b4d96e50db36d4b26316aacac81049361864bdfea83aba57884,pending,,,pending,,,8,,0,false,2026-07-22T22:25:19+00:00
323,77143465,https://github.com/flipkart-incubator/Lyrics,,23,4481e3000b39eb40b48291dad04d27190f515c0b7c5861bbb46a2926a598e132,pending,,,pending,,,8,,0,false,2026-07-22T22:25:19+00:00
324,69026532,https://github.com/teiniker/teiniker-lectures-softwaredesign,,39,448cf0fdad2d18d8772ae6c1349dd7f4f167f9638f063e17eaede5a7c885d3dd,pending,,,pending,,,8,,0,false,2026-07-22T22:25:19+00:00
325,57061988,https://github.com/cloudfoundry-incubator/credhub,,33,44a867874c9b07e6e643ab5c9a6cd5c32f158b10ff792d9e78b77243faf1f96f,pending,,,pending,,,8,,0,false,2026-07-22T22:25:19+00:00
326,39530768,https://github.com/opendaylight/nemo,,60,44cc2d83985aa2ef7139500b7bfc4ddcb1ff87c4292a27413b04727852f0167f,pending,,,pending,,,8,,0,false,2026-07-22T22:25:19+00:00
327,83883701,https://github.com/jalian-systems/marathonv5,,39,450490d628ce0be1bb16e83c23ce21fa189bc81edffa21eabe4cfa851f6f8631,pending,,,pending,,,8,,0,false,2026-07-22T22:25:19+00:00
328,68100331,https://github.com/DISID/springlets,,13,452c8196d51c60d6f943b3a8bbd8c0ba12b187c07806d36072d84918718aab88,pending,,,pending,,,8,,0,false,2026-07-22T22:25:19+00:00
329,5973732,https://github.com/perfectsense/dari,,20,461959088fa31edaf2106ac12ddd137cf7d39db2ce20f68dabc3109370a5315e,pending,,,pending,,,8,,0,false,2026-07-22T22:25:19+00:00
330,5402462,https://github.com/j-easy/easy-batch,,96,4632078df8594be38e6ada93c1ec5a0206b7bcac2310946dc9fbff549cace9f7,pending,,,pending,,,8,,0,false,2026-07-22T22:25:19+00:00
331,766240,https://github.com/stephenh/tessell,,19,46429a083c2608f1135848674026a5002bd02a4b814460e3487679aa4fd5b1ba,pending,,,pending,,,8,,0,false,2026-07-22T22:25:19+00:00
332,80228150,https://github.com/opensecuritycontroller/osc-core,,71,466db02261d7982ec899c3e161039d9d7fffb71b46fbb1a144dcb01b2adc2d3b,pending,,,pending,,,8,,0,false,2026-07-22T22:25:19+00:00
333,55560812,https://github.com/Symantec/hendrix,,13,46e2a7ba070df6efc16edbd995e39943432cef13740358f5a1adb2e60c8894e7,pending,,,pending,,,8,,0,false,2026-07-22T22:25:19+00:00
334,42691991,https://github.com/NIFCLOUD-mbaas/ncmb_android,,21,47b4c5155008717557ef4ec08a316108c094523a2d35b7b71a1e7ccda1d14fbd,pending,,,pending,,,8,,0,false,2026-07-22T22:25:19+00:00
335,67041316,https://github.com/mopemope/meghanada-server,,20,47eb4f1d7b505a5cc80c7b148c60f256fef52bd2f77fe82029d0df54de0ce4cc,pending,,,pending,,,8,,0,false,2026-07-22T22:25:19+00:00
336,67999496,https://github.com/gentics/mesh,,14,48200ffa22c64365e888b0251c469496f0fb01636fa45d73d04c055b120924c4,pending,,,pending,,,8,,0,false,2026-07-22T22:25:19+00:00
337,500697,https://github.com/drugis/mtc,,43,4844237591d44d5a7b9943963f35ce86089e8de0e17547f40c7a07f2f3041f98,pending,,,pending,,,8,,0,false,2026-07-22T22:25:19+00:00
338,9096425,https://github.com/kLeZ/WebHarvest,,56,48e48e3f7e629c47cd377fc4852eda9f0c2e3d69ffde108c5dea6f7ebbfc95f1,pending,,,pending,,,8,,0,false,2026-07-22T22:25:19+00:00
339,46000465,https://github.com/mapzen/android,,40,48f0b05789272421aee6b8135c24e19553e499b8d90d30dd3c7afa1934b726d6,pending,,,pending,,,8,,0,false,2026-07-22T22:25:19+00:00
340,80196099,https://github.com/ria-ee/X-Road,,47,48fb8d9e002c9fa35202be9fd75c3cd4cb631fec91fcf72fc475056f04588f48,pending,,,pending,,,8,,0,false,2026-07-22T22:25:19+00:00
341,921110,https://github.com/jclouds/legacy-jclouds-chef,,16,49130d558dcbb4549ee9f2ca4b6f10edebdc2e81eeb23a77a08fa071d3e9087a,pending,,,pending,,,8,,0,false,2026-07-22T22:25:19+00:00
342,35482585,https://github.com/kbss-cvut/jopa,,190,4943a5f2f210a5ac7f77147709a48f3233cb61444367c40ac479de0868fff510,pending,,,pending,,,8,,0,false,2026-07-22T22:25:19+00:00
343,9909566,https://github.com/RIPE-NCC/whois,,245,49493a8b8823a2fd59868115e1c513967075468a32ccddcf2882aa70f8dfb537,pending,,,pending,,,8,,0,false,2026-07-22T22:25:19+00:00
344,65398296,https://github.com/qaware/gradle-cloud-deployer,,47,49754475a3b2842acc70c0a79dc4607b7498455a7cb7a1a7eff84fd76012b3ee,pending,,,pending,,,8,,0,false,2026-07-22T22:25:19+00:00
345,45433519,https://github.com/cyverse-archive/DE,,38,49a1f00f684afe0622f688e0b16c317b8fbc6ad425702ef7eec7cb42c228af2e,pending,,,pending,,,8,,0,false,2026-07-22T22:25:19+00:00
346,89576260,https://github.com/huangyanxiong/DeAzkaban,,33,49b6a5f4114875cc14cdfcc77792438455e805cbe2f444f576937ec2a0566e0d,pending,,,pending,,,8,,0,false,2026-07-22T22:25:19+00:00
347,9278888,https://github.com/openzipkin/brave,,114,49de4cf24aeb05b8a200c7e4a73fe14e21d31c6a980ada59713dfc64bbb8cdc5,pending,,,pending,,,8,,0,false,2026-07-22T22:25:19+00:00
348,84880723,https://github.com/google/cdep,,16,49fb86518e1aebe692a3b93aef1828ecd33cab90a47fa567063395e5cad68a28,pending,,,pending,,,8,,0,false,2026-07-22T22:25:19+00:00
349,70037034,https://github.com/apache/opennlp-sandbox,,15,4a081964c77385b7cbb05120d60cf61389d8ed663a85677dbba219ee45a8d2d8,pending,,,pending,,,8,,0,false,2026-07-22T22:25:19+00:00
350,97106222,https://github.com/schibsted/strongbox,,25,4a2f8669e00ad98c6cf2a5c4cfcc70ee1b7510a9205a9a9e0ee20ef50286c7ff,pending,,,pending,,,8,,0,false,2026-07-22T22:25:19+00:00
351,83664920,https://github.com/racodond/sonar-css-plugin,,55,4a44f91109cf7301c684e17b0aa2b6a822db376fb63f39a34c30c4ad798909ec,pending,,,pending,,,8,,0,false,2026-07-22T22:25:19+00:00
352,87820447,https://github.com/zhuangjiesen/reading-learning-coding,,48,4a65f58a2e75245e1b1ddc2aecbb06235a4dd54c103f6b4c4c5d154f7aa169c5,pending,,,pending,,,8,,0,false,2026-07-22T22:25:19+00:00
353,49950879,https://github.com/Riverside-Software/sonar-openedge,,16,4b140770399edf43e56eeada2e954d01636225fb5b700580765eda6db242998d,pending,,,pending,,,8,,0,false,2026-07-22T22:25:19+00:00
354,54973527,https://github.com/ctripcorp/x-pipe,,271,4b36bc1fe880adafc1f4307f9c7d5d7da436668596dc323d38389ddf9e2b26cc,pending,,,pending,,,8,,0,false,2026-07-22T22:25:19+00:00
355,65947212,https://github.com/awslabs/emr-dynamodb-connector,,17,4b3ce5bd092ec0e003771489b37ecf5011f94cbe484a9d153e2a274b4c83e21f,pending,,,pending,,,8,,0,false,2026-07-22T22:25:19+00:00
356,52478731,https://github.com/PavlidisLab/Gemma,,32,4c1777bcb8c60b59ed203a3e5e4877602e535275d0f4aaf79ef539e6dcd68e17,pending,,,pending,,,8,,0,false,2026-07-22T22:25:19+00:00
357,71292480,https://github.com/AutomationRockstars/Design,,17,4c7025c61edd758ccade5988efcdebeaf91d08ad462a879355cb9760fce84e20,pending,,,pending,,,8,,0,false,2026-07-22T22:25:19+00:00
358,51949991,https://github.com/openmainframeproject/ade,,15,4c74d22416b895b76623b1fe9d4c4e867081e2e7786f43af3af33d9a58ca9e8d,pending,,,pending,,,8,,0,false,2026-07-22T22:25:19+00:00
359,87840586,https://github.com/Apogee-Research/STAC,,93,4c8a95bce8c9e2f22ec441d40bd473fa419ba7f55eb936b8e32d1186063af2ce,pending,,,pending,,,8,,0,false,2026-07-22T22:25:19+00:00
360,79266038,https://github.com/cxcorp/lacuna,,20,4cbf91ea1580cb5f80ae925231877b2b18413c5576b50676aae148e23084f8f5,pending,,,pending,,,8,,0,false,2026-07-22T22:25:19+00:00
361,93782049,https://github.com/shroffk/phoebus,,60,4ce4e2490321ad1d8d57ee7193651505595d6aeb1fcc012c7ebe8600ad8093cf,pending,,,pending,,,8,,0,false,2026-07-22T22:25:19+00:00
362,89485344,https://github.com/BankingBoys/amos-ss17-proj7,,19,4d2038b4255dbec0b8bc1293a2d6ed60cb1c0893bda759a786d62d4a6ab4540c,pending,,,pending,,,8,,0,false,2026-07-22T22:25:19+00:00
363,94524678,https://github.com/intranda/goobi-viewer-core,,111,4dfc6a3f0bc2a8a3bb852a668f6d48a8ac6c29cf4ad531e2c994d25597f91013,pending,,,pending,,,8,,0,false,2026-07-22T22:25:19+00:00
364,5265087,https://github.com/sgroschupf/katta,,37,4e6d084ac75e124b3e7831e6696e99c15969b313b34d6c7cd1f1e926ccbc7a72,pending,,,pending,,,8,,0,false,2026-07-22T22:25:19+00:00
365,5372003,https://github.com/nuodb/migration-tools,,16,4e7061f0c6bbb1ca406ef9476e4eada8ceaccf736be73bcb47bc00d1b8207f61,pending,,,pending,,,8,,0,false,2026-07-22T22:25:19+00:00
366,44331166,https://github.com/omerio/ecarf,,12,4e81409a0af611bb06df96568cc8aa909e208253f9a284edfea5b792a08e1e50,pending,,,pending,,,8,,0,false,2026-07-22T22:25:19+00:00
367,43356615,https://github.com/at-internet/atinternet-android-sdk,,42,4eafef5fc71928ca5ee3b0aae47c63bf3cf2113c76918e8b31a5f1b7f36682b9,pending,,,pending,,,8,,0,false,2026-07-22T22:25:19+00:00
368,96120606,https://github.com/openanthem/nimbus-core,,18,4f0d9c9a6d9f87914b8516c85bf7766eab6dc7e979abefdd821e25b18e78a35a,pending,,,pending,,,8,,0,false,2026-07-22T22:25:19+00:00
369,45165644,https://github.com/GourdErwa/MyNote,,187,4f3443c299bc1a3095e97e969f1b1717cace0f535fe68466e2e68e69073ee0c3,pending,,,pending,,,8,,0,false,2026-07-22T22:25:19+00:00
370,42290369,https://github.com/openaire/iis,,202,4fa6f553a9522cf4741668765bd9ee64c37ee6df6f3f1c159a0d074d0132b0e8,pending,,,pending,,,8,,0,false,2026-07-22T22:25:19+00:00
371,78089297,https://github.com/Intel-bigdata/SSM,,67,4faa59a334423de335a89ed876707c8aefba8801fd92499369afb3af1d1e2e94,pending,,,pending,,,8,,0,false,2026-07-22T22:25:19+00:00
372,46847195,https://github.com/nero520/mybatis,,18,4febc684cad3a719b9f0f548a6ec0efa4f4253b5db1238c42c17512a25e2fe1f,pending,,,pending,,,8,,0,false,2026-07-22T22:25:19+00:00
373,7616158,https://github.com/Netflix/ribbon,,13,4ff3c8cad5d704b3e7cee558edbe60c3a4976be58ec3598d21847f4492623760,pending,,,pending,,,8,,0,false,2026-07-22T22:25:19+00:00
374,56904,https://github.com/stephenh/joist,,19,508e0a42a5518c7c2f352dbc5fdb4f20984c8600625749af458399d7ba1f11a5,pending,,,pending,,,8,,0,false,2026-07-22T22:25:19+00:00
375,5346043,https://github.com/amuller/libsim,,95,50b3792e2418309208b9ccd73cde1f2bbdc07530c0709d2b78d74af9453f540d,pending,,,pending,,,8,,0,false,2026-07-22T22:25:19+00:00
376,6448810,https://github.com/vivo-project/Vitro,,46,5124d2cb289070093e255a27cb14000e9e94620eb7c35a5b71c4ee74e9f0e1b6,pending,,,pending,,,8,,0,false,2026-07-22T22:25:19+00:00
377,4614129,https://github.com/ecsec/open-ecard,,36,513ff44db71da76c941adcb3d3307c32b271a7f95efe7144b45f09b8d90e0d0f,pending,,,pending,,,8,,0,false,2026-07-22T22:25:19+00:00
378,35263104,https://github.com/as-ideas/crowdsource,,33,51a65ea3284ce053d665cd80649209dd4bd0c694706a19238df48dd54b4ef6d6,pending,,,pending,,,8,,0,false,2026-07-22T22:25:19+00:00
379,889932,https://github.com/scribejava/scribejava,,15,51a80b98c3120ef35227bed4d82fe0caa2242dad6660f268dc5ab11ef697266e,pending,,,pending,,,8,,0,false,2026-07-22T22:25:19+00:00
380,53354223,https://github.com/twitter/GraphJet,,20,51b0daee0aeebc6c5d3ce0841cc7c1fbae70948812cda014fe79dbed9ad5a2ed,pending,,,pending,,,8,,0,false,2026-07-22T22:25:19+00:00
381,6935442,https://github.com/apache/isis,,36,51b2194454aa87f115694d0aa1ff615271045e0c07286fe301ccae1580ddc5b5,pending,,,pending,,,8,,0,false,2026-07-22T22:25:19+00:00
382,8406849,https://github.com/btrplace/scheduler,,127,51bd0d95b0fcba43b57b9fcde3d608be57cfef23cd7f47f832c3cca5dafffd80,pending,,,pending,,,8,,0,false,2026-07-22T22:25:19+00:00
383,98175571,https://github.com/ricefishtech/industry4.0-mes,,136,51d559fd47ef208f5dfd3156fb5fa0bf42e03dc9b310d1fbe071f9dfbc1de1ab,pending,,,pending,,,8,,0,false,2026-07-22T22:25:19+00:00
384,77838408,https://github.com/millross/pac4j-async,,13,51edfe7b095a17bd2875d6a35603f073bc9b086764b63fe519f21f4209376a6c,pending,,,pending,,,8,,0,false,2026-07-22T22:25:19+00:00
385,75882172,https://github.com/Netflix/conductor,,80,522f177b13102a8210abe4c1d135fbc10ba1077013f34eb3e011f77dcea3bef2,pending,,,pending,,,8,,0,false,2026-07-22T22:25:19+00:00
386,44253783,https://github.com/adaptris/interlok,,417,5233028e40750a944fa61200ab08d8cd4631537be0880877db95c14e75745d00,pending,,,pending,,,8,,0,false,2026-07-22T22:25:19+00:00
387,77385607,https://github.com/JanusGraph/janusgraph,,22,5274ab529311b24bf37ce2485580075d4e825ab8051db071ffe84f63f66c9480,pending,,,pending,,,8,,0,false,2026-07-22T22:25:19+00:00
388,98085592,https://github.com/Phenomics/ontolib,,25,52a539a89d24371e1f46e96f4a95e0a0e78716601f5744667db4091038111a01,pending,,,pending,,,8,,0,false,2026-07-22T22:25:19+00:00
389,73899453,https://github.com/linux-china/dubbo3,,17,52b30a2b70a4c7495f534c39d3a332d9b41541e2d46a313968b38ed57bceace2,pending,,,pending,,,8,,0,false,2026-07-22T22:25:19+00:00
390,6157458,https://github.com/pf4j/pf4j,,18,533af4110ab2c7e2bdacc1c4fc81a16d7d867da995452c2ca9c3992c3bb4fe9a,pending,,,pending,,,8,,0,false,2026-07-22T22:25:19+00:00
391,7422160,https://github.com/Ideyatech/opentides3,,38,535c52df588093cdf83b5d7b7da0d75166e19f0adf6d622b4f85cf0b3bc767bd,pending,,,pending,,,8,,0,false,2026-07-22T22:25:19+00:00
392,88978812,https://github.com/PacktPublishing/Java-9-Programming-By-Example,,15,536a1ec7cfea013acecfd0629c3809aaeea55513002ec4215d1a082d6dfb422e,pending,,,pending,,,8,,0,false,2026-07-22T22:25:19+00:00
393,64431348,https://github.com/census-instrumentation/opencensus-java,,182,5376e57c8c81d481074b2df68c14cbf026994e4e7f4dbf0113f41a73d7b06bac,pending,,,pending,,,8,,0,false,2026-07-22T22:25:19+00:00
394,69284281,https://github.com/chr-krenn/chr-krenn-fhj-ws2016-sd14-pse,,49,53b7b8ced7d29b6f2abad8d08e5d7d1ecb6632ac4e0f9d0d6df00999a61b106d,pending,,,pending,,,8,,0,false,2026-07-22T22:25:19+00:00
395,43088077,https://github.com/palantir/conjure-java-runtime,,23,54155b75c8d8f25ab9dcd931941595268884710a1de368ce9cc1d5a44d0025f5,pending,,,pending,,,8,,0,false,2026-07-22T22:25:19+00:00
396,53940095,https://github.com/lorthos/incubator-zeppelin-druid,,26,54250d39df40343ecc4498967fe6d71521005b6882fe7e517ac2875786c58996,pending,,,pending,,,8,,0,false,2026-07-22T22:25:19+00:00
397,84742920,https://github.com/kynosarges/tektosyne,,14,545828fc5892045b5b885464eaef435d9972133ed5c70c6688cb124256ea9e82,pending,,,pending,,,8,,0,false,2026-07-22T22:25:19+00:00
398,4494450,https://github.com/PeterHoeche/adobe-flex-pmd,,37,54613b115bc2545ece08efc6fedd3dc3c751d58a26131135e4d665172610a709,pending,,,pending,,,8,,0,false,2026-07-22T22:25:19+00:00
399,47802308,https://github.com/wayshall/onetwo,,24,54bcf54b0e6a6c99dd3bfc726918615086685dc5837941932af8c0d3c0409065,pending,,,pending,,,8,,0,false,2026-07-22T22:25:19+00:00
400,76684377,https://github.com/universum-studios/android_widget_adapters,,21,54df7f3ef8d034fd8dfe116ba60277407c3cf97c60cbcdd96bf043c57b92b010,pending,,,pending,,,8,,0,false,2026-07-22T22:25:19+00:00
401,49031895,https://github.com/UQdeco2800/farmsim,,33,55051bf9184ca409e063de1ee7d2dc20552d8330793eee728f236988cb2a8440,pending,,,pending,,,8,,0,false,2026-07-22T22:25:19+00:00
402,82675377,https://github.com/baifendian/swordfish,,16,557c4f8b7b116c4c5c1701c25e8ca1682399f1fa784b891f7d726661b05cc3a3,pending,,,pending,,,8,,0,false,2026-07-22T22:25:19+00:00
403,3523632,https://github.com/springside/springside4,,33,558a39ecc09e8e4d3b124de2b7dd4709503d4d56b0e15d6a3ee8a5eb8ee948ec,pending,,,pending,,,8,,0,false,2026-07-22T22:25:19+00:00
404,72795142,https://github.com/diging/giles-eco-giles-web,,18,559ec91eab8af3c2a09f6a1a7f4b229fe8c288c45121e0014b9149bff29d6028,pending,,,pending,,,8,,0,false,2026-07-22T22:25:19+00:00
405,6035195,https://github.com/axemblr/axemblr-provisionr,,24,55a72530e10ee3749a31c40f19888ed715869d13fdbb5b2e6c568d33e1fe258c,pending,,,pending,,,8,,0,false,2026-07-22T22:25:19+00:00
406,36288389,https://github.com/ifnul/ums-backend,,472,562239ee8069f9cd5ecaa37e44f7e70f0f1be52cf7ea1453859b0161d3cb1ef1,pending,,,pending,,,8,,0,false,2026-07-22T22:25:19+00:00
407,4112450,https://github.com/geosolutions-it/geobatch,,16,567592f4414eab67e55cd49ed3d551e01b5cc1a2522324a1c0a177038518d5f1,pending,,,pending,,,8,,0,false,2026-07-22T22:25:19+00:00
408,4393933,https://github.com/searchbox-io/Jest,,60,5682ef03943c0387b10752bf1ee4008f6756de5d10137077c42fb5ac1fe520e5,pending,,,pending,,,8,,0,false,2026-07-22T22:25:19+00:00
409,59507570,https://github.com/UnicefNY/RapidReg,,31,5690e3c171ddd2eabe419eabb918c9757be7f5d73c7e08fa00d5089c692e50c0,pending,,,pending,,,8,,0,false,2026-07-22T22:25:19+00:00
410,4416959,https://github.com/apache/tapestry-5,,102,56d143ba39d0a1734606f7f2c19cccc849af9d395fe9de447e5d3e5bc7c60e55,pending,,,pending,,,8,,0,false,2026-07-22T22:25:19+00:00
411,39038703,https://github.com/VTUL/vtechworks,,38,570cd855060574a4a175d12b1d9c00224ac23e9b43b814bb53d41d30842434c1,pending,,,pending,,,8,,0,false,2026-07-22T22:25:19+00:00
412,95752629,https://github.com/microsoft/azure-maven-plugins,,61,57263be77b99716cd38cf6bb1bbed9f2677c3f706804b2de335a345c69ff3afe,pending,,,pending,,,8,,0,false,2026-07-22T22:25:19+00:00
413,59326989,https://github.com/cloudera-labs/envelope,,62,5736dba1a022197d701736a8b074e8d104130f927591e8d69bd1c6c527e9afbb,pending,,,pending,,,8,,0,false,2026-07-22T22:25:19+00:00
414,73936138,https://github.com/billyean/acadia,,74,5737ac97695b4fe0ab14d9b3ab23c13e6aab949e0cd3bf4ba615aefe1c2332ea,pending,,,pending,,,8,,0,false,2026-07-22T22:25:19+00:00
415,5426219,https://github.com/ebi-gene-expression-group/atlas,,115,575281f2d33c7a413c68fb6cc07486bc16014f5c31b0652826ce7404baaf1674,pending,,,pending,,,8,,0,false,2026-07-22T22:25:19+00:00
416,7218024,https://github.com/InMobi/conduit,,18,576dd6bf25bf72613604d4c0f172155ee85e5a863df22a39672f58862f3aa30b,pending,,,pending,,,8,,0,false,2026-07-22T22:25:19+00:00
417,47301462,https://github.com/bylee5/calcite-elasticsearch,,13,57cc01f30cf93bf7c02f42acd8a89b8db13ea40626a6ab662f149ab5d4b4b432,pending,,,pending,,,8,,0,false,2026-07-22T22:25:19+00:00
418,66814930,https://github.com/TeamSPoon/CYC_JRTL_with_CommonLisp,,18,589493c8eacbad86101a1c5c97adf7207c40e7222807ecb9987e873090d99651,pending,,,pending,,,8,,0,false,2026-07-22T22:25:19+00:00
419,44465166,https://github.com/CogComp/cogcomp-nlp,,49,58df5fc04225d77fd95d41fc787433ff32bce05e9be6630c691cd9da542ae69f,pending,,,pending,,,8,,0,false,2026-07-22T22:25:19+00:00
420,40167498,https://github.com/asdf2014/yuzhouwan,,55,594228ef84b1b269f3437e00a74de19c3310d2119177cce75a4ba9edfca13ef9,pending,,,pending,,,8,,0,false,2026-07-22T22:25:19+00:00
421,3808230,https://github.com/Findwise/Hydra,,40,595df5fac464d5684c5b7b5b2746eadd4f9a8d4e1a377965494e076a1d75fdc3,pending,,,pending,,,8,,0,false,2026-07-22T22:25:19+00:00
422,79350243,https://github.com/t28hub/json2java4idea,,29,599d6b2b760d42a1d57fcecea372541beeb822fc10d6c6358ff15aa351549939,pending,,,pending,,,8,,0,false,2026-07-22T22:25:19+00:00
423,38597960,https://github.com/fappel/Testing-with-JUnit,,24,59b2d61297423f66cdf08e5d11fca7f8cbe27f965252b7747b50e106990f3cc8,pending,,,pending,,,8,,0,false,2026-07-22T22:25:19+00:00
424,96480746,https://github.com/de-jcup/eclipse-bash-editor,,20,59ca58c6aa760b63c2e0a21ab35c13e64a5b15f0c930be38b61bd0ed146f12cd,pending,,,pending,,,8,,0,false,2026-07-22T22:25:19+00:00
425,37475020,https://github.com/GMUEClab/ecj,,20,59de38f7ce0db33beaca661320b121141591f06678b6fe1ca2cb71f8d43743f0,pending,,,pending,,,8,,0,false,2026-07-22T22:25:19+00:00
426,36283221,https://github.com/mmnaseri/cs-review,,34,5a20ba76c4890a47acff31395e4a1d8b5e54ad0a074f4588058b356fe08c6b93,pending,,,pending,,,8,,0,false,2026-07-22T22:25:19+00:00
427,43246449,https://github.com/epam-debrecen-rft-2015/atsy,,24,5a8ad088e84513dd14f40034617b911f654d285dd3df2a93264def432657111c,pending,,,pending,,,8,,0,false,2026-07-22T22:25:19+00:00
428,72283823,https://github.com/V1toss/JavaPA,,36,5aa64d328347b3091bfbabba7475005f6a5b9d30891f350ff8a1fb13a0e2eec8,pending,,,pending,,,8,,0,false,2026-07-22T22:25:19+00:00
429,5518934,https://github.com/MoriTanosuke/glacieruploader,,19,5ae8d6d3a8820e4a25b46969d6d9c66da8ab8b63659ed437db675b2750f59832,pending,,,pending,,,8,,0,false,2026-07-22T22:25:19+00:00
430,32332642,https://github.com/opendaylight/alto,,12,5b65131fc5f3c10f8263be94e96f5331649550ec3396d05b2d4154545b98c093,pending,,,pending,,,8,,0,false,2026-07-22T22:25:19+00:00
431,5455458,https://github.com/RestComm/Restcomm-Connect,,12,5c4475361f3eff90a9380e08e4e8881bb39a4aa301f20d362f3ddcad5d5d7794,pending,,,pending,,,8,,0,false,2026-07-22T22:25:19+00:00
432,65963317,https://github.com/PKUSilvester/LiteGraph,,28,5c54512f71a0ab37c4b3b8fc79f03d6bfbea8166427fcb51bc2c09e92ca57b77,pending,,,pending,,,8,,0,false,2026-07-22T22:25:19+00:00
433,38562009,https://github.com/neowu/core-ng-project,,224,5c7dfbd429469c16bb9f50208fa9d33771c0ec77e343e3082aeaed0c1546d0bf,pending,,,pending,,,8,,0,false,2026-07-22T22:25:19+00:00
434,97573661,https://github.com/apache/servicecomb-pack,,29,5c81bb227e3014c98ec9348b204533be771bfaffc1a96ed49a5ba9d079fc1855,pending,,,pending,,,8,,0,false,2026-07-22T22:25:19+00:00
435,44994636,https://github.com/salesforce/Argus,,69,5cc818da06a9ed477ac41e2ed308bc2608b765199959403db1be3fb13dd7371b,pending,,,pending,,,8,,0,false,2026-07-22T22:25:19+00:00
436,75735839,https://github.com/dlcs/the-mathmos-server,,13,5cd3371282f2dc38e063755d87cc4cbd75e042286d77c2a6b2cb12dcda1ec9ad,pending,,,pending,,,8,,0,false,2026-07-22T22:25:19+00:00
437,85172071,https://github.com/PoslavskySV/rings,,40,5cfb0c182009941d9df241140430209ec83ea19d1a5e9b07605deeb38d8d9ffc,pending,,,pending,,,8,,0,false,2026-07-22T22:25:19+00:00
438,96556232,https://github.com/FDio/honeycomb,,43,5d161f766901ecd3c002ae43388d66aa99cc01eb44a9acf9aba638894957e900,pending,,,pending,,,8,,0,false,2026-07-22T22:25:19+00:00
439,42457394,https://github.com/zalando/logbook,,51,5e0c8bb96993d06885cacc6d2734841a0f0181bfdc14396996fdbd2a46f690db,pending,,,pending,,,8,,0,false,2026-07-22T22:25:19+00:00
440,60379785,https://github.com/box/mojito,,129,5eb92ecccbfa8370e02de163878b54cadc82f0c51c7413ede8b77f9ae0d6be46,pending,,,pending,,,8,,0,false,2026-07-22T22:25:19+00:00
441,766548,https://github.com/lmco/eurekastreams,,750,5eeec3a26cdaf19e6aeaf145a3dbb92b2bad2e71f7b1ab44a49881051ab6f8b4,pending,,,pending,,,8,,0,false,2026-07-22T22:25:19+00:00
442,92982984,https://github.com/mulesoft-labs/raml-java-tools,,40,5f0d99dfefff4e26b422211f0b78aee4847575e615b99cfd6b987646b152711a,pending,,,pending,,,8,,0,false,2026-07-22T22:25:19+00:00
443,37462781,https://github.com/jjkester/transportlanguage,,14,5f22f55896a36ad1f161476a5cc7d3c27c1b282465d8bb13fc50a287d1ecd8fe,pending,,,pending,,,8,,0,false,2026-07-22T22:25:19+00:00
444,81920458,https://github.com/apache/nifi-registry,,31,5f5a6d637ca278c0e29c88598f78ac118215c9ddd3be77fabfdebf7586aaf527,pending,,,pending,,,8,,0,false,2026-07-22T22:25:19+00:00
445,7576522,https://github.com/jeluard/stone,,17,5f672e3d70db870e18c5f4f8ac7d4a3a1ae48a897f8e0a190fecdba28c8b2180,pending,,,pending,,,8,,0,false,2026-07-22T22:25:19+00:00
446,793164,https://github.com/krasserm/ipf,,59,5f90ff4bdc3d227af959a65c763ef75a5d1c6d7d9d22e9e367025da2e2e8a21d,pending,,,pending,,,8,,0,false,2026-07-22T22:25:19+00:00
447,3513191,https://github.com/te-con/ehour,,42,5ff70d55419ad5a3f95e411a58e160c091fa131f5715d785c05196c68870e45e,pending,,,pending,,,8,,0,false,2026-07-22T22:25:19+00:00
448,44586882,https://github.com/ozimov/spring-boot-email-tools,,19,602cccfeb1c6265261094ee3bc829596fe117ff3f7d570deeb8c9824d6ccfcc2,pending,,,pending,,,8,,0,false,2026-07-22T22:25:19+00:00
449,37796696,https://github.com/cucumber/cucumber,,28,603d20d57906e4d619e7fc63779d616c47fa32e7b66ff13d7573649a1f12552a,pending,,,pending,,,8,,0,false,2026-07-22T22:25:19+00:00
450,74843923,https://github.com/jonnymatts/JZONbie,,21,6057d2d6c045e5d92de491372186e1062609b04c07636db24d09e560f1972944,pending,,,pending,,,8,,0,false,2026-07-22T22:25:19+00:00
451,53976910,https://github.com/Texera/texera,,18,606396b1b7e68be9a5e9783dcb2a08c693d482879e08f571153b593dd729f25d,pending,,,pending,,,8,,0,false,2026-07-22T22:25:19+00:00
452,68935766,https://github.com/Pante/Chimera,,65,6082a7c68057ce0818e2d379957856930611f1c7f21632fe90eb81fdd8d540ad,pending,,,pending,,,8,,0,false,2026-07-22T22:25:19+00:00
453,8366048,https://github.com/FamilySearch/gedcomx-java,,14,60dab01f8fcf6c0585de4d6c1bb28d1ae0ba9a9180ec7f70435e1704d77d691d,pending,,,pending,,,8,,0,false,2026-07-22T22:25:19+00:00
454,97291552,https://github.com/lastrix/asn1s,,42,60ea8d1439015c6ca666824a2872eda81a95d0f8ac63bd01377dc3de957fceee,pending,,,pending,,,8,,0,false,2026-07-22T22:25:19+00:00
455,8483862,https://github.com/metafacture/metafacture-core,,52,613001369f7c0ea510159159a5c3225324e9b437ba29e7be8dcf5dbe23bafe7a,pending,,,pending,,,8,,0,false,2026-07-22T22:25:19+00:00
456,83845804,https://github.com/IBM/og,,41,6168c54a958923894f4856e5ad2b5c3f663214937077caab62e9c854520b60e8,pending,,,pending,,,8,,0,false,2026-07-22T22:25:19+00:00
457,96367327,https://github.com/arez/arez,,29,6173c64efd6b285adc968684f70c270191a18b44a28f19becc476e79549be118,pending,,,pending,,,8,,0,false,2026-07-22T22:25:19+00:00
458,8212556,https://github.com/bazaarvoice/jolt,,18,619aa1ea17f50c5f0ca272e2bfe683ae11ad0e3499cd7c91f7b0e9a2e8675f90,pending,,,pending,,,8,,0,false,2026-07-22T22:25:19+00:00
459,92515991,https://github.com/dwp/queue-triage,,104,620629b01b97b6eeca5e750021252be8a92713149d1732ae0a565e35c423da89,pending,,,pending,,,8,,0,false,2026-07-22T22:25:19+00:00
460,54898732,https://github.com/sebhoss/memoization.java,,123,621181fd1049cbd771ad5de1eeabaade97dcc11ddd146d8b7ea1640eb5fc09b7,pending,,,pending,,,8,,0,false,2026-07-22T22:25:19+00:00
461,50250915,https://github.com/jenkinsci/blueocean-plugin,,31,622a4f01f45ce7f56e080cf349c2a6fa156c49204de4d097d5804b20db9a5237,pending,,,pending,,,8,,0,false,2026-07-22T22:25:19+00:00
462,574877,https://github.com/aws/aws-sdk-java,,106,62decad3ef6b0f2129fc8bc894046b8c12561c49c6c7002e4135fe2f7c79740a,pending,,,pending,,,8,,0,false,2026-07-22T22:25:19+00:00
463,63055881,https://github.com/ddwhan0123/ReactNativeDemo,,12,62f3d08905039d10044041aebebb679a8815cd95043b9531e8e621d5e602c7e5,pending,,,pending,,,8,,0,false,2026-07-22T22:25:19+00:00
464,79209085,https://github.com/open-android/Picasso,,15,6303826e2b36c8f0d53a97d0365eaa58b2c6201cfcedf3298d1ee5b04ebab2b4,pending,,,pending,,,8,,0,false,2026-07-22T22:25:19+00:00
465,61703365,https://github.com/neo4j/cypher-shell,,29,6315e0d1d4e1941642792d7e23e3c4dd65b95bf99ce18dd92b55fb1503c3be77,pending,,,pending,,,8,,0,false,2026-07-22T22:25:19+00:00
466,45340108,https://github.com/kucera-jan-cz/esBench,,15,631f78425256b9a27e6962827b7166a44369476941b21b9d0dc6c2ad3e3c0ca5,pending,,,pending,,,8,,0,false,2026-07-22T22:25:19+00:00
467,49952701,https://github.com/shekharvarshney/book-code,,22,6328af78a3f0b6378aab1c8e6463fa7e2236a2f5c43f8b7389d16b02d50092d0,pending,,,pending,,,8,,0,false,2026-07-22T22:25:19+00:00
468,81968413,https://github.com/google/mug,,20,633070b854cce7cf69a4c29c78ffe360c6c377c0584dbc2f3fe0f7d5c2db17b0,pending,,,pending,,,8,,0,false,2026-07-22T22:25:19+00:00
469,71162914,https://github.com/Apress/beg-java-ee-7,,23,63b3eddb53315e6e5d2a381265cbbe9de72c36b6dbdcdd1ea47173cbc738f6d0,pending,,,pending,,,8,,0,false,2026-07-22T22:25:19+00:00
470,48053234,https://github.com/tapglue/android_sdk,,18,63b9ad5ca3d750e3e571ff6900d84fe7021bd8a61651d63071c8bd372572d948,pending,,,pending,,,8,,0,false,2026-07-22T22:25:19+00:00
471,91674936,https://github.com/apache/servicecomb-java-chassis,,311,63d2bbb165ff4e00725339cfdfa38964ea3fe0aa03cbe0b504942b9ebfff4f09,pending,,,pending,,,8,,0,false,2026-07-22T22:25:19+00:00
472,93131587,https://github.com/btc-ag/redg,,31,63dcc3fc6d6aa51e444429a41aa646c0b4cf085a85f7ee9e06db6d7115d404d0,pending,,,pending,,,8,,0,false,2026-07-22T22:25:19+00:00
473,6766558,https://github.com/Netflix/Hystrix,,29,63fd9fe284f252cc7e6f363f5ff8d9d6b15713d64c1a3b232dfea55d2ca9f8e1,pending,,,pending,,,8,,0,false,2026-07-22T22:25:19+00:00
474,9248683,https://github.com/eHarmony/seeking,,28,6439a4a4264fc1b1908c06f44d367b54356370f4fbec5f07d2f8e7916d8278c7,pending,,,pending,,,8,,0,false,2026-07-22T22:25:19+00:00
475,35024150,https://github.com/KostyaSha/github-integration-plugin,,18,6457c5db940eb9be5f22913cc58046e912c93f7ece39607a4112d25a8033c19c,pending,,,pending,,,8,,0,false,2026-07-22T22:25:19+00:00
476,40628209,https://github.com/parse-community/Parse-SDK-Android,,61,646818dffc1a66627896be4bcb6659100e72fe80bf21eb543bbbe1d356055188,pending,,,pending,,,8,,0,false,2026-07-22T22:25:19+00:00
477,67053037,https://github.com/BlackPepperSoftware/bowman,,16,6493f5947dd1782ff7ec0226adc500c7a9b61d02d6c34354b885a3028ed0130a,pending,,,pending,,,8,,0,false,2026-07-22T22:25:19+00:00
478,67059803,https://github.com/careerbuilder/semantic-knowledge-graph,,13,6499bd70b900fe5873a035c687d7d3636f32160c273ef67be431d86247519421,pending,,,pending,,,8,,0,false,2026-07-22T22:25:19+00:00
479,64340716,https://github.com/katharsis-project/katharsis-framework,,23,64b3340e9ec4d537f15a979fc35b76a7d6cd154be0282550ed047828fcb351b9,pending,,,pending,,,8,,0,false,2026-07-22T22:25:19+00:00
480,43734923,https://github.com/apache/rya,,89,64d0553d0f62fe1d0c22937e4c721c5ef36ea0212eba3078161080f7e6d84eee,pending,,,pending,,,8,,0,false,2026-07-22T22:25:19+00:00
481,61508446,https://github.com/yrcourage/netty,,67,64f5c37ddfc18eca5e8c726ee4438fde723b24dc8409624dead1196a9115f519,pending,,,pending,,,8,,0,false,2026-07-22T22:25:19+00:00
482,7807584,https://github.com/Netflix/denominator,,26,6537677e41f957c11d43cd015c1fd90dd8dcbdd3d9f6b116c859ea3ad058b965,pending,,,pending,,,8,,0,false,2026-07-22T22:25:19+00:00
483,5158290,https://github.com/cdorrat/geva-clj,,36,65d3e58a218347b0fdc8199865fe6c5b660b14779a7a3d7c21fa4c4af9c3eb5a,pending,,,pending,,,8,,0,false,2026-07-22T22:25:19+00:00
484,68539843,https://github.com/Microbule/microbule,,46,65ebd2cb1a9d43492957fbcdbf9351d3f529141e31c9d46973ea0de3ce749724,pending,,,pending,,,8,,0,false,2026-07-22T22:25:19+00:00
485,35282952,https://github.com/braintree/android-card-form,,15,663cde632200437fe9db22e6d60210a36829fa49983650d4f8f603886c32c70e,pending,,,pending,,,8,,0,false,2026-07-22T22:25:19+00:00
486,5674787,https://github.com/SonarSource/sonar-java,,107,664a7b3166e6993b33799ed9a50232b0199d816fbb8d6aa7f15950121321b0f3,pending,,,pending,,,8,,0,false,2026-07-22T22:25:19+00:00
487,4288215,https://github.com/plc-cgr/plc,,24,66b934d7417a2b814121ce949a610a34f28e238091e54022e679570320674179,pending,,,pending,,,8,,0,false,2026-07-22T22:25:19+00:00
488,3536819,https://github.com/dumptruckman/PluginBase,,13,66c4f7325890b8075edf295c35fc5d074d39c3a73336bea3a2db2dc27c968b1e,pending,,,pending,,,8,,0,false,2026-07-22T22:25:19+00:00
489,80043676,https://github.com/zsmartsystems/com.zsmartsystems.zigbee,,69,66c800b7e3659c99db4b158760291fca140c5ed5247af65cb8be5fde7a17c957,pending,,,pending,,,8,,0,false,2026-07-22T22:25:19+00:00
490,62553999,https://github.com/ArturVasilov/AndroidArchitecture,,42,66f5b447016270044aac43f4304db8e3dd31b7b920f442ec101af76ea1ced979,pending,,,pending,,,8,,0,false,2026-07-22T22:25:19+00:00
491,35224085,https://github.com/mrombout/Spiner,,14,6783243196ca15e1416967b72062c1e779a005e040fa111a05d66bf68f2585b3,pending,,,pending,,,8,,0,false,2026-07-22T22:25:19+00:00
492,42949039,https://github.com/FINRAOS/herd,,227,678a2b8b8cd6310c0fdaadc4fc6e700f5ce5b2231812c9d75c8db7b28ed3bda4,pending,,,pending,,,8,,0,false,2026-07-22T22:25:19+00:00
493,40510168,https://github.com/linkedin/brooklin,,37,67a40f5b924d6639b3f4f49735597e25ad85a77f1880d3b04565b7b3d800695e,pending,,,pending,,,8,,0,false,2026-07-22T22:25:19+00:00
494,54082630,https://github.com/CailiaoDevOrg/DFS,,27,67dcb4a17043386ab745e0d09c1bbc56579973ee973884a7bedf4408ff8ff2dc,pending,,,pending,,,8,,0,false,2026-07-22T22:25:19+00:00
495,88632627,https://github.com/headwirecom/peregrine-cms,,39,68259a8bb1a2fefb284a89d2ee65c63fec6da9ff59f691fcf464a6b4aae1ca53,pending,,,pending,,,8,,0,false,2026-07-22T22:25:19+00:00
496,54298946,https://github.com/zeebe-io/zeebe,,89,682cdae50df56cb8cb7d4e67f91ba61ee8e3dc160e2ab7a6f1ecd017c6dd21ed,pending,,,pending,,,8,,0,false,2026-07-22T22:25:19+00:00
497,79497496,https://github.com/perryBunn/COMP1210,,15,682e752189868a1bde57b054d95fff3ee73127044b11d3bc4db8fdcd1bd115af,pending,,,pending,,,8,,0,false,2026-07-22T22:25:19+00:00
498,5126482,https://github.com/CeON/CoAnSys,,26,684e02880d7ad8f69d771dd455287d16eafe9f13f9282764c35a7e6851073fd6,pending,,,pending,,,8,,0,false,2026-07-22T22:25:19+00:00
499,690050,https://github.com/devproof/portal,,41,6863b729a2b01329cba592a532ec6c8fba8a29b5725ea061f07772d7e22816cd,pending,,,pending,,,8,,0,false,2026-07-22T22:25:19+00:00
500,6051489,https://github.com/almex/Raildelays,,61,68a46ee9b476881d67b8bba9158500eb7bd5e7ca3e9846e104357cad781a1665,pending,,,pending,,,8,,0,false,2026-07-22T22:25:19+00:00
501,86897067,https://github.com/sharenowTech/AnyMaps,,14,68a882e2e705298be097055bdb5515177d31f1129ea47d92553f8f14538713ce,pending,,,pending,,,8,,0,false,2026-07-22T22:25:19+00:00
502,56153614,https://github.com/jQAssistant/jqa-core-framework,,12,68ca67305684787af933be24a9a930485de91e4ba4b344019154750097ea5957,pending,,,pending,,,8,,0,false,2026-07-22T22:25:19+00:00
503,61857466,https://github.com/shinesolutions/swagger-aem,,25,6909a07a18fc8bd723380e382da30dc3abf76830690c8e6f1b6714befc575df0,pending,,,pending,,,8,,0,false,2026-07-22T22:25:19+00:00
504,55493271,https://github.com/openremote/Controller,,56,69464c4348f51b7d5debd47b597d392a2ec4278dd67bfe2ad2622d4f9bcf74aa,pending,,,pending,,,8,,0,false,2026-07-22T22:25:19+00:00
505,88063304,https://github.com/h908714124/jbock,,23,6956647e3716c3a409d98ccbe86bc4a42d8684dc628daf7564460c5397a9a8e7,pending,,,pending,,,8,,0,false,2026-07-22T22:25:19+00:00
506,78055963,https://github.com/computationalcore/graphenej,,16,6959126a78516a364b170315ab5c3984a4a5633e3503b37d183dbd11cc55f10e,pending,,,pending,,,8,,0,false,2026-07-22T22:25:19+00:00
507,84916374,https://github.com/apache/rocketmq-externals,,45,695c7da3630b43a1219d124daba71e305e43ecaa185de248d5f563d5eb01bbfb,pending,,,pending,,,8,,0,false,2026-07-22T22:25:19+00:00
508,35126599,https://github.com/nhaarman/SQLiteBuilder,,55,6978b527366b64eaf123e877ab5a6971c2b9ab1dce3c1dc08a04104952c50fd5,pending,,,pending,,,8,,0,false,2026-07-22T22:25:19+00:00
509,35602142,https://github.com/mivoq/fatts,,12,6a50a3afda5c1380c85a4599f32b2e1d4fbdc2da21fe4c2e4ec696bb124bb888,pending,,,pending,,,8,,0,false,2026-07-22T22:25:19+00:00
510,62079412,https://github.com/futurice/freesound-android,,13,6ad74a0f3b68c5b6483fb7883851f43fdcf45ef30e6abe2b64de4d02142fd3ff,pending,,,pending,,,8,,0,false,2026-07-22T22:25:19+00:00
511,8147920,https://github.com/mifeet/LD-FusionTool,,18,6adffcf72aa3b559513885312f51ceba6e8784a9ab8e9ec312fa2c7830bd4234,pending,,,pending,,,8,,0,false,2026-07-22T22:25:19+00:00
512,43504026,https://github.com/ButterFaces/ButterFaces,,17,6aea92cf69e147f1883609a9320bd7ddc639e476d1955cb461837ae8efe9a616,pending,,,pending,,,8,,0,false,2026-07-22T22:25:19+00:00
513,4157021,https://github.com/geosolutions-it/geostore,,17,6b077b539d8fbf1469181eebc5a22d827152ade48c5a7ac01991e775c83f1636,pending,,,pending,,,8,,0,false,2026-07-22T22:25:19+00:00
514,46648544,https://github.com/shekhargulati/99-problems,,52,6b1f50bfb006ccf016e1e92d1ef0b27db185a0224e614820e6bf2e840ee581ff,pending,,,pending,,,8,,0,false,2026-07-22T22:25:19+00:00
515,9836604,https://github.com/ebnew/ki4so,,14,6b210ee3b583bf357a8e00fe7a3aaf86b42036390a83e5374f2038ffcfe257bf,pending,,,pending,,,8,,0,false,2026-07-22T22:25:19+00:00
516,63947141,https://github.com/ljtfreitas/java-restify,,158,6b2cb0a7012488f0bf02c8f59e34bc8ab84d4de7ee53f52637faf2de72ba5801,pending,,,pending,,,8,,0,false,2026-07-22T22:25:19+00:00
517,53127403,https://github.com/ctripcorp/apollo,,102,6b5c364e0c3a2fa6f1c44a9579c63766a33e097cf0b8541c0f5684ecb27cb445,pending,,,pending,,,8,,0,false,2026-07-22T22:25:19+00:00
518,4726428,https://github.com/miso-lims/miso-lims,,22,6b72efd8541522b080a9daa34c32f52e74268cae98cfcc366aac2fbe9ec3fa6b,pending,,,pending,,,8,,0,false,2026-07-22T22:25:19+00:00
519,39411151,https://github.com/rchodava/datamill,,21,6b8b50fa73b6dc7c28a7c8945cee8b822d5ec247b3b57ee23d1d4990d11d38d9,pending,,,pending,,,8,,0,false,2026-07-22T22:25:19+00:00
520,42078482,https://github.com/CleverTap/clevertap-android-sdk,,15,6bb212f13d675b8c6dbc3ed2029b4117114f744d8afdf812fea47694f6e55d33,pending,,,pending,,,8,,0,false,2026-07-22T22:25:19+00:00
521,99890719,https://github.com/stg-tud/MUDetect,,19,6bd41dedcd1b759e52ddb7e245e2bd6dd5d7a2b3d9c27b25b941dfb60fe5ba26,pending,,,pending,,,8,,0,false,2026-07-22T22:25:19+00:00
522,50904245,https://github.com/apache/beam,,594,6bdce919c30add20e44d29111d59d6580853f739bf8c0cdecad0ad3e639de4f8,pending,,,pending,,,8,,0,false,2026-07-22T22:25:19+00:00
523,52404147,https://github.com/schrum2/MM-NEATv2,,47,6c40e43e864573566ea75e1c9815e3a431fd98f006421ea2bc992aed8a3c9b8b,pending,,,pending,,,8,,0,false,2026-07-22T22:25:19+00:00
524,84603051,https://github.com/hekate-io/hekate,,87,6c519e9d4c5ac79ab2227978c1f916cb792fc1127c8aa3dbf07d66fd82253ece,pending,,,pending,,,8,,0,false,2026-07-22T22:25:19+00:00
525,92362395,https://github.com/lenovoDTC/dubbo-G,,35,6ca4a59f32b39ef05df32c1b1f454d14b1ed43559042287adb8cdb7ad51f3ada,pending,,,pending,,,8,,0,false,2026-07-22T22:25:19+00:00
526,5073742,https://github.com/mbezjak/vhdllab,,28,6cc4c28e8860dd39d277cb33b600d38b6dd8f2a72b3683dc5bd65dcc1297e9f2,pending,,,pending,,,8,,0,false,2026-07-22T22:25:19+00:00
527,60686962,https://github.com/girtel/Net2Plan,,21,6cf9daff4b39c21f48a7abb469b8e9cae60ca13554d00589461b5e75a288122a,pending,,,pending,,,8,,0,false,2026-07-22T22:25:19+00:00
528,85794642,https://github.com/MatthewDavidBradshaw/Spyglass,,16,6cfea829caf50d6597b97e8660887b0b442a35e09a5a8462d7cfef16efaf38a3,pending,,,pending,,,8,,0,false,2026-07-22T22:25:19+00:00
529,66622989,https://github.com/enuoCM/DE-MVP-Clean,,14,6d2c6a5ac9233bcf95ade3a377f722866d142b914958e6db5743aa65390091a7,pending,,,pending,,,8,,0,false,2026-07-22T22:25:19+00:00
530,46187719,https://github.com/webfirmframework/wff,,132,6d31e34d50d29e913d7e074281ae3cc2ad2f542aaf0fe6bdbcf32c70b21e18ff,pending,,,pending,,,8,,0,false,2026-07-22T22:25:19+00:00
531,7499734,https://github.com/health-and-care-developer-network/health-and-care-developer-network,,26,6d423a0feededfa1ce18d6156dd8f3ed266ec09314d1b2d8bddab2253d507211,pending,,,pending,,,8,,0,false,2026-07-22T22:25:19+00:00
532,4741958,https://github.com/cloudera/mahout,,87,6d6738deeeed4f99a9f413aa37fa0af3081e519d4aee8a21a9bbf4776f504504,pending,,,pending,,,8,,0,false,2026-07-22T22:25:19+00:00
533,92945138,https://github.com/kakawait/cas-security-spring-boot-starter,,12,6e04e692e07b685735fa57d5f5a687b96d3bbff851e6d45ba6efa80355933613,pending,,,pending,,,8,,0,false,2026-07-22T22:25:19+00:00
534,688360,https://github.com/apache/mina-sshd,,60,6e076d65ed56f9e06aad1520f7bda976897efe43f3a356d992be72e7fc75a854,pending,,,pending,,,8,,0,false,2026-07-22T22:25:19+00:00
535,40234691,https://github.com/silverforge/ElasticRawClient,,31,6e1d948c7b648d973118cc66649cad36defb4269de681c87f1682b7f7978c1fa,pending,,,pending,,,8,,0,false,2026-07-22T22:25:19+00:00
536,88284952,https://github.com/akarnokd/RxJava3-preview,,113,6e26b8d68251e9dccc977fe2930e4595c5614e9eb005363c59f6c78106c86989,pending,,,pending,,,8,,0,false,2026-07-22T22:25:19+00:00
537,5185108,https://github.com/airlift/discovery,,12,6e6234799be69f7ef1d6bdc96eb6a555e142d6ea1a84a5ff0fb695d2b06056b0,pending,,,pending,,,8,,0,false,2026-07-22T22:25:19+00:00
538,61822650,https://github.com/Communote/communote-server,,40,6e63d950a1c983a9459c1a869c70604b72003371492a5ea10e72bfe3865b9c3b,pending,,,pending,,,8,,0,false,2026-07-22T22:25:19+00:00
539,52371323,https://github.com/spotify/semantic-metrics,,13,6e959ba258ab591e2de532ede8d1a1135461fba937a3863c27b2bd4dbcd1ad74,pending,,,pending,,,8,,0,false,2026-07-22T22:25:19+00:00
540,3713238,https://github.com/soartech/jsoar,,82,6eaa416c2c9610796f865cfd20803c91f4e812983de9659a5c5dffcce46ff273,pending,,,pending,,,8,,0,false,2026-07-22T22:25:19+00:00
541,67579957,https://github.com/gridgo/gridgo,,16,6eec77fd0a62c62e9c57da9b4c8bc0ae78f924d68c848bdad2a33c89f0f6287b,pending,,,pending,,,8,,0,false,2026-07-22T22:25:19+00:00
542,4737996,https://github.com/digital-preservation/droid,,51,6f5ffdd6a36a57bcc988b87505faff071f632c77ce644c788f449104880de0ec,pending,,,pending,,,8,,0,false,2026-07-22T22:25:19+00:00
543,8752619,https://github.com/52North/OX-Framework,,23,6f7fce9cf0fe543f86ff67f1ae99232835ac3603a7c482ac5fcfef4588a6a41e,pending,,,pending,,,8,,0,false,2026-07-22T22:25:19+00:00
544,58107893,https://github.com/RoboZonky/robozonky,,119,7031b5c5085a9098c575c55e94d27e425653103af0b85516df59227e0e3d3204,pending,,,pending,,,8,,0,false,2026-07-22T22:25:19+00:00
545,57338026,https://github.com/bbilger/jrestless,,32,7079a85bf50818ab837e99303b7aed570e18fcf7fb6a1f5951ab276e5867874e,pending,,,pending,,,8,,0,false,2026-07-22T22:25:19+00:00
546,87317435,https://github.com/dzuvic/jtsgen,,27,709a72a8acbd8a7be43cb1dc9baaf99cec11ee6049374f1e6377f29cd6ca0cf0,pending,,,pending,,,8,,0,false,2026-07-22T22:25:19+00:00
547,82427374,https://github.com/PatternFM/tokamak,,13,70a97504526fea199edfa26aaa30521643b11eae00c3c88d4634082b71a63640,pending,,,pending,,,8,,0,false,2026-07-22T22:25:19+00:00
548,3728381,https://github.com/grundid/nfctools,,17,71a6bda34327918472071987b57778740f1b6320f8302d4d9089d8d1dac0bc33,pending,,,pending,,,8,,0,false,2026-07-22T22:25:19+00:00
549,42557838,https://github.com/piotrpolak/android-http-server,,37,71fe5809e2ac87e3bddfca504c844829dd9bda0468e30492523adcbf1962a275,pending,,,pending,,,8,,0,false,2026-07-22T22:25:19+00:00
550,77936449,https://github.com/arcuri82/testing_security_development_enterprise_systems,,27,71fea5679536715adcf5d413c041fb2ee2c72d4f7ea875d3d91a75e0c3131a36,pending,,,pending,,,8,,0,false,2026-07-22T22:25:19+00:00
551,37318294,https://github.com/lfcnassif/IPED,,13,7201fb3e7045b5379df2a474cdb68fc88ddbd14441e23eceb7404a1b65851b9e,pending,,,pending,,,8,,0,false,2026-07-22T22:25:19+00:00
552,42622157,https://github.com/eclipse/winery,,47,72130c38ad1d0e504e99eb55ac6740cd685c80180a80c7c9ce587948db8247cb,pending,,,pending,,,8,,0,false,2026-07-22T22:25:19+00:00
553,9583260,https://github.com/yegor256/requs,,14,723d425bf501c0ffd807ccc32c90ecded173669368dc6a3324dd7e5beb518328,pending,,,pending,,,8,,0,false,2026-07-22T22:25:19+00:00
554,70780002,https://github.com/flowable/flowable-engine,,42,7254bc57a492ef29f9fbdfac975d1c4bd5b3aead79d86d693c13c736e56c8237,pending,,,pending,,,8,,0,false,2026-07-22T22:25:19+00:00
555,4167742,https://github.com/scobal/seyren,,16,72636e6f90ac72dcad366d1d9b51711ed71064d982ce58286115e7f1872b2050,pending,,,pending,,,8,,0,false,2026-07-22T22:25:19+00:00
556,62250821,https://github.com/US-CBP/GTAS,,36,727df02e72141f403671c4c178e4d741c4f8166d77598a90fd7861aa5c98b293,pending,,,pending,,,8,,0,false,2026-07-22T22:25:19+00:00
557,74907921,https://github.com/data-integrations/wrangler,,68,72844046b32adbbf6449b33e734a0d0cf5090c0df6ca788c9b8fa105a2a63771,pending,,,pending,,,8,,0,false,2026-07-22T22:25:19+00:00
558,9754983,https://github.com/eugenp/tutorials,,17,72af909d12aa8b2b730651dcae62c8f4e03ea452ac1a296b0f999af481c0b016,pending,,,pending,,,8,,0,false,2026-07-22T22:25:19+00:00
559,81932909,https://github.com/SchwarzIT/andcoachmark,,13,72b79042453f5ed83ba592616485330d0211ef33b6205350563f96ef77545aa6,pending,,,pending,,,8,,0,false,2026-07-22T22:25:19+00:00
560,62711375,https://github.com/aalmiray/javatrove,,12,72d9edf4df7b38ec4907c7d4a24021f231a4e1dde004a1157007136f63fa7a64,pending,,,pending,,,8,,0,false,2026-07-22T22:25:19+00:00
561,79160472,https://github.com/episode6/mockspresso,,43,73307c96bd2721ecbeab074feede28bb20ad7386443ede36fae260d6923bd800,pending,,,pending,,,8,,0,false,2026-07-22T22:25:19+00:00
562,40527870,https://github.com/motech/motech,,176,73cd961ad0e48034d030efaa1c6cb8807b23831a91d22434ae26de5f9a7706eb,pending,,,pending,,,8,,0,false,2026-07-22T22:25:19+00:00
563,68273151,https://github.com/apache/incubator-hivemall,,81,73fa30003f6b0cf5bd9830eceeb54c780df045961ea81818d6a4893b53132dc8,pending,,,pending,,,8,,0,false,2026-07-22T22:25:19+00:00
564,80814228,https://github.com/ljvblfz/Proficient-in-Spring-4.x,,16,73fe028dcfa1f7f415c664aead4c72de0f92d5fe02f0b5eb2e56e4da51ba14e6,pending,,,pending,,,8,,0,false,2026-07-22T22:25:19+00:00
565,6821657,https://github.com/Sensis/http-stub-server,,16,74232fd6bf66b835bf052b80421dfdd1b3bc19123270bfb941f060d920e688ad,pending,,,pending,,,8,,0,false,2026-07-22T22:25:19+00:00
566,9821876,https://github.com/caelum/vraptor4,,95,7469bd8e151706c44c96781e0f2688fa8aa160f2518caeb1bd40689022866ebe,pending,,,pending,,,8,,0,false,2026-07-22T22:25:19+00:00
567,70062587,https://github.com/otto-de/jlineup,,15,74af807878b31be9a856a3618db0be019ce3a614f178eb9cc1fd1015f93f5d3c,pending,,,pending,,,8,,0,false,2026-07-22T22:25:19+00:00
568,61667990,https://github.com/intuit/wasabi,,134,74deb5a31ff7f711477c19a371cb028a39654bd1baf84bdc88985382e71dcbd0,pending,,,pending,,,8,,0,false,2026-07-22T22:25:19+00:00
569,5925560,https://github.com/JesusFreke/smali,,13,75011bfa4d7c6555cfa1d724c7a296a32351888444a725296e0a284dd98710b6,pending,,,pending,,,8,,0,false,2026-07-22T22:25:19+00:00
570,6719207,https://github.com/datasalt/splout-db,,20,75021f492171a5818073c5ca30a0cafcd9a90b4bde2aa7e533644658dee4309c,pending,,,pending,,,8,,0,false,2026-07-22T22:25:19+00:00
571,97115482,https://github.com/YiChat/IM_Server_YiChat,,19,7556896774b3b09f97ef3ad3f114cf273a05bc574506dc9f7da96292e6fd0afe,pending,,,pending,,,8,,0,false,2026-07-22T22:25:19+00:00
572,90329901,https://github.com/twosigma/beaker-notebook-archive,,115,755e29eaef890da251b291147e1f50cf70ec8d3c963a7069e1222326f9c4be2d,pending,,,pending,,,8,,0,false,2026-07-22T22:25:19+00:00
573,4741942,https://github.com/cloudera/flume-ng,,26,758dd733ac71525a4bea534e42806147191494a1d1a979772cbc5cfa93f0d307,pending,,,pending,,,8,,0,false,2026-07-22T22:25:19+00:00
574,42899767,https://github.com/YahooArchive/gondola,,12,75b2b491786deb07b9035e4aa44e9936455f530c23ae5e6f2ee4643809fb60ec,pending,,,pending,,,8,,0,false,2026-07-22T22:25:19+00:00
575,41486933,https://github.com/cumulusrdf/cumulusrdf,,16,75f6b8979bde1ede34b47f3c11d449bb5e6d170329b9ba5795080cebba19522f,pending,,,pending,,,8,,0,false,2026-07-22T22:25:19+00:00
576,47972099,https://github.com/streamline-eu/ML-Pipelines,,145,75f92b9f6b4d6bc22b52090653a41924faf8962a46e335ec48f838410a721063,pending,,,pending,,,8,,0,false,2026-07-22T22:25:19+00:00
577,4710920,https://github.com/apache/dubbo,,223,7605bd75d897e5727d7c8446a13e5df19aca47364baa34abb87a794e9146820e,pending,,,pending,,,8,,0,false,2026-07-22T22:25:19+00:00
578,55246521,https://github.com/PearsonEducation/Docussandra,,18,762e6fc0386e663ab1084ea6703148a8b83c6114c296ceea742e7130b62c8347,pending,,,pending,,,8,,0,false,2026-07-22T22:25:19+00:00
579,49763242,https://github.com/aliyun-beta/aliyun-oss-hadoop-fs,,259,7664ba736be256a7b911c9a89283382e799334f0ca7870f9df223daa8ec989ea,pending,,,pending,,,8,,0,false,2026-07-22T22:25:19+00:00
580,96121797,https://github.com/project-sunbird/sunbird-lms-service,,43,769fcc81f24dcf9fbe6a6ab7ac220a607997d5dcf873e5cf6f37d12932a4d4c6,pending,,,pending,,,8,,0,false,2026-07-22T22:25:19+00:00
581,35511757,https://github.com/dkpro/dkpro-core,,68,76bb2b64660cac16601ed1fd6c7e6835896031dc645a2aafa6ac42f43d92539a,pending,,,pending,,,8,,0,false,2026-07-22T22:25:19+00:00
582,40213809,https://github.com/opendatakit/collect,,90,76f27455a55d08420c7f29e6580305a9fa4fdbf602beace11ce3288a41ab8783,pending,,,pending,,,8,,0,false,2026-07-22T22:25:19+00:00
583,89024696,https://github.com/rfoltyns/log4j2-elasticsearch,,100,77241f57ce1b18017ccb374eb76994e337869ed0664a0720cda4cb86e1ad7b59,pending,,,pending,,,8,,0,false,2026-07-22T22:25:19+00:00
584,92073011,https://github.com/coinapi/coinapi-sdk,,15,772b8c9cd7dd7001a781b9aa53f3e2c6f02c3a7eefc0a46b89730a03a0acf588,pending,,,pending,,,8,,0,false,2026-07-22T22:25:19+00:00
585,48402328,https://github.com/aeshell/aesh-readline,,17,774928ce8f87fcb2827a7fd91125d716b47baf7d7171bcc04429ca01ae204642,pending,,,pending,,,8,,0,false,2026-07-22T22:25:19+00:00
586,86001819,https://github.com/20n/act,,26,7783b9c60f3a37cfd7f7847f6f2504f33d2a11a369158b585f1a50668bf85cea,pending,,,pending,,,8,,0,false,2026-07-22T22:25:19+00:00
587,3728202,https://github.com/OpenConext-Attic/OpenConext-api,,22,7794b74936372da83a80e34600b39809c55eeb2ebe3d1932252e0de24a261954,pending,,,pending,,,8,,0,false,2026-07-22T22:25:19+00:00
588,4085998,https://github.com/CESNET/perun,,169,779946ae1c08b8081b73c2c68902c4e99568753d48a4e7d9817b6eff1f26d985,pending,,,pending,,,8,,0,false,2026-07-22T22:25:19+00:00
589,4576305,https://github.com/openzipkin/zipkin,,38,7800b3d3ebc59eeac14d96779f844cc6f2050d1bb83341c06787c859393a5d9f,pending,,,pending,,,8,,0,false,2026-07-22T22:25:19+00:00
590,43287559,https://github.com/guardtime/ksi-java-sdk,,81,7819cbeffd22695b922f6d1e41734ba3ffb35a31be6f095de73249925f5a1ddd,pending,,,pending,,,8,,0,false,2026-07-22T22:25:19+00:00
591,49943894,https://github.com/MissionCriticalCloudOldRepos/cosmic-core,,91,78422128b544bf9c8d82b7df0e769ad48c77ade3cb90b5e73f81c769d37eb5f8,pending,,,pending,,,8,,0,false,2026-07-22T22:25:19+00:00
592,40808092,https://github.com/amikey/java-design-patterns,,55,784c238368668554e56b793d2745fadd69aa6ea0cef6ba7112c168e6ccfdf196,pending,,,pending,,,8,,0,false,2026-07-22T22:25:19+00:00
593,4835576,https://github.com/jameskennard/mockito-collections,,15,7861659224770c0856f712606ca160bbf003b0408adfa138cc31453f6a542ae4,pending,,,pending,,,8,,0,false,2026-07-22T22:25:19+00:00
594,60794667,https://github.com/tsoumakas/mulan,,19,786b148fc202b854ce03a820a64f9d6b8e271221bde7c7a18ac16ec227cf8c81,pending,,,pending,,,8,,0,false,2026-07-22T22:25:19+00:00
595,8786725,https://github.com/UnBiquitous/uos_core,,16,786e033f8b1fb8d489a72953acd7917730d2b673fa811f954eedaa3c8d0cdddc,pending,,,pending,,,8,,0,false,2026-07-22T22:25:19+00:00
596,4735878,https://github.com/orbisgis/orbisgis,,46,78d0bc46893f7d6b4ad42f60f7ef48b602c4a3004d3c99d38a298b185aa1ea21,pending,,,pending,,,8,,0,false,2026-07-22T22:25:19+00:00
597,44007584,https://github.com/remoting/dubbox,,50,791a4394c64ab29ed563f593301372bd5beda5721aabdb6d47eba1938eb03b51,pending,,,pending,,,8,,0,false,2026-07-22T22:25:19+00:00
598,73006755,https://github.com/dehora/nakadi-java,,20,79b8fd6a6da3ec0b523f2cfd6873e4425ab0bca92d3f4be54275877ee40315f1,pending,,,pending,,,8,,0,false,2026-07-22T22:25:19+00:00
599,4732208,https://github.com/appfuse/appfuse,,14,79f0117fd529146b9faae90bbc733c0987745c043dbfa43f366ec5f89c422dbf,pending,,,pending,,,8,,0,false,2026-07-22T22:25:19+00:00
600,66055507,https://github.com/h908714124/zerobuilder,,14,7a83b34dba3e4c078f73ab9238c5677478d824848029f16bfe5ebb1461f6fedb,pending,,,pending,,,8,,0,false,2026-07-22T22:25:19+00:00
601,41348333,https://github.com/apache/attic-apex-core,,36,7ac10aafeb818c6be1d68fd609cf2bdb56394e558c53e5174ad6e68b5339b89a,pending,,,pending,,,8,,0,false,2026-07-22T22:25:19+00:00
602,6290993,https://github.com/apache/crunch,,61,7b60b9526d59f8a2ad26b218292604aa2cacd3ecacd91ccbeed643395c80e07d,pending,,,pending,,,8,,0,false,2026-07-22T22:25:19+00:00
603,7589324,https://github.com/pkainulainen/spring-data-solr-examples,,24,7b9a188b8c38c47e940a6344fde3d107a0f96ce36cc4ba488727f1c5b8694f29,pending,,,pending,,,8,,0,false,2026-07-22T22:25:19+00:00
604,43075480,https://github.com/eclipse/californium,,55,7bb09fa327e0a0e20c13671706c8e8b441dff9884b76ab2442d5996caab5d954,pending,,,pending,,,8,,0,false,2026-07-22T22:25:19+00:00
605,66285950,https://github.com/vmware/admiral,,88,7bc8db89dccd782234b1722496ba1b00ee755db73596353f8f247458a91eb4f1,pending,,,pending,,,8,,0,false,2026-07-22T22:25:19+00:00
606,86205415,https://github.com/Kuangcp/JavaBase,,28,7c0436edd8eaf4a61a5382516e017739f93967057534acb46e3477df8d969c99,pending,,,pending,,,8,,0,false,2026-07-22T22:25:19+00:00
607,37447498,https://github.com/Glucosio/glucosio-android,,18,7c258f3224ab654ad3e89757908070ae80cd19444a443a7e58dbcd56a3dbf912,pending,,,pending,,,8,,0,false,2026-07-22T22:25:19+00:00
608,62246133,https://github.com/auth0/Auth0.Android,,46,7c70eef84016688d0de5c1471cb83176f7a512684e5bc40afd3d72b5de1ac52d,pending,,,pending,,,8,,0,false,2026-07-22T22:25:19+00:00
609,95448925,https://github.com/goldmansachs/tablasco,,15,7c7bfe08dd6e01b113e61e4fbcf87aefcd0bc76fe7fdc1c575d56bb4c32c7db7,pending,,,pending,,,8,,0,false,2026-07-22T22:25:19+00:00
610,73000313,https://github.com/OpenWiseSolutions/openhub-framework,,27,7ce34ac635088b55a6b0915f7f0c2280f7e5160b8f45dc2e95d112d2671c4efe,pending,,,pending,,,8,,0,false,2026-07-22T22:25:19+00:00
611,59504997,https://github.com/songweijia/fffs,,51,7cedf0c92c02260e759555d173561872aafcc085063f137492b934a6a447977c,pending,,,pending,,,8,,0,false,2026-07-22T22:25:19+00:00
612,42032884,https://github.com/commons-app/apps-android-commons,,13,7cf7c1f1f9728ff41992db57d0e0372d021752c78f755a68f87f2fab42d1dafb,pending,,,pending,,,8,,0,false,2026-07-22T22:25:19+00:00
613,6822394,https://github.com/jerrtop/Java_demo_set,,274,7d6eb510198a2c4c7a3fea1c2afe0a47254135a34fa17b8e5adaa9f6018d9bc0,pending,,,pending,,,8,,0,false,2026-07-22T22:25:19+00:00
614,60201162,https://github.com/uber/uReplicator,,13,7d91827db4c42f180f36ff28a9db4728f3e0a42176dcea9cd87552d691fd3f58,pending,,,pending,,,8,,0,false,2026-07-22T22:25:19+00:00
615,32447381,https://github.com/Cloudslab/cloudsim,,23,7deab0c9f81399fe15102e60cd3ec22667176fa72c6e5d856a70beb0c6874ae7,pending,,,pending,,,8,,0,false,2026-07-22T22:25:19+00:00
616,37720965,https://github.com/gravitee-io/gravitee-management-rest-api,,37,7df9460f5daf77a189535860ef0b610473501e08b19dccdd6d5ce98cb3dbd038,pending,,,pending,,,8,,0,false,2026-07-22T22:25:19+00:00
617,90675730,https://github.com/kubernetes-client/java,,35,7dfaa7ceb46aaeb7fd36739aeff183cb81c260ec0e434c191e89b3107c6e0b96,pending,,,pending,,,8,,0,false,2026-07-22T22:25:19+00:00
618,38321655,https://github.com/ArcBees/BeeStore,,12,7e002266992bc4d136b5debe2c131c2f086cc9c9279ccc2eaad87fd3eb0d3263,pending,,,pending,,,8,,0,false,2026-07-22T22:25:19+00:00
619,76684401,https://github.com/universum-studios/android_fragments,,19,7e7d0f7d060751854f7656fd426be035ddd9977da56e87f210cbfd81057c8df3,pending,,,pending,,,8,,0,false,2026-07-22T22:25:19+00:00
620,87556817,https://github.com/goldmansachs/obevo,,54,7e80c9044082a257cc01b67f56eb3f29f8450a87f1055baaab5c056fe8bb0a8d,pending,,,pending,,,8,,0,false,2026-07-22T22:25:19+00:00
621,75960287,https://github.com/plan-player-analytics/Plan,,19,7ebf6a437b8ae06167a0f76150916438f531beef0e97ba8784f8132d12891a39,pending,,,pending,,,8,,0,false,2026-07-22T22:25:19+00:00
622,9078409,https://github.com/calrissian/mango,,19,7eec3c773c6b3c40ef44202b8f8788c9768e354a6641813a9e1edaa4d935cc19,pending,,,pending,,,8,,0,false,2026-07-22T22:25:19+00:00
623,36096924,https://github.com/cloudera/navigator-sdk,,12,7ef0c7038e8831738f107bea826b0120c17bac64d389901e413d8eba943d9e91,pending,,,pending,,,8,,0,false,2026-07-22T22:25:19+00:00
624,6603193,https://github.com/fmmfonseca/completely,,17,7f4b3ab7d9abaca99cf837473971dc4e69edde7af06f1b37f7f661c8327029bc,pending,,,pending,,,8,,0,false,2026-07-22T22:25:19+00:00
625,57073755,https://github.com/engineblock/engineblock,,21,7f63e726317607125774576ddf5bdf29d4d7ef174744ff86a676da090213d70d,pending,,,pending,,,8,,0,false,2026-07-22T22:25:19+00:00
626,74616657,https://github.com/Merck/Halyard,,20,7f67cdaaf9f829894dc5b077c9324f2c14cc34f7512165b8287b92edba109c10,pending,,,pending,,,8,,0,false,2026-07-22T22:25:19+00:00
627,44839265,https://github.com/spartansw/okapi-worldserver-components,,14,7f7aacb187efac68c21d5a8632c3b51e142fccf1fe5e02af5c11e17cb3f60909,pending,,,pending,,,8,,0,false,2026-07-22T22:25:19+00:00
628,89221572,https://github.com/DataDog/dd-trace-java,,13,7fca6eb30db2bcd84b0ed3047ca106c6813c8a4863cf664d11133fa5c674fe93,pending,,,pending,,,8,,0,false,2026-07-22T22:25:19+00:00
629,74042107,https://github.com/ByteHamster/PSE,,21,7fff2b3a99c1a34af1ca6753fac370f69b2196b41313a6d5b31575770e221c9d,pending,,,pending,,,8,,0,false,2026-07-22T22:25:19+00:00
630,98171786,https://github.com/SabreOSS/conf4j,,46,800428c3008f5be2b669b3b136adc6018904167943a747b1fdb35d460a6a4aa8,pending,,,pending,,,8,,0,false,2026-07-22T22:25:19+00:00
631,40115035,https://github.com/Orange-OpenSource/fiware-cepheus,,13,80967a8ff26b88b8210eeef5509936a277b29cbcac8f431a02680f7c28922daa,pending,,,pending,,,8,,0,false,2026-07-22T22:25:19+00:00
632,51074108,https://github.com/flipkart-incubator/flux,,16,80d7ea8c01c6fdd9175d36a9b897e95c3504114414a4983bb8e2b0515ba8caf8,pending,,,pending,,,8,,0,false,2026-07-22T22:25:19+00:00
633,54636367,https://github.com/open-eid/SiVa,,38,815d37f574dde8da8aed593cff399521367729e80db06c5606984ae0bb03bd85,pending,,,pending,,,8,,0,false,2026-07-22T22:25:19+00:00
634,7728562,https://github.com/apache/oodt,,14,816d56773e20da12413e77f4cd9eb7310f102d88af596e15e9053050b7fe5906,pending,,,pending,,,8,,0,false,2026-07-22T22:25:19+00:00
635,47419635,https://github.com/shred/acme4j,,34,81fb32b36f97e531e2294476222be0667f4a782a6c1998202cda25e3c715b10d,pending,,,pending,,,8,,0,false,2026-07-22T22:25:19+00:00
636,5077412,https://github.com/OvercastNetwork/SportBukkit,,12,81fc321f50f21431b410cc173c3aba9a4f897753fbfa9dbdd721bcc8640a79ef,pending,,,pending,,,8,,0,false,2026-07-22T22:25:19+00:00
637,38562251,https://github.com/neowu/cmn-project,,13,8230a22c76dd46c8c4acada82fa1bffacad7f4fd3576fa6c78be18b2000e9d75,pending,,,pending,,,8,,0,false,2026-07-22T22:25:19+00:00
638,60851319,https://github.com/micromata/projectforge,,30,82571d2eb512ae0d652aa5ad83aac0e7e09c924e3158a371ad00ab2fd84630e3,pending,,,pending,,,8,,0,false,2026-07-22T22:25:19+00:00
639,42441098,https://github.com/sdl/odata,,56,8258376c764cb7a70aba7bbb0b492e7f6aa5b1ccc6835a21094d9e349aa41e70,pending,,,pending,,,8,,0,false,2026-07-22T22:25:19+00:00
640,49206166,https://github.com/bytefish/JTinyCsvParser,,25,82644581d161deffb3669745209d064b64ae0f9b6117d420047b5e93f09d4611,pending,,,pending,,,8,,0,false,2026-07-22T22:25:19+00:00
641,49850704,https://github.com/hs-web/hsweb-framework,,13,82ff154a4d6fc60e3bbddc5e8a4c8f0f120409bd7f9af88671a3090ac7a0b776,pending,,,pending,,,8,,0,false,2026-07-22T22:25:19+00:00
642,56679521,https://github.com/weibocom/motan,,30,8301e9c9efb6ac6d2aff508552a5a8573cff54731a914f83f60e080a6e55ed36,pending,,,pending,,,8,,0,false,2026-07-22T22:25:19+00:00
643,84302839,https://github.com/rheem-ecosystem/rheem,,14,8357d90494884e1939c49616235115671bb43d71f931439cf1549ba0c7c71e52,pending,,,pending,,,8,,0,false,2026-07-22T22:25:19+00:00
644,8530120,https://github.com/jbake-org/jbake,,21,8361e981929562258de4ad4e003c06466bf1f956f815d92fffb7a3827dcb0d90,pending,,,pending,,,8,,0,false,2026-07-22T22:25:19+00:00
645,74675066,https://github.com/gravitee-io/graviteeio-access-management,,77,8376274ef166c40752dee2978f7ea9d801a4a2e4bf936e768c6620828ed0f159,pending,,,pending,,,8,,0,false,2026-07-22T22:25:19+00:00
646,63173414,https://github.com/VictorAlbertos/Mockery,,15,837e7c48520453a7c13290d1c21b4056ee44a6eb2e3d0342bd69f10f5391107e,pending,,,pending,,,8,,0,false,2026-07-22T22:25:19+00:00
647,63096822,https://github.com/pravega/pravega,,85,838923f0507046bd5531daedce928448d00e44615477c6b0ebd562a392489c85,pending,,,pending,,,8,,0,false,2026-07-22T22:25:19+00:00
648,34839383,https://github.com/apache/geode,,482,83a1d90701d10f52280c13a0bfeadbd5b22bf203dbe20505732163637f8e1f40,pending,,,pending,,,8,,0,false,2026-07-22T22:25:19+00:00
649,60241390,https://github.com/Cognifide/aet,,50,83a47eddcbc1099debc06fe277bc749d4444ddeaa1fb65f4511e458e422f1e86,pending,,,pending,,,8,,0,false,2026-07-22T22:25:19+00:00
650,69678968,https://github.com/CampagneLaboratory/variationanalysis,,12,83a4ff55af06d684b8363493f2bb625b8a875656d2d1f37ba3916269737540ff,pending,,,pending,,,8,,0,false,2026-07-22T22:25:19+00:00
651,74169960,https://github.com/blox/blox,,26,8432b4e28e6d9cf8638e7ee3ff5276a3c495bf236e94d053b627de77f1aa4436,pending,,,pending,,,8,,0,false,2026-07-22T22:25:19+00:00
652,80098624,https://github.com/coffeenet/coffeenet-starter,,22,8463cb136ffbaf3b80fb5186cf2818ca0b795c391e64677528e3947ebf5a75a1,pending,,,pending,,,8,,0,false,2026-07-22T22:25:19+00:00
653,50105719,https://github.com/kawasima/enkan,,51,847080eba3e91100463d2a48246b9553a0cda7b6e13ff100d2fc0c1899b96853,pending,,,pending,,,8,,0,false,2026-07-22T22:25:19+00:00
654,70921758,https://github.com/eclipse/kapua,,115,84987860c94838a4664cf6929592d42e20ad81e735974525c6da7315a3b23916,pending,,,pending,,,8,,0,false,2026-07-22T22:25:19+00:00
655,35897457,https://github.com/nxparser/nxparser,,17,84dec47ca954ebb706597ea6db91198aa6eda1a39036ba3b6be319d138af9391,pending,,,pending,,,8,,0,false,2026-07-22T22:25:19+00:00
656,52509220,https://github.com/neo4j-contrib/neo4j-apoc-procedures,,67,8507e228287fcf65f9d79da487bdc5cf2a0e47b6cac67d3dc05193c75351b383,pending,,,pending,,,8,,0,false,2026-07-22T22:25:19+00:00
657,4291387,https://github.com/Netflix/archaius,,14,851a576275fae5563ef0ddf73f22f02734fd406f2a96af858b50b0bd201cd053,pending,,,pending,,,8,,0,false,2026-07-22T22:25:19+00:00
658,67588628,https://github.com/eclipse/jnosql-artemis,,32,857a00161057cfa16380b69c988121a48818d462bcd48c9dab872120bdbba5e2,pending,,,pending,,,8,,0,false,2026-07-22T22:25:19+00:00
659,67498438,https://github.com/enricopal/STEM,,13,85825a736dc83862f48249a3a110b9be29e030b4dea76b30d592b1beeebb95c7,pending,,,pending,,,8,,0,false,2026-07-22T22:25:19+00:00
660,990281,https://github.com/hibernate/hibernate-search,,23,85c0b01bba5dbc76188ea39e25d6673b95be96974bf1e71e87e6cc312cc7fbc2,pending,,,pending,,,8,,0,false,2026-07-22T22:25:19+00:00
661,43027635,https://github.com/metanet-ci/joker,,38,85d01e9aa8c3ac7713477f42dd760ebc278855c5b4ab8a07ec9ab45ff6b0c35a,pending,,,pending,,,8,,0,false,2026-07-22T22:25:19+00:00
662,36057260,https://github.com/apache/activemq-artemis,,42,85dc6498179864e301b61f988ab6ac78d9970f29006c2daa9960a5064fc0e241,pending,,,pending,,,8,,0,false,2026-07-22T22:25:19+00:00
663,51292541,https://github.com/CJSCommonPlatform/microservice_framework_version_6,,129,861b6ca0aa5896db559ce126764d4e91dbef90187a9caa2932bd056fe3b20d12,pending,,,pending,,,8,,0,false,2026-07-22T22:25:19+00:00
664,7263059,https://github.com/joyent/java-manta,,18,8644c97e8e6e4158904a68ecb49d49550564ff52c9507e88a06cc53379373347,pending,,,pending,,,8,,0,false,2026-07-22T22:25:19+00:00
665,9665465,https://github.com/cambecc/grains,,46,866f09f989c4e28bffab1e68c8e7a80a38ca1a7f7942c8b876aff27dd7ad989f,pending,,,pending,,,8,,0,false,2026-07-22T22:25:19+00:00
666,58208693,https://github.com/eclipse/milo,,32,868b22a0e21375a1ac9194fc7a88b09644a3a53302939e6d0b9b98c8abc384cc,pending,,,pending,,,8,,0,false,2026-07-22T22:25:19+00:00
667,54149022,https://github.com/polarsys/eplmp,,56,86a76a978b99b22936d20450e44734773b532732c2e0989a196b1b437a2f1f79,pending,,,pending,,,8,,0,false,2026-07-22T22:25:19+00:00
668,74035424,https://github.com/fabianishere/formula-andy,,55,86d994a27b8c3ed6571635460ea5395bcbe2b958c65b8f572123c86660120259,pending,,,pending,,,8,,0,false,2026-07-22T22:25:19+00:00
669,77066767,https://github.com/eclipse/repairnator,,19,86f242fec058a502489939357283fcf80e70231affeccd83035f7582bfb3e469,pending,,,pending,,,8,,0,false,2026-07-22T22:25:19+00:00
670,66281816,https://github.com/grandcentrix/ThirtyInch,,14,8762654b611077b513b3d47d1a78c60b7d39d38b121a48663ce4992dc8714a5e,pending,,,pending,,,8,,0,false,2026-07-22T22:25:19+00:00
671,9580819,https://github.com/yegor256/netbout,,21,8767b3883316c04ef71845005525ff4d62b3a20929ca0fd2e27fc91c65828017,pending,,,pending,,,8,,0,false,2026-07-22T22:25:19+00:00
672,35148114,https://github.com/dkpro/dkpro-uby,,13,8768c4488d7a29bb78aca06986e413fbe07ddf5b01610c8325b488e0dde9ac98,pending,,,pending,,,8,,0,false,2026-07-22T22:25:19+00:00
673,48654534,https://github.com/itsallcode/openfasttrace,,26,876f650a1afa8cfc426fdf03e4e1bc4070fb1a6b9538a9f8399ad7184da6dc6d,pending,,,pending,,,8,,0,false,2026-07-22T22:25:19+00:00
674,4242485,https://github.com/arouel/uadetector,,34,87946f916d23edac25bb97c7a7f75ed562eb72e886eaff794c72fead7e6d9f7d,pending,,,pending,,,8,,0,false,2026-07-22T22:25:19+00:00
675,50446559,https://github.com/larusba/neo4j-jdbc,,18,87959d00143c56d20e2ae6738d5e07496618c1ea6c95652b4a8c0dd0f8b9365d,pending,,,pending,,,8,,0,false,2026-07-22T22:25:19+00:00
676,36793280,https://github.com/resilience4j/resilience4j,,63,886169e2bd406633420983ad4df5073029b947a7fa73babb041bf3ba5b4ff8fa,pending,,,pending,,,8,,0,false,2026-07-22T22:25:19+00:00
677,63895649,https://github.com/emorynlp/nlp4j,,26,88743e88fc6595bbc3adf97a471910e4afb9185c66c0f9a501db40530494350f,pending,,,pending,,,8,,0,false,2026-07-22T22:25:19+00:00
678,82304453,https://github.com/tatools/sunshine,,25,8881827b41976bb0f9f89d4057e4d1d11599d2b3ee909b840345826df653152c,pending,,,pending,,,8,,0,false,2026-07-22T22:25:19+00:00
679,49339629,https://github.com/ovidiuf/playground,,14,8887d9fcb0123f31e27f72c2dfde3d17f19b2b447ea30dab84447e21ac9ffa8c,pending,,,pending,,,8,,0,false,2026-07-22T22:25:19+00:00
680,5999841,https://github.com/hernad/easyrec,,16,88b57c58594583c37b4c4c5848b883230a5ce9ce881b1e2f1b68ff37126e80b5,pending,,,pending,,,8,,0,false,2026-07-22T22:25:19+00:00
681,34824538,https://github.com/watson-developer-cloud/java-sdk,,14,892f00d1bdc1f1d57b1b01b998de0d3780e6950d10b055af8f00b77f0ffaa94f,pending,,,pending,,,8,,0,false,2026-07-22T22:25:19+00:00
682,77841232,https://github.com/ccremer/clustercode,,15,893142cb054b2bd4acfa14beb5e31b61e196b16adcf8135d07211815f7e6dda7,pending,,,pending,,,8,,0,false,2026-07-22T22:25:19+00:00
683,81016276,https://github.com/software-engineering-amsterdam/myriad-ql,,27,89427fab583c31c48a7914ac63d99f38a7cdc3140095567bfbbbd7efcc4103d3,pending,,,pending,,,8,,0,false,2026-07-22T22:25:19+00:00
684,64314375,https://github.com/steinarb/ukelonn,,30,8962e33bba2bb74be885ef696b11a48a9a25c881920abede5832fe09d027f933,pending,,,pending,,,8,,0,false,2026-07-22T22:25:19+00:00
685,56690117,https://github.com/RUB-NDS/TLS-Attacker,,335,89b91da6749f92f96e7d09ef47773e718f8df0a050e87b2e371e7c7750bddf68,pending,,,pending,,,8,,0,false,2026-07-22T22:25:19+00:00
686,41330076,https://github.com/pinterest/terrapin,,24,8a4c7133a3e6b819b047fbd56beee7207e1bdcefd7d1ede2bda5143bfd7643d8,pending,,,pending,,,8,,0,false,2026-07-22T22:25:19+00:00
687,50579018,https://github.com/hazelcast/hazelcast-hibernate-3-and-4,,12,8a51b503a7b1518157af3c908bd7709d879436432e41a3ba3d8628baa001dd48,pending,,,pending,,,8,,0,false,2026-07-22T22:25:19+00:00
688,69273058,https://github.com/logzio/sawmill,,40,8b15d11587166a75f201b22064f78d4c6ea00bc1f43b2c191b61e46f1ce04083,pending,,,pending,,,8,,0,false,2026-07-22T22:25:19+00:00
689,99034741,https://github.com/hyperledger/fabric-chaincode-java,,19,8b1dd2c8165bd009fa0c188dd53f5fd23c8ab3dffa2f694a51a062628e7cd8c8,pending,,,pending,,,8,,0,false,2026-07-22T22:25:19+00:00
690,64185596,https://github.com/ctripcorp/dal,,40,8b3accb1a42dbba2352156a2d5759a5d82d475a4a3ba7d9c2158f892305a0038,pending,,,pending,,,8,,0,false,2026-07-22T22:25:19+00:00
691,7283919,https://github.com/dbfit/dbfit,,43,8b7f52846149be95ae9d7b03dc7255f419211c9b46e6f26fa92d697075ae9e1a,pending,,,pending,,,8,,0,false,2026-07-22T22:25:19+00:00
692,9239473,https://github.com/ef-labs/vertx-jersey,,16,8bd90fc9b5859f197a40f181e1af4bc5485cff35e1e6b6e8e38398ed019c6e8a,pending,,,pending,,,8,,0,false,2026-07-22T22:25:19+00:00
693,53367115,https://github.com/predix/acs,,28,8be171c7fd81e8a217655e82b1575de474e20a247a9803b1fbb18a5509ef4ab8,pending,,,pending,,,8,,0,false,2026-07-22T22:25:19+00:00
694,47317834,https://github.com/matt-richardson/teamcity-octopus-build-trigger-plugin,,21,8c03337245678e432b1bbdac5356e7a567e32e1e06f4e0aed90a21ba040a3a8c,pending,,,pending,,,8,,0,false,2026-07-22T22:25:19+00:00
695,58972818,https://github.com/urbanairship/android-library,,146,8c0c24899d6406671e1e3b6523cd9f9d46c360f1fd88d85f01f352e68f3e655b,pending,,,pending,,,8,,0,false,2026-07-22T22:25:19+00:00
696,72659203,https://github.com/Doctoror/PainlessMusicPlayer,,12,8c250379cd7c81fe79c23f506bfa2fe10ef5a533019821fa9b87060839b4d5be,pending,,,pending,,,8,,0,false,2026-07-22T22:25:19+00:00
697,46057717,https://github.com/clouway/oauth2-server,,13,8c9de310ca94e3718569572186f3e5f4c38c7b7f60862e53a61788de12a8c2a0,pending,,,pending,,,8,,0,false,2026-07-22T22:25:19+00:00
698,95459293,https://github.com/ARMmbed/mbed-cloud-sdk-java,,173,8cb90f555a4f2e0b8cf2eacde44a7b430b432abbbfc8fac125b127ff29badc45,pending,,,pending,,,8,,0,false,2026-07-22T22:25:19+00:00
699,72222405,https://github.com/epam/NGB,,52,8cd3185ca34e58c70ab875b242ff01e8ec03e2f95aebb541fa19d19ce4b8eb1e,pending,,,pending,,,8,,0,false,2026-07-22T22:25:19+00:00
700,6489406,https://github.com/dma-ais/AisLib,,20,8ce134ce9c89288d17c7302fd69ed6fa7773687f6f873ed71e9cb883b9b3cc5c,pending,,,pending,,,8,,0,false,2026-07-22T22:25:19+00:00
701,43832779,https://github.com/Comcast/dawg,,29,8cfbfbe568034c868b7499b939624ca4e600bf60c3ba04d19aaf520becfb3d72,pending,,,pending,,,8,,0,false,2026-07-22T22:25:19+00:00
702,38443555,https://github.com/smoketurner/notification,,32,8d3b217aa7f924fe64c443fc68780bdbc303f4b5cea527484b171e4311c24c6b,pending,,,pending,,,8,,0,false,2026-07-22T22:25:19+00:00
703,88960,https://github.com/happygiraffe/jslint4java,,19,8da9cbd071f3d5b01e6826e576429c6461a0fd198319c684a94bc839d13e7f2c,pending,,,pending,,,8,,0,false,2026-07-22T22:25:19+00:00
704,34809191,https://github.com/vaadin/flow,,147,8e0b4e5f5d85f7a0cf1290ebd79998d818a5411fa0dea1f128f82df8d0c4423c,pending,,,pending,,,8,,0,false,2026-07-22T22:25:19+00:00
705,52040340,https://github.com/thorntail/thorntail,,39,8e25e3567f7e5dc2ad6fd1875ac071054c814597e48fb57c92e934e85ae86b58,pending,,,pending,,,8,,0,false,2026-07-22T22:25:19+00:00
706,67904710,https://github.com/emptywalker/PurchasingPlatform,,18,8e5c1e9f07a0a180e81aafb2b0f22b0367dbf79de5a65f8bba612c8f09c3f6bb,pending,,,pending,,,8,,0,false,2026-07-22T22:25:19+00:00
707,99666045,https://github.com/weexext/ucar-weex-core,,30,8e64539e3ea78305d15bba20db91d7dbfbbd6d1a63d87bfa8708e92d3f6add1c,pending,,,pending,,,8,,0,false,2026-07-22T22:25:19+00:00
708,49733838,https://github.com/linkedpipes/etl,,22,8e653155bde4d62075d76d59e25b47db059f902dee76d379e7050decf2c0deec,pending,,,pending,,,8,,0,false,2026-07-22T22:25:19+00:00
709,38917208,https://github.com/apache/james-project,,592,8ea018095963061b8bc81393ed8edb2749fa2b6718ab3b699a135d9d6678beba,pending,,,pending,,,8,,0,false,2026-07-22T22:25:19+00:00
710,45276846,https://github.com/vmware-archive/xenon,,39,8ea51040a3e9770de57d5da04de0a1d682924181f01656c5956a8572ee942c4e,pending,,,pending,,,8,,0,false,2026-07-22T22:25:19+00:00
711,80898327,https://github.com/stevespringett/Alpine,,18,8ec49715159766a956969c29883f8278b71359bb87a7a087497283dc926e6502,pending,,,pending,,,8,,0,false,2026-07-22T22:25:19+00:00
712,37063452,https://github.com/vybs/sqoop-on-spark,,53,8f062e4c6ca07b2e7a4cb1935eefae1ede0487b7de0677f376df45e23d0759de,pending,,,pending,,,8,,0,false,2026-07-22T22:25:19+00:00
713,8236056,https://github.com/mini2Dx/mini2Dx,,55,8fc876b0c2b938d1d6a12c43499d87df23d3fbf6d3133df703fbd90bc8bc7829,pending,,,pending,,,8,,0,false,2026-07-22T22:25:19+00:00
714,48199522,https://github.com/stanford-futuredata/macrobase,,46,8fd454006bda70e51662ea30e48a87a6763755facc13aa5385d4da98b4d60a0c,pending,,,pending,,,8,,0,false,2026-07-22T22:25:19+00:00
715,75955378,https://github.com/Nextdoor/bender,,32,905a07f20b241847270f2276174b820dbadc862ac962a1ce1ddb68f677c4c051,pending,,,pending,,,8,,0,false,2026-07-22T22:25:19+00:00
716,6867673,https://github.com/jadler-mocking/jadler,,22,906f571329ed4e70c4e0d3fb9465a5f33199074bd9d729413d20f463973bd577,pending,,,pending,,,8,,0,false,2026-07-22T22:25:19+00:00
717,61105758,https://github.com/hazelcast/hazelcast-hibernate5,,13,907968559dc0a409f2f0b9ee4af5a2c702939e2c72b623bd6269c88dda459fae,pending,,,pending,,,8,,0,false,2026-07-22T22:25:19+00:00
718,70856121,https://github.com/thelastpickle/cassandra-reaper,,24,9082aca8770e504b10667a63a5c2fcd744322df4fa5a43f6555271326f20ba9b,pending,,,pending,,,8,,0,false,2026-07-22T22:25:19+00:00
719,49135503,https://github.com/synchronoss/nio-multipart,,16,90c52b2ea19d045d8c87dedb8f2288b6d317cca0cafd52137278668713836006,pending,,,pending,,,8,,0,false,2026-07-22T22:25:19+00:00
720,38705594,https://github.com/KRMAssociatesInc/eHMP,,109,90d8876b6d3ab940c0f4266d1f097b606aa3b7f292f64cd6c4985349cf8a7f9b,pending,,,pending,,,8,,0,false,2026-07-22T22:25:19+00:00
721,73948366,https://github.com/yahoo/athenz,,170,90e1e8c1b04a6522e8ad3cb4550499ba1891a56075f2397311f50dfc30ca3734,pending,,,pending,,,8,,0,false,2026-07-22T22:25:19+00:00
722,96122408,https://github.com/project-sunbird/sunbird-lms-mw,,19,910c35f837f3e239e91bb3127858ecddbfd0dbeed2e44944823991e0440cab19,pending,,,pending,,,8,,0,false,2026-07-22T22:25:19+00:00
723,44603117,https://github.com/pulsarIO/pulsar-reporting-api,,17,9170ae55d1eea4f18f19a57a533ad6322ef213a84495f11e26c28b15c9ed391a,pending,,,pending,,,8,,0,false,2026-07-22T22:25:19+00:00
724,64257587,https://github.com/optimizely/java-sdk,,52,919c306d94db871c3fbc7c69fc66a3698b4b7f068f131e9fc23e7b9151399c5a,pending,,,pending,,,8,,0,false,2026-07-22T22:25:19+00:00
725,4603135,https://github.com/Governance/rtgov,,36,91a8e7a438952e9821064d9227eeed9c89ca5baed2c2b30b4f9b8d812f01312f,pending,,,pending,,,8,,0,false,2026-07-22T22:25:19+00:00
726,6092163,https://github.com/teiid/teiid,,125,91b3f51b9f56fe8411272e00657c4ee3605679dfbdb81ad64ffeb8f9b7040c2e,pending,,,pending,,,8,,0,false,2026-07-22T22:25:19+00:00
727,62156481,https://github.com/palantir/hadoop-crypto,,14,91f7549dc6a14fd62fff101cc30a4d9d8d4758815cc0132aa67400220ff4b7ec,pending,,,pending,,,8,,0,false,2026-07-22T22:25:19+00:00
728,9941578,https://github.com/novoda/merlin,,19,923deb972e22d2a5a2c23dccb2f3c52b16a808dfa10c87cae9832291764b9c6a,pending,,,pending,,,8,,0,false,2026-07-22T22:25:19+00:00
729,9721255,https://github.com/hank/litecoinj,,14,9253b9c7879e8684fe4bd82737b0f61a020a46b5e53e1eb094a87aa62b197328,pending,,,pending,,,8,,0,false,2026-07-22T22:25:19+00:00
730,96577896,https://github.com/bcgov/nifi-atlas,,13,9256e585364e594535d7715c53be92947e394a48a125201df41de701e0028a13,pending,,,pending,,,8,,0,false,2026-07-22T22:25:19+00:00
731,5212656,https://github.com/apache/odftoolkit,,44,92706b18cdd8c87fe2965500dfcf1c2028a6b4261c1856149f81084c7976d67f,pending,,,pending,,,8,,0,false,2026-07-22T22:25:19+00:00
732,8135809,https://github.com/SonarQubeCommunity/sonar-lua,,16,92f256ff6194679ad41d67308bd3962ca960eaf92e3f77be47040653b9fc71a2,pending,,,pending,,,8,,0,false,2026-07-22T22:25:19+00:00
733,5291703,https://github.com/kelemen/netbeans-gradle-project,,18,93044973f014d3ccdafeb0bd93dbd1de80cf7d5219ec666b87499cfc49cd7992,pending,,,pending,,,8,,0,false,2026-07-22T22:25:19+00:00
734,8648747,https://github.com/TantalumMobile/Tantalum,,13,93301a3acf6d0141886ab0bbaa99d83de649a46bf7a15d835d6e6b401f4b202e,pending,,,pending,,,8,,0,false,2026-07-22T22:25:19+00:00
735,6662839,https://github.com/nchovy/kraken,,25,9346e871c73222d2027c99ea07864cb5e2029a797c0505a6524a86e0c726aa06,pending,,,pending,,,8,,0,false,2026-07-22T22:25:19+00:00
736,37788075,https://github.com/tbrooks8/Precipice,,17,934f528183d9f7163057b0aa4e8a18718b14a65c368dfeb900f608a170c2bb4d,pending,,,pending,,,8,,0,false,2026-07-22T22:25:19+00:00
737,46727828,https://github.com/boozallen/cognition,,19,93604e2e7325af5c1ca33710392d000b519736bfe6a0e2e70854ec721cf6b9e4,pending,,,pending,,,8,,0,false,2026-07-22T22:25:19+00:00
738,70932660,https://github.com/mspnp/ha-nva,,12,936321a3f431d37399849790eeba57e719386c761556f489b5152b1051d75c7e,pending,,,pending,,,8,,0,false,2026-07-22T22:25:19+00:00
739,4925395,https://github.com/UrsKR/updates-r-simple,,30,93a0367a5dc01a4093d16c0039941fc1dd6a2d59dc54aff6927ea6417067928c,pending,,,pending,,,8,,0,false,2026-07-22T22:25:19+00:00
740,55673705,https://github.com/itesla/ipst,,30,93aa377b3621ec828051cb0105c1db3a5583d683be3769841f204743e7576ffb,pending,,,pending,,,8,,0,false,2026-07-22T22:25:19+00:00
741,42792977,https://github.com/snuspl/mist,,19,93f0349f4d0e5da8fbc1f308c4dc5cbfd1d4a23052d3eae87f4a7318270b7058,pending,,,pending,,,8,,0,false,2026-07-22T22:25:19+00:00
742,76400426,https://github.com/spring-cloud/spring-cloud-kubernetes,,14,9414059b2c45b53b850d29a64841e589a17f32df25e108cc9795ab85ac1f8ff8,pending,,,pending,,,8,,0,false,2026-07-22T22:25:19+00:00
743,50850904,https://github.com/yandex/yoctodb,,46,942370e1b3b79e18dd1ae0275bcee6083d491c0c131b2caa59520abb56126c3f,pending,,,pending,,,8,,0,false,2026-07-22T22:25:19+00:00
744,89198062,https://github.com/javaee/glassfish-corba,,15,9434e25fd0978ea0019a9b2e13e09cc5a87386a789994f59912af6fdae325eba,pending,,,pending,,,8,,0,false,2026-07-22T22:25:19+00:00
745,6271421,https://github.com/azkaban/azkaban,,101,94491d3aa7a2c681cb256a7087b908fe780f90fafa36317fd545b129a582c44e,pending,,,pending,,,8,,0,false,2026-07-22T22:25:19+00:00
746,71840572,https://github.com/novoda/no-player,,25,94b326ed58dfa0bc34d5294e1eafd8cb170253da2f79c8ca1c049f6d43683c03,pending,,,pending,,,8,,0,false,2026-07-22T22:25:19+00:00
747,45239946,https://github.com/ethercis/ehrservice,,16,94b7cee9322fcf5d23a19f4798e6c998431e83331e1f3cdbcaeae5ac1cd5ed62,pending,,,pending,,,8,,0,false,2026-07-22T22:25:19+00:00
748,72044729,https://github.com/usdot-jpo-ode/jpo-ode,,110,94de9433de0fb9b19108d945d4053b79b780ef337972675e6bd9d26ff359968c,pending,,,pending,,,8,,0,false,2026-07-22T22:25:19+00:00
749,85692970,https://github.com/ThorbenKuck/NetCom2,,12,94f0fe462aeccd29496344d7fcc572c5ae681a140fc7b8647847d061f52b1af9,pending,,,pending,,,8,,0,false,2026-07-22T22:25:19+00:00
750,8575948,https://github.com/NGDATA/hbase-indexer,,32,951f5223a531502895808f42adc522be0619af4f899e4ad486ed3ac7342b10d9,pending,,,pending,,,8,,0,false,2026-07-22T22:25:19+00:00
751,46449357,https://github.com/uber/rides-android-sdk,,16,95522cc56108b6c07691128505fb3056f150d7fab8b26eb2c96ccc559a0e097d,pending,,,pending,,,8,,0,false,2026-07-22T22:25:19+00:00
752,4238016,https://github.com/blizzy78/documentr,,101,955cfb08dd1232efd8089fce675e84f6a88cbde8f4387068d715c5e50c6344ec,pending,,,pending,,,8,,0,false,2026-07-22T22:25:19+00:00
753,54854741,https://github.com/greensopinion/greenbeans,,37,9587a38b5d0553c0a81875669d542c701d6fa9d6aec18341d42a34e91794ff3a,pending,,,pending,,,8,,0,false,2026-07-22T22:25:19+00:00
754,56611216,https://github.com/opencit/opencit,,14,95f625272c25722e296df838757be05e6ef78c70b8e8f13762ecfb090593e3ed,pending,,,pending,,,8,,0,false,2026-07-22T22:25:19+00:00
755,4335519,https://github.com/SonarSource/SonarJS,,85,965ffbfe7a70a7bd564072b1144b050fea5d2f00a610df92662411d4d09fba39,pending,,,pending,,,8,,0,false,2026-07-22T22:25:19+00:00
756,57926203,https://github.com/CiscoDevNet/iOAM,,71,969dcfa00faf5691579a228658b893c7a6eae924872474d96984b3ee55fdd1f1,pending,,,pending,,,8,,0,false,2026-07-22T22:25:19+00:00
757,8262372,https://github.com/intel-hadoop/hbase-rhino,,111,96c63cbe3c4b6c123cef0f5c5806478cda7ace12d6a5b6c66fd907c7eb76ff66,pending,,,pending,,,8,,0,false,2026-07-22T22:25:19+00:00
758,4269155,https://github.com/apache/tiles-request,,83,96f380a11f2fbcb285be5c118362d8f49a0fedaccbe2da847e866504f49b31aa,pending,,,pending,,,8,,0,false,2026-07-22T22:25:19+00:00
759,60701247,https://github.com/JetBrains/android,,204,970274a5a357a2728b83a8cfbcc78807ba5fb228d6e4664c6491b6091e08cc1a,pending,,,pending,,,8,,0,false,2026-07-22T22:25:19+00:00
760,41348334,https://github.com/apache/attic-apex-malhar,,106,971e89b5fc750b0aaf4825a126e979ff797e7d2c2c259119cc58711ae9959e7f,pending,,,pending,,,8,,0,false,2026-07-22T22:25:19+00:00
761,39092083,https://github.com/inspire-software/yes-cart,,225,97dbad9a352c7a2208446e6ef8c19cd1feebb782fdb2a971a8e2abedffec7cd1,pending,,,pending,,,8,,0,false,2026-07-22T22:25:19+00:00
762,7997879,https://github.com/prometheus/client_java,,30,980aaa2b3fbb55ecebf36fbd4003d477e8a34c761bd814301412f12a4d764358,pending,,,pending,,,8,,0,false,2026-07-22T22:25:19+00:00
763,4946769,https://github.com/SmartBear/soapui,,59,981a9c8372edb2d15861bdced900c147b1a1d92732e21366e0f014fd2cd6f1b0,pending,,,pending,,,8,,0,false,2026-07-22T22:25:19+00:00
764,774658,https://github.com/softwaremill/softwaremill-common,,17,98230c5c2c57feb2fedde008390aa9531e79ea3af1e0a3d93ed7841fed3ebbfe,pending,,,pending,,,8,,0,false,2026-07-22T22:25:19+00:00
765,41460477,https://github.com/wavefrontHQ/wavefront-proxy,,24,9889080291fd6dfc738eac5c47d5f79844df97a15f8a336cb14b9edef22ef213,pending,,,pending,,,8,,0,false,2026-07-22T22:25:19+00:00
766,38484146,https://github.com/dai0304/spar-wings,,16,98dc2726d50cbbd4a95279c55f10c8ac13ee9c67cdca87c64100d1e7270aab3a,pending,,,pending,,,8,,0,false,2026-07-22T22:25:19+00:00
767,4841075,https://github.com/brands4friends/daleq,,27,99d0f15d6a2fe5e82c92f5c3124a7263f5ec48f335220cc6dfa63d908e05e259,pending,,,pending,,,8,,0,false,2026-07-22T22:25:19+00:00
768,48203032,https://github.com/spring-cloud/spring-cloud-open-service-broker,,29,99dbd07ed8138a8362c1d2a9065e1da477a249962f716f69e404905f24822689,pending,,,pending,,,8,,0,false,2026-07-22T22:25:19+00:00
769,76588998,https://github.com/symphonyoss/App-Integrations-Core,,72,99efc51f666bcac623709da645527a0b77a89a78cf1ab50f7778e363cf72ea39,pending,,,pending,,,8,,0,false,2026-07-22T22:25:19+00:00
770,52435170,https://github.com/dadrus/jpa-unit,,78,9a0013154d671251c619560234a75f0ab7e7b981d5fbff02ae8569e3bbff8c3e,pending,,,pending,,,8,,0,false,2026-07-22T22:25:19+00:00
771,578435,https://github.com/twitter/elephant-bird,,20,9a578e14c5369adc863950802f6a7462d25e011564beb6674b647b1c2a686b23,pending,,,pending,,,8,,0,false,2026-07-22T22:25:19+00:00
772,89094025,https://github.com/moboa/berkeley-CS61B,,12,9a7fedd1aae34a294a68247aa40c4eb30e7493268fa21921b19217afde74e555,pending,,,pending,,,8,,0,false,2026-07-22T22:25:19+00:00
773,4889322,https://github.com/bristleback/bristleback,,16,9adbbdbca90a8aebbc6b0178d513b5f0dcd1cfddf8a97c44fdc5a2403eef0896,pending,,,pending,,,8,,0,false,2026-07-22T22:25:19+00:00
774,66020851,https://github.com/palantir/tritium,,20,9b84dbf5607d669c279879c4606b136bdf91239ebbddb74c4aeefc41a2a46ef2,pending,,,pending,,,8,,0,false,2026-07-22T22:25:19+00:00
775,36020033,https://github.com/jjfiv/galago-git,,68,9c936823a43815e4a37f11ba021f9fb46a121d5fa6f99e2ef1940c8a6f79bee1,pending,,,pending,,,8,,0,false,2026-07-22T22:25:19+00:00
776,6123097,https://github.com/CeON/CERMINE,,23,9ca499b3e84f16a579f5d8a7afdad9e8bb6a9ddee1de11ccb61e35146010d907,pending,,,pending,,,8,,0,false,2026-07-22T22:25:19+00:00
777,97642523,https://github.com/ironfish/oreilly-reactive-architecture-student,,27,9d4fe1ea08c93e78dad2b02384870bb1e812a89bf10c7df37e746f7879ef8de0,pending,,,pending,,,8,,0,false,2026-07-22T22:25:19+00:00
778,7209229,https://github.com/linkedin/databus,,42,9d6389b3914cc6329dad6f326a3fe81cb90b771418b9e355a8cb96c164293e23,pending,,,pending,,,8,,0,false,2026-07-22T22:25:19+00:00
779,4812472,https://github.com/wuchubuzai/OpenIMAJ,,31,9d922841358ea18e04e09c32c78032d4df9bc8063b236589f657562409564c26,pending,,,pending,,,8,,0,false,2026-07-22T22:25:19+00:00
780,56582318,https://github.com/IGNF/geoxygene,,25,9e494848a42ccf99b43c0b36472f03b31058689a14f82c0ff25b0f9a1a648bcb,pending,,,pending,,,8,,0,false,2026-07-22T22:25:19+00:00
781,42304749,https://github.com/elasticjob/elastic-job-lite,,125,9e56c91ef191bc7b1e63279107798008fc88f649c14c61b60b4b10073f793f49,pending,,,pending,,,8,,0,false,2026-07-22T22:25:19+00:00
782,66940520,https://github.com/dhis2/dhis2-core,,189,9e58c7959994aa3ecfce2ec796d5b6e56bf3cc2f5ffc411591e4fe8ae2e9f903,pending,,,pending,,,8,,0,false,2026-07-22T22:25:19+00:00
783,35564219,https://github.com/TheClimateCorporation/mirage,,27,9ed96ff6d96ef959d046efd9a0d15a42fa611be9157c96f64f708507af7edca8,pending,,,pending,,,8,,0,false,2026-07-22T22:25:19+00:00
784,7695110,https://github.com/dCache/oncrpc4j,,12,9f7b3bb03258893ee7c2bc07bd2330ccfe79cfc053845c4a4266c9063971bc44,pending,,,pending,,,8,,0,false,2026-07-22T22:25:19+00:00
785,43294683,https://github.com/RBGKew/powop,,14,9feb184d9734c640078da8b3d86cee778e7dc618b74e9b817948703cf301806a,pending,,,pending,,,8,,0,false,2026-07-22T22:25:19+00:00
786,5184704,https://github.com/MPjct/JMPjct,,15,a0554bc2e73d2f76802bff32c53c61ec9f28bd6ed4f34511e7658a9d83442245,pending,,,pending,,,8,,0,false,2026-07-22T22:25:19+00:00
787,489859,https://github.com/jclouds/legacy-jclouds,,253,a05f6d2172b37d38537460bf7ae294a0bb32777708306371ef2c4aa931974828,pending,,,pending,,,8,,0,false,2026-07-22T22:25:19+00:00
788,459348,https://github.com/jberkel/sms-backup-plus,,33,a07fa1cdf032e4b138fd7211a0b752f9ee430d0208c89f1b443ccf9abab1b9f7,pending,,,pending,,,8,,0,false,2026-07-22T22:25:19+00:00
789,7420937,https://github.com/camunda/camunda-bpm-platform,,31,a0820d28e54261eb70bd2ae9425f9638548670887b428b817a1364f107f7f983,pending,,,pending,,,8,,0,false,2026-07-22T22:25:19+00:00
790,65349739,https://github.com/cloudendpoints/endpoints-java,,77,a08597c066536a1897510386b094b28c184164bd5db85fa8a12e38f2a270a2da,pending,,,pending,,,8,,0,false,2026-07-22T22:25:19+00:00
791,47219036,https://github.com/sap-archive/xliff-1-2,,138,a0abcdc39f26c83f31937f025107bd959004c4e5bd7a36ffa4d4b53ea5d5b5dc,pending,,,pending,,,8,,0,false,2026-07-22T22:25:19+00:00
792,96060769,https://github.com/yahoojapan/multiple-dimension-spread,,73,a0c9272f3ff6c503180e4ebe3c6c4403c44278ccb760865e9ae0e53c1a549d30,pending,,,pending,,,8,,0,false,2026-07-22T22:25:19+00:00
793,56551000,https://github.com/jaegertracing/jaeger-client-java,,41,a0df0eaf922d881f6ed878b3dcfd89230853e5f3080732e6afb9d1839b96891b,pending,,,pending,,,8,,0,false,2026-07-22T22:25:19+00:00
794,38952211,https://github.com/dengdaiyemanren/onetopiconeday,,13,a1af7a33a8fe877fb818b94201d99a7c4844df2ecfb29348993259d50ea76938,pending,,,pending,,,8,,0,false,2026-07-22T22:25:19+00:00
795,47973088,https://github.com/gchq/Gaffer,,351,a219f7e8bfe8cc67de43f6f2ca06aeacdddf1f3ee8fa50b751eb7416926d9797,pending,,,pending,,,8,,0,false,2026-07-22T22:25:19+00:00
796,81102463,https://github.com/ForgeRock/openam-community-edition,,83,a260422a084c2d9d497b1840027e3c8a6507d1bbead255b061c0daf87d5d05c1,pending,,,pending,,,8,,0,false,2026-07-22T22:25:19+00:00
797,35662043,https://github.com/allegro/hermes,,32,a26575566ac421b54e3cabaa9803667ad5df85138b8c7293fcfada4dec6f5367,pending,,,pending,,,8,,0,false,2026-07-22T22:25:19+00:00
798,43952556,https://github.com/kwakeroni/BusinessParameters,,17,a28cb4ba6f5e677239e70429abb07e41923ba5de50e7fcc8f91ddcac66c3e08a,pending,,,pending,,,8,,0,false,2026-07-22T22:25:19+00:00
799,3869967,https://github.com/soluvas/soluvas-framework,,14,a2c3782a4af54df386b1e7018af43f199ace8d7e577b4dfd0d1a2627f9312c3c,pending,,,pending,,,8,,0,false,2026-07-22T22:25:19+00:00
800,56099345,https://github.com/NationalSecurityAgency/timely,,26,a2cfddbfc0c2e700634e155a6f9bb19f139d982d25eb8b2b8c44fdcf9300b672,pending,,,pending,,,8,,0,false,2026-07-22T22:25:19+00:00
801,597431,https://github.com/rapidftr/RapidFTR-Android,,54,a2d9ab165ab8cdf6147e2631832ecf062b7ea2339ed14474d95552de9de5f51c,pending,,,pending,,,8,,0,false,2026-07-22T22:25:19+00:00
802,4103388,https://github.com/tyndale/step,,20,a304b4c87b9187c7776b31eaea7df646a36146d4ddbe468fc58a3a998046d1cf,pending,,,pending,,,8,,0,false,2026-07-22T22:25:19+00:00
803,47580276,https://github.com/ozimov/cirneco,,46,a3136f7be62537422e97d4d181d7071fb1bf9ca13303c05d5f0286c7182c34ca,pending,,,pending,,,8,,0,false,2026-07-22T22:25:19+00:00
804,60178690,https://github.com/blackducksoftware/bdio,,13,a325391826e978bab50b0ec8ed4c35e91b47afd992cf7b7045fc56580bb07185,pending,,,pending,,,8,,0,false,2026-07-22T22:25:19+00:00
805,782257,https://github.com/jawi/ols,,19,a34a3a2fe7625797dd3b4927d6932ed933b70c6b5963317b672e05d743a72eba,pending,,,pending,,,8,,0,false,2026-07-22T22:25:19+00:00
806,6888625,https://github.com/USGS-CIDA/coastal-hazards,,22,a369d9893f35f361e4c89da8447dca6c2874ca7a443ffab00e8b8c4dc8ba7563,pending,,,pending,,,8,,0,false,2026-07-22T22:25:19+00:00
807,87548125,https://github.com/willemsrb/sonar-packageanalyzer-plugin,,16,a370864c1c2e9886205e02f952f84f4abc5d6ec0af576af901331a97390af01a,pending,,,pending,,,8,,0,false,2026-07-22T22:25:19+00:00
808,66676274,https://github.com/ebserhaghu/aghu-sistema,,385,a3c8d54c20a89b15e657dafbd1080211bb8364852280b1f7b1d4a9af8189c457,pending,,,pending,,,8,,0,false,2026-07-22T22:25:19+00:00
809,88544701,https://github.com/Mercateo/factcast,,43,a3cceb78777785bca674afafd2084e19df35c6e76b2514dbe94c873fd4289a6a,pending,,,pending,,,8,,0,false,2026-07-22T22:25:19+00:00
810,99569378,https://github.com/truecaller/android-actors-library,,22,a465549434836f925fd93e5f5208100687eb4f9205686ec9491d28cba0f8217e,pending,,,pending,,,8,,0,false,2026-07-22T22:25:19+00:00
811,45028592,https://github.com/JULIELab/jcore-base,,54,a4cdc408961e8c22f93025e394ccce49debd55559d3b34efe0be4d97ea07dc51,pending,,,pending,,,8,,0,false,2026-07-22T22:25:19+00:00
812,84315364,https://github.com/ForgeRock/openidm-community-edition,,15,a4dde189d84cef3f8fee906fb5e676ec2a437334f7b1dc1bbc50354ed54c5f18,pending,,,pending,,,8,,0,false,2026-07-22T22:25:19+00:00
813,74145628,https://github.com/Code-Connect/TUM_Homework,,45,a53f7aaa4fb7a9fd9256b945bc5862ff4fbbc7c01bed520ef87bf4ebe150d8d1,pending,,,pending,,,8,,0,false,2026-07-22T22:25:19+00:00
814,58955752,https://github.com/USPTO/PatentPublicData,,48,a554891747d88b2a80c3b7d83642a7b0a94dda0097f320a03f068596b8e6bc54,pending,,,pending,,,8,,0,false,2026-07-22T22:25:19+00:00
815,94646544,https://github.com/Blazemeter/jmeter-bzm-plugins,,26,a55ab36c14bd2b27c1532a48ba9f660bd4795f5fd91bbbdf754763a199fbbfb8,pending,,,pending,,,8,,0,false,2026-07-22T22:25:19+00:00
816,7450263,https://github.com/liangliu/swallow,,12,a57aa12abcc755b37bd1e2ef590a07d7adfc5de4cf6446030330bf7f256ba702,pending,,,pending,,,8,,0,false,2026-07-22T22:25:19+00:00
817,64558143,https://github.com/Blankj/AndroidUtilCode,,32,a5b4fbf4d8909f6dfe107584f0a678d4f68159087544b8259ea5c91e732367c1,pending,,,pending,,,8,,0,false,2026-07-22T22:25:19+00:00
818,500806,https://github.com/citrusframework/citrus,,227,a5b86a13e1e76585bfe35f9dd8eba78854c258e0feb0cabed9095d22584ca4f4,pending,,,pending,,,8,,0,false,2026-07-22T22:25:19+00:00
819,92116596,https://github.com/juank-pa/JKLocalNotifications-ANE,,15,a62039517a138a5cfc7629e52ec7397d265d3097f02893e15f9ce52a10107270,pending,,,pending,,,8,,0,false,2026-07-22T22:25:19+00:00
820,42273328,https://github.com/eBay/UAF,,15,a63747646ccc952c1d7d696bc4fbd7cf6cd31b061030be01937f102a7a1d4311,pending,,,pending,,,8,,0,false,2026-07-22T22:25:19+00:00
821,5793618,https://github.com/pmwmedia/tinylog,,86,a664100bd834ae1da88e93c5ced80a8a9e757abb88229e48f6841076d6fa80ea,pending,,,pending,,,8,,0,false,2026-07-22T22:25:19+00:00
822,41505521,https://github.com/WPIRoboticsProjects/GRIP,,30,a6a2b2008b8062a3601a2700eba70ad1d768e38c034bc280f0e5c694d6ee2d50,pending,,,pending,,,8,,0,false,2026-07-22T22:25:19+00:00
823,4599064,https://github.com/pentaho/pentaho-platform-plugin-reporting,,55,a72ea19caef4c23121c8d70e96101c63866398f4b2b93988a8e464b96f1d5086,pending,,,pending,,,8,,0,false,2026-07-22T22:25:19+00:00
824,46251204,https://github.com/line/armeria,,165,a737c2e8f664d03eb95054fa3781b63dc9ebf87d6e94cb74b64d39b3454135d2,pending,,,pending,,,8,,0,false,2026-07-22T22:25:19+00:00
825,43398044,https://github.com/vmware-archive/photon-controller,,183,a763e692da9293e1755f604871f53411515560ab20c82c932ff8a35b2eb68c40,pending,,,pending,,,8,,0,false,2026-07-22T22:25:19+00:00
826,73391049,https://github.com/racodond/sonar-gherkin-plugin,,22,a76e3d48a9e9d18851ce9dbb18061cff71807d32a21c14c29c9fb5b1cad7eafb,pending,,,pending,,,8,,0,false,2026-07-22T22:25:19+00:00
827,52030103,https://github.com/NASAWorldWind/WorldWindAndroid,,24,a7bf387e77834a19680393f9dea347edc9ace0b4e659452c76afceba0fbcbb66,pending,,,pending,,,8,,0,false,2026-07-22T22:25:19+00:00
828,54252267,https://github.com/apache/nifi-minifi,,24,a7fd8bba754e0b85a7e4edd0c74939ad097ce9a33c3da32530af4498d21fce3b,pending,,,pending,,,8,,0,false,2026-07-22T22:25:19+00:00
829,6205252,https://github.com/Renanse/Ardor3D,,20,a8510110ebf9dc5f1dff94a572fd31ff46d52ed4e69040066e721d54a50adb8e,pending,,,pending,,,8,,0,false,2026-07-22T22:25:19+00:00
830,63166161,https://github.com/Jahia/jahia,,21,a8bff1324c85a0e4dc98aa70371bd79e25db3b8be63ec5c86d89a69ccdff2767,pending,,,pending,,,8,,0,false,2026-07-22T22:25:19+00:00
831,67585201,https://github.com/singa-bio/singa,,98,a90d887fe40c21e589e5e7961d90957e68bd79a518d69765cfdaffbae56b0fed,pending,,,pending,,,8,,0,false,2026-07-22T22:25:19+00:00
832,520116,https://github.com/bcdev/ceres,,35,a92b1b19f2c574ece41dcde398ac21dafcbc9a285bf073af3d20073e403f1a5e,pending,,,pending,,,8,,0,false,2026-07-22T22:25:19+00:00
833,466142,https://github.com/wwadge/bonecp,,15,a991973aef979dfde079b8a58c84e5a67c8f427969310f3531c2b87c763dc30b,pending,,,pending,,,8,,0,false,2026-07-22T22:25:19+00:00
834,9463479,https://github.com/ActiveJpa/activejpa,,12,aa8caebb4504b07aef6ab7ec12cbb47162ae8d5c0f05434f655bbc9443e445b9,pending,,,pending,,,8,,0,false,2026-07-22T22:25:19+00:00
835,46113606,https://github.com/wingify/vwo-android,,13,aab39500a5b9a1376ad5d468b7b5edc232470b272923a0c30f2fe927c95fbc98,pending,,,pending,,,8,,0,false,2026-07-22T22:25:19+00:00
836,75164823,https://github.com/apache/rocketmq,,125,ab28cae6acbd16fcd6002d912c6c174d317fbb913533792901fa4d150f2deb28,pending,,,pending,,,8,,0,false,2026-07-22T22:25:19+00:00
837,49945501,https://github.com/neoteric-eu/neo-starters,,13,ab89b44b352f0c9f9cd84a10b9d5d18e15e59cb03aeee94d671e0642c0b49a8f,pending,,,pending,,,8,,0,false,2026-07-22T22:25:19+00:00
838,79065628,https://github.com/asarkar/spring,,12,aba4d60edd2acfa9c8421117975108297f23f469e0a1c219844fa9b8407351c3,pending,,,pending,,,8,,0,false,2026-07-22T22:25:19+00:00
839,87392130,https://github.com/CSCfi/shibboleth-idp-oidc-extension,,55,abfe720b3596a5ea7bd05f108f8ed75c2b19d6f51d7a2129eac2bcbb17a76c6d,pending,,,pending,,,8,,0,false,2026-07-22T22:25:19+00:00
840,56108213,https://github.com/charlesmadere/that-lil-hummingbird,,15,abff6ee802609adb152b189c8de52d010667093029a4508c1e7a4a001cdd5a57,pending,,,pending,,,8,,0,false,2026-07-22T22:25:19+00:00
841,36906356,https://github.com/rmpestano/cukedoctor,,16,ac336ac37dda19eaf75e320eadc47a170e24683e00cadb82d453b51663d947c4,pending,,,pending,,,8,,0,false,2026-07-22T22:25:19+00:00
842,4544982,https://github.com/SonarSource/sonar-php,,41,ac4634634277fd163375029cc4af6f5b7cdf4e07ff6031fa53d438449a62f53d,pending,,,pending,,,8,,0,false,2026-07-22T22:25:19+00:00
843,32333558,https://github.com/psi-probe/psi-probe,,25,ac853da6073c6205b7536b88723b1b8a7453c7964c5396ba329c0e5f76c7e648,pending,,,pending,,,8,,0,false,2026-07-22T22:25:19+00:00
844,71975377,https://github.com/apache/commons-numbers,,40,ac9d22db348029ca22cc92ab8127c76a5538be7e0b9a657ab5eb736bd77cc084,pending,,,pending,,,8,,0,false,2026-07-22T22:25:19+00:00
845,59078087,https://github.com/googlearchive/firebase-jobdispatcher-android,,16,aca3156f18b86c37a6199f7963cbf97310d9aa27276b9b59c86f904369e06dda,pending,,,pending,,,8,,0,false,2026-07-22T22:25:19+00:00
846,806019,https://github.com/pierre/serialization,,14,acc3c50ba8cef00b4802fb74e858f81e6b40f761729c712fdf2b534ddb49e7bb,pending,,,pending,,,8,,0,false,2026-07-22T22:25:19+00:00
847,42057361,https://github.com/dstl/baleen,,157,acd6a2c2b9d62e932b5d2f81c96212ffb102e21149fe0c53d8be07a6774497e8,pending,,,pending,,,8,,0,false,2026-07-22T22:25:19+00:00
848,36854237,https://github.com/wuyinxian124/netty4.0.27Learn,,45,acf2287a79be760e5a0f26fc3512ce834b13f825376cd57f59f1b506d5682138,pending,,,pending,,,8,,0,false,2026-07-22T22:25:19+00:00
849,9714608,https://github.com/gallandarakhneorg/afc,,104,ad2c9114b24963cfcce5b09781d031dcb976651a230b90ac4591f1df0784928b,pending,,,pending,,,8,,0,false,2026-07-22T22:25:19+00:00
850,63894475,https://github.com/DigitalTwin/steam-turbine-tutorial,,21,ada684fe7b3b1060896c828d95a17e60a68c7773a43df63a0efb5972486d7201,pending,,,pending,,,8,,0,false,2026-07-22T22:25:19+00:00
851,73930305,https://github.com/ballerina-platform/ballerina-lang,,19,adc6cd8adcb5b9cc8c2038bb3f183cb1bfad5e7ee506789dd3e012b084cc65ca,pending,,,pending,,,8,,0,false,2026-07-22T22:25:19+00:00
852,7393690,https://github.com/mindwind/craft-atom,,12,add9f4d1ccb69ed58271a0bfd8e0dacab7aa40df1718f27a4669cb7e1bac3ed3,pending,,,pending,,,8,,0,false,2026-07-22T22:25:19+00:00
853,79943898,https://github.com/ParaskP7/sample-code-posts,,20,ae54bf4c1c05f7761c42d208bf4e5d2fbbf0e0a98101265e9fa10260d4016813,pending,,,pending,,,8,,0,false,2026-07-22T22:25:19+00:00
854,56667109,https://github.com/ICIJ/datashare,,28,ae80f13eaf72df73f921729318bec15860d4407874582a3171264b1cda3987dc,pending,,,pending,,,8,,0,false,2026-07-22T22:25:19+00:00
855,56359101,https://github.com/Autonomiccs/autonomiccs-platform,,46,aead37b48b3494f5e81578fca697583475167f815c56f83a1a8d04d9091c2342,pending,,,pending,,,8,,0,false,2026-07-22T22:25:19+00:00
856,8731044,https://github.com/ekirkilevics/Magnolia,,158,aef05d496237ae9cf2de0793c8890e4862f70718d230bfff09113e03c7950bd9,pending,,,pending,,,8,,0,false,2026-07-22T22:25:19+00:00
857,6691222,https://github.com/deric/clueminer,,285,af0630ec21d17722dcfd130d3cd898b8e930b0f250cf299ed3bc450d8d38f916,pending,,,pending,,,8,,0,false,2026-07-22T22:25:19+00:00
858,60702089,https://github.com/SergeyZhernovoy/Java-education,,22,af2213fa9f417256e411f5cf809ea2dabe27c2965ab6564211e2797e568d26bf,pending,,,pending,,,8,,0,false,2026-07-22T22:25:19+00:00
859,59118773,https://github.com/devgateway/oc-explorer,,40,af659110034bb874c9ac189f046c01343d95e4ea0578d073b87a798bb23ba131,pending,,,pending,,,8,,0,false,2026-07-22T22:25:19+00:00
860,41371438,https://github.com/opendaylight/mdsal,,116,afa21f4322246064d51d3024cf8366543aa667e1033a7fb214be3b34fec81e21,pending,,,pending,,,8,,0,false,2026-07-22T22:25:19+00:00
861,76488267,https://github.com/jenetics/jpx,,16,b01fd2ef2595008f8879c6ea899f21725209787a51d1001c0107cc7de3aa2ec2,pending,,,pending,,,8,,0,false,2026-07-22T22:25:19+00:00
862,50552134,https://github.com/mercyblitz/confucius-commons,,14,b08ba2ccc8b9f0dc176344a16606b490c212b887682114d49b6b97cdc312b5a6,pending,,,pending,,,8,,0,false,2026-07-22T22:25:19+00:00
863,96573099,https://github.com/avicomp/ont-d2rq,,18,b08f86f279f677e39ee3ed3f3f35b965bc8a10510a400683d5c8996ced5cfd0c,pending,,,pending,,,8,,0,false,2026-07-22T22:25:19+00:00
864,6605842,https://github.com/twitter-archive/bookkeeper,,22,b0f8beb0ca5be00c2618380ec4be16b9c7f911ce72606ed6094e18b1fb578288,pending,,,pending,,,8,,0,false,2026-07-22T22:25:19+00:00
865,42251014,https://github.com/difi/vefa-peppol,,30,b15b136dc085854ed81c637774b45fe117b5c4216dd263d757d01517c4484932,pending,,,pending,,,8,,0,false,2026-07-22T22:25:19+00:00
866,65259211,https://github.com/xap/xap,,22,b1aa18c5b123c95f92282adbdbeabe8ede2a09c5c4bab7c4e526103306bfabbd,pending,,,pending,,,8,,0,false,2026-07-22T22:25:19+00:00
867,84398452,https://github.com/traneio/ndbc,,26,b1eebda26f892311cd1c93f3112e0a7a3ce0ecd88227609157cbddb620762034,pending,,,pending,,,8,,0,false,2026-07-22T22:25:19+00:00
868,35917780,https://github.com/cfg4j/cfg4j,,24,b1f5d9d4968a06a0cd32b09b05a78b67ca9ad7d61db6e009ac9db2a84e000996,pending,,,pending,,,8,,0,false,2026-07-22T22:25:19+00:00
869,80451996,https://github.com/Comcast/redirector,,23,b23673a440f2be269c21cc9768eade461684c3dfb9e8aaead760176c4eaf0655,pending,,,pending,,,8,,0,false,2026-07-22T22:25:19+00:00
870,84313991,https://github.com/kalidasya/sonar-css-plugin,,13,b24a87bf7ae06bd9c81efae49c0474f1a1cb47deb66a5a695d27c9a03aeac4a7,pending,,,pending,,,8,,0,false,2026-07-22T22:25:19+00:00
871,4586516,https://github.com/candlepin/candlepin,,209,b25984958a0e1f6587a87300f66558bf9ce10d06e8ff9362325785f7e00b7b0b,pending,,,pending,,,8,,0,false,2026-07-22T22:25:19+00:00
872,65927678,https://github.com/davidmigloz/go-bees,,27,b274e62321c0a00a1a0286232db0ed9b038597c76cdca1337bce260dc1b14454,pending,,,pending,,,8,,0,false,2026-07-22T22:25:19+00:00
873,58194180,https://github.com/strimzi/strimzi-kafka-operator,,80,b2f927d578828a82013cd02dc28b42d117ee14da5a4f67e068d2d6f072594b07,pending,,,pending,,,8,,0,false,2026-07-22T22:25:19+00:00
874,8772570,https://github.com/spheras/messic,,15,b322dd6a05b21a3baea12e3cef22f228f1a26a3dc3db7333d68e4b429b981fc3,pending,,,pending,,,8,,0,false,2026-07-22T22:25:19+00:00
875,96123627,https://github.com/project-sunbird/sunbird-utils,,29,b38d105044b94e566fbc7d66042c605e233cfc2504f614e166561d78e09ccd47,pending,,,pending,,,8,,0,false,2026-07-22T22:25:19+00:00
876,38946154,https://github.com/alabeduarte/mypodcasts-android,,13,b3e683008849b320b20ca1018dd3b1d4a8debd32e5d99ea453681c9cf030db36,pending,,,pending,,,8,,0,false,2026-07-22T22:25:19+00:00
877,75165297,https://github.com/vipshop/Saturn,,17,b41e8df37a4641af3ff255d082d2470804c409bc6e2979e9a8cd9fd69eed6a6e,pending,,,pending,,,8,,0,false,2026-07-22T22:25:19+00:00
878,73266969,https://github.com/HJ-StevenSun/Weex-TestDemo,,29,b45831c5762609b9e8f2544dd063b591ee0ebd1dc324ca452530e36ff5d2a081,pending,,,pending,,,8,,0,false,2026-07-22T22:25:19+00:00
879,62640065,https://github.com/authorjapps/zerocode,,29,b45ea1b3d3aeee8168b7e7593b2b384bfe66f1c428de5b5e7772910e48c6b549,pending,,,pending,,,8,,0,false,2026-07-22T22:25:19+00:00
880,8289370,https://github.com/janotav/ali-idea-plugin,,45,b48ffc13704d748a0db19fa47a428550ec57bdb42710083fbeabb9566f101e42,pending,,,pending,,,8,,0,false,2026-07-22T22:25:19+00:00
881,95635499,https://github.com/fmohr/AILibs,,50,b4b8b82e66834dc3c8f60943544d9ece4faadebf72321596460cfc7671b4e9c7,pending,,,pending,,,8,,0,false,2026-07-22T22:25:19+00:00
882,5839179,https://github.com/drallgood/jpasskit,,18,b4fc01c22c9313e2611777f4f2f1596d33d730549d17add5b23964d8890d59a3,pending,,,pending,,,8,,0,false,2026-07-22T22:25:19+00:00
883,83838306,https://github.com/dehora/outland,,17,b588ed201e00036ef045d29f795a6d2685d6b0db2963703a074b7a5893069db1,pending,,,pending,,,8,,0,false,2026-07-22T22:25:19+00:00
884,75277003,https://github.com/thingsboard/thingsboard,,19,b5ff47a231337fcadea1c9309890202349be884313c8ff39e76983a42fcb3945,pending,,,pending,,,8,,0,false,2026-07-22T22:25:19+00:00
885,51501760,https://github.com/Ardulink/Ardulink-2,,13,b60e58b0f5266d58c4dd0645f4d15b590e84aafd8ee7d6a039042fe820a1bb3c,pending,,,pending,,,8,,0,false,2026-07-22T22:25:19+00:00
886,591784,https://github.com/sonatype/sonatype-aether,,34,b64e3edc16b96e49465b04712618e8fb430fe934f7a07128316ddbf04f9fbbc3,pending,,,pending,,,8,,0,false,2026-07-22T22:25:19+00:00
887,5175291,https://github.com/airlift/airship,,27,b6ad45f0e69dadfe1510590fcf661e420918e400da1f71b03125d13b363ac328,pending,,,pending,,,8,,0,false,2026-07-22T22:25:19+00:00
888,6332635,https://github.com/membrane/service-proxy,,23,b6b6343c59236edd935f38231a8a28360ab302dd1125bc5b67556856333673d5,pending,,,pending,,,8,,0,false,2026-07-22T22:25:19+00:00
889,82155862,https://github.com/ctripcorp/hermes,,23,b6c87e3722eb48accef642505521bee68f28682d91901052aad7a85c78666384,pending,,,pending,,,8,,0,false,2026-07-22T22:25:19+00:00
890,92184534,https://github.com/EonTechnology/server,,23,b6d92b41967ae1169741754e50645a92e3c793fea75f55f8c3925b26b8913810,pending,,,pending,,,8,,0,false,2026-07-22T22:25:19+00:00
891,57461213,https://github.com/runelite/runelite,,86,b6f337e0e00f094114c8058eeba8d0b1eb609fb8be032624de46e3bb69488cd0,pending,,,pending,,,8,,0,false,2026-07-22T22:25:19+00:00
892,8175611,https://github.com/TNG/junit-dataprovider,,26,b6f50a2b58ebbb5bb8b4f79ca4f303d6d1089059ccaa7e5e02ceef1d7905ffca,pending,,,pending,,,8,,0,false,2026-07-22T22:25:19+00:00
893,46547901,https://github.com/osiris-indoor/osiris,,15,b718b6d2dd8d1201a2ae240b1204678d6d792fb3dce28954e3e33df67e84cb59,pending,,,pending,,,8,,0,false,2026-07-22T22:25:19+00:00
894,46134098,https://github.com/IBM-Cloud/gp-java-tools,,13,b793df4ae5e105f30e0063740c86affe229fe648f04c78bc3389dde91e433797,pending,,,pending,,,8,,0,false,2026-07-22T22:25:19+00:00
895,52834791,https://github.com/SAP/cf-java-logging-support,,31,b83bb6636a9c42048608c147ffcd1859c2f4f920d1d686a7bd3c9bc8815c1723,pending,,,pending,,,8,,0,false,2026-07-22T22:25:19+00:00
896,41933697,https://github.com/gazbert/bxbot,,33,b860d8270874a87cdf2c9947409dd0eb25c75dd001cde8daa98a90fa716b0129,pending,,,pending,,,8,,0,false,2026-07-22T22:25:19+00:00
897,3988459,https://github.com/cjdev/httpobjects,,27,b8da2a210a044502bc4799f38f40e48c7e73637b41a72828180a1576d81d38c4,pending,,,pending,,,8,,0,false,2026-07-22T22:25:19+00:00
898,5947247,https://github.com/geosolutions-it/jai-ext,,14,b8ee5351fb295ffed11c142417e753921e3974411dc9305b64854f09af106b02,pending,,,pending,,,8,,0,false,2026-07-22T22:25:19+00:00
899,74431644,https://github.com/spotify/styx,,88,b936257ed386cd722c02ea475376d8f4613dd45d16a30fcfddfd5975ae5542b4,pending,,,pending,,,8,,0,false,2026-07-22T22:25:19+00:00
900,81052983,https://github.com/deliveredtechnologies/rulebook,,16,b99a432c64f6079f477bd53c9121e4cee84d995c7a7b848a5e46993567c5b70b,pending,,,pending,,,8,,0,false,2026-07-22T22:25:19+00:00
901,4992906,https://github.com/pmd/pmd,,99,ba8162238eb19617d4676b58ab859e377a739ba0e4f8904150bb7b301402d06b,pending,,,pending,,,8,,0,false,2026-07-22T22:25:19+00:00
902,9004636,https://github.com/NorthernStars/MR-FWNS,,17,ba9223a2c8d47320e6ae3966e650ee30ff305f6a03d94f713aa67b9c7bf8164c,pending,,,pending,,,8,,0,false,2026-07-22T22:25:19+00:00
903,3894929,https://github.com/hamcrest/JavaHamcrest,,21,badce8418e2269329b29a4a7f6271a8bfa1a80d5ad78afa365c754af416273fd,pending,,,pending,,,8,,0,false,2026-07-22T22:25:19+00:00
904,4336113,https://github.com/htwg/UCE,,20,bae6d20ca1a363e36395b476f33a2b39e02212948bf977473b7bd66ed66283bb,pending,,,pending,,,8,,0,false,2026-07-22T22:25:19+00:00
905,7015517,https://github.com/SonarSource/sonar-update-center,,19,bb1be369c2b8f042723b5dcf0f1626b895baf2c0fe615ece411d8feea1ae0935,pending,,,pending,,,8,,0,false,2026-07-22T22:25:19+00:00
906,70948568,https://github.com/redfin/fuzzy,,17,bb30f86403d901f04ac2628fe9050eb356988bd721bb03ec7a6bf382958f8d9c,pending,,,pending,,,8,,0,false,2026-07-22T22:25:19+00:00
907,36487440,https://github.com/gravitee-io/gravitee-gateway,,29,bb352ad98d8b7ebeaa29d47671f888ab0024d12d550e945db46c9216c188c4c5,pending,,,pending,,,8,,0,false,2026-07-22T22:25:19+00:00
908,35297180,https://github.com/kiegroup/appformer,,505,bb5ef5c0f96db17847451f55d95eac32fd8753330547f4a9b42105589992c670,pending,,,pending,,,8,,0,false,2026-07-22T22:25:19+00:00
909,55965971,https://github.com/brianway/algorithms-learning,,14,bbb4c943b7557c41d737eb3c77fc37b34f1ea8f1c40be74ffcdbb1bec21978f9,pending,,,pending,,,8,,0,false,2026-07-22T22:25:19+00:00
910,3699746,https://github.com/szhem/camel-osgi,,30,bbc774a851dd2f1030e49adb08140644e40451e38d53c3d86552da8e791ac85b,pending,,,pending,,,8,,0,false,2026-07-22T22:25:19+00:00
911,39727495,https://github.com/JumpMind/symmetric-ds,,20,bbcf1e2fbad8f40ff1f49ff6827fd7047c7678c8ed66ce292e56d5d3deeed52c,pending,,,pending,,,8,,0,false,2026-07-22T22:25:19+00:00
912,4709330,https://github.com/naver/ngrinder,,39,bbf4ce10a0ad9bfe38e6ced0b6007f89187c3f5747434026e23b4343eaef4f1c,pending,,,pending,,,8,,0,false,2026-07-22T22:25:19+00:00
913,53703548,https://github.com/ulisesbocchio/spring-boot-security-saml,,20,bbff39a009efc74c89bb3bf4e36c31820f1793e02edeec2b4c5ccf34a3af8cbf,pending,,,pending,,,8,,0,false,2026-07-22T22:25:19+00:00
914,4265123,https://github.com/crowdcode-de/KissMDA,,16,bc694a2b75120defeb80a9f5035fcc04657a9d8679830cedffaf65c21a73c073,pending,,,pending,,,8,,0,false,2026-07-22T22:25:19+00:00
915,40056997,https://github.com/sergueik/selenium_java,,56,bc886465102ffaad0b2ef7b2e69b6d4a0a7380f37f9153e6b3c94003f74d504f,pending,,,pending,,,8,,0,false,2026-07-22T22:25:19+00:00
916,39160554,https://github.com/wcm-io/wcm-io-wcm,,24,bcaa369a274cd7017ae6e3b4279a7863def7b43c506384b21bddf19ec7b7c52d,pending,,,pending,,,8,,0,false,2026-07-22T22:25:19+00:00
917,65977170,https://github.com/basst314/space,,14,bcbcad933e48d3b3ebc79a08ba8df4f2dca45805b949dec30b4c1b3341cc358d,pending,,,pending,,,8,,0,false,2026-07-22T22:25:19+00:00
918,75661534,https://github.com/awslabs/aws-serverless-java-container,,22,bcc14a0e5023170d639b815af3c90bc8b4ef00496db28958db44495be1072c80,pending,,,pending,,,8,,0,false,2026-07-22T22:25:19+00:00
919,96556656,https://github.com/FDio/hc2vpp,,186,bcd93f1cac721f7b6c14a44b3fe27cafff742167cf58a4ab91fca2809d44e376,pending,,,pending,,,8,,0,false,2026-07-22T22:25:19+00:00
920,6331476,https://github.com/junkdog/artemis-odb,,17,bd9ea3f0d165bbe1f198970e37796adda9029dd9e1420478f4087b93a6bfef82,pending,,,pending,,,8,,0,false,2026-07-22T22:25:19+00:00
921,86339121,https://github.com/torodb/engine,,13,bdbb7cce2286d4e0c0a3f41d92089a2a367f584a2610f88feddb9b344b116f7e,pending,,,pending,,,8,,0,false,2026-07-22T22:25:19+00:00
922,84976265,https://github.com/hristo-vrigazov/bromium,,51,bdc08c8a54756cfa5ef63c27760579876cfcc98dbb3b0ab17800dd045582b39d,pending,,,pending,,,8,,0,false,2026-07-22T22:25:19+00:00
923,65975333,https://github.com/folio-org/raml-module-builder,,38,bdeadbabb23541faaae0fdd2a1412874bea42c03e9ecfc9074ed8cc5e2ea493d,pending,,,pending,,,8,,0,false,2026-07-22T22:25:19+00:00
924,44169642,https://github.com/boweite/StreamCQL,,74,bdf686b78606aff2d382ecd6c7362e5d8c9a62635f7717356ab8e984e6c4ba65,pending,,,pending,,,8,,0,false,2026-07-22T22:25:19+00:00
925,45860898,https://github.com/eclipse/hawkbit,,37,be0a98672b5654f81b8493e0bf3fbf9d6f42298b3c3998abd08dcaecbfb4c780,pending,,,pending,,,8,,0,false,2026-07-22T22:25:19+00:00
926,6627230,https://github.com/unidal/frameworks,,18,be11a80bfa7975084b8bcc86f0b083a2305b481895e8c8fd64e91a86538c47e2,pending,,,pending,,,8,,0,false,2026-07-22T22:25:19+00:00
927,53859223,https://github.com/NordeaOSS/copybook4java,,12,be6ce7d320e2ad554ca21d74da82d7206d8e6379113281161c67b932809bcf70,pending,,,pending,,,8,,0,false,2026-07-22T22:25:19+00:00
928,45780307,https://github.com/Hanmourang/Pinot,,32,bea2a371ade86e02b23c227c55a325e1f842e0c151d08fd10ae9b12f14753db0,pending,,,pending,,,8,,0,false,2026-07-22T22:25:19+00:00
929,65606855,https://github.com/fossasia/open-event-organizer-android,,22,beaa93deeae174b7f1f3bef300a07313164a302389652ca364619a9552a3a22f,pending,,,pending,,,8,,0,false,2026-07-22T22:25:19+00:00
930,7968180,https://github.com/cytoscape/cytoscape-api,,97,bf1ec1b8ef7c80b4e81f3fcac3cd7149dd19fc0afbe502d141fe1e0b12cf5804,pending,,,pending,,,8,,0,false,2026-07-22T22:25:19+00:00
931,42201162,https://github.com/EvoSuite/evosuite,,29,c008023e6d79738f880d3c35c1818ce88b0b29d53ba2f7dd7364c5f5aee2688d,pending,,,pending,,,8,,0,false,2026-07-22T22:25:19+00:00
932,5529658,https://github.com/OpenNTF/JavascriptAggregator,,33,c0b5adc0b67c32c1a95fb061dfbdf87db3ae201e561ad99c0289a8b2e54815e6,pending,,,pending,,,8,,0,false,2026-07-22T22:25:19+00:00
933,7612313,https://github.com/i2p/i2p.i2p-bote,,25,c0cf4696764f9be508d6acf7e43ba67528d2d48d7ab9b23abe8bc9dde8549da1,pending,,,pending,,,8,,0,false,2026-07-22T22:25:19+00:00
934,35592576,https://github.com/fuinorg/event-store-commons,,40,c0f3872131119216b4b1781f21a03738be236fff7e8f46b88e117160cc5fcd14,pending,,,pending,,,8,,0,false,2026-07-22T22:25:19+00:00
935,84506236,https://github.com/kdgregory/log4j-aws-appenders,,16,c121f57461220a4212bd7a817c5fdaba989982556a667bc6d0fa09d6cf10a27d,pending,,,pending,,,8,,0,false,2026-07-22T22:25:19+00:00
936,65144978,https://github.com/helloworldtang/spring-boot-cookbook,,17,c150c928b393c9eef852f0672befdfbf5cc6797fb2ea38d3dc5bc69fd542b399,pending,,,pending,,,8,,0,false,2026-07-22T22:25:19+00:00
937,5675901,https://github.com/ArcBees/GWTP,,17,c186d43168b32e40f820952ee8bc0d7b6fcc31a5c5709d7c1913bbad4ce769a1,pending,,,pending,,,8,,0,false,2026-07-22T22:25:19+00:00
938,6602723,https://github.com/Comcast/jrugged,,40,c195382b5938bc999db974db62c7be91c8d5545107633d5e34ef1dab28fe69b0,pending,,,pending,,,8,,0,false,2026-07-22T22:25:19+00:00
939,42050815,https://github.com/SonarSource/orchestrator,,46,c20c0922fcfb568b6cdc85f3555c31aee0d63f9005b2473f3ee0db19a3512bf5,pending,,,pending,,,8,,0,false,2026-07-22T22:25:19+00:00
940,6281707,https://github.com/StreamReduce/streamreduce-core,,33,c290aa97c731ec14cd894d5c6f73e290af740adbde691b8a2a21bed696d4f0ec,pending,,,pending,,,8,,0,false,2026-07-22T22:25:19+00:00
941,76375829,https://github.com/androidthings/contrib-drivers,,18,c2af637f3898a1b75ae7f45c350cbb5f6ba659ea3792eff3397fc866bdb47b13,pending,,,pending,,,8,,0,false,2026-07-22T22:25:19+00:00
942,912291,https://github.com/dcm4che/dcm4che,,22,c2b5d57e3145340a012bb4f01fbde34b579744ea87df514b4ec54907f6c16630,pending,,,pending,,,8,,0,false,2026-07-22T22:25:19+00:00
943,56748637,https://github.com/dice-group/NLIWOD,,21,c2d3c84474a09f4ec580171535a96271f6049c6d6adef6373c5b6903f69f2100,pending,,,pending,,,8,,0,false,2026-07-22T22:25:19+00:00
944,87289313,https://github.com/gchq/koryphe,,114,c2f76b65a895971a83e7650be391644fb34e423e9bbb8b0d4d0228cb1c09c261,pending,,,pending,,,8,,0,false,2026-07-22T22:25:19+00:00
945,9327416,https://github.com/SAP/cloud-odata-java,,79,c2fa7780443581bf18406b49b863843c4a41e46f7c3ebd2a7dcfcc7426db6df8,pending,,,pending,,,8,,0,false,2026-07-22T22:25:19+00:00
946,663418,https://github.com/tfredrich/rest-fixture,,13,c3f4d405041545b8a836b73f332ffd9b0bf5a570cb73b4403458bfeb7961a90a,pending,,,pending,,,8,,0,false,2026-07-22T22:25:19+00:00
947,87590893,https://github.com/salesforce/grpc-java-contrib,,15,c40a36827daacc36b26fe43838ee428cfedb50b2f79d55f344296a4916ab544a,pending,,,pending,,,8,,0,false,2026-07-22T22:25:19+00:00
948,36483902,https://github.com/spotify/heroic,,26,c41b6d6ff20320252ce06b4353a077ea8c919b33a96276315c94caf72ea3992b,pending,,,pending,,,8,,0,false,2026-07-22T22:25:19+00:00
949,42050188,https://github.com/MontiCore/monticore,,50,c42e14d71487ba46ceb8b2cfd6a7aae98c13e4e6fe7406f5234880eb2e906a60,pending,,,pending,,,8,,0,false,2026-07-22T22:25:19+00:00
950,48804926,https://github.com/DorsetProject/dorset-framework,,30,c42ee27d5f45ae0f1d1f1c7aac53500f6f6d8dc21d8bce372645b1c9ec4c672b,pending,,,pending,,,8,,0,false,2026-07-22T22:25:19+00:00
951,69400326,https://github.com/confluentinc/ksql,,438,c45df9cbdac16f689ea9c7a8b259abdb423ee1d8556f28eb64e0221649902ede,pending,,,pending,,,8,,0,false,2026-07-22T22:25:19+00:00
952,78842132,https://github.com/egovernments/egov-services,,498,c4cdb8e319b6a51a7e611ebda8f369e3a68a242c26c95cade878fe9b35007d2c,pending,,,pending,,,8,,0,false,2026-07-22T22:25:19+00:00
953,59044564,https://github.com/yncxcw/big-c,,105,c4dbb017eb8e4af25ba8f113b8489354273bda269710ff8ae8bdd265f22b4fe8,pending,,,pending,,,8,,0,false,2026-07-22T22:25:19+00:00
954,62303580,https://github.com/Cognifide/bobcat,,17,c513674d571b8d48eb1beba39b1f71589bcd94f805c656b83ce94db811fc65dd,pending,,,pending,,,8,,0,false,2026-07-22T22:25:19+00:00
955,55504627,https://github.com/fabric8io/fabric8-maven-plugin,,54,c52a79afb72ded24128d554b7c8212ee5bfa86e607497c0083c1ddf4e0983d76,pending,,,pending,,,8,,0,false,2026-07-22T22:25:19+00:00
956,5380818,https://github.com/akvo/akvo-flow-mobile,,20,c562ece2ea8f39cac40f3f08346f7ed3072b31fd028087a5ec3ee74ca94a4b7e,pending,,,pending,,,8,,0,false,2026-07-22T22:25:19+00:00
957,97492141,https://github.com/SonarSource/sonar-analyzer-commons,,15,c59b653f0e0b4d6f714cfd6bc12d74bc4340fb212fbafd60ebac0917bb71179a,pending,,,pending,,,8,,0,false,2026-07-22T22:25:19+00:00
958,3865446,https://github.com/dhonza/JCOOL,,23,c5d1a89ad01b42c62bfc5a91aa1693139810c17e4a0dfbfb37edcc2816026919,pending,,,pending,,,8,,0,false,2026-07-22T22:25:19+00:00
959,38829639,https://github.com/fabric8io/kubernetes-client,,32,c5fc09f6b26105fe8b8e67b5e6c6f2e138777ec5a239a8f56e77d296f85c7b75,pending,,,pending,,,8,,0,false,2026-07-22T22:25:19+00:00
960,42751387,https://github.com/treasure-data/digdag,,44,c5fcadc1285b5fd577348555487a7f89f9655e23c7b52ed8d809ae3965dbcbb4,pending,,,pending,,,8,,0,false,2026-07-22T22:25:19+00:00
961,4661744,https://github.com/geonetwork/core-geonetwork,,115,c61d6cb93612dfd8f683065994ee7f902d886435b24048ba8dde26e2fd03f3f8,pending,,,pending,,,8,,0,false,2026-07-22T22:25:19+00:00
962,35152638,https://github.com/anno4j/anno4j,,17,c62c85f04448d2efe319bbefb1bda37ce2ec26f01b22819c6dde417a03223cef,pending,,,pending,,,8,,0,false,2026-07-22T22:25:19+00:00
963,54671444,https://github.com/Comcast/pipeclamp,,30,c671774bcaf982dd457023b3c94484009084c7bb6cf2b9ab50758bee2b3502ee,pending,,,pending,,,8,,0,false,2026-07-22T22:25:19+00:00
964,9158616,https://github.com/openmrs/openmrs-module-emrapi,,45,c690b73fa119b73bfa549380b3f5cc9c8833c6ce44208dc87a10ff1357a07773,pending,,,pending,,,8,,0,false,2026-07-22T22:25:19+00:00
965,70219747,https://github.com/MyCoRe-Org/mycore,,90,c6a92601c75466c45c3632c3214633b2078e2740517a7cbf69091b165c365e0a,pending,,,pending,,,8,,0,false,2026-07-22T22:25:19+00:00
966,47767967,https://github.com/bootique/bootique,,30,c7234d5741022f481f1262fedf319bb4fd3aac11449c042e144c300b60c5f8f1,pending,,,pending,,,8,,0,false,2026-07-22T22:25:19+00:00
967,909809,https://github.com/opentrader/opentrader.github.com,,28,c7b079024d9b96a42e6bd8ab7b995a016f89f199a6cbbfe6b2a5b94e1a060d27,pending,,,pending,,,8,,0,false,2026-07-22T22:25:19+00:00
968,63534520,https://github.com/castlemock/castlemock,,124,c7db2817842a50d8225cd4cd26ddba218e664ea582adff3505f63017ca76cfeb,pending,,,pending,,,8,,0,false,2026-07-22T22:25:19+00:00
969,53649949,https://github.com/apache/aries-rsa,,17,c8183f9af5ef2fa49090ab67a0155d2105b343559727be5ff7beef5563cc6088,pending,,,pending,,,8,,0,false,2026-07-22T22:25:19+00:00
970,49670957,https://github.com/eclipse/rdf4j,,122,c84935709b38d29054a2f92435d88b8e5f1f5c1ef82dc34e872c4a52a22ca1af,pending,,,pending,,,8,,0,false,2026-07-22T22:25:19+00:00
971,97669395,https://github.com/kormide/recipe,,16,c84f6e543289fb92ff5ddc06dbe86ca7db88e9b2dd49655ade67c8b9867f2a74,pending,,,pending,,,8,,0,false,2026-07-22T22:25:19+00:00
972,46789213,https://github.com/aicis/fresco,,75,c871b7759db8d459a044104e61d26db8dc953bc85ff715dc5213555132d82592,pending,,,pending,,,8,,0,false,2026-07-22T22:25:19+00:00
973,7139471,https://github.com/NineWorlds/serenity-android,,31,c89e176196e03c260df4ac6f37f2ff7487f51cc7d74272320b7e7d8eadcf949d,pending,,,pending,,,8,,0,false,2026-07-22T22:25:19+00:00
974,4810329,https://github.com/SonarSource/sonar-python,,46,c8acd4e23ead2fda9655ea001a02f36f7322460a485c2099c0e4f78dfb5e3303,pending,,,pending,,,8,,0,false,2026-07-22T22:25:19+00:00
975,3743376,https://github.com/DSpace/DSpace,,82,c8bcf3d7bab248aa63877b8ca123294e144ebe047bc401f9dc2a1db48badba99,pending,,,pending,,,8,,0,false,2026-07-22T22:25:19+00:00
976,899555,https://github.com/errai/errai,,12,c8dc510303cb36ab62c751a06cfb5a35b4e03945670c79d76306e593010b6caf,pending,,,pending,,,8,,0,false,2026-07-22T22:25:19+00:00
977,98801926,https://github.com/thombergs/code-examples,,22,c947fd0adfd0333f86264503b821acdc28b38a8771447a8524c580489232e823,pending,,,pending,,,8,,0,false,2026-07-22T22:25:19+00:00
978,45257264,https://github.com/bugminer/bugminer,,12,c95f4e806d1e78b7ee09737c301e47986fdb715b9c60ca867b0c9e29d3565caa,pending,,,pending,,,8,,0,false,2026-07-22T22:25:19+00:00
979,81226206,https://github.com/intuit/karate,,23,c966607243f900e9c9276c1a67a8e09ec5f2cb3467e19eab3d581f5c2f0d763d,pending,,,pending,,,8,,0,false,2026-07-22T22:25:19+00:00
980,4437408,https://github.com/cgeo/mapsforge,,14,c9875f067d5f961ee946edafd14cf60ae8ff1b6cfa1cd199da08374e2c5ada9a,pending,,,pending,,,8,,0,false,2026-07-22T22:25:19+00:00
981,49656131,https://github.com/translation-cards/translation-cards,,31,c990ab6c4aca536b63d6c132c17837b66180ce54ca577620ae565c728f037631,pending,,,pending,,,8,,0,false,2026-07-22T22:25:19+00:00
982,51989270,https://github.com/mvc-spec/ozark,,20,c9aa9779b7ebf7b684b962dffa19dd36a71d0abd4078a2384fe2b3940df48ec6,pending,,,pending,,,8,,0,false,2026-07-22T22:25:19+00:00
983,49896881,https://github.com/marklogic/marklogic-data-hub,,30,c9f0e4c10cfb7c5003827bbe89983a53d2ca3ca0e1a79a1973c5d6ac7b79f2c9,pending,,,pending,,,8,,0,false,2026-07-22T22:25:19+00:00
984,9623064,https://github.com/code4craft/webmagic,,20,ca21cf4636605c7df70a4bb9ae09d55f7981b690b51440e4048a6f2d6f136928,pending,,,pending,,,8,,0,false,2026-07-22T22:25:19+00:00
985,56323969,https://github.com/Worldpay/hybris,,180,cac7944cfb6a108482abb672a19d652b8b4413d724b0077165cd6b25e58627f4,pending,,,pending,,,8,,0,false,2026-07-22T22:25:19+00:00
986,72889410,https://github.com/spotbugs/spotbugs,,31,cb156e53bad4b6041531d09a9e7d4addfaca8b359601bc2469b701356a15081f,pending,,,pending,,,8,,0,false,2026-07-22T22:25:19+00:00
987,71742185,https://github.com/binarywang/WxJava-for-JDK6,,13,cb97b5f4dbdd7b35a371a82c868b5d9b87c794c8aac79f416d4db3def16186db,pending,,,pending,,,8,,0,false,2026-07-22T22:25:19+00:00
988,32357795,https://github.com/ontopia/ontopia,,46,cbead2368d39a5842303a8dfbd18c5b615ea819433394c72ac3e775ffdff5d17,pending,,,pending,,,8,,0,false,2026-07-22T22:25:19+00:00
989,71434550,https://github.com/zanata/zanata-platform,,240,cbf786046e4b0c784ef6cbcfa7659eabd0da1a5c3ece009a4dbe4fdf485aee8e,pending,,,pending,,,8,,0,false,2026-07-22T22:25:19+00:00
990,49717672,https://github.com/jamorham/xDrip-plus,,24,cc20459c9c2d426737a467e4c82d7582992df416ada30dbbd6d5b0d897c31212,pending,,,pending,,,8,,0,false,2026-07-22T22:25:19+00:00
991,4726303,https://github.com/stratosphere-eu/stratosphere-OLD-REPO,,65,cc756e7dea7a8dbaf89747cc42526b177150531ac832ddbbcf081684d61ff5ae,pending,,,pending,,,8,,0,false,2026-07-22T22:25:19+00:00
992,4546290,https://github.com/NGDATA/lilyproject,,19,cc7a5f210a3ddb6804c20d5cb263b76e3f14087f00a8632b13629b58729fa163,pending,,,pending,,,8,,0,false,2026-07-22T22:25:19+00:00
993,47536480,https://github.com/aliyun/aliyun-odps-console,,52,cd18587c97d2a83fd282619063b58188ba472100651977f4a105727e102c9d62,pending,,,pending,,,8,,0,false,2026-07-22T22:25:19+00:00
994,50205742,https://github.com/amzn/exoplayer-amazon-port,,121,cda13abd192de85bfad7ec72c8f74b7ecd9566d18071a6f1932bdff7fe80250a,pending,,,pending,,,8,,0,false,2026-07-22T22:25:19+00:00
995,59838788,https://github.com/allure-framework/allure2,,15,cdf33e1e6955c10c51b688332fec3c0b89e1b69749b23c135647708e43348865,pending,,,pending,,,8,,0,false,2026-07-22T22:25:19+00:00
996,81125398,https://github.com/pilosa/java-pilosa,,25,ce0b27b288a13d41163daf848e0b9f74d3796e706cff546a076d74944fc16d9e,pending,,,pending,,,8,,0,false,2026-07-22T22:25:19+00:00
997,59800365,https://github.com/wtcctw/dianping-lion,,14,ce0e30383a6e9ee6d6e144d284390a11f061270567ec99a8904a70c2a939a36f,pending,,,pending,,,8,,0,false,2026-07-22T22:25:19+00:00
998,511297,https://github.com/hector-client/hector,,26,ce630d8f0471f4da93327070a9991289afda894a67940a08e5d9bd3f29238b1f,pending,,,pending,,,8,,0,false,2026-07-22T22:25:19+00:00
999,43186057,https://github.com/vanadium-archive/java,,29,ce754f2a788c7ffe6522d5eaf54e4e690dfea55d26da627e735199f3e5501aa3,pending,,,pending,,,8,,0,false,2026-07-22T22:25:19+00:00
1000,44565647,https://github.com/pwm-project/pwm,,14,ce95aa68aeed5a1f21614cc85168c2280f22b2e1746c52e3f0815c5940208ede,pending,,,pending,,,8,,0,false,2026-07-22T22:25:19+00:00
1001,67473511,https://github.com/strapdata/elasticsearch-hadoop,,14,cec38879f2749e3a44c4715d56d14e061c97eb719bc86778c60f51bd5c83263d,pending,,,pending,,,8,,0,false,2026-07-22T22:25:19+00:00
1002,67461402,https://github.com/eclipse/jnosql-diana-driver,,42,cf43463f1c4f01189f2ce6189e2889bf1bf444a39084cda69b03e9f11705573c,pending,,,pending,,,8,,0,false,2026-07-22T22:25:19+00:00
1003,85168745,https://github.com/thomas-young-2013/Wherehows-eXtension,,19,cf4b3b5b3e654ffecd3c3fd5bede360eda0c14ccf73922c3af221d9d6c47ded4,pending,,,pending,,,8,,0,false,2026-07-22T22:25:19+00:00
1004,35952836,https://github.com/Squarespace/template-compiler,,16,cf6b1301aa6fbb83b94c4f5325cacb1fe4cd05fd7d5899f69cd5b58aec5dce88,pending,,,pending,,,8,,0,false,2026-07-22T22:25:19+00:00
1005,72189814,https://github.com/mobgen/halo-android,,42,cfe08003ed4267073da47a2e41849faa57a84cb2e23c858c6666f56ad6f0a07c,pending,,,pending,,,8,,0,false,2026-07-22T22:25:19+00:00
1006,62640701,https://github.com/maxim-tschumak/service-criticality-app,,16,cffcad4f3e5201beb06aee4ec45d5592538f59e9e7c12afadf145ef0990ee019,pending,,,pending,,,8,,0,false,2026-07-22T22:25:19+00:00
1007,9755019,https://github.com/CodeQInvest/codeq-invest,,30,d00865d50bb0020f487668dffa3a8670ca133c8c6dfe0ada716d97abd7e32516,pending,,,pending,,,8,,0,false,2026-07-22T22:25:19+00:00
1008,76267363,https://github.com/jhipster/jhipster,,34,d0b2ae33bd3564ffa9afb88cf1c41ff1eb5d7a4d217d0fe6d2c0a92cd52e2576,pending,,,pending,,,8,,0,false,2026-07-22T22:25:19+00:00
1009,68967191,https://github.com/axbaretto/kafka,,929,d0c1f7c01b75a92125772bf58e93f99baae22a721c2a3268546765bade310312,pending,,,pending,,,8,,0,false,2026-07-22T22:25:19+00:00
1010,8049046,https://github.com/zeiss-digital-innovation/SynchronizeFX,,14,d0e45f83e26cd95b3328ea33b79b8bb60c193a5fd64f2308cbd669dd7597e0d7,pending,,,pending,,,8,,0,false,2026-07-22T22:25:19+00:00
1011,4120901,https://github.com/spring-projects/spring-hadoop-admin,,17,d0f86fbdbbb401dd284ffe213d76294233ca69dafdf44cd08ebcba336a402247,pending,,,pending,,,8,,0,false,2026-07-22T22:25:19+00:00
1012,3978781,https://github.com/aosp-mirror/platform_frameworks_support,,66,d148475b3d6f8d96a410f89207febb3974153f9886963aed94feb101ddeddf0a,pending,,,pending,,,8,,0,false,2026-07-22T22:25:19+00:00
1013,8003571,https://github.com/knowrob/knowrob_addons,,69,d162efd2f5c3312812d17be95757d67c30e91b179dacafdb973c0bc63bad7345,pending,,,pending,,,8,,0,false,2026-07-22T22:25:19+00:00
1014,95958400,https://github.com/aikin/refactoring-kata,,33,d19af6e873944166b29f3f942491125e3fcbdb4e66b824bded86e157822fe1ec,pending,,,pending,,,8,,0,false,2026-07-22T22:25:19+00:00
1015,42369667,https://github.com/everit-org/json-schema,,42,d19c7efd49c3a6920bd5df6ad522d282b8a9abb5573b8ee06d29815f4a12dcdc,pending,,,pending,,,8,,0,false,2026-07-22T22:25:19+00:00
1016,618492,https://github.com/brianfrankcooper/YCSB,,21,d1aaa2755b08a3e591e8cd99e65feb7cb4052c757b4708bdf5eb46c67b2d8837,pending,,,pending,,,8,,0,false,2026-07-22T22:25:19+00:00
1017,74458764,https://github.com/AmadeusITGroup/HttpSessionReplacer,,28,d1ba7819a488fca78191494343b0066eb62fa82ee951610b1409ce7412d2404a,pending,,,pending,,,8,,0,false,2026-07-22T22:25:19+00:00
1018,48773112,https://github.com/freefair/gradle-plugins,,24,d1c16f8da1a147fa6716e30a46f870db496becadb1b3ec1c77de1eb4ec4dc4db,pending,,,pending,,,8,,0,false,2026-07-22T22:25:19+00:00
1019,5686301,https://github.com/SonarSource/sonar-scanner-api,,22,d1c77938b0576737601d108bbbcc3a8d74487cef83b4a657ef3748809c458b44,pending,,,pending,,,8,,0,false,2026-07-22T22:25:19+00:00
1020,38578729,https://github.com/littledot/Permission-Nanny,,12,d230195c519f54da097120240a56532a453110c00383aa6b2e48e546e7524791,pending,,,pending,,,8,,0,false,2026-07-22T22:25:19+00:00
1021,42615957,https://github.com/mParticle/mparticle-android-sdk,,26,d29770a9d372939d4b5275d19f4952fe7a0af08a46040e5ba763cd1ff2832053,pending,,,pending,,,8,,0,false,2026-07-22T22:25:19+00:00
1022,79434101,https://github.com/shalousun/ApplicationPower,,13,d2d8748349cbdc52496d59b23c32a8e18518df31400dd81e175392d38bb3ad47,pending,,,pending,,,8,,0,false,2026-07-22T22:25:19+00:00
1023,57951012,https://github.com/itext/itext7,,150,d2f71fe97126c8561a5c613710db4ca1f68d8a5757c84e7d2dfdf0a751b036b5,pending,,,pending,,,8,,0,false,2026-07-22T22:25:19+00:00
1024,82693361,https://github.com/INAETICS/Drones-Simulator,,13,d3081f042b72dad86d27434b7581e1fdeb673f81f975f5a67461637de7da0486,pending,,,pending,,,8,,0,false,2026-07-22T22:25:19+00:00
1025,66076162,https://github.com/RemotecraftProject/RemotecraftApp,,33,d319d4277140057175a7a7be6286eff34526d77e5d08e88ba4080b82bfae6856,pending,,,pending,,,8,,0,false,2026-07-22T22:25:19+00:00
1026,90016934,https://github.com/SentinelDataHub/dhus-core,,16,d3295af0cca38b8b57150bcb20aa25a71cade01dd53dc5720d6ac0b8948fd1f9,pending,,,pending,,,8,,0,false,2026-07-22T22:25:19+00:00
1027,4018481,https://github.com/AndreasFagschlunger/O2Xfs,,21,d39cebcc1df9d34006695c243da83c98b21f792a8c10ee9030b45658d61167a9,pending,,,pending,,,8,,0,false,2026-07-22T22:25:19+00:00
1028,5243160,https://github.com/SonarQubeCommunity/sonar-fortify,,12,d3ee0791e1bf5d0fe670c55809ee3abc65929680fdde07000d135e142c7648fe,pending,,,pending,,,8,,0,false,2026-07-22T22:25:19+00:00
1029,832676,https://github.com/apache/karaf,,57,d3efbbf9973391fb3efacb050faa1c47b98316507de02e775ad6ebd5e8876c9d,pending,,,pending,,,8,,0,false,2026-07-22T22:25:19+00:00
1030,62422842,https://github.com/onehilltech/concurrent,,15,d46f051fb9134fff22b0c56195df420960ec6c70edb021bd299a09d60ab224ff,pending,,,pending,,,8,,0,false,2026-07-22T22:25:19+00:00
1031,54767260,https://github.com/apache/sentry,,40,d4a068d3a56ce4fc727e09a96ff4b5b67b5c3a52f1d64c3f9573022c2c0c4200,pending,,,pending,,,8,,0,false,2026-07-22T22:25:19+00:00
1032,68661482,https://github.com/carbondata/carbondata,,13,d4a8d92de135168ed9f0615659b2f79c6f4fdddcc1988e7e61412b156d5d2ee3,pending,,,pending,,,8,,0,false,2026-07-22T22:25:19+00:00
1033,37987555,https://github.com/dkpro/dkpro-wsd,,14,d4c5abacb4fb62c8313b4a35149afac0d998fbdee33302b855908c98888f6fa0,pending,,,pending,,,8,,0,false,2026-07-22T22:25:19+00:00
1034,4597760,https://github.com/pentaho/pentaho-platform,,247,d4dbc613fcdb6bbfe0a29593174de269172e4c3553a450c7941934a04fd41b7e,pending,,,pending,,,8,,0,false,2026-07-22T22:25:19+00:00
1035,60536546,https://github.com/gini/gini-vision-lib-android,,16,d52a2e4970478fcc74953a9548868acfebbdf7e4c67719a8266d257ca9cdc8cc,pending,,,pending,,,8,,0,false,2026-07-22T22:25:19+00:00
1036,42987615,https://github.com/loye168/tddl5,,12,d531d3bdfbe9b5b51c1fc504d20f793fe3dbe85d64f4c1b4f08a2287be658f73,pending,,,pending,,,8,,0,false,2026-07-22T22:25:19+00:00
1037,5312808,https://github.com/dCache/nfs4j,,30,d5361857d95df384abe61ff8279d84f1dac5c99c58dacc1ce8b5627656c1c8c5,pending,,,pending,,,8,,0,false,2026-07-22T22:25:19+00:00
1038,40753051,https://github.com/proarc/proarc,,82,d586ec6dca8db6fc173a57dc65123d976b70f87acb109fc47b8105165f13fc40,pending,,,pending,,,8,,0,false,2026-07-22T22:25:19+00:00
1039,38943889,https://github.com/TheLastCheck/tlc.open.java,,13,d5aa1d5e8926cbbd9abcba3f71e0dcc0945d916552e887da6a5de61e3a7ccb29,pending,,,pending,,,8,,0,false,2026-07-22T22:25:19+00:00
1040,96331237,https://github.com/StuPro-TOSCAna/TOSCAna,,18,d5ee41e40b4311d342f0327d514f0f090bed6720c31b668f3b823f7ca0d59717,pending,,,pending,,,8,,0,false,2026-07-22T22:25:19+00:00
1041,5104280,https://github.com/SEL-Columbia/dristhi-app,,51,d60596d9507f787f95a9af83e5b60dd0e4c9277e6f4510f763f377c08d2bb190,pending,,,pending,,,8,,0,false,2026-07-22T22:25:19+00:00
1042,37125392,https://github.com/dkpro/dkpro-tc,,18,d61c0b77a7887e845b295466eeed838c0d6422e2f7f98f5866e9ed6da064eb4b,pending,,,pending,,,8,,0,false,2026-07-22T22:25:19+00:00
1043,4389698,https://github.com/JamesIry/jADT,,17,d66aa8b961885b935da459411ed99bfc88cf9afc13e452fb3280ca69943d678d,pending,,,pending,,,8,,0,false,2026-07-22T22:25:19+00:00
1044,858685,https://github.com/bcdev/sst-cci-toolbox,,109,d676b7fcd82fb6c7a715df88de9a1e50942c36ad9a3fe80800507e0c5ae40277,pending,,,pending,,,8,,0,false,2026-07-22T22:25:19+00:00
1045,89239936,https://github.com/fengchen8086/ditb,,123,d68b93bc17309852946a09fac3e81b332d21375abf4448404ef101f46c7fe11f,pending,,,pending,,,8,,0,false,2026-07-22T22:25:19+00:00
1046,41247722,https://github.com/AndroidSDKSources/android-sdk-sources-for-api-level-23,,15,d6a5c2e9866aa747817832f21499381a2ef67075401b6780724db28fdb81aec5,pending,,,pending,,,8,,0,false,2026-07-22T22:25:19+00:00
1047,6010090,https://github.com/otto-de/jsonhome,,29,d6a64c6ae702182f18e5feb393dc12a3ebcd786ab484e143c927d985b68f9e2e,pending,,,pending,,,8,,0,false,2026-07-22T22:25:19+00:00
1048,45986064,https://github.com/textocat/textokit-core,,21,d6b06bbf5ba212a3de33be432c6336ecc90f7ff51d93b20b343ef94c01b9693e,pending,,,pending,,,8,,0,false,2026-07-22T22:25:19+00:00
1049,72436214,https://github.com/celestial-winter/vics,,26,d6f0c699eb93388e8b71d1d0fb95ce970a28644974095429265c464f3b29ae00,pending,,,pending,,,8,,0,false,2026-07-22T22:25:19+00:00
1050,64193956,https://github.com/androidstarters/generator-android-architecture,,35,d71031fe676a494234b882e27cce98caf579c6062179500e2c470533b72b391b,pending,,,pending,,,8,,0,false,2026-07-22T22:25:19+00:00
1051,58921823,https://github.com/PacktPublishing/Mastering-Mesos,,101,d73a3fb61e77a5b61763b24c68f9250a788505dd0a5809ad4830e5ce58227d18,pending,,,pending,,,8,,0,false,2026-07-22T22:25:19+00:00
1052,68581045,https://github.com/cjbi/wetech-cms,,13,d7407aaf412803345e0f94808073d2dc29bcccbdca2369d36c16b31b998c81f0,pending,,,pending,,,8,,0,false,2026-07-22T22:25:19+00:00
1053,82348984,https://github.com/fondesa/lyra,,31,d78ee5d625a9f6603478876f2830f83f5b3ef258033b3e64de5a587024985fdc,pending,,,pending,,,8,,0,false,2026-07-22T22:25:19+00:00
1054,56136555,https://github.com/flaxsearch/harahachibu,,13,d7944a0c4435b50710683386ed857dc5dcb5e238c1046ac03025ab11001c0c72,pending,,,pending,,,8,,0,false,2026-07-22T22:25:19+00:00
1055,44750616,https://github.com/king/king-http-client,,14,d79bc6fd229ae20dd0eb3505cf162f545a78c1c47dd6cb5ef220ffa593f9a2a6,pending,,,pending,,,8,,0,false,2026-07-22T22:25:19+00:00
1056,48360594,https://github.com/Talend/data-quality,,108,d7c0642a562d6a2f705128489462d0032579bea0e21ca53eaf24c6af51fa33df,pending,,,pending,,,8,,0,false,2026-07-22T22:25:19+00:00
1057,6500041,https://github.com/paulhoule/infovore,,13,d7e71c921cd3fee6b9e851fae2afd333dc973b9c0c9bff05a1d624a44c820e5e,pending,,,pending,,,8,,0,false,2026-07-22T22:25:19+00:00
1058,7158649,https://github.com/zolyfarkas/spf4j,,73,d8262eba8ff5343d6bb58db62a49e3a037c0888e6404aeb9589a2f3b91238388,pending,,,pending,,,8,,0,false,2026-07-22T22:25:19+00:00
1059,41767364,https://github.com/GoogleCloudPlatform/cloud-trace-java,,13,d87a43d929215825ba0a7b965d1ff68176c3a0dc0e720d5af3be0d61468b47b8,pending,,,pending,,,8,,0,false,2026-07-22T22:25:19+00:00
1060,8791847,https://github.com/LearnLib/automatalib,,33,d88e96ad13c6cb1ea3d0df2cee278018315ad27b1971e77797f8d77cedb488ee,pending,,,pending,,,8,,0,false,2026-07-22T22:25:19+00:00
1061,8686380,https://github.com/j-easy/easy-rules,,19,d8c87a9dfbbb59574fcdb2f775930f053a6d81b8becc34850a45a7b9f718c177,pending,,,pending,,,8,,0,false,2026-07-22T22:25:19+00:00
1062,6426667,https://github.com/luontola/jumi-actors,,13,d8da0ccfd89d61294439def835b70b0b163e064d62bdedb865679a51f60fdaf0,pending,,,pending,,,8,,0,false,2026-07-22T22:25:19+00:00
1063,6966619,https://github.com/hawtio/hawtio,,15,d8fcb3e73b80a140d8a20584cfee11b0955caedd903025008c8861db6702c3e7,pending,,,pending,,,8,,0,false,2026-07-22T22:25:19+00:00
1064,777444,https://github.com/rhuss/jolokia,,70,d9023071ff240171f70327e9413fc18788dc37bf63900cba5c37b407d0c74b96,pending,,,pending,,,8,,0,false,2026-07-22T22:25:19+00:00
1065,4671935,https://github.com/platypii/BASElineFlightComputer,,40,d924978711c3f10c16c02666b640339e125e3bae0b1d5cb6218970b8247cfd9c,pending,,,pending,,,8,,0,false,2026-07-22T22:25:19+00:00
1066,520146,https://github.com/bcdev/beam,,198,d95b8cb07db1b0de6e0762551bba51ac8be44675bf382c2acf7d811b935414ea,pending,,,pending,,,8,,0,false,2026-07-22T22:25:19+00:00
1067,7321072,https://github.com/aliok/trnltk-java,,31,d978b2010f26dd4c8fbdf805b7166c5d9369518c1e21ebfe9451a90ada5b3068,pending,,,pending,,,8,,0,false,2026-07-22T22:25:19+00:00
1068,36303657,https://github.com/Dissem/Jabit,,15,d9addd6267326faf33a6c1ef0adc4e202071fa2f90cc9a9110dc2606a87e2e76,pending,,,pending,,,8,,0,false,2026-07-22T22:25:19+00:00
1069,39905754,https://github.com/murex/murex-coding-dojo,,19,d9f05cfc53e421ccb933fd0d81dc9a5b080334db6cdf93b194b811387dd8d408,pending,,,pending,,,8,,0,false,2026-07-22T22:25:19+00:00
1070,67836637,https://github.com/networknt/light-4j,,65,da3d06636990e49809ba766f2b06a21dcf743317618195e7827995a1eb2ff287,pending,,,pending,,,8,,0,false,2026-07-22T22:25:19+00:00
1071,65604083,https://github.com/apache/commons-rng,,47,da97dd2d8c8d80867d2fe41d540bc919c780a37567705687fe36ae77d3d06d3b,pending,,,pending,,,8,,0,false,2026-07-22T22:25:19+00:00
1072,6074181,https://github.com/INL/BlackLab,,15,da9fe377b0b8bd008e9a76b192ce988ce3aeadae54b99bfbfb1ff05c893a263d,pending,,,pending,,,8,,0,false,2026-07-22T22:25:19+00:00
1073,44253742,https://github.com/Terracotta-OSS/terracotta-platform,,112,dae579bf71ea2ae14626e6a1da877b06ee93ca90e734bf70de1f3cdc5e7ff7f7,pending,,,pending,,,8,,0,false,2026-07-22T22:25:19+00:00
1074,50718196,https://github.com/subutai-io/peer-os,,151,dafdf3b40fa5ed4891447c4fab86375fbc6ef69641551e98fa9ee5b4c764dbd4,pending,,,pending,,,8,,0,false,2026-07-22T22:25:19+00:00
1075,89562636,https://github.com/ARMmbed/java-coap,,36,db0f72a61366c6686ea08db30daca77242cc50fd2b0f18c0930f874f8ac035bd,pending,,,pending,,,8,,0,false,2026-07-22T22:25:19+00:00
1076,51104384,https://github.com/cloudkeeper-project/cloudkeeper,,22,db1f4f54b2f3b012ea7cb205db39cc0bb5aa3a5b6ecd40918c326951d7156722,pending,,,pending,,,8,,0,false,2026-07-22T22:25:19+00:00
1077,48584989,https://github.com/WiproOpenSource/openbdre,,85,db3f95d842676e76eed2d24d46c6497e6b55eae2e9997534010582942a56e629,pending,,,pending,,,8,,0,false,2026-07-22T22:25:19+00:00
1078,37984143,https://github.com/SentinelDataHub/DataHubSystem,,26,db56eae868e8c2f477490ef7868ae0cb4632ae569938fce044e4dfa4e857a526,pending,,,pending,,,8,,0,false,2026-07-22T22:25:19+00:00
1079,36658493,https://github.com/aioaneid/uzaygezen,,18,db6aae64c4544b32d1330878d574bbe4cfb2ed252c98657c88a42f3316f75830,pending,,,pending,,,8,,0,false,2026-07-22T22:25:19+00:00
1080,7056723,https://github.com/mock4aj/mock4aj,,13,dbb68c5c528dc95f0cbf7648437afd5e1e98793a36e1f03a9011d33ce3fe20a0,pending,,,pending,,,8,,0,false,2026-07-22T22:25:19+00:00
1081,7687890,https://github.com/p2abcengine/p2abcengine,,13,dc2af51fadba5d9fa649d60ef2f75655e75cbc4e41de7616207f078ba5f13363,pending,,,pending,,,8,,0,false,2026-07-22T22:25:19+00:00
1082,43645816,https://github.com/morimekta/providence,,56,dc568a16797adf97c79f973bf6956907d8915bea1071ccac022ab7e2ae9a6b3e,pending,,,pending,,,8,,0,false,2026-07-22T22:25:19+00:00
1083,4610430,https://github.com/ninjaframework/ninja,,64,dcda9e2bb6c74ef3fdc1724aa5618f73773b5429fe62a8da084a4d46c9f607d3,pending,,,pending,,,8,,0,false,2026-07-22T22:25:19+00:00
1084,9283641,https://github.com/timboudreau/acteur,,12,dcf81351e73030d9218b84bf1482b2f8516236498aa05788883be2fabcd2512f,pending,,,pending,,,8,,0,false,2026-07-22T22:25:19+00:00
1085,4260851,https://github.com/Ninja-Squad/DbSetup,,14,dd08cab4784a1d31f73931f6ed620a5aa3ec08791334c91380cb753dddb31cea,pending,,,pending,,,8,,0,false,2026-07-22T22:25:19+00:00
1086,774619,https://github.com/jdeolive/geotools-old,,147,dd1f889af7aec9dfc0a75317eb66819974fc61c2a05c86b5cc6b069ffeac8e8d,pending,,,pending,,,8,,0,false,2026-07-22T22:25:19+00:00
1087,5797013,https://github.com/kermitt2/grobid,,30,dd3323f972ebf4cf5467853b0624959e5aa95f00d94ce0eb35a8d22ee43b2615,pending,,,pending,,,8,,0,false,2026-07-22T22:25:19+00:00
1088,68967154,https://github.com/a0x8o/flink,,938,dd75e910f8f938d295a7f4ce0631ef4b23faf108bceda6285d3d0da0c27d9204,pending,,,pending,,,8,,0,false,2026-07-22T22:25:19+00:00
1089,39831872,https://github.com/xing/xing-android-sdk,,24,dd9336a8be1b41e4d35d81fd29ab72367e0c989cc113e124f9830941287aa68b,pending,,,pending,,,8,,0,false,2026-07-22T22:25:19+00:00
1090,43326581,https://github.com/sw360/sw360portal,,56,ddad3a20b5e3454613a465deb3742361d43ec8a5b20b88f568a644fc481d8271,pending,,,pending,,,8,,0,false,2026-07-22T22:25:19+00:00
1091,47607561,https://github.com/apache/metron,,155,de21b7010835f0a3a50f0d91e2a55f0b7a26429e948a49d92b8cb1f5c735a027,pending,,,pending,,,8,,0,false,2026-07-22T22:25:19+00:00
1092,52867190,https://github.com/HDouss/jeometry,,73,de2bf0f6cfa2d5dcfa959b0713d7cf2396e024dc04eb384819cdfd07d0c85811,pending,,,pending,,,8,,0,false,2026-07-22T22:25:19+00:00
1093,38732107,https://github.com/rsocket/rsocket-java,,30,de35eb64812e6a556436e29474ace1994c82df7f9e1fe91ac23016f96002d383,pending,,,pending,,,8,,0,false,2026-07-22T22:25:19+00:00
1094,92120027,https://github.com/rickding/HelloJava,,55,de397b6c59c330f0c0575cfbb88f5c194cfc9b7f301f26815462c9b243b6540e,pending,,,pending,,,8,,0,false,2026-07-22T22:25:19+00:00
1095,79564911,https://github.com/iterate-ch/cyberduck,,578,de4b7fd30a3216ebdd99a7eb2eea96a9510152188ff0223b9941888771ceea26,pending,,,pending,,,8,,0,false,2026-07-22T22:25:19+00:00
1096,77405221,https://github.com/spotify/java-hamcrest,,22,de4d188ea3833e15890a325d5810d2b859d86fe97ede4860713888448ab5b250,pending,,,pending,,,8,,0,false,2026-07-22T22:25:19+00:00
1097,6951233,https://github.com/openmrs/openmrs-module-webservices.rest,,26,de5b676e317b7772018b9699f5a715a0e2b249fe08a917f47e1439d21cb5e580,pending,,,pending,,,8,,0,false,2026-07-22T22:25:19+00:00
1098,68019127,https://github.com/dd00f/ibm-performance-monitor,,16,dea8cdd455a28fea1747fc6c1881cf1ead6ee7740d0d187db56168d6fb9e8ab0,pending,,,pending,,,8,,0,false,2026-07-22T22:25:19+00:00
1099,85361423,https://github.com/Azure/azure-cosmosdb-java,,23,df78e1589f033fb6457134717b993d7a616163c67ef5d3ee337d88bfc8d89cd6,pending,,,pending,,,8,,0,false,2026-07-22T22:25:19+00:00
1100,52609528,https://github.com/swisspush/gateleen,,59,df89aed7235e79fc290ce63fed8f6c72fb3bca0589b42c1f6cbdee90a25c23dc,pending,,,pending,,,8,,0,false,2026-07-22T22:25:19+00:00
1101,8914350,https://github.com/Netflix/suro,,30,dfddd882b053b4236276385b97c8683009202da83fa13f5a667a31c5ac423b07,pending,,,pending,,,8,,0,false,2026-07-22T22:25:19+00:00
1102,90096766,https://github.com/oktadeveloper/jhipster-microservices-example,,16,e031a07aa68cae1bdb5624f3c5980858fef3d45e9c553e0cb113cfa49fd22e42,pending,,,pending,,,8,,0,false,2026-07-22T22:25:19+00:00
1103,81617098,https://github.com/attdevsupport/VideoOptimzer,,85,e05a55ec695ac7f8eebde1c7b6121d657ea0cdffe9c72215eae2a5cce3baf377,pending,,,pending,,,8,,0,false,2026-07-22T22:25:19+00:00
1104,44190749,https://github.com/Asqatasun/Asqatasun,,16,e0738261641e358fa2a8d56b0290922457bb2e6963c2b8504a7e1c0fcd7245d7,pending,,,pending,,,8,,0,false,2026-07-22T22:25:19+00:00
1105,9854553,https://github.com/JadiraOrg/jadira,,38,e0d3c7f1a06acca6b65b04287d8db99ac1ff1681bbd705cbdb8be5d661e21297,pending,,,pending,,,8,,0,false,2026-07-22T22:25:19+00:00
1106,75215830,https://github.com/openmpf/openmpf,,19,e0ffcac369c43e438c64fb53d1a7fac162d91d13debf729e477cfae77415e599,pending,,,pending,,,8,,0,false,2026-07-22T22:25:19+00:00
1107,73056727,https://github.com/yegor256/eo,,20,e1331f761e6386e9998453676fdb7c4e90a0000cd2aaa584b23d70b6ce0cad39,pending,,,pending,,,8,,0,false,2026-07-22T22:25:19+00:00
1108,49876476,https://github.com/apache/incubator-shardingsphere,,442,e178a127c715613171603d5a581cd7486cbcc15f31e518b00857e812c8704e52,pending,,,pending,,,8,,0,false,2026-07-22T22:25:19+00:00
1109,38743792,https://github.com/aliyun/aliyun-odps-java-sdk,,52,e1c8cee6d713218d0535cb75a4375f0cb8028ec4cc81eeca433636c5a1030b3a,pending,,,pending,,,8,,0,false,2026-07-22T22:25:19+00:00
1110,51848128,https://github.com/geekflow/light,,26,e1c9aa145208f1fbe4cc3bb508038896faffa8ae4a9a8de882a287a697d03917,pending,,,pending,,,8,,0,false,2026-07-22T22:25:19+00:00
1111,36456716,https://github.com/status-im/ethereumj-personal,,17,e1e57657b5e08ee596c8e731110d482be7b2c60eb89be3e737c84c193fef2ac2,pending,,,pending,,,8,,0,false,2026-07-22T22:25:19+00:00
1112,4858466,https://github.com/intermine/intermine,,25,e23788dff1e1cc61399799e560c88a7d77b2994fd5617f465d81be6f96fe4052,pending,,,pending,,,8,,0,false,2026-07-22T22:25:19+00:00
1113,60783603,https://github.com/microsoft/appcenter-sdk-android,,75,e2508864594a913b5f58d36fabfec3ba74270fa04bff67580e5e3dfefc28287d,pending,,,pending,,,8,,0,false,2026-07-22T22:25:19+00:00
1114,46981783,https://github.com/JetBrains/teamcity-runas-plugin,,13,e295d31c50efee2e5aa880fd2032837ef021b745c6b166d679ae6f875d7298cf,pending,,,pending,,,8,,0,false,2026-07-22T22:25:19+00:00
1115,6275822,https://github.com/dreamhead/moco,,15,e30e15049206aaad13024ab8ef87075ac68ee7cdbba1627227e171ae48a53963,pending,,,pending,,,8,,0,false,2026-07-22T22:25:19+00:00
1116,9553726,https://github.com/JavaMoney/javamoney-lib,,52,e35965d2068f16dacec312f8064a10fdbbacb5e5afddbba759243fc5f61eb759,pending,,,pending,,,8,,0,false,2026-07-22T22:25:19+00:00
1117,62209334,https://github.com/hasadna/open-bus,,12,e3ac0eeca48617410c8f00b2ecbfea6168361c275f7f7574efef09cbfe47b8f0,pending,,,pending,,,8,,0,false,2026-07-22T22:25:19+00:00
1118,79946335,https://github.com/seznam/euphoria,,22,e3bec1f320a133e0d0c9020a2b97895a53fcb1385ddd1727102cee7b724fcff3,pending,,,pending,,,8,,0,false,2026-07-22T22:25:19+00:00
1119,65158020,https://github.com/de-jcup/egradle,,65,e3dab967a1a06059eff78c7be0697ec4a0d151abe287c8df4156064637faad7d,pending,,,pending,,,8,,0,false,2026-07-22T22:25:19+00:00
1120,46804199,https://github.com/anathema/anathema_3e,,30,e45785cb837e0d407005e6dff51c72e7ee7565a22e99d490595ed111270cf351,pending,,,pending,,,8,,0,false,2026-07-22T22:25:19+00:00
1121,92375988,https://github.com/exonum/exonum-java-binding,,47,e465096c8cd5f12219dd961ec979f1847df881d062bcc1e91f086f86f9e1f00f,pending,,,pending,,,8,,0,false,2026-07-22T22:25:19+00:00
1122,82007769,https://github.com/Teradata/jaqy,,14,e47f27585e7b21a0b8a7c299309cb1097352fe65043a5831659768bfe3fea9d0,pending,,,pending,,,8,,0,false,2026-07-22T22:25:19+00:00
1123,5061371,https://github.com/aboutsip/pkts,,23,e4bb1b5c151cd3ab7cb8aa59992e847a7481f50837727bbe9fb91b2179cc2079,pending,,,pending,,,8,,0,false,2026-07-22T22:25:19+00:00
1124,72240906,https://github.com/eeverman/andhow,,35,e4ceceac33c37ea2332390e235d540b96e824e3f3f94be0d783e9d3099787e0b,pending,,,pending,,,8,,0,false,2026-07-22T22:25:19+00:00
1125,908709,https://github.com/fozziethebeat/C-Cat,,24,e4ee3467f96ae9e44a77e6c1fe44f9bffea4231d7ae4a7e5bf414b75d3c77128,pending,,,pending,,,8,,0,false,2026-07-22T22:25:19+00:00
1126,45225736,https://github.com/aegisql/conveyor,,29,e5f2d78587b30d6d65378f0689c29967dd880660025ab58ba8bd3487df1081d0,pending,,,pending,,,8,,0,false,2026-07-22T22:25:19+00:00
1127,63372616,https://github.com/eclipse/jnosql,,114,e627c43d11cd47e6d15a3a5f92a4c9fe38bab8d1ef6f434fb707e4653ea905ae,pending,,,pending,,,8,,0,false,2026-07-22T22:25:19+00:00
1128,72846258,https://github.com/srcdeps/srcdeps-core,,13,e62def1d15da13400c95e939402eb49a7550184d12cb175adddd0766678682be,pending,,,pending,,,8,,0,false,2026-07-22T22:25:19+00:00
1129,74581177,https://github.com/BBVA-CIB/APIRestGenerator,,31,e664a5806537a4a3c0184f8b5766d6cb37ff16487405a83c15c825fcab76d2f1,pending,,,pending,,,8,,0,false,2026-07-22T22:25:19+00:00
1130,84104620,https://github.com/aws/aws-xray-sdk-java,,36,e6acacea5b11d33eefa24a193faff96a7a942ada7310d3bd19f51514cc1ad504,pending,,,pending,,,8,,0,false,2026-07-22T22:25:19+00:00
1131,35174991,https://github.com/openfoodfacts/openfoodfacts-androidapp,,23,e6c3efc3ae24e1e2670827a5806211303fc5598460b1f882bc9b4a424adfa28c,pending,,,pending,,,8,,0,false,2026-07-22T22:25:19+00:00
1132,71119502,https://github.com/proteus-h2020/proteus-engine,,180,e741ef042e6d1fa83a15d19f061142866d485a24ef2f929873173fdbb29f48be,pending,,,pending,,,8,,0,false,2026-07-22T22:25:19+00:00
1133,39342898,https://github.com/bitbrain/braingdx,,15,e751cf1168b980eab77be2137a8a0c60973a9036019a0f992bc8b1c0925fdfba,pending,,,pending,,,8,,0,false,2026-07-22T22:25:19+00:00
1134,5171172,https://github.com/altamiracorp/honeycomb,,18,e795c08b66adb93544c857ea236358da67b5dfb0d7882d7ad6bf4a283315d45c,pending,,,pending,,,8,,0,false,2026-07-22T22:25:19+00:00
1135,5796756,https://github.com/joliciel-informatique/talismane,,15,e7be34a630821d30496d87b15c3534ab50db2c6f7affcff15e3b37145aa9e299,pending,,,pending,,,8,,0,false,2026-07-22T22:25:19+00:00
1136,62282525,https://github.com/jcustenborder/connect-utils,,21,e7c98fcd1d1affffadd097fe7b9bbf58e04b2273b25a18c41de666b678d61cde,pending,,,pending,,,8,,0,false,2026-07-22T22:25:19+00:00
1137,40029062,https://github.com/sonatype/nexus-public,,413,e7fbc7c57751f2aefa36f6b84c5b3e1bb28045c79a8666b161bb63f0da7843e3,pending,,,pending,,,8,,0,false,2026-07-22T22:25:19+00:00
1138,50834437,https://github.com/orange-cloudfoundry/sec-group-broker-filter,,17,e811e8488d98aab6e3645e7636a35ede53d2502897eab2ce3bbf68353ec7479f,pending,,,pending,,,8,,0,false,2026-07-22T22:25:19+00:00
1139,68029136,https://github.com/liimaorg/liima,,102,e831cc80a75fb9a1cefefbecf8a638571bf7d48bd2370007d1d923367986d755,pending,,,pending,,,8,,0,false,2026-07-22T22:25:19+00:00
1140,54231507,https://github.com/barancev/decorated-webdriver,,14,e8a73a13324b60fad4489c822b34b1e7e6ed7a255bda05efd5d42315e585fd48,pending,,,pending,,,8,,0,false,2026-07-22T22:25:19+00:00
1141,79246257,https://github.com/salesforce/pyplyn,,17,e8cd2a413cf39845773064ee3e7123fd56f7df3a3864a44708aa7874d46982f2,pending,,,pending,,,8,,0,false,2026-07-22T22:25:19+00:00
1142,78391996,https://github.com/ealva-com/ealvatag,,31,e8e14e3281612ccb0d8cb99d97be404ac8a6171cc9f74ff98d8e85e843989d6d,pending,,,pending,,,8,,0,false,2026-07-22T22:25:19+00:00
1143,4341250,https://github.com/bazaarvoice/ostrich,,27,e8f7e12b0ea94c2ddc86e7c9e5c4dbc1462736f075ad2f58e6e00e63deea2d2f,pending,,,pending,,,8,,0,false,2026-07-22T22:25:19+00:00
1144,72740687,https://github.com/gchq/stroom,,105,e93a84b938be944f6853d0503d8080301c9ddaf070d157161dfab04fbae6d9cf,pending,,,pending,,,8,,0,false,2026-07-22T22:25:19+00:00
1145,8967798,https://github.com/pryzach/midao,,60,e94438037a5d1651614c52e07daf8f895acd743d411358f19d59f21409ec0dc0,pending,,,pending,,,8,,0,false,2026-07-22T22:25:19+00:00
1146,39513536,https://github.com/BioPAX/Paxtools,,14,e996a4a9b90ce67f0cc4b120d9a4a8ab159a994b34939a0aa83b47e24c39d0f0,pending,,,pending,,,8,,0,false,2026-07-22T22:25:19+00:00
1147,8701655,https://github.com/JetBrains/mapper,,29,e9c3a37a6ce3f44b68c0ee40b25f39c8e0cb617e45369ca0cdc4bc740779e46c,pending,,,pending,,,8,,0,false,2026-07-22T22:25:19+00:00
1148,70515162,https://github.com/Nike-Inc/cerberus,,34,ea353778a13a1854ab3a7c96117a39a8f9962c6e8ab35cecb2d51f0a106e7820,pending,,,pending,,,8,,0,false,2026-07-22T22:25:19+00:00
1149,3669065,https://github.com/open-keychain/open-keychain,,21,ea4c3ab247d1d0e8034360910feded162ba1f64e1251c2ae36001a4d768d40e8,pending,,,pending,,,8,,0,false,2026-07-22T22:25:19+00:00
1150,9165045,https://github.com/AKSW/RDFUnit,,27,ea64e2984bf1dffe9737c875bd502e132ab9204e5dfce404dd1e8d3d1bddf3af,pending,,,pending,,,8,,0,false,2026-07-22T22:25:19+00:00
1151,3724388,https://github.com/GeoscienceAustralia/ga-worldwind-suite,,37,ea843fae5c2ade8c13c5f31f85410fc6a1033fe268cba2b03a39199f30b3921b,pending,,,pending,,,8,,0,false,2026-07-22T22:25:19+00:00
1152,7767313,https://github.com/chompi/openrtb2x,,16,eac639a84c82a477adf4d2eefbf61bc34977df1c0fe5a8360516c0d518cf47db,pending,,,pending,,,8,,0,false,2026-07-22T22:25:19+00:00
1153,58203049,https://github.com/georocket/georocket,,18,eaf3b01b28368cfb11a7936243297b63de958be3ed7728c3be796f054e217eb7,pending,,,pending,,,8,,0,false,2026-07-22T22:25:19+00:00
1154,38935102,https://github.com/raydac/netbeans-mmd-plugin,,19,eb0a51e303b54e6a25f12060cacca84dc009d945581b9327b61c490158ef3226,pending,,,pending,,,8,,0,false,2026-07-22T22:25:19+00:00
1155,61744742,https://github.com/groupon/monsoon,,95,eb2133e7581b738b1bde3d8211e73c2e3c19321d9e5b074a5df081e67cd9b076,pending,,,pending,,,8,,0,false,2026-07-22T22:25:19+00:00
1156,7623114,https://github.com/mbedward/jaitools,,24,eb4ab6d73d8f37c83566e6f76860444ad74c37810db5db6bd2ff63c9cf36ce97,pending,,,pending,,,8,,0,false,2026-07-22T22:25:19+00:00
1157,97490945,https://github.com/HotelsDotCom/waggle-dance,,45,eb5222b4599aaef20d07ba77b93c3882795c1c53b0371d4a5ee7bcbaa19f10d8,pending,,,pending,,,8,,0,false,2026-07-22T22:25:19+00:00
1158,97621321,https://github.com/OpenSRP/opensrp-client-core,,174,eb6dd583676b5fc87961886d2a48d9c3c348a33ecc78b3f1b05c9989bce4ec1d,pending,,,pending,,,8,,0,false,2026-07-22T22:25:19+00:00
1159,61879415,https://github.com/bcvsolutions/CzechIdMng,,32,eb6e37b023b1988137e06f0fb82620ab9f0f8acbe71de54c2a5830a7c34f6696,pending,,,pending,,,8,,0,false,2026-07-22T22:25:19+00:00
1160,6509909,https://github.com/novoda/dojos,,40,eb93f1361a7dc14e5934bc7f9532836fb77e90aeb5f81db8eb7c5e13a3f165ab,pending,,,pending,,,8,,0,false,2026-07-22T22:25:19+00:00
1161,56278667,https://github.com/Aptoide/aptoide-client-v8,,15,ebf687d87a582c5da7ac4ffbdb59c8d3a63b696941fe7f559a7604575b9f41f9,pending,,,pending,,,8,,0,false,2026-07-22T22:25:19+00:00
1162,86107810,https://github.com/CMSgov/qpp-conversion-tool,,67,ec3d740aec7300c158c781f30e076bab1fb69321e6bd1e940113ea337334ac41,pending,,,pending,,,8,,0,false,2026-07-22T22:25:19+00:00
1163,45502729,https://github.com/spinn3r/artemis-framework,,52,ec81f29b6a1675236d9aa8d29079fd71cea819271e6605710ff7fdb755b8dd21,pending,,,pending,,,8,,0,false,2026-07-22T22:25:19+00:00
1164,74562982,https://github.com/JeanRev/TeamcityDockerCloudPlugin,,40,ecda236fe6e09caf8c7ce98ea9a69b36380f14c805ec8ba25e8b432a5110f15f,pending,,,pending,,,8,,0,false,2026-07-22T22:25:19+00:00
1165,46368934,https://github.com/rollbar/rollbar-java,,36,ed1c0987e0df029a0a665a5c08896814b7312e80f79674340a6dcb3a684c56a7,pending,,,pending,,,8,,0,false,2026-07-22T22:25:19+00:00
1166,52804523,https://github.com/codice/alliance,,78,ed7411410ac10539c393c5b51af679f75e0116cb6c12ad6a953672f99037a873,pending,,,pending,,,8,,0,false,2026-07-22T22:25:19+00:00
1167,4248863,https://github.com/behrica/jira-rest-java-client,,36,edb95433d553abddd1beaa7357f1e002748eca2386ef1364c9d790f635f67ad1,pending,,,pending,,,8,,0,false,2026-07-22T22:25:19+00:00
1168,5643380,https://github.com/douglasjunior/DouglasJuniorTCC,,25,edd61cfe02301a1658cc2cf4f3843d6ef4d20c12ba87df5c92b0875c578d7224,pending,,,pending,,,8,,0,false,2026-07-22T22:25:19+00:00
1169,73711911,https://github.com/wjaskowski/mastering-2048,,44,ee0299dfd5f2449c694a5d44da703764d7e588c5da3d5f8fc14313ab32cc3b1f,pending,,,pending,,,8,,0,false,2026-07-22T22:25:19+00:00
1170,65973286,https://github.com/apache/bahir-flink,,12,ee45c6a5612865e44d18ad958e3582b5250b7a2df9f7b90d9086e7cc38f961e2,pending,,,pending,,,8,,0,false,2026-07-22T22:25:19+00:00
1171,745456,https://github.com/sevntu-checkstyle/sevntu.checkstyle,,18,ee617000b6a62490d667dc140526182de19308a13326a5921d10b19bf71e7cfe,pending,,,pending,,,8,,0,false,2026-07-22T22:25:19+00:00
1172,35206972,https://github.com/Stratio/cassandra-lucene-index,,49,ee6c0feafdf238c44c2b52968421d16a2a44be72d5f5fd2168d92e848df47707,pending,,,pending,,,8,,0,false,2026-07-22T22:25:19+00:00
1173,930571,https://github.com/kiegroup/jbpm,,53,ee6d81f1731a95dbfcb0950a9af0b1e2ddc20e1a70ea0d48d59989625febe66b,pending,,,pending,,,8,,0,false,2026-07-22T22:25:19+00:00
1174,8582237,https://github.com/splicemachine/spliceengine,,64,ee92dda6f6c832210fe5587d26c7e2adc3d85e440f726f06676e3cb5ebfee64e,pending,,,pending,,,8,,0,false,2026-07-22T22:25:19+00:00
1175,37816257,https://github.com/javamelody/javamelody,,51,ef6fa20d789047beed50976c046176c642044c4f2cc86f09e10cf01fc2ba339e,pending,,,pending,,,8,,0,false,2026-07-22T22:25:19+00:00
1176,39922362,https://github.com/cdapio/hydrator-plugins,,43,eff421c9175b09ab4015852fa06b880fd4b011feefdc5bc21f32bd846cd45189,pending,,,pending,,,8,,0,false,2026-07-22T22:25:19+00:00
1177,64719557,https://github.com/Nike-Inc/riposte,,91,f08effd97c3d924c8c75cc92a212e49aaf4634ceb2c8af5d04f203f0af89ea9f,pending,,,pending,,,8,,0,false,2026-07-22T22:25:19+00:00
1178,38482121,https://github.com/kazssym/bitbucket-api-client.java,,14,f0ca14a03b9536ceaa468a534421f1b03cf7f4f17683ca0ed70e91c3568b8e80,pending,,,pending,,,8,,0,false,2026-07-22T22:25:19+00:00
1179,71982467,https://github.com/hortonworks/registry,,24,f0cf4fd705e4a1b6cb2f622f5f7d6c06475cade55c7a22b87129798964783222,pending,,,pending,,,8,,0,false,2026-07-22T22:25:19+00:00
1180,86808110,https://github.com/toolisticon/annotation-processor-toolkit,,72,f11f1f2fb83de5c5095d4441e401157882d5f8f81a3f152e268f271a0a6a8e5d,pending,,,pending,,,8,,0,false,2026-07-22T22:25:19+00:00
1181,4604367,https://github.com/sirixdb/sirix,,62,f1670a1afe1ee0de23c1195de657b3e712e69cb6a5a17cd048ccd9eb5bfa8322,pending,,,pending,,,8,,0,false,2026-07-22T22:25:19+00:00
1182,6682280,https://github.com/kijiproject/kiji-schema,,65,f1836da1e85723946c545393b1c02a26814e9cb43e065f7b4822af96b62aaae2,pending,,,pending,,,8,,0,false,2026-07-22T22:25:19+00:00
1183,7243760,https://github.com/barchart/barchart-feed,,17,f1d65350cd4241ae95ae38011d85b91d583f477c4521fdccdba857844e6db6de,pending,,,pending,,,8,,0,false,2026-07-22T22:25:19+00:00
1184,5622726,https://github.com/switchfly/switchfly-java,,19,f24edc3d941123fa877c82addd3f3ab95131d317bcddb4d2724ba9dbc87f343f,pending,,,pending,,,8,,0,false,2026-07-22T22:25:19+00:00
1185,7731254,https://github.com/richfaces/richfaces,,13,f2890bb44b5ba80a4282e75b677982f127a0560b3e76d2242bee5d142e0e1913,pending,,,pending,,,8,,0,false,2026-07-22T22:25:19+00:00
1186,9800160,https://github.com/europeana/Europeana-Cloud,,89,f29c9f8316937e019fb2a7ed3e350c7fccdbbfa7cf25b47d83948d5327174aa7,pending,,,pending,,,8,,0,false,2026-07-22T22:25:19+00:00
1187,56003499,https://github.com/opendaylight/genius,,27,f2c541df1b0f33bfcc0b94bde35bbf9114ed49f8f42a7da7118b1e15544f4c89,pending,,,pending,,,8,,0,false,2026-07-22T22:25:19+00:00
1188,81611630,https://github.com/mike10004/har-replay,,30,f2c57ba040d5736816af779f1f7a454c698c89a7f6a4dea330297a1925a75eb1,pending,,,pending,,,8,,0,false,2026-07-22T22:25:19+00:00
1189,6370211,https://github.com/obiba/onyx,,66,f2cea3d10923921b10283eee2f571cb18008d5498efe6b8e17d1c4272c627323,pending,,,pending,,,8,,0,false,2026-07-22T22:25:19+00:00
1190,8426406,https://github.com/mock-server/mockserver,,135,f2ee4d9609a586aceb0d3ca7c765a753b84412cc17f8efa3c156c0070ddf5a5f,pending,,,pending,,,8,,0,false,2026-07-22T22:25:19+00:00
1191,62342369,https://github.com/exense/step,,28,f3390851c743204ba0a2401272ded197a79431fc385558fd7954d5fc47210e78,pending,,,pending,,,8,,0,false,2026-07-22T22:25:19+00:00
1192,60701545,https://github.com/JetBrains/adt-tools-base,,65,f33eef30bc0de7252fe214853affab56794a61838a0eb0bc85e3ff92ce768e45,pending,,,pending,,,8,,0,false,2026-07-22T22:25:19+00:00
1193,46404009,https://github.com/apache/eagle,,73,f3659f99af705f4f75b027f73d5b4d13af0f58e4b58dcaf3c1097d170f45a199,pending,,,pending,,,8,,0,false,2026-07-22T22:25:19+00:00
1194,82035099,https://github.com/apache/griffin,,25,f38ffbf8240b0c1d8411a52b670073bf64adfd41941e4ab6c4491ecc4893cce8,pending,,,pending,,,8,,0,false,2026-07-22T22:25:19+00:00
1195,46181665,https://github.com/jaxio/celerio,,13,f3a060d113a6269c511ab786158fb0817b853093a07580d31ab9dc0701f5f0f5,pending,,,pending,,,8,,0,false,2026-07-22T22:25:19+00:00
1196,60573613,https://github.com/zhoujia123/ElasticJob,,54,f3bbf2534ec3aa2fe13e2905929a0fb501752f7c80528bdd186e6ebeb5388864,pending,,,pending,,,8,,0,false,2026-07-22T22:25:19+00:00
1197,790859,https://github.com/jboss-switchyard/core,,42,f423da6db29cf738742bfc79c245f4fd09a0fa24fccbf561e286aeff564ba2ad,pending,,,pending,,,8,,0,false,2026-07-22T22:25:19+00:00
1198,9499422,https://github.com/stratosphere/stratosphere,,33,f43ac623b06229c92383b5c2954a9d4a9353202dd162da4b740c8ee21a3c4153,pending,,,pending,,,8,,0,false,2026-07-22T22:25:19+00:00
1199,48880766,https://github.com/jtablesaw/tablesaw,,58,f43c04f25572a9bb92808625404a4d09a7dabb28eea19324c586a1252302f32d,pending,,,pending,,,8,,0,false,2026-07-22T22:25:19+00:00
1200,51858172,https://github.com/intuit/Autumn,,20,f444785bb6194f923f5c87cfca0875bb392090ac96d0e623faf38f84795c9d1b,pending,,,pending,,,8,,0,false,2026-07-22T22:25:19+00:00
1201,49961489,https://github.com/Essens/openbidder,,54,f4e2c9934c9dfc8b87f81614f0def2a31569fa5ea5cfbc01d1527d353e99db73,pending,,,pending,,,8,,0,false,2026-07-22T22:25:19+00:00
1202,40735368,https://github.com/FUNCATE/geotools-android,,155,f4e87550562886b420e2635c45cc22fbf321033cecd971db78f1f68c8a4d3756,pending,,,pending,,,8,,0,false,2026-07-22T22:25:19+00:00
1203,39005675,https://github.com/antag99/retinazer,,15,f53b17dac8172341b77ef590e0be0009b7f341b68fde163a0a63be797f225d26,pending,,,pending,,,8,,0,false,2026-07-22T22:25:19+00:00
1204,832679,https://github.com/apache/attic-whirr,,27,f583636340bcaf5def040678cfbf671711bb56a0bdfac22189b0753a431ff823,pending,,,pending,,,8,,0,false,2026-07-22T22:25:19+00:00
1205,81175234,https://github.com/beckhoho/Drawlottery,,30,f5f4ca45ebf3fbd9e8ed15e3a5ea48bbe1c814453f27513b58ceb60562a6f1d3,pending,,,pending,,,8,,0,false,2026-07-22T22:25:19+00:00
1206,660443,https://github.com/cdk/cdk,,501,f5ff038778d3045c54ea5db94b8c604b1832d92387668a7ce2b22a104eb7fe76,pending,,,pending,,,8,,0,false,2026-07-22T22:25:19+00:00
1207,86331365,https://github.com/jencisopy/JavaBeanStack,,14,f605ea4cea7c2384bbeda158c841a455c46408eab4d2ed2f64b2139e47ec3759,pending,,,pending,,,8,,0,false,2026-07-22T22:25:19+00:00
1208,37136454,https://github.com/spotify/missinglink,,16,f63765c7414f7ebb2d6d6d476029e6aba125cb39ba40887fbdbb0032a86e3144,pending,,,pending,,,8,,0,false,2026-07-22T22:25:19+00:00
1209,7022775,https://github.com/Johnnei/JavaTorrent,,94,f66a767616761401eeefdf8d453abb94170c79edbbd8d69e6eb70528e1759e68,pending,,,pending,,,8,,0,false,2026-07-22T22:25:19+00:00
1210,9078421,https://github.com/calrissian/accumulo-recipes,,14,f6aa8b4a576773657389900124ac08dbeb70fd59c022255add58114af7d69b72,pending,,,pending,,,8,,0,false,2026-07-22T22:25:19+00:00
1211,47613863,https://github.com/quicktheories/QuickTheories,,23,f6c19526c78c0ab9185e3a735c29593559fae5e007f4116bb072e3fc4ab5ef25,pending,,,pending,,,8,,0,false,2026-07-22T22:25:19+00:00
1212,39392321,https://github.com/FTSRG/theta,,27,f6f3994036b9408b8662679910fb4d5256e815ea1f88c10706e058b6a6d685ca,pending,,,pending,,,8,,0,false,2026-07-22T22:25:19+00:00
1213,44512524,https://github.com/zqhxuyuan/bigdata,,124,f7b5980a6e7df424fa8b33ce140f61962c60bf7495b77b4f91d1988daec45c67,pending,,,pending,,,8,,0,false,2026-07-22T22:25:19+00:00
1214,36873773,https://github.com/himanshumistri/MaterialDesign,,102,f7e7cbd20a3ea6427d3cdea6711e5e0498ee04dc37ebf80ec71f9437b5f6275e,pending,,,pending,,,8,,0,false,2026-07-22T22:25:19+00:00
1215,96114330,https://github.com/jpmorganchase/swblocks-decisiontree,,36,f7f913f832ec68ff97eac25a7a7d37f31d34612dfffeac4e3dd91cf2d8d8e883,pending,,,pending,,,8,,0,false,2026-07-22T22:25:19+00:00
1216,8706918,https://github.com/cloudera/search,,24,f81f1021a07f2b0112ffa32398c71fbcd325a7fbd847494218460cb6d0269340,pending,,,pending,,,8,,0,false,2026-07-22T22:25:19+00:00
1217,70809374,https://github.com/labsai/EDDI,,23,f8273a243e189f4a598629dfb500344949deb6fa888b5ce9741ae4d5e6c7ce8b,pending,,,pending,,,8,,0,false,2026-07-22T22:25:19+00:00
1218,7770259,https://github.com/apache/openejb,,12,f845c189e1337406738eeaf7cc3d53ab4fc52507214005af025db9cb548990b5,pending,,,pending,,,8,,0,false,2026-07-22T22:25:19+00:00
1219,93314642,https://github.com/interledger4j/ilpv4-connector,,65,f8d75f8a9f96c4b7572f4fc218c99985e11bf3cf50485a89178c1bdf6371ddcb,pending,,,pending,,,8,,0,false,2026-07-22T22:25:19+00:00
1220,35550196,https://github.com/webanno/webanno,,16,f9236cc3f86bc6a4bd6c097ca08a6f5f60e870ccf4dd5e50c9c6a1d49a16a900,pending,,,pending,,,8,,0,false,2026-07-22T22:25:19+00:00
1221,77145569,https://github.com/SAP/olingo-jpa-processor-v4,,46,f9549d535bc4dde36261fd4b924ac0dfc6ee289b78e74dc41f1c6b735951ec20,pending,,,pending,,,8,,0,false,2026-07-22T22:25:19+00:00
1222,35680131,https://github.com/HotelsDotCom/corc,,19,f97d70d7bfc345f2d1e55fe6dc8405aff5c910dcee3044e378951a0494cb455d,pending,,,pending,,,8,,0,false,2026-07-22T22:25:19+00:00
1223,851175,https://github.com/bcdev/beam-globalbedo,,18,f999ea94806bfcbb4dd4db04d37d3bc58f23be19af576966cac200bbd1820263,pending,,,pending,,,8,,0,false,2026-07-22T22:25:19+00:00
1224,84311940,https://github.com/gocd/gocd-filebased-authentication-plugin,,18,f99a00fba1d7cc1b64b83f5165fcfb072a2b7f45f71d5e821047bbeba41cb389,pending,,,pending,,,8,,0,false,2026-07-22T22:25:19+00:00
1225,43913943,https://github.com/TriangleLeft/Flashcards,,16,f9b09b1ca70e5274444235c4836cf0f14a4a3e2ec413d7cd7ae6354fe2ef2b60,pending,,,pending,,,8,,0,false,2026-07-22T22:25:19+00:00
1226,8262365,https://github.com/intel-hadoop/hadoop-common-rhino,,319,fa15950a01dabd9fd1bfd68098bb6444ae252863d946d7d31fe048aa2c7b0281,pending,,,pending,,,8,,0,false,2026-07-22T22:25:19+00:00
1227,81368488,https://github.com/GazePlay/GazePlay,,52,fa308d4f0905e326dd08689ed8e5c4917f54e86331f02a6e4557fe795fe6dbe2,pending,,,pending,,,8,,0,false,2026-07-22T22:25:19+00:00
1228,6937573,https://github.com/deegree/deegree3,,117,fa513051a5ab7755c94626e69754ad23688bdc4d30569575d1f21fddf7816f66,pending,,,pending,,,8,,0,false,2026-07-22T22:25:19+00:00
1229,81587412,https://github.com/cereebro/cereebro,,43,fa552eeba485a002fdf0f5bcd04eef8867d70d4cdb5ba9244527dbc13ec86e9b,pending,,,pending,,,8,,0,false,2026-07-22T22:25:19+00:00
1230,5122021,https://github.com/facebookarchive/jcommon,,42,fa87660403cec2601e947462e8cfc08edee0a5f66b7e00b97713f7ad850629df,pending,,,pending,,,8,,0,false,2026-07-22T22:25:19+00:00
1231,5455433,https://github.com/RestComm/media-core,,107,faf350d6f31744f41cdebb5fb04e08cc012db986abbdfe05c92cb632399869cb,pending,,,pending,,,8,,0,false,2026-07-22T22:25:19+00:00
1232,36960637,https://github.com/palantir/atlasdb,,204,fb1c6886eb26fdb0d9dd778272ae5e28d96874f2703636b36e5914433495e910,pending,,,pending,,,8,,0,false,2026-07-22T22:25:19+00:00
1233,6358188,https://github.com/apache/druid,,666,fb720d0556c9ddce1cc2eda4d380049b2c0f5b07b6d850cf8d335785269d5b32,pending,,,pending,,,8,,0,false,2026-07-22T22:25:19+00:00
1234,56342003,https://github.com/kangaroo-server/kangaroo,,97,fbb7891fdc341137c73d3f74d2164e2f9807f3ca210095688bee8ab127a8c229,pending,,,pending,,,8,,0,false,2026-07-22T22:25:19+00:00
1235,39063523,https://github.com/SIGLUS/lmis-moz-mobile,,112,fbed5625b25a1cd5def9ef9bf62fab11b34cf277717f6c4026588235e9295a46,pending,,,pending,,,8,,0,false,2026-07-22T22:25:19+00:00
1236,79060427,https://github.com/ProgrammeVitam/vitam,,485,fc56888e366718cf08c84c931b780d7d0a38227f1e06d6f10317566c0c75d163,pending,,,pending,,,8,,0,false,2026-07-22T22:25:19+00:00
1237,3986627,https://github.com/jutzig/jabylon,,13,fcdc4edf357643c28f512279665dc0c729254fe3339897dac9e0719be3d143fd,pending,,,pending,,,8,,0,false,2026-07-22T22:25:19+00:00
1238,3657930,https://github.com/apache/jackrabbit-oak,,548,fcf376a002b2537bb7fe4d2d29f47cf18044bfcd9b2a5c68a74ac4ea81469472,pending,,,pending,,,8,,0,false,2026-07-22T22:25:19+00:00
1239,91470090,https://github.com/rsksmart/rskj,,209,fd90f8049f1fa9ae952524a14fe997901e6a576b1d65679aba72f1639c491b1c,pending,,,pending,,,8,,0,false,2026-07-22T22:25:19+00:00
1240,48295629,https://github.com/opentracing/opentracing-java,,14,fdf48c0fc2d6432d3b43226483e6dab4a052098127d0f415c08a5dc153ba6bd0,pending,,,pending,,,8,,0,false,2026-07-22T22:25:19+00:00
1241,542927,https://github.com/bcdev/calvalus2,,119,fe13cbc7e3b8e71b17e96937ab947dc55067b92a8716fa9e86214296176b4a1f,pending,,,pending,,,8,,0,false,2026-07-22T22:25:19+00:00
1242,90011594,https://github.com/Flash3388/FlashLib,,13,fe57eb58021442f4b1bfde04f22111933fcb53023d13c8bba10ee7e00444e1a2,pending,,,pending,,,8,,0,false,2026-07-22T22:25:19+00:00
1243,89138130,https://github.com/sdcote/coyote,,30,fe966c1e93ac88a075cfb7dcf812a0abcadd959c762d2bf6b406fbed4fc4b4f8,pending,,,pending,,,8,,0,false,2026-07-22T22:25:19+00:00
1244,38080174,https://github.com/softindex/datakernel,,60,feddd20b93b709a68632bcafc91146af1b15ecac65ab59419e5f91b321048983,pending,,,pending,,,8,,0,false,2026-07-22T22:25:19+00:00
1245,80380022,https://github.com/jomof/cdep,,22,ff68a7766866b4f19c1487d8eef70c999fe00cf6ae9c88ecc653509aeaa0a23f,pending,,,pending,,,8,,0,false,2026-07-22T22:25:19+00:00
1246,51512653,https://github.com/dice-group/Squirrel,,13,ff898e8f3ce9d313ef307504b12946ecf78d1752625f9e851f8cfae4ccc9cb72,pending,,,pending,,,8,,0,false,2026-07-22T22:25:19+00:00
1247,48562236,https://github.com/leapframework/framework,,48,ffeafae2c448434b583f588597d977a9c4941a6711153e413e88bb1787fe6c11,pending,,,pending,,,8,,0,false,2026-07-22T22:25:19+00:00
