repo_id,repo_url,commit_sha,class_key,focal_class,focal_path,mapping_count,nloc,token_count,method_count,public_method_count,max_method_cc,sum_method_cc,avg_method_cc,build_tool,build_root,module_dir,module_selector,scope_key,declared_java_version,effective_java_runtime,selected_type,selection_rank_in_repo,selection_hash,selection_seed,selection_algorithm,complexity_half,replacement_of,replacement_reason,repository_storage_path,promotion_status,complexity_rank,original_manifest_index,split_name,split_source_manifest,split_created_utc,split_algorithm,sample_index,Project,Focal_Class_agone,Test_Class,Focal_Path_agone,Test_Path,Module,Repo_Dir,Compiled_Focal_Path,Synthesized_Test_Rel_Path,Package,Java_Version,Build_Tool_agone,Recipe_Command_Windows,Recipe_Command_Posix,Recipe_ID,repo_exists,focal_exists,recipe_exists,duplicate_class_key,duplicate_focal_path,preflight_status,baseline_build_status,sandbox_readiness_status,sandbox_readiness_fail_stage,sandbox_readiness_detail,sandbox_readiness_path,sandbox_readiness_duration_sec,baseline_scope_status
3713233,https://github.com/seratch/junithelper,8c307eb05f762cf8030a3bd6d903228e0d5b98b2,3713233:core/src/main/java/org/junithelper/core/util/stderr.java,Stderr,core/src/main/java/org/junithelper/core/util/Stderr.java,6,12,78,3,2,1,3,1.0,maven,core,core,.,maven:core,6,8,main,8,25e0120d3594e1b1076cabbb5f7080eb640e4afba68c58be8645bbcad1816695,42,sha256_repo_balanced_v3_1,lower_complexity_half,,,repos/successful/3713233,promoted_before_storage_audit,18,17,remaining240,class_sampling_manifest_final_seed42.csv,2026-07-23T11:07:03+00:00,per_repo_2class_pilot_complexity_half_then_selection_rank_seed42,0,3713233,Stderr,Stderr_RBL4_7234130bTest,repos/3713233/core/src/main/java/org/junithelper/core/util/Stderr.java,repos/3713233/core/src/test/java/org/junithelper/core/util/Stderr_RBL4_7234130bTest.java,core,D:\A_ThucNghiem\compiledrepos\3713233,D:\A_ThucNghiem\compiledrepos\3713233\core\src\main\java\org\junithelper\core\util\Stderr.java,core/src/test/java/org/junithelper/core/util/Stderr_RBL4_7234130bTest.java,org.junithelper.core.util,1.6,Maven,"mvn -B -ntp -DskipTests -DskipITs -f ""${REPO_DIR}\pom.xml"" clean test-compile","mvn -B -ntp -DskipTests -DskipITs -f ""${REPO_DIR}/pom.xml"" clean test-compile",v3:3713233:maven:core,1,1,1,0,0,PASS,PASS,PASS,ok,sandbox readiness passed,D:\A_ThucNghiem\scripts_v2\workspaces\20260724_010022_d3f7f7b1__baseline_readiness\000_3713233_7234130b,6.045,PASS
3713233,https://github.com/seratch/junithelper,8c307eb05f762cf8030a3bd6d903228e0d5b98b2,3713233:core/src/main/java/org/junithelper/core/util/threadutil.java,ThreadUtil,core/src/main/java/org/junithelper/core/util/ThreadUtil.java,7,12,58,2,1,2,3,1.5,maven,core,core,.,maven:core,6,8,main,10,374dc48fef6a4ff0808be6664b07025f55dc37ddd7909df70a21fef5e44efb45,42,sha256_repo_balanced_v3_1,lower_complexity_half,,,repos/successful/3713233,promoted_before_storage_audit,46,45,remaining240,class_sampling_manifest_final_seed42.csv,2026-07-23T11:07:03+00:00,per_repo_2class_pilot_complexity_half_then_selection_rank_seed42,1,3713233,ThreadUtil,ThreadUtil_RBL4_f790382eTest,repos/3713233/core/src/main/java/org/junithelper/core/util/ThreadUtil.java,repos/3713233/core/src/test/java/org/junithelper/core/util/ThreadUtil_RBL4_f790382eTest.java,core,D:\A_ThucNghiem\compiledrepos\3713233,D:\A_ThucNghiem\compiledrepos\3713233\core\src\main\java\org\junithelper\core\util\ThreadUtil.java,core/src/test/java/org/junithelper/core/util/ThreadUtil_RBL4_f790382eTest.java,org.junithelper.core.util,1.6,Maven,"mvn -B -ntp -DskipTests -DskipITs -f ""${REPO_DIR}\pom.xml"" clean test-compile","mvn -B -ntp -DskipTests -DskipITs -f ""${REPO_DIR}/pom.xml"" clean test-compile",v3:3713233:maven:core,1,1,1,0,0,PASS,PASS,PASS,ok,sandbox readiness passed,D:\A_ThucNghiem\scripts_v2\workspaces\20260724_010022_d3f7f7b1__baseline_readiness\001_3713233_f790382e,6.042,PASS
3713233,https://github.com/seratch/junithelper,8c307eb05f762cf8030a3bd6d903228e0d5b98b2,3713233:core/src/main/java/org/junithelper/core/meta/returntypemeta.java,ReturnTypeMeta,core/src/main/java/org/junithelper/core/meta/ReturnTypeMeta.java,1,23,162,1,1,4,4,4.0,maven,core,core,.,maven:core,6,8,main,5,1c5855d8dea619b082eb416190f67b82b13b622089a77061a9d2ecf0fe29b537,42,sha256_repo_balanced_v3_1,lower_complexity_half,,,repos/successful/3713233,promoted_before_storage_audit,120,119,remaining240,class_sampling_manifest_final_seed42.csv,2026-07-23T11:07:03+00:00,per_repo_2class_pilot_complexity_half_then_selection_rank_seed42,2,3713233,ReturnTypeMeta,ReturnTypeMeta_RBL4_d95af645Test,repos/3713233/core/src/main/java/org/junithelper/core/meta/ReturnTypeMeta.java,repos/3713233/core/src/test/java/org/junithelper/core/meta/ReturnTypeMeta_RBL4_d95af645Test.java,core,D:\A_ThucNghiem\compiledrepos\3713233,D:\A_ThucNghiem\compiledrepos\3713233\core\src\main\java\org\junithelper\core\meta\ReturnTypeMeta.java,core/src/test/java/org/junithelper/core/meta/ReturnTypeMeta_RBL4_d95af645Test.java,org.junithelper.core.meta,1.6,Maven,"mvn -B -ntp -DskipTests -DskipITs -f ""${REPO_DIR}\pom.xml"" clean test-compile","mvn -B -ntp -DskipTests -DskipITs -f ""${REPO_DIR}/pom.xml"" clean test-compile",v3:3713233:maven:core,1,1,1,0,0,PASS,PASS,PASS,ok,sandbox readiness passed,D:\A_ThucNghiem\scripts_v2\workspaces\20260724_010022_d3f7f7b1__baseline_readiness\002_3713233_d95af645,6.054,PASS
3713233,https://github.com/seratch/junithelper,8c307eb05f762cf8030a3bd6d903228e0d5b98b2,3713233:core/src/main/java/org/junithelper/core/meta/argtypemeta.java,ArgTypeMeta,core/src/main/java/org/junithelper/core/meta/ArgTypeMeta.java,2,27,178,2,2,4,5,2.5,maven,core,core,.,maven:core,6,8,main,7,2100fa76b5908a54fb43be13a7118d912014b4f776f9805bd1a9cf06a45f44b6,42,sha256_repo_balanced_v3_1,lower_complexity_half,,,repos/successful/3713233,promoted_before_storage_audit,123,122,remaining240,class_sampling_manifest_final_seed42.csv,2026-07-23T11:07:03+00:00,per_repo_2class_pilot_complexity_half_then_selection_rank_seed42,3,3713233,ArgTypeMeta,ArgTypeMeta_RBL4_5cccf4b4Test,repos/3713233/core/src/main/java/org/junithelper/core/meta/ArgTypeMeta.java,repos/3713233/core/src/test/java/org/junithelper/core/meta/ArgTypeMeta_RBL4_5cccf4b4Test.java,core,D:\A_ThucNghiem\compiledrepos\3713233,D:\A_ThucNghiem\compiledrepos\3713233\core\src\main\java\org\junithelper\core\meta\ArgTypeMeta.java,core/src/test/java/org/junithelper/core/meta/ArgTypeMeta_RBL4_5cccf4b4Test.java,org.junithelper.core.meta,1.6,Maven,"mvn -B -ntp -DskipTests -DskipITs -f ""${REPO_DIR}\pom.xml"" clean test-compile","mvn -B -ntp -DskipTests -DskipITs -f ""${REPO_DIR}/pom.xml"" clean test-compile",v3:3713233:maven:core,1,1,1,0,0,PASS,PASS,PASS,ok,sandbox readiness passed,D:\A_ThucNghiem\scripts_v2\workspaces\20260724_010022_d3f7f7b1__baseline_readiness\003_3713233_5cccf4b4,6.04,PASS
3713233,https://github.com/seratch/junithelper,8c307eb05f762cf8030a3bd6d903228e0d5b98b2,3713233:core/src/main/java/org/junithelper/core/generator/linebreakprovider.java,LineBreakProvider,core/src/main/java/org/junithelper/core/generator/LineBreakProvider.java,6,40,264,3,1,7,10,3.3333333333333335,maven,core,core,.,maven:core,6,8,main,6,1cc9b5dea84576678891bbb06e5e58cf5608a7499801d8ad4599b7c2626744f4,42,sha256_repo_balanced_v3_1,higher_complexity_half,,,repos/successful/3713233,promoted_before_storage_audit,216,215,remaining240,class_sampling_manifest_final_seed42.csv,2026-07-23T11:07:03+00:00,per_repo_2class_pilot_complexity_half_then_selection_rank_seed42,4,3713233,LineBreakProvider,LineBreakProvider_RBL4_dcf587c0Test,repos/3713233/core/src/main/java/org/junithelper/core/generator/LineBreakProvider.java,repos/3713233/core/src/test/java/org/junithelper/core/generator/LineBreakProvider_RBL4_dcf587c0Test.java,core,D:\A_ThucNghiem\compiledrepos\3713233,D:\A_ThucNghiem\compiledrepos\3713233\core\src\main\java\org\junithelper\core\generator\LineBreakProvider.java,core/src/test/java/org/junithelper/core/generator/LineBreakProvider_RBL4_dcf587c0Test.java,org.junithelper.core.generator,1.6,Maven,"mvn -B -ntp -DskipTests -DskipITs -f ""${REPO_DIR}\pom.xml"" clean test-compile","mvn -B -ntp -DskipTests -DskipITs -f ""${REPO_DIR}/pom.xml"" clean test-compile",v3:3713233:maven:core,1,1,1,0,0,PASS,PASS,PASS,ok,sandbox readiness passed,D:\A_ThucNghiem\scripts_v2\workspaces\20260724_010022_d3f7f7b1__baseline_readiness\004_3713233_dcf587c0,1.919,PASS
3713233,https://github.com/seratch/junithelper,8c307eb05f762cf8030a3bd6d903228e0d5b98b2,3713233:core/src/main/java/org/junithelper/command/forcejunitversion3command.java,ForceJUnitVersion3Command,core/src/main/java/org/junithelper/command/ForceJUnitVersion3Command.java,2,60,494,2,1,9,10,5.0,maven,core,core,.,maven:core,6,8,main,9,2b1dedd780f36b789dd79f5895d4a0dd6cdac49a3aa73317fceef6582b33e937,42,sha256_repo_balanced_v3_1,higher_complexity_half,,,repos/successful/3713233,promoted_before_storage_audit,249,248,remaining240,class_sampling_manifest_final_seed42.csv,2026-07-23T11:07:03+00:00,per_repo_2class_pilot_complexity_half_then_selection_rank_seed42,5,3713233,ForceJUnitVersion3Command,ForceJUnitVersion3Command_RBL4_87a370f3Test,repos/3713233/core/src/main/java/org/junithelper/command/ForceJUnitVersion3Command.java,repos/3713233/core/src/test/java/org/junithelper/command/ForceJUnitVersion3Command_RBL4_87a370f3Test.java,core,D:\A_ThucNghiem\compiledrepos\3713233,D:\A_ThucNghiem\compiledrepos\3713233\core\src\main\java\org\junithelper\command\ForceJUnitVersion3Command.java,core/src/test/java/org/junithelper/command/ForceJUnitVersion3Command_RBL4_87a370f3Test.java,org.junithelper.command,1.6,Maven,"mvn -B -ntp -DskipTests -DskipITs -f ""${REPO_DIR}\pom.xml"" clean test-compile","mvn -B -ntp -DskipTests -DskipITs -f ""${REPO_DIR}/pom.xml"" clean test-compile",v3:3713233:maven:core,1,1,1,0,0,PASS,PASS,PASS,ok,sandbox readiness passed,D:\A_ThucNghiem\scripts_v2\workspaces\20260724_010022_d3f7f7b1__baseline_readiness\005_3713233_87a370f3,1.657,PASS
3713233,https://github.com/seratch/junithelper,8c307eb05f762cf8030a3bd6d903228e0d5b98b2,3713233:core/src/main/java/org/junithelper/core/util/primitivetypeutil.java,PrimitiveTypeUtil,core/src/main/java/org/junithelper/core/util/PrimitiveTypeUtil.java,7,73,462,4,3,11,32,8.0,maven,core,core,.,maven:core,6,8,main,2,06cb384d011fff3ee7647d6837888234b2034b434df9b2f41bf0a74ec61a5511,42,sha256_repo_balanced_v3_1,higher_complexity_half,,,repos/successful/3713233,promoted_before_storage_audit,265,264,remaining240,class_sampling_manifest_final_seed42.csv,2026-07-23T11:07:03+00:00,per_repo_2class_pilot_complexity_half_then_selection_rank_seed42,6,3713233,PrimitiveTypeUtil,PrimitiveTypeUtil_RBL4_0aa8a201Test,repos/3713233/core/src/main/java/org/junithelper/core/util/PrimitiveTypeUtil.java,repos/3713233/core/src/test/java/org/junithelper/core/util/PrimitiveTypeUtil_RBL4_0aa8a201Test.java,core,D:\A_ThucNghiem\compiledrepos\3713233,D:\A_ThucNghiem\compiledrepos\3713233\core\src\main\java\org\junithelper\core\util\PrimitiveTypeUtil.java,core/src/test/java/org/junithelper/core/util/PrimitiveTypeUtil_RBL4_0aa8a201Test.java,org.junithelper.core.util,1.6,Maven,"mvn -B -ntp -DskipTests -DskipITs -f ""${REPO_DIR}\pom.xml"" clean test-compile","mvn -B -ntp -DskipTests -DskipITs -f ""${REPO_DIR}/pom.xml"" clean test-compile",v3:3713233:maven:core,1,1,1,0,0,PASS,PASS,PASS,ok,sandbox readiness passed,D:\A_ThucNghiem\scripts_v2\workspaces\20260724_010022_d3f7f7b1__baseline_readiness\006_3713233_0aa8a201,1.854,PASS
3713233,https://github.com/seratch/junithelper,8c307eb05f762cf8030a3bd6d903228e0d5b98b2,3713233:core/src/main/java/org/junithelper/core/filter/impl/triminsideofbracefilter.java,TrimInsideOfBraceFilter,core/src/main/java/org/junithelper/core/filter/impl/TrimInsideOfBraceFilter.java,14,99,725,2,1,37,40,20.0,maven,core,core,.,maven:core,6,8,main,3,09576681ffca47814c6c4dbf7fc8844d1bda641ba5a0db72fa540a51725741f8,42,sha256_repo_balanced_v3_1,higher_complexity_half,,,repos/successful/3713233,promoted_before_storage_audit,300,299,remaining240,class_sampling_manifest_final_seed42.csv,2026-07-23T11:07:03+00:00,per_repo_2class_pilot_complexity_half_then_selection_rank_seed42,7,3713233,TrimInsideOfBraceFilter,TrimInsideOfBraceFilter_RBL4_4b7d40a8Test,repos/3713233/core/src/main/java/org/junithelper/core/filter/impl/TrimInsideOfBraceFilter.java,repos/3713233/core/src/test/java/org/junithelper/core/filter/impl/TrimInsideOfBraceFilter_RBL4_4b7d40a8Test.java,core,D:\A_ThucNghiem\compiledrepos\3713233,D:\A_ThucNghiem\compiledrepos\3713233\core\src\main\java\org\junithelper\core\filter\impl\TrimInsideOfBraceFilter.java,core/src/test/java/org/junithelper/core/filter/impl/TrimInsideOfBraceFilter_RBL4_4b7d40a8Test.java,org.junithelper.core.filter.impl,1.6,Maven,"mvn -B -ntp -DskipTests -DskipITs -f ""${REPO_DIR}\pom.xml"" clean test-compile","mvn -B -ntp -DskipTests -DskipITs -f ""${REPO_DIR}/pom.xml"" clean test-compile",v3:3713233:maven:core,1,1,1,0,0,PASS,PASS,PASS,ok,sandbox readiness passed,D:\A_ThucNghiem\scripts_v2\workspaces\20260724_010022_d3f7f7b1__baseline_readiness\007_3713233_4b7d40a8,1.915,PASS
3847504,https://github.com/digitalroastery/weblounge,653c25ff728c18c31bdf12b21d45106dacc080dc,3847504:modules/weblounge-common/src/main/java/ch/entwine/weblounge/common/impl/language/localizablecontent.java,LocalizableContent,modules/weblounge-common/src/main/java/ch/entwine/weblounge/common/impl/language/LocalizableContent.java,12,113,750,15,12,6,33,2.2,maven,.,modules/weblounge-common,modules/weblounge-common,maven:modules/weblounge-common,7,8,main,5,13dd7332301906aefa540a9cb80d67b8b81cfbf87b95f70607d387f0be8f2feb,42,sha256_repo_balanced_v3_1,higher_complexity_half,,,repos/successful/3847504,promoted_before_storage_audit,209,208,remaining240,class_sampling_manifest_final_seed42.csv,2026-07-23T11:07:03+00:00,per_repo_2class_pilot_complexity_half_then_selection_rank_seed42,8,3847504,LocalizableContent,LocalizableContent_RBL4_9f4346c7Test,repos/3847504/modules/weblounge-common/src/main/java/ch/entwine/weblounge/common/impl/language/LocalizableContent.java,repos/3847504/modules/weblounge-common/src/test/java/ch/entwine/weblounge/common/impl/language/LocalizableContent_RBL4_9f4346c7Test.java,modules/weblounge-common,D:\A_ThucNghiem\compiledrepos\3847504,D:\A_ThucNghiem\compiledrepos\3847504\modules\weblounge-common\src\main\java\ch\entwine\weblounge\common\impl\language\LocalizableContent.java,modules/weblounge-common/src/test/java/ch/entwine/weblounge/common/impl/language/LocalizableContent_RBL4_9f4346c7Test.java,ch.entwine.weblounge.common.impl.language,1.7,Maven,"mvn -B -ntp -DskipTests -DskipITs -f ""${REPO_DIR}\pom.xml"" -pl modules/weblounge-common -am clean test-compile","mvn -B -ntp -DskipTests -DskipITs -f ""${REPO_DIR}/pom.xml"" -pl modules/weblounge-common -am clean test-compile",v3:3847504:maven:modules/weblounge-common,1,1,1,0,0,PASS,PASS,PASS,ok,sandbox readiness passed,D:\A_ThucNghiem\scripts_v2\workspaces\20260724_010022_d3f7f7b1__baseline_readiness\008_3847504_9f4346c7,183.694,PASS
3847504,https://github.com/digitalroastery/weblounge,653c25ff728c18c31bdf12b21d45106dacc080dc,3847504:modules/weblounge-common/src/main/java/ch/entwine/weblounge/common/impl/url/urlimpl.java,UrlImpl,modules/weblounge-common/src/main/java/ch/entwine/weblounge/common/impl/url/UrlImpl.java,8,116,829,17,10,7,40,2.3529411764705883,maven,.,modules/weblounge-common,modules/weblounge-common,maven:modules/weblounge-common,7,8,main,7,1dd464f7d7cf344e4d3fda0bab7c61d4c71211ac070fca71d524691f0023afe6,42,sha256_repo_balanced_v3_1,higher_complexity_half,,,repos/successful/3847504,promoted_before_storage_audit,233,232,remaining240,class_sampling_manifest_final_seed42.csv,2026-07-23T11:07:03+00:00,per_repo_2class_pilot_complexity_half_then_selection_rank_seed42,9,3847504,UrlImpl,UrlImpl_RBL4_8ce169b0Test,repos/3847504/modules/weblounge-common/src/main/java/ch/entwine/weblounge/common/impl/url/UrlImpl.java,repos/3847504/modules/weblounge-common/src/test/java/ch/entwine/weblounge/common/impl/url/UrlImpl_RBL4_8ce169b0Test.java,modules/weblounge-common,D:\A_ThucNghiem\compiledrepos\3847504,D:\A_ThucNghiem\compiledrepos\3847504\modules\weblounge-common\src\main\java\ch\entwine\weblounge\common\impl\url\UrlImpl.java,modules/weblounge-common/src/test/java/ch/entwine/weblounge/common/impl/url/UrlImpl_RBL4_8ce169b0Test.java,ch.entwine.weblounge.common.impl.url,1.7,Maven,"mvn -B -ntp -DskipTests -DskipITs -f ""${REPO_DIR}\pom.xml"" -pl modules/weblounge-common -am clean test-compile","mvn -B -ntp -DskipTests -DskipITs -f ""${REPO_DIR}/pom.xml"" -pl modules/weblounge-common -am clean test-compile",v3:3847504:maven:modules/weblounge-common,1,1,1,0,0,PASS,PASS,PASS,ok,sandbox readiness passed,D:\A_ThucNghiem\scripts_v2\workspaces\20260724_010022_d3f7f7b1__baseline_readiness\009_3847504_8ce169b0,196.019,PASS
3847504,https://github.com/digitalroastery/weblounge,653c25ff728c18c31bdf12b21d45106dacc080dc,3847504:modules/weblounge-common/src/main/java/ch/entwine/weblounge/common/impl/content/page/scriptimpl.java,ScriptImpl,modules/weblounge-common/src/main/java/ch/entwine/weblounge/common/impl/content/page/ScriptImpl.java,6,188,1251,26,21,7,48,1.8461538461538463,maven,.,modules/weblounge-common,modules/weblounge-common,maven:modules/weblounge-common,7,8,main,4,0aca0234efe64cd5d5fcd3c8ba9aa4b59df8d994a3bbda0c823b26dcd455cf53,42,sha256_repo_balanced_v3_1,higher_complexity_half,,,repos/successful/3847504,promoted_before_storage_audit,234,233,remaining240,class_sampling_manifest_final_seed42.csv,2026-07-23T11:07:03+00:00,per_repo_2class_pilot_complexity_half_then_selection_rank_seed42,10,3847504,ScriptImpl,ScriptImpl_RBL4_1794d49eTest,repos/3847504/modules/weblounge-common/src/main/java/ch/entwine/weblounge/common/impl/content/page/ScriptImpl.java,repos/3847504/modules/weblounge-common/src/test/java/ch/entwine/weblounge/common/impl/content/page/ScriptImpl_RBL4_1794d49eTest.java,modules/weblounge-common,D:\A_ThucNghiem\compiledrepos\3847504,D:\A_ThucNghiem\compiledrepos\3847504\modules\weblounge-common\src\main\java\ch\entwine\weblounge\common\impl\content\page\ScriptImpl.java,modules/weblounge-common/src/test/java/ch/entwine/weblounge/common/impl/content/page/ScriptImpl_RBL4_1794d49eTest.java,ch.entwine.weblounge.common.impl.content.page,1.7,Maven,"mvn -B -ntp -DskipTests -DskipITs -f ""${REPO_DIR}\pom.xml"" -pl modules/weblounge-common -am clean test-compile","mvn -B -ntp -DskipTests -DskipITs -f ""${REPO_DIR}/pom.xml"" -pl modules/weblounge-common -am clean test-compile",v3:3847504:maven:modules/weblounge-common,1,1,1,0,0,PASS,PASS,PASS,ok,sandbox readiness passed,D:\A_ThucNghiem\scripts_v2\workspaces\20260724_010022_d3f7f7b1__baseline_readiness\010_3847504_1794d49e,208.644,PASS
3847504,https://github.com/digitalroastery/weblounge,653c25ff728c18c31bdf12b21d45106dacc080dc,3847504:modules/weblounge-common/src/main/java/ch/entwine/weblounge/common/impl/content/page/pageleturiimpl.java,PageletURIImpl,modules/weblounge-common/src/main/java/ch/entwine/weblounge/common/impl/content/page/PageletURIImpl.java,6,70,473,12,11,8,27,2.25,maven,.,modules/weblounge-common,modules/weblounge-common,maven:modules/weblounge-common,7,8,main,10,24597d4d8b271a7c12b2cee52d7cbac231a822536adbcae0d1f8634c00e57249,42,sha256_repo_balanced_v3_1,higher_complexity_half,,,repos/successful/3847504,promoted_before_storage_audit,238,237,remaining240,class_sampling_manifest_final_seed42.csv,2026-07-23T11:07:03+00:00,per_repo_2class_pilot_complexity_half_then_selection_rank_seed42,11,3847504,PageletURIImpl,PageletURIImpl_RBL4_a30ec522Test,repos/3847504/modules/weblounge-common/src/main/java/ch/entwine/weblounge/common/impl/content/page/PageletURIImpl.java,repos/3847504/modules/weblounge-common/src/test/java/ch/entwine/weblounge/common/impl/content/page/PageletURIImpl_RBL4_a30ec522Test.java,modules/weblounge-common,D:\A_ThucNghiem\compiledrepos\3847504,D:\A_ThucNghiem\compiledrepos\3847504\modules\weblounge-common\src\main\java\ch\entwine\weblounge\common\impl\content\page\PageletURIImpl.java,modules/weblounge-common/src/test/java/ch/entwine/weblounge/common/impl/content/page/PageletURIImpl_RBL4_a30ec522Test.java,ch.entwine.weblounge.common.impl.content.page,1.7,Maven,"mvn -B -ntp -DskipTests -DskipITs -f ""${REPO_DIR}\pom.xml"" -pl modules/weblounge-common -am clean test-compile","mvn -B -ntp -DskipTests -DskipITs -f ""${REPO_DIR}/pom.xml"" -pl modules/weblounge-common -am clean test-compile",v3:3847504:maven:modules/weblounge-common,1,1,1,0,0,PASS,PASS,PASS,ok,sandbox readiness passed,D:\A_ThucNghiem\scripts_v2\workspaces\20260724_010022_d3f7f7b1__baseline_readiness\011_3847504_a30ec522,170.812,PASS
3847504,https://github.com/digitalroastery/weblounge,653c25ff728c18c31bdf12b21d45106dacc080dc,3847504:modules/weblounge-common/src/main/java/ch/entwine/weblounge/common/impl/scheduler/periodicjobtrigger.java,PeriodicJobTrigger,modules/weblounge-common/src/main/java/ch/entwine/weblounge/common/impl/scheduler/PeriodicJobTrigger.java,5,104,706,19,11,9,35,1.8421052631578947,maven,.,modules/weblounge-common,modules/weblounge-common,maven:modules/weblounge-common,7,8,main,9,244d08b6294e380ae09eb4310a84859a5d7a6a21ad0ac955de753d0d643880ef,42,sha256_repo_balanced_v3_1,higher_complexity_half,,,repos/successful/3847504,promoted_before_storage_audit,256,255,remaining240,class_sampling_manifest_final_seed42.csv,2026-07-23T11:07:03+00:00,per_repo_2class_pilot_complexity_half_then_selection_rank_seed42,12,3847504,PeriodicJobTrigger,PeriodicJobTrigger_RBL4_4c73c73cTest,repos/3847504/modules/weblounge-common/src/main/java/ch/entwine/weblounge/common/impl/scheduler/PeriodicJobTrigger.java,repos/3847504/modules/weblounge-common/src/test/java/ch/entwine/weblounge/common/impl/scheduler/PeriodicJobTrigger_RBL4_4c73c73cTest.java,modules/weblounge-common,D:\A_ThucNghiem\compiledrepos\3847504,D:\A_ThucNghiem\compiledrepos\3847504\modules\weblounge-common\src\main\java\ch\entwine\weblounge\common\impl\scheduler\PeriodicJobTrigger.java,modules/weblounge-common/src/test/java/ch/entwine/weblounge/common/impl/scheduler/PeriodicJobTrigger_RBL4_4c73c73cTest.java,ch.entwine.weblounge.common.impl.scheduler,1.7,Maven,"mvn -B -ntp -DskipTests -DskipITs -f ""${REPO_DIR}\pom.xml"" -pl modules/weblounge-common -am clean test-compile","mvn -B -ntp -DskipTests -DskipITs -f ""${REPO_DIR}/pom.xml"" -pl modules/weblounge-common -am clean test-compile",v3:3847504:maven:modules/weblounge-common,1,1,1,0,0,PASS,PASS,PASS,ok,sandbox readiness passed,D:\A_ThucNghiem\scripts_v2\workspaces\20260724_010022_d3f7f7b1__baseline_readiness\012_3847504_4c73c73c,52.532,PASS
3847504,https://github.com/digitalroastery/weblounge,653c25ff728c18c31bdf12b21d45106dacc080dc,3847504:modules/weblounge-common/src/main/java/ch/entwine/weblounge/common/impl/security/siteadminimpl.java,SiteAdminImpl,modules/weblounge-common/src/main/java/ch/entwine/weblounge/common/impl/security/SiteAdminImpl.java,2,157,1267,11,10,12,36,3.272727272727273,maven,.,modules/weblounge-common,modules/weblounge-common,maven:modules/weblounge-common,7,8,main,3,0896f19fa1289912e69f6d46f4f3ed6103a4007bb55cbd44ec1eaa8c7c494b91,42,sha256_repo_balanced_v3_1,higher_complexity_half,,,repos/successful/3847504,promoted_before_storage_audit,270,269,remaining240,class_sampling_manifest_final_seed42.csv,2026-07-23T11:07:03+00:00,per_repo_2class_pilot_complexity_half_then_selection_rank_seed42,13,3847504,SiteAdminImpl,SiteAdminImpl_RBL4_17e4fcfbTest,repos/3847504/modules/weblounge-common/src/main/java/ch/entwine/weblounge/common/impl/security/SiteAdminImpl.java,repos/3847504/modules/weblounge-common/src/test/java/ch/entwine/weblounge/common/impl/security/SiteAdminImpl_RBL4_17e4fcfbTest.java,modules/weblounge-common,D:\A_ThucNghiem\compiledrepos\3847504,D:\A_ThucNghiem\compiledrepos\3847504\modules\weblounge-common\src\main\java\ch\entwine\weblounge\common\impl\security\SiteAdminImpl.java,modules/weblounge-common/src/test/java/ch/entwine/weblounge/common/impl/security/SiteAdminImpl_RBL4_17e4fcfbTest.java,ch.entwine.weblounge.common.impl.security,1.7,Maven,"mvn -B -ntp -DskipTests -DskipITs -f ""${REPO_DIR}\pom.xml"" -pl modules/weblounge-common -am clean test-compile","mvn -B -ntp -DskipTests -DskipITs -f ""${REPO_DIR}/pom.xml"" -pl modules/weblounge-common -am clean test-compile",v3:3847504:maven:modules/weblounge-common,1,1,1,0,0,PASS,PASS,PASS,ok,sandbox readiness passed,D:\A_ThucNghiem\scripts_v2\workspaces\20260724_010022_d3f7f7b1__baseline_readiness\013_3847504_17e4fcfb,54.566,PASS
3847504,https://github.com/digitalroastery/weblounge,653c25ff728c18c31bdf12b21d45106dacc080dc,3847504:modules/weblounge-common/src/main/java/ch/entwine/weblounge/common/impl/content/page/pageletrendererimpl.java,PageletRendererImpl,modules/weblounge-common/src/main/java/ch/entwine/weblounge/common/impl/content/page/PageletRendererImpl.java,3,313,2459,23,19,22,81,3.5217391304347827,maven,.,modules/weblounge-common,modules/weblounge-common,maven:modules/weblounge-common,7,8,main,6,154b2fd487c0a33a9f943baaf1a9480e333cc32a81ef49dbb4fcbbcf6a86510a,42,sha256_repo_balanced_v3_1,higher_complexity_half,,,repos/successful/3847504,promoted_before_storage_audit,296,295,remaining240,class_sampling_manifest_final_seed42.csv,2026-07-23T11:07:03+00:00,per_repo_2class_pilot_complexity_half_then_selection_rank_seed42,14,3847504,PageletRendererImpl,PageletRendererImpl_RBL4_a6858dc4Test,repos/3847504/modules/weblounge-common/src/main/java/ch/entwine/weblounge/common/impl/content/page/PageletRendererImpl.java,repos/3847504/modules/weblounge-common/src/test/java/ch/entwine/weblounge/common/impl/content/page/PageletRendererImpl_RBL4_a6858dc4Test.java,modules/weblounge-common,D:\A_ThucNghiem\compiledrepos\3847504,D:\A_ThucNghiem\compiledrepos\3847504\modules\weblounge-common\src\main\java\ch\entwine\weblounge\common\impl\content\page\PageletRendererImpl.java,modules/weblounge-common/src/test/java/ch/entwine/weblounge/common/impl/content/page/PageletRendererImpl_RBL4_a6858dc4Test.java,ch.entwine.weblounge.common.impl.content.page,1.7,Maven,"mvn -B -ntp -DskipTests -DskipITs -f ""${REPO_DIR}\pom.xml"" -pl modules/weblounge-common -am clean test-compile","mvn -B -ntp -DskipTests -DskipITs -f ""${REPO_DIR}/pom.xml"" -pl modules/weblounge-common -am clean test-compile",v3:3847504:maven:modules/weblounge-common,1,1,1,0,0,PASS,PASS,PASS,ok,sandbox readiness passed,D:\A_ThucNghiem\scripts_v2\workspaces\20260724_010022_d3f7f7b1__baseline_readiness\014_3847504_a6858dc4,58.489,PASS
3847504,https://github.com/digitalroastery/weblounge,653c25ff728c18c31bdf12b21d45106dacc080dc,3847504:modules/weblounge-common/src/main/java/ch/entwine/weblounge/common/impl/url/weburlimpl.java,WebUrlImpl,modules/weblounge-common/src/main/java/ch/entwine/weblounge/common/impl/url/WebUrlImpl.java,7,278,2123,23,15,23,89,3.869565217391304,maven,.,modules/weblounge-common,modules/weblounge-common,maven:modules/weblounge-common,7,8,main,8,20f4c62033e8c65e4c22d4cae1ea7b64f387690397f879758abd93f238f9df6f,42,sha256_repo_balanced_v3_1,higher_complexity_half,,,repos/successful/3847504,promoted_before_storage_audit,297,296,remaining240,class_sampling_manifest_final_seed42.csv,2026-07-23T11:07:03+00:00,per_repo_2class_pilot_complexity_half_then_selection_rank_seed42,15,3847504,WebUrlImpl,WebUrlImpl_RBL4_0a423268Test,repos/3847504/modules/weblounge-common/src/main/java/ch/entwine/weblounge/common/impl/url/WebUrlImpl.java,repos/3847504/modules/weblounge-common/src/test/java/ch/entwine/weblounge/common/impl/url/WebUrlImpl_RBL4_0a423268Test.java,modules/weblounge-common,D:\A_ThucNghiem\compiledrepos\3847504,D:\A_ThucNghiem\compiledrepos\3847504\modules\weblounge-common\src\main\java\ch\entwine\weblounge\common\impl\url\WebUrlImpl.java,modules/weblounge-common/src/test/java/ch/entwine/weblounge/common/impl/url/WebUrlImpl_RBL4_0a423268Test.java,ch.entwine.weblounge.common.impl.url,1.7,Maven,"mvn -B -ntp -DskipTests -DskipITs -f ""${REPO_DIR}\pom.xml"" -pl modules/weblounge-common -am clean test-compile","mvn -B -ntp -DskipTests -DskipITs -f ""${REPO_DIR}/pom.xml"" -pl modules/weblounge-common -am clean test-compile",v3:3847504:maven:modules/weblounge-common,1,1,1,0,0,PASS,PASS,PASS,ok,sandbox readiness passed,D:\A_ThucNghiem\scripts_v2\workspaces\20260724_010022_d3f7f7b1__baseline_readiness\015_3847504_0a423268,60.05,PASS
39195736,https://github.com/racodond/sonar-jproperties-plugin,7a6e8c332e5db8d2a89212fe8defe8b8fdb6c3f6,39195736:sonar-jproperties-plugin/src/main/java/org/sonar/plugins/jproperties/javapropertiesplugin.java,JavaPropertiesPlugin,sonar-jproperties-plugin/src/main/java/org/sonar/plugins/jproperties/JavaPropertiesPlugin.java,2,13,61,1,1,1,1,1.0,maven,.,sonar-jproperties-plugin,sonar-jproperties-plugin,maven:sonar-jproperties-plugin,8,8,main,4,753aa6920f5d1069d143e0b55f3ecec4516e6be0046f1c88e5eda64bb14f8f94,42,sha256_repo_balanced_v3_1,lower_complexity_half,,,repos/successful/39195736,promoted_before_storage_audit,6,5,remaining240,class_sampling_manifest_final_seed42.csv,2026-07-23T11:07:03+00:00,per_repo_2class_pilot_complexity_half_then_selection_rank_seed42,16,39195736,JavaPropertiesPlugin,JavaPropertiesPlugin_RBL4_f9bc17aaTest,repos/39195736/sonar-jproperties-plugin/src/main/java/org/sonar/plugins/jproperties/JavaPropertiesPlugin.java,repos/39195736/sonar-jproperties-plugin/src/test/java/org/sonar/plugins/jproperties/JavaPropertiesPlugin_RBL4_f9bc17aaTest.java,sonar-jproperties-plugin,D:\A_ThucNghiem\compiledrepos\39195736,D:\A_ThucNghiem\compiledrepos\39195736\sonar-jproperties-plugin\src\main\java\org\sonar\plugins\jproperties\JavaPropertiesPlugin.java,sonar-jproperties-plugin/src/test/java/org/sonar/plugins/jproperties/JavaPropertiesPlugin_RBL4_f9bc17aaTest.java,org.sonar.plugins.jproperties,1.8,Maven,"mvn -B -ntp -DskipTests -DskipITs -f ""${REPO_DIR}\pom.xml"" -pl sonar-jproperties-plugin -am clean test-compile","mvn -B -ntp -DskipTests -DskipITs -f ""${REPO_DIR}/pom.xml"" -pl sonar-jproperties-plugin -am clean test-compile",v3:39195736:maven:sonar-jproperties-plugin,1,1,1,0,0,PASS,PASS,PASS,ok,sandbox readiness passed,D:\A_ThucNghiem\scripts_v2\workspaces\20260724_010022_d3f7f7b1__baseline_readiness\016_39195736_f9bc17aa,25.814,PASS
39195736,https://github.com/racodond/sonar-jproperties-plugin,7a6e8c332e5db8d2a89212fe8defe8b8fdb6c3f6,39195736:jproperties-checks/src/main/java/org/sonar/jproperties/checks/generic/toomanykeyscheck.java,TooManyKeysCheck,jproperties-checks/src/main/java/org/sonar/jproperties/checks/generic/TooManyKeysCheck.java,2,53,379,3,2,2,4,1.3333333333333333,maven,.,jproperties-checks,jproperties-checks,maven:jproperties-checks,8,8,main,10,b5a645769996b2469ae4630810259a7667d573cc0c8434d750c5db4b984c06f5,42,sha256_repo_balanced_v3_1,lower_complexity_half,,,repos/successful/39195736,promoted_before_storage_audit,52,51,remaining240,class_sampling_manifest_final_seed42.csv,2026-07-23T11:07:03+00:00,per_repo_2class_pilot_complexity_half_then_selection_rank_seed42,17,39195736,TooManyKeysCheck,TooManyKeysCheck_RBL4_3d24a470Test,repos/39195736/jproperties-checks/src/main/java/org/sonar/jproperties/checks/generic/TooManyKeysCheck.java,repos/39195736/jproperties-checks/src/test/java/org/sonar/jproperties/checks/generic/TooManyKeysCheck_RBL4_3d24a470Test.java,jproperties-checks,D:\A_ThucNghiem\compiledrepos\39195736,D:\A_ThucNghiem\compiledrepos\39195736\jproperties-checks\src\main\java\org\sonar\jproperties\checks\generic\TooManyKeysCheck.java,jproperties-checks/src/test/java/org/sonar/jproperties/checks/generic/TooManyKeysCheck_RBL4_3d24a470Test.java,org.sonar.jproperties.checks.generic,1.8,Maven,"mvn -B -ntp -DskipTests -DskipITs -f ""${REPO_DIR}\pom.xml"" -pl jproperties-checks -am clean test-compile","mvn -B -ntp -DskipTests -DskipITs -f ""${REPO_DIR}/pom.xml"" -pl jproperties-checks -am clean test-compile",v3:39195736:maven:jproperties-checks,1,1,1,0,0,PASS,PASS,PASS,ok,sandbox readiness passed,D:\A_ThucNghiem\scripts_v2\workspaces\20260724_010022_d3f7f7b1__baseline_readiness\017_39195736_3d24a470,16.397,PASS
39195736,https://github.com/racodond/sonar-jproperties-plugin,7a6e8c332e5db8d2a89212fe8defe8b8fdb6c3f6,39195736:jproperties-checks/src/main/java/org/sonar/jproperties/checks/generic/keynamingconventioncheck.java,KeyNamingConventionCheck,jproperties-checks/src/main/java/org/sonar/jproperties/checks/generic/KeyNamingConventionCheck.java,2,52,344,4,2,2,6,1.5,maven,.,jproperties-checks,jproperties-checks,maven:jproperties-checks,8,8,main,3,4647f7181e1aa209ccc382019ab62bee5329022ecb2540bb424962e2fb985fee,42,sha256_repo_balanced_v3_1,lower_complexity_half,,,repos/successful/39195736,promoted_before_storage_audit,60,59,remaining240,class_sampling_manifest_final_seed42.csv,2026-07-23T11:07:03+00:00,per_repo_2class_pilot_complexity_half_then_selection_rank_seed42,18,39195736,KeyNamingConventionCheck,KeyNamingConventionCheck_RBL4_e39f864dTest,repos/39195736/jproperties-checks/src/main/java/org/sonar/jproperties/checks/generic/KeyNamingConventionCheck.java,repos/39195736/jproperties-checks/src/test/java/org/sonar/jproperties/checks/generic/KeyNamingConventionCheck_RBL4_e39f864dTest.java,jproperties-checks,D:\A_ThucNghiem\compiledrepos\39195736,D:\A_ThucNghiem\compiledrepos\39195736\jproperties-checks\src\main\java\org\sonar\jproperties\checks\generic\KeyNamingConventionCheck.java,jproperties-checks/src/test/java/org/sonar/jproperties/checks/generic/KeyNamingConventionCheck_RBL4_e39f864dTest.java,org.sonar.jproperties.checks.generic,1.8,Maven,"mvn -B -ntp -DskipTests -DskipITs -f ""${REPO_DIR}\pom.xml"" -pl jproperties-checks -am clean test-compile","mvn -B -ntp -DskipTests -DskipITs -f ""${REPO_DIR}/pom.xml"" -pl jproperties-checks -am clean test-compile",v3:39195736:maven:jproperties-checks,1,1,1,0,0,PASS,PASS,PASS,ok,sandbox readiness passed,D:\A_ThucNghiem\scripts_v2\workspaces\20260724_010022_d3f7f7b1__baseline_readiness\018_39195736_e39f864d,18.978,PASS
39195736,https://github.com/racodond/sonar-jproperties-plugin,7a6e8c332e5db8d2a89212fe8defe8b8fdb6c3f6,39195736:jproperties-checks/src/main/java/org/sonar/jproperties/checks/generic/linelengthcheck.java,LineLengthCheck,jproperties-checks/src/main/java/org/sonar/jproperties/checks/generic/LineLengthCheck.java,1,70,485,6,3,4,9,1.5,maven,.,jproperties-checks,jproperties-checks,maven:jproperties-checks,8,8,main,5,7b8a93f780ffedc93238bfc0fa02bb0881076790b4c03a86c399aaa673e7781a,42,sha256_repo_balanced_v3_1,lower_complexity_half,,,repos/successful/39195736,promoted_before_storage_audit,132,131,remaining240,class_sampling_manifest_final_seed42.csv,2026-07-23T11:07:03+00:00,per_repo_2class_pilot_complexity_half_then_selection_rank_seed42,19,39195736,LineLengthCheck,LineLengthCheck_RBL4_9e0529baTest,repos/39195736/jproperties-checks/src/main/java/org/sonar/jproperties/checks/generic/LineLengthCheck.java,repos/39195736/jproperties-checks/src/test/java/org/sonar/jproperties/checks/generic/LineLengthCheck_RBL4_9e0529baTest.java,jproperties-checks,D:\A_ThucNghiem\compiledrepos\39195736,D:\A_ThucNghiem\compiledrepos\39195736\jproperties-checks\src\main\java\org\sonar\jproperties\checks\generic\LineLengthCheck.java,jproperties-checks/src/test/java/org/sonar/jproperties/checks/generic/LineLengthCheck_RBL4_9e0529baTest.java,org.sonar.jproperties.checks.generic,1.8,Maven,"mvn -B -ntp -DskipTests -DskipITs -f ""${REPO_DIR}\pom.xml"" -pl jproperties-checks -am clean test-compile","mvn -B -ntp -DskipTests -DskipITs -f ""${REPO_DIR}/pom.xml"" -pl jproperties-checks -am clean test-compile",v3:39195736:maven:jproperties-checks,1,1,1,0,0,PASS,PASS,PASS,ok,sandbox readiness passed,D:\A_ThucNghiem\scripts_v2\workspaces\20260724_010022_d3f7f7b1__baseline_readiness\019_39195736_9e0529ba,27.311,PASS
39195736,https://github.com/racodond/sonar-jproperties-plugin,7a6e8c332e5db8d2a89212fe8defe8b8fdb6c3f6,39195736:jproperties-checks/src/main/java/org/sonar/jproperties/checks/generic/commentconventioncheck.java,CommentConventionCheck,jproperties-checks/src/main/java/org/sonar/jproperties/checks/generic/CommentConventionCheck.java,5,61,441,5,3,4,10,2.0,maven,.,jproperties-checks,jproperties-checks,maven:jproperties-checks,8,8,main,9,af8b5207606ee51c0ce1f959987e47f891f578430429a8b1955752fbc7b649a7,42,sha256_repo_balanced_v3_1,lower_complexity_half,,,repos/successful/39195736,promoted_before_storage_audit,137,136,remaining240,class_sampling_manifest_final_seed42.csv,2026-07-23T11:07:03+00:00,per_repo_2class_pilot_complexity_half_then_selection_rank_seed42,20,39195736,CommentConventionCheck,CommentConventionCheck_RBL4_9bdc6cb7Test,repos/39195736/jproperties-checks/src/main/java/org/sonar/jproperties/checks/generic/CommentConventionCheck.java,repos/39195736/jproperties-checks/src/test/java/org/sonar/jproperties/checks/generic/CommentConventionCheck_RBL4_9bdc6cb7Test.java,jproperties-checks,D:\A_ThucNghiem\compiledrepos\39195736,D:\A_ThucNghiem\compiledrepos\39195736\jproperties-checks\src\main\java\org\sonar\jproperties\checks\generic\CommentConventionCheck.java,jproperties-checks/src/test/java/org/sonar/jproperties/checks/generic/CommentConventionCheck_RBL4_9bdc6cb7Test.java,org.sonar.jproperties.checks.generic,1.8,Maven,"mvn -B -ntp -DskipTests -DskipITs -f ""${REPO_DIR}\pom.xml"" -pl jproperties-checks -am clean test-compile","mvn -B -ntp -DskipTests -DskipITs -f ""${REPO_DIR}/pom.xml"" -pl jproperties-checks -am clean test-compile",v3:39195736:maven:jproperties-checks,1,1,1,0,0,PASS,PASS,PASS,ok,sandbox readiness passed,D:\A_ThucNghiem\scripts_v2\workspaces\20260724_010022_d3f7f7b1__baseline_readiness\020_39195736_9bdc6cb7,39.355,PASS
39195736,https://github.com/racodond/sonar-jproperties-plugin,7a6e8c332e5db8d2a89212fe8defe8b8fdb6c3f6,39195736:jproperties-checks/src/main/java/org/sonar/jproperties/checks/generic/duplicatedvaluescheck.java,DuplicatedValuesCheck,jproperties-checks/src/main/java/org/sonar/jproperties/checks/generic/DuplicatedValuesCheck.java,3,101,771,9,3,4,17,1.8888888888888888,maven,.,jproperties-checks,jproperties-checks,maven:jproperties-checks,8,8,main,7,8e9bb2de384b012e5f96cde3ea1246f7be91f82115a7c98fc197b6d31c1f6ba0,42,sha256_repo_balanced_v3_1,lower_complexity_half,,,repos/successful/39195736,promoted_before_storage_audit,150,149,remaining240,class_sampling_manifest_final_seed42.csv,2026-07-23T11:07:03+00:00,per_repo_2class_pilot_complexity_half_then_selection_rank_seed42,21,39195736,DuplicatedValuesCheck,DuplicatedValuesCheck_RBL4_5ebd9ad4Test,repos/39195736/jproperties-checks/src/main/java/org/sonar/jproperties/checks/generic/DuplicatedValuesCheck.java,repos/39195736/jproperties-checks/src/test/java/org/sonar/jproperties/checks/generic/DuplicatedValuesCheck_RBL4_5ebd9ad4Test.java,jproperties-checks,D:\A_ThucNghiem\compiledrepos\39195736,D:\A_ThucNghiem\compiledrepos\39195736\jproperties-checks\src\main\java\org\sonar\jproperties\checks\generic\DuplicatedValuesCheck.java,jproperties-checks/src/test/java/org/sonar/jproperties/checks/generic/DuplicatedValuesCheck_RBL4_5ebd9ad4Test.java,org.sonar.jproperties.checks.generic,1.8,Maven,"mvn -B -ntp -DskipTests -DskipITs -f ""${REPO_DIR}\pom.xml"" -pl jproperties-checks -am clean test-compile","mvn -B -ntp -DskipTests -DskipITs -f ""${REPO_DIR}/pom.xml"" -pl jproperties-checks -am clean test-compile",v3:39195736:maven:jproperties-checks,1,1,1,0,0,PASS,PASS,PASS,ok,sandbox readiness passed,D:\A_ThucNghiem\scripts_v2\workspaces\20260724_010022_d3f7f7b1__baseline_readiness\021_39195736_5ebd9ad4,40.142,PASS
39195736,https://github.com/racodond/sonar-jproperties-plugin,7a6e8c332e5db8d2a89212fe8defe8b8fdb6c3f6,39195736:sonar-jproperties-plugin/src/main/java/org/sonar/plugins/jproperties/javapropertiessquidsensor.java,JavaPropertiesSquidSensor,sonar-jproperties-plugin/src/main/java/org/sonar/plugins/jproperties/JavaPropertiesSquidSensor.java,5,169,1406,12,2,4,25,2.0833333333333335,maven,.,sonar-jproperties-plugin,sonar-jproperties-plugin,maven:sonar-jproperties-plugin,8,8,main,6,7de147ebf28fcf2819935cd281a0f0871afd538295505e87898f8a8160e38ef4,42,sha256_repo_balanced_v3_1,higher_complexity_half,,,repos/successful/39195736,promoted_before_storage_audit,160,159,remaining240,class_sampling_manifest_final_seed42.csv,2026-07-23T11:07:03+00:00,per_repo_2class_pilot_complexity_half_then_selection_rank_seed42,22,39195736,JavaPropertiesSquidSensor,JavaPropertiesSquidSensor_RBL4_4233fc4aTest,repos/39195736/sonar-jproperties-plugin/src/main/java/org/sonar/plugins/jproperties/JavaPropertiesSquidSensor.java,repos/39195736/sonar-jproperties-plugin/src/test/java/org/sonar/plugins/jproperties/JavaPropertiesSquidSensor_RBL4_4233fc4aTest.java,sonar-jproperties-plugin,D:\A_ThucNghiem\compiledrepos\39195736,D:\A_ThucNghiem\compiledrepos\39195736\sonar-jproperties-plugin\src\main\java\org\sonar\plugins\jproperties\JavaPropertiesSquidSensor.java,sonar-jproperties-plugin/src/test/java/org/sonar/plugins/jproperties/JavaPropertiesSquidSensor_RBL4_4233fc4aTest.java,org.sonar.plugins.jproperties,1.8,Maven,"mvn -B -ntp -DskipTests -DskipITs -f ""${REPO_DIR}\pom.xml"" -pl sonar-jproperties-plugin -am clean test-compile","mvn -B -ntp -DskipTests -DskipITs -f ""${REPO_DIR}/pom.xml"" -pl sonar-jproperties-plugin -am clean test-compile",v3:39195736:maven:sonar-jproperties-plugin,1,1,1,0,0,PASS,PASS,PASS,ok,sandbox readiness passed,D:\A_ThucNghiem\scripts_v2\workspaces\20260724_010022_d3f7f7b1__baseline_readiness\022_39195736_4233fc4a,16.499,PASS
39195736,https://github.com/racodond/sonar-jproperties-plugin,7a6e8c332e5db8d2a89212fe8defe8b8fdb6c3f6,39195736:jproperties-checks/src/main/java/org/sonar/jproperties/checks/generic/hardcodedcredentialscheck.java,HardCodedCredentialsCheck,jproperties-checks/src/main/java/org/sonar/jproperties/checks/generic/HardCodedCredentialsCheck.java,2,64,508,4,2,10,14,3.5,maven,.,jproperties-checks,jproperties-checks,maven:jproperties-checks,8,8,main,8,9ad02a0705210b493592caf29580af5f484ed0f28b713012cb872199703043c0,42,sha256_repo_balanced_v3_1,higher_complexity_half,,,repos/successful/39195736,promoted_before_storage_audit,261,260,remaining240,class_sampling_manifest_final_seed42.csv,2026-07-23T11:07:03+00:00,per_repo_2class_pilot_complexity_half_then_selection_rank_seed42,23,39195736,HardCodedCredentialsCheck,HardCodedCredentialsCheck_RBL4_931043c2Test,repos/39195736/jproperties-checks/src/main/java/org/sonar/jproperties/checks/generic/HardCodedCredentialsCheck.java,repos/39195736/jproperties-checks/src/test/java/org/sonar/jproperties/checks/generic/HardCodedCredentialsCheck_RBL4_931043c2Test.java,jproperties-checks,D:\A_ThucNghiem\compiledrepos\39195736,D:\A_ThucNghiem\compiledrepos\39195736\jproperties-checks\src\main\java\org\sonar\jproperties\checks\generic\HardCodedCredentialsCheck.java,jproperties-checks/src/test/java/org/sonar/jproperties/checks/generic/HardCodedCredentialsCheck_RBL4_931043c2Test.java,org.sonar.jproperties.checks.generic,1.8,Maven,"mvn -B -ntp -DskipTests -DskipITs -f ""${REPO_DIR}\pom.xml"" -pl jproperties-checks -am clean test-compile","mvn -B -ntp -DskipTests -DskipITs -f ""${REPO_DIR}/pom.xml"" -pl jproperties-checks -am clean test-compile",v3:39195736:maven:jproperties-checks,1,1,1,0,0,PASS,PASS,PASS,ok,sandbox readiness passed,D:\A_ThucNghiem\scripts_v2\workspaces\20260724_010022_d3f7f7b1__baseline_readiness\023_39195736_931043c2,40.995,PASS
41547678,https://github.com/ftomassetti/turin-programming-language,ae4aa23f92727a28479c99c3fd79b6c6d73fdd20,41547678:turin-compiler/src/main/java/me/tomassetti/turin/typesystem/voidtypeusage.java,VoidTypeUsage,turin-compiler/src/main/java/me/tomassetti/turin/typesystem/VoidTypeUsage.java,1,46,199,10,10,1,10,1.0,maven,.,turin-compiler,turin-compiler,maven:turin-compiler,8,8,main,4,4bf7631789ea5314efe8a8ecade5697cf72313def0ed8de3b83ca39652b6b425,42,sha256_repo_balanced_v3_1,lower_complexity_half,,,repos/successful/41547678,promoted_before_storage_audit,37,36,remaining240,class_sampling_manifest_final_seed42.csv,2026-07-23T11:07:03+00:00,per_repo_2class_pilot_complexity_half_then_selection_rank_seed42,24,41547678,VoidTypeUsage,VoidTypeUsage_RBL4_cbda56d1Test,repos/41547678/turin-compiler/src/main/java/me/tomassetti/turin/typesystem/VoidTypeUsage.java,repos/41547678/turin-compiler/src/test/java/me/tomassetti/turin/typesystem/VoidTypeUsage_RBL4_cbda56d1Test.java,turin-compiler,D:\A_ThucNghiem\compiledrepos\41547678,D:\A_ThucNghiem\compiledrepos\41547678\turin-compiler\src\main\java\me\tomassetti\turin\typesystem\VoidTypeUsage.java,turin-compiler/src/test/java/me/tomassetti/turin/typesystem/VoidTypeUsage_RBL4_cbda56d1Test.java,me.tomassetti.turin.typesystem,1.8,Maven,"mvn -B -ntp -DskipTests -DskipITs -f ""${REPO_DIR}\pom.xml"" -pl turin-compiler -am clean test-compile","mvn -B -ntp -DskipTests -DskipITs -f ""${REPO_DIR}/pom.xml"" -pl turin-compiler -am clean test-compile",v3:41547678:maven:turin-compiler,1,1,1,0,0,PASS,PASS,PASS,ok,sandbox readiness passed,D:\A_ThucNghiem\scripts_v2\workspaces\20260724_010022_d3f7f7b1__baseline_readiness\024_41547678_cbda56d1,22.712,PASS
41547678,https://github.com/ftomassetti/turin-programming-language,ae4aa23f92727a28479c99c3fd79b6c6d73fdd20,41547678:turin-standard-library/src/main/java/turin/relations/onetomanyrelation.java,OneToManyRelation,turin-standard-library/src/main/java/turin/relations/OneToManyRelation.java,3,57,414,9,9,4,13,1.4444444444444444,maven,.,turin-standard-library,turin-standard-library,maven:turin-standard-library,8,8,main,9,9fae7320145dd1c16dd1e19383915fa26d7525a980984f3b4536649fc2000b10,42,sha256_repo_balanced_v3_1,lower_complexity_half,,,repos/successful/41547678,promoted_before_storage_audit,144,143,remaining240,class_sampling_manifest_final_seed42.csv,2026-07-23T11:07:03+00:00,per_repo_2class_pilot_complexity_half_then_selection_rank_seed42,25,41547678,OneToManyRelation,OneToManyRelation_RBL4_0ba40af0Test,repos/41547678/turin-standard-library/src/main/java/turin/relations/OneToManyRelation.java,repos/41547678/turin-standard-library/src/test/java/turin/relations/OneToManyRelation_RBL4_0ba40af0Test.java,turin-standard-library,D:\A_ThucNghiem\compiledrepos\41547678,D:\A_ThucNghiem\compiledrepos\41547678\turin-standard-library\src\main\java\turin\relations\OneToManyRelation.java,turin-standard-library/src/test/java/turin/relations/OneToManyRelation_RBL4_0ba40af0Test.java,turin.relations,1.8,Maven,"mvn -B -ntp -DskipTests -DskipITs -f ""${REPO_DIR}\turin-standard-library\pom.xml"" clean test-compile","mvn -B -ntp -DskipTests -DskipITs -f ""${REPO_DIR}/turin-standard-library/pom.xml"" clean test-compile",v3:41547678:maven:turin-standard-library,1,1,1,0,0,PASS,PASS,PASS,ok,sandbox readiness passed,D:\A_ThucNghiem\scripts_v2\workspaces\20260724_010022_d3f7f7b1__baseline_readiness\025_41547678_0ba40af0,0.285,PASS
41547678,https://github.com/ftomassetti/turin-programming-language,ae4aa23f92727a28479c99c3fd79b6c6d73fdd20,41547678:turin-compiler/src/main/java/me/tomassetti/turin/typesystem/arraytypeusage.java,ArrayTypeUsage,turin-compiler/src/main/java/me/tomassetti/turin/typesystem/ArrayTypeUsage.java,11,89,508,16,15,5,24,1.5,maven,.,turin-compiler,turin-compiler,maven:turin-compiler,8,8,main,7,8eaa3fdf2460c03a320df0fbd8ba5f4f343789848292e861dc383460690995cd,42,sha256_repo_balanced_v3_1,higher_complexity_half,,,repos/successful/41547678,promoted_before_storage_audit,188,187,remaining240,class_sampling_manifest_final_seed42.csv,2026-07-23T11:07:03+00:00,per_repo_2class_pilot_complexity_half_then_selection_rank_seed42,26,41547678,ArrayTypeUsage,ArrayTypeUsage_RBL4_cf9a0032Test,repos/41547678/turin-compiler/src/main/java/me/tomassetti/turin/typesystem/ArrayTypeUsage.java,repos/41547678/turin-compiler/src/test/java/me/tomassetti/turin/typesystem/ArrayTypeUsage_RBL4_cf9a0032Test.java,turin-compiler,D:\A_ThucNghiem\compiledrepos\41547678,D:\A_ThucNghiem\compiledrepos\41547678\turin-compiler\src\main\java\me\tomassetti\turin\typesystem\ArrayTypeUsage.java,turin-compiler/src/test/java/me/tomassetti/turin/typesystem/ArrayTypeUsage_RBL4_cf9a0032Test.java,me.tomassetti.turin.typesystem,1.8,Maven,"mvn -B -ntp -DskipTests -DskipITs -f ""${REPO_DIR}\pom.xml"" -pl turin-compiler -am clean test-compile","mvn -B -ntp -DskipTests -DskipITs -f ""${REPO_DIR}/pom.xml"" -pl turin-compiler -am clean test-compile",v3:41547678:maven:turin-compiler,1,1,1,0,0,PASS,PASS,PASS,ok,sandbox readiness passed,D:\A_ThucNghiem\scripts_v2\workspaces\20260724_010022_d3f7f7b1__baseline_readiness\026_41547678_cf9a0032,28.257,PASS
41547678,https://github.com/ftomassetti/turin-programming-language,ae4aa23f92727a28479c99c3fd79b6c6d73fdd20,41547678:turin-compiler/src/main/java/me/tomassetti/turin/typesystem/invokablereferencetypeusage.java,InvokableReferenceTypeUsage,turin-compiler/src/main/java/me/tomassetti/turin/typesystem/InvokableReferenceTypeUsage.java,11,128,829,16,15,6,27,1.6875,maven,.,turin-compiler,turin-compiler,maven:turin-compiler,8,8,main,8,9e2609200f370cb5a1f0e26219642bd3b804c4c9c54fd6af22d4c02eb7b33895,42,sha256_repo_balanced_v3_1,higher_complexity_half,,,repos/successful/41547678,promoted_before_storage_audit,205,204,remaining240,class_sampling_manifest_final_seed42.csv,2026-07-23T11:07:03+00:00,per_repo_2class_pilot_complexity_half_then_selection_rank_seed42,27,41547678,InvokableReferenceTypeUsage,InvokableReferenceTypeUsage_RBL4_9b774e58Test,repos/41547678/turin-compiler/src/main/java/me/tomassetti/turin/typesystem/InvokableReferenceTypeUsage.java,repos/41547678/turin-compiler/src/test/java/me/tomassetti/turin/typesystem/InvokableReferenceTypeUsage_RBL4_9b774e58Test.java,turin-compiler,D:\A_ThucNghiem\compiledrepos\41547678,D:\A_ThucNghiem\compiledrepos\41547678\turin-compiler\src\main\java\me\tomassetti\turin\typesystem\InvokableReferenceTypeUsage.java,turin-compiler/src/test/java/me/tomassetti/turin/typesystem/InvokableReferenceTypeUsage_RBL4_9b774e58Test.java,me.tomassetti.turin.typesystem,1.8,Maven,"mvn -B -ntp -DskipTests -DskipITs -f ""${REPO_DIR}\pom.xml"" -pl turin-compiler -am clean test-compile","mvn -B -ntp -DskipTests -DskipITs -f ""${REPO_DIR}/pom.xml"" -pl turin-compiler -am clean test-compile",v3:41547678:maven:turin-compiler,1,1,1,0,0,PASS,PASS,PASS,ok,sandbox readiness passed,D:\A_ThucNghiem\scripts_v2\workspaces\20260724_010022_d3f7f7b1__baseline_readiness\027_41547678_9b774e58,26.722,PASS
41547678,https://github.com/ftomassetti/turin-programming-language,ae4aa23f92727a28479c99c3fd79b6c6d73fdd20,41547678:turin-compiler/src/main/java/me/tomassetti/turin/typesystem/primitivetypeusage.java,PrimitiveTypeUsage,turin-compiler/src/main/java/me/tomassetti/turin/typesystem/PrimitiveTypeUsage.java,10,201,1276,32,28,6,56,1.75,maven,.,turin-compiler,turin-compiler,maven:turin-compiler,8,8,main,6,6e0b7ae6e112e076fab3938ee1b181660ece642be59111f2f6f2a1c74d082fb3,42,sha256_repo_balanced_v3_1,higher_complexity_half,,,repos/successful/41547678,promoted_before_storage_audit,213,212,remaining240,class_sampling_manifest_final_seed42.csv,2026-07-23T11:07:03+00:00,per_repo_2class_pilot_complexity_half_then_selection_rank_seed42,28,41547678,PrimitiveTypeUsage,PrimitiveTypeUsage_RBL4_d8ff3e11Test,repos/41547678/turin-compiler/src/main/java/me/tomassetti/turin/typesystem/PrimitiveTypeUsage.java,repos/41547678/turin-compiler/src/test/java/me/tomassetti/turin/typesystem/PrimitiveTypeUsage_RBL4_d8ff3e11Test.java,turin-compiler,D:\A_ThucNghiem\compiledrepos\41547678,D:\A_ThucNghiem\compiledrepos\41547678\turin-compiler\src\main\java\me\tomassetti\turin\typesystem\PrimitiveTypeUsage.java,turin-compiler/src/test/java/me/tomassetti/turin/typesystem/PrimitiveTypeUsage_RBL4_d8ff3e11Test.java,me.tomassetti.turin.typesystem,1.8,Maven,"mvn -B -ntp -DskipTests -DskipITs -f ""${REPO_DIR}\pom.xml"" -pl turin-compiler -am clean test-compile","mvn -B -ntp -DskipTests -DskipITs -f ""${REPO_DIR}/pom.xml"" -pl turin-compiler -am clean test-compile",v3:41547678:maven:turin-compiler,1,1,1,0,0,PASS,PASS,PASS,ok,sandbox readiness passed,D:\A_ThucNghiem\scripts_v2\workspaces\20260724_010022_d3f7f7b1__baseline_readiness\028_41547678_d8ff3e11,38.839,PASS
41547678,https://github.com/ftomassetti/turin-programming-language,ae4aa23f92727a28479c99c3fd79b6c6d73fdd20,41547678:turin-compiler/src/main/java/me/tomassetti/turin/compiler/paramutils.java,ParamUtils,turin-compiler/src/main/java/me/tomassetti/turin/compiler/ParamUtils.java,14,82,794,7,6,7,19,2.7142857142857144,maven,.,turin-compiler,turin-compiler,maven:turin-compiler,8,8,main,2,0442ed2cbb3ef952d74b9a6867082a1a40c4bae34f38a83957546ad38c146b16,42,sha256_repo_balanced_v3_1,higher_complexity_half,,,repos/successful/41547678,promoted_before_storage_audit,221,220,remaining240,class_sampling_manifest_final_seed42.csv,2026-07-23T11:07:03+00:00,per_repo_2class_pilot_complexity_half_then_selection_rank_seed42,29,41547678,ParamUtils,ParamUtils_RBL4_6e5d9f86Test,repos/41547678/turin-compiler/src/main/java/me/tomassetti/turin/compiler/ParamUtils.java,repos/41547678/turin-compiler/src/test/java/me/tomassetti/turin/compiler/ParamUtils_RBL4_6e5d9f86Test.java,turin-compiler,D:\A_ThucNghiem\compiledrepos\41547678,D:\A_ThucNghiem\compiledrepos\41547678\turin-compiler\src\main\java\me\tomassetti\turin\compiler\ParamUtils.java,turin-compiler/src/test/java/me/tomassetti/turin/compiler/ParamUtils_RBL4_6e5d9f86Test.java,me.tomassetti.turin.compiler,1.8,Maven,"mvn -B -ntp -DskipTests -DskipITs -f ""${REPO_DIR}\pom.xml"" -pl turin-compiler -am clean test-compile","mvn -B -ntp -DskipTests -DskipITs -f ""${REPO_DIR}/pom.xml"" -pl turin-compiler -am clean test-compile",v3:41547678:maven:turin-compiler,1,1,1,0,0,PASS,PASS,PASS,ok,sandbox readiness passed,D:\A_ThucNghiem\scripts_v2\workspaces\20260724_010022_d3f7f7b1__baseline_readiness\029_41547678_6e5d9f86,40.674,PASS
41547678,https://github.com/ftomassetti/turin-programming-language,ae4aa23f92727a28479c99c3fd79b6c6d73fdd20,41547678:turin-compiler/src/main/java/me/tomassetti/turin/parser/ast/qualifiedname.java,QualifiedName,turin-compiler/src/main/java/me/tomassetti/turin/parser/ast/QualifiedName.java,1,96,602,14,12,7,30,2.142857142857143,maven,.,turin-compiler,turin-compiler,maven:turin-compiler,8,8,main,5,4c9fe5113d5c3fcf226ab52da583dbf2c8e374238bc9dfd2b8c9e114745f8fd6,42,sha256_repo_balanced_v3_1,higher_complexity_half,,,repos/successful/41547678,promoted_before_storage_audit,228,227,remaining240,class_sampling_manifest_final_seed42.csv,2026-07-23T11:07:03+00:00,per_repo_2class_pilot_complexity_half_then_selection_rank_seed42,30,41547678,QualifiedName,QualifiedName_RBL4_3bf6f68aTest,repos/41547678/turin-compiler/src/main/java/me/tomassetti/turin/parser/ast/QualifiedName.java,repos/41547678/turin-compiler/src/test/java/me/tomassetti/turin/parser/ast/QualifiedName_RBL4_3bf6f68aTest.java,turin-compiler,D:\A_ThucNghiem\compiledrepos\41547678,D:\A_ThucNghiem\compiledrepos\41547678\turin-compiler\src\main\java\me\tomassetti\turin\parser\ast\QualifiedName.java,turin-compiler/src/test/java/me/tomassetti/turin/parser/ast/QualifiedName_RBL4_3bf6f68aTest.java,me.tomassetti.turin.parser.ast,1.8,Maven,"mvn -B -ntp -DskipTests -DskipITs -f ""${REPO_DIR}\pom.xml"" -pl turin-compiler -am clean test-compile","mvn -B -ntp -DskipTests -DskipITs -f ""${REPO_DIR}/pom.xml"" -pl turin-compiler -am clean test-compile",v3:41547678:maven:turin-compiler,1,1,1,0,0,PASS,PASS,PASS,ok,sandbox readiness passed,D:\A_ThucNghiem\scripts_v2\workspaces\20260724_010022_d3f7f7b1__baseline_readiness\030_41547678_3bf6f68a,79.459,PASS
41547678,https://github.com/ftomassetti/turin-programming-language,ae4aa23f92727a28479c99c3fd79b6c6d73fdd20,41547678:turin-compiler/src/main/java/me/tomassetti/turin/parser/ast/turintypedefinition.java,TurinTypeDefinition,turin-compiler/src/main/java/me/tomassetti/turin/parser/ast/TurinTypeDefinition.java,4,438,3727,54,44,9,109,2.0185185185185186,maven,.,turin-compiler,turin-compiler,maven:turin-compiler,8,8,main,10,a7b0651f31b5e6046e2afb8173823b94e39ef95a00a7de0536c32f8c8249bb57,42,sha256_repo_balanced_v3_1,higher_complexity_half,,,repos/successful/41547678,promoted_before_storage_audit,260,259,remaining240,class_sampling_manifest_final_seed42.csv,2026-07-23T11:07:03+00:00,per_repo_2class_pilot_complexity_half_then_selection_rank_seed42,31,41547678,TurinTypeDefinition,TurinTypeDefinition_RBL4_09c89a18Test,repos/41547678/turin-compiler/src/main/java/me/tomassetti/turin/parser/ast/TurinTypeDefinition.java,repos/41547678/turin-compiler/src/test/java/me/tomassetti/turin/parser/ast/TurinTypeDefinition_RBL4_09c89a18Test.java,turin-compiler,D:\A_ThucNghiem\compiledrepos\41547678,D:\A_ThucNghiem\compiledrepos\41547678\turin-compiler\src\main\java\me\tomassetti\turin\parser\ast\TurinTypeDefinition.java,turin-compiler/src/test/java/me/tomassetti/turin/parser/ast/TurinTypeDefinition_RBL4_09c89a18Test.java,me.tomassetti.turin.parser.ast,1.8,Maven,"mvn -B -ntp -DskipTests -DskipITs -f ""${REPO_DIR}\pom.xml"" -pl turin-compiler -am clean test-compile","mvn -B -ntp -DskipTests -DskipITs -f ""${REPO_DIR}/pom.xml"" -pl turin-compiler -am clean test-compile",v3:41547678:maven:turin-compiler,1,1,1,0,0,PASS,PASS,PASS,ok,sandbox readiness passed,D:\A_ThucNghiem\scripts_v2\workspaces\20260724_010022_d3f7f7b1__baseline_readiness\031_41547678_09c89a18,115.795,PASS
41627638,https://github.com/cuipengfei/Spikes,3b98b697479020d277bcf69f5651102982d7ba12,41627638:leetcode/battleships-in-a-board/src/main/java/com/github/singlenumber/solution.java,Solution,leetcode/battleships-in-a-board/src/main/java/com/github/SingleNumber/Solution.java,1,16,152,1,1,1,1,1.0,gradle,leetcode/battleships-in-a-board,leetcode/battleships-in-a-board,.,gradle:leetcode/battleships-in-a-board,8,8,main,9,5abdd8f15d0d979bb79f1bd833b60d8caddca523408c87add5e59aa82876d5a3,42,sha256_repo_balanced_v3_1,lower_complexity_half,,,repos/successful/41627638,promoted_before_storage_audit,4,3,remaining240,class_sampling_manifest_final_seed42.csv,2026-07-23T11:07:03+00:00,per_repo_2class_pilot_complexity_half_then_selection_rank_seed42,32,41627638,Solution,Solution_RBL4_899cbe08Test,repos/41627638/leetcode/battleships-in-a-board/src/main/java/com/github/SingleNumber/Solution.java,repos/41627638/leetcode/battleships-in-a-board/src/test/java/com/github/SingleNumber/Solution_RBL4_899cbe08Test.java,leetcode/battleships-in-a-board,D:\A_ThucNghiem\compiledrepos\41627638,D:\A_ThucNghiem\compiledrepos\41627638\leetcode\battleships-in-a-board\src\main\java\com\github\SingleNumber\Solution.java,leetcode/battleships-in-a-board/src/test/java/com/github/SingleNumber/Solution_RBL4_899cbe08Test.java,com.github.SingleNumber,1.8,Gradle,"""${REPO_DIR}\gradlew.bat"" --no-daemon --console=plain --stacktrace clean testClasses -x test","""${REPO_DIR}/gradlew"" --no-daemon --console=plain --stacktrace clean testClasses -x test",v3:41627638:gradle:leetcode/battleships-in-a-board,1,1,1,0,0,PASS,PASS,PASS,ok,sandbox readiness passed,D:\A_ThucNghiem\scripts_v2\workspaces\20260724_010022_d3f7f7b1__baseline_readiness\032_41627638_899cbe08,30.529,PASS
41627638,https://github.com/cuipengfei/Spikes,3b98b697479020d277bcf69f5651102982d7ba12,41627638:leetcode/battleships-in-a-board/src/main/java/com/github/invertbinarytree/solution.java,Solution,leetcode/battleships-in-a-board/src/main/java/com/github/InvertBinaryTree/Solution.java,1,12,68,1,1,2,2,2.0,gradle,leetcode/battleships-in-a-board,leetcode/battleships-in-a-board,.,gradle:leetcode/battleships-in-a-board,8,8,main,3,1c1be5430f367703bbedb549fbf15e2cf99a085d0e3677b0466bc640dda7a030,42,sha256_repo_balanced_v3_1,lower_complexity_half,,,repos/successful/41627638,promoted_before_storage_audit,40,39,remaining240,class_sampling_manifest_final_seed42.csv,2026-07-23T11:07:03+00:00,per_repo_2class_pilot_complexity_half_then_selection_rank_seed42,33,41627638,Solution,Solution_RBL4_900e296fTest,repos/41627638/leetcode/battleships-in-a-board/src/main/java/com/github/InvertBinaryTree/Solution.java,repos/41627638/leetcode/battleships-in-a-board/src/test/java/com/github/InvertBinaryTree/Solution_RBL4_900e296fTest.java,leetcode/battleships-in-a-board,D:\A_ThucNghiem\compiledrepos\41627638,D:\A_ThucNghiem\compiledrepos\41627638\leetcode\battleships-in-a-board\src\main\java\com\github\InvertBinaryTree\Solution.java,leetcode/battleships-in-a-board/src/test/java/com/github/InvertBinaryTree/Solution_RBL4_900e296fTest.java,com.github.InvertBinaryTree,1.8,Gradle,"""${REPO_DIR}\gradlew.bat"" --no-daemon --console=plain --stacktrace clean testClasses -x test","""${REPO_DIR}/gradlew"" --no-daemon --console=plain --stacktrace clean testClasses -x test",v3:41627638:gradle:leetcode/battleships-in-a-board,1,1,1,0,0,PASS,PASS,PASS,ok,sandbox readiness passed,D:\A_ThucNghiem\scripts_v2\workspaces\20260724_010022_d3f7f7b1__baseline_readiness\033_41627638_900e296f,17.603,PASS
41627638,https://github.com/cuipengfei/Spikes,3b98b697479020d277bcf69f5651102982d7ba12,41627638:leetcode/battleships-in-a-board/src/main/java/com/github/maximumdepthofbinarytree/solution.java,Solution,leetcode/battleships-in-a-board/src/main/java/com/github/MaximumDepthofBinaryTree/Solution.java,3,20,91,2,1,2,3,1.5,gradle,leetcode/battleships-in-a-board,leetcode/battleships-in-a-board,.,gradle:leetcode/battleships-in-a-board,8,8,main,2,177c15ca3238745c3e851046f909c34bd394dfd7c910f314062b12e2a72c458b,42,sha256_repo_balanced_v3_1,lower_complexity_half,,,repos/successful/41627638,promoted_before_storage_audit,45,44,remaining240,class_sampling_manifest_final_seed42.csv,2026-07-23T11:07:03+00:00,per_repo_2class_pilot_complexity_half_then_selection_rank_seed42,34,41627638,Solution,Solution_RBL4_194905a6Test,repos/41627638/leetcode/battleships-in-a-board/src/main/java/com/github/MaximumDepthofBinaryTree/Solution.java,repos/41627638/leetcode/battleships-in-a-board/src/test/java/com/github/MaximumDepthofBinaryTree/Solution_RBL4_194905a6Test.java,leetcode/battleships-in-a-board,D:\A_ThucNghiem\compiledrepos\41627638,D:\A_ThucNghiem\compiledrepos\41627638\leetcode\battleships-in-a-board\src\main\java\com\github\MaximumDepthofBinaryTree\Solution.java,leetcode/battleships-in-a-board/src/test/java/com/github/MaximumDepthofBinaryTree/Solution_RBL4_194905a6Test.java,com.github.MaximumDepthofBinaryTree,1.8,Gradle,"""${REPO_DIR}\gradlew.bat"" --no-daemon --console=plain --stacktrace clean testClasses -x test","""${REPO_DIR}/gradlew"" --no-daemon --console=plain --stacktrace clean testClasses -x test",v3:41627638:gradle:leetcode/battleships-in-a-board,1,1,1,0,0,PASS,PASS,PASS,ok,sandbox readiness passed,D:\A_ThucNghiem\scripts_v2\workspaces\20260724_010022_d3f7f7b1__baseline_readiness\034_41627638_194905a6,34.16,PASS
41627638,https://github.com/cuipengfei/Spikes,3b98b697479020d277bcf69f5651102982d7ba12,41627638:leetcode/battleships-in-a-board/src/main/java/com/github/battleship/parser.java,Parser,leetcode/battleships-in-a-board/src/main/java/com/github/battleship/Parser.java,5,35,312,5,1,4,10,2.0,gradle,leetcode/battleships-in-a-board,leetcode/battleships-in-a-board,.,gradle:leetcode/battleships-in-a-board,8,8,main,6,2f34e6830a114b1825d357a300d7209e4ac1d3b53629ed27021887e8eeb5c832,42,sha256_repo_balanced_v3_1,lower_complexity_half,,,repos/successful/41627638,promoted_before_storage_audit,135,134,remaining240,class_sampling_manifest_final_seed42.csv,2026-07-23T11:07:03+00:00,per_repo_2class_pilot_complexity_half_then_selection_rank_seed42,35,41627638,Parser,Parser_RBL4_6bf65714Test,repos/41627638/leetcode/battleships-in-a-board/src/main/java/com/github/battleship/Parser.java,repos/41627638/leetcode/battleships-in-a-board/src/test/java/com/github/battleship/Parser_RBL4_6bf65714Test.java,leetcode/battleships-in-a-board,D:\A_ThucNghiem\compiledrepos\41627638,D:\A_ThucNghiem\compiledrepos\41627638\leetcode\battleships-in-a-board\src\main\java\com\github\battleship\Parser.java,leetcode/battleships-in-a-board/src/test/java/com/github/battleship/Parser_RBL4_6bf65714Test.java,com.github.battleship,1.8,Gradle,"""${REPO_DIR}\gradlew.bat"" --no-daemon --console=plain --stacktrace clean testClasses -x test","""${REPO_DIR}/gradlew"" --no-daemon --console=plain --stacktrace clean testClasses -x test",v3:41627638:gradle:leetcode/battleships-in-a-board,1,1,1,0,0,PASS,PASS,PASS,ok,sandbox readiness passed,D:\A_ThucNghiem\scripts_v2\workspaces\20260724_010022_d3f7f7b1__baseline_readiness\035_41627638_6bf65714,31.779,PASS
41627638,https://github.com/cuipengfei/Spikes,3b98b697479020d277bcf69f5651102982d7ba12,41627638:leetcode/battleships-in-a-board/src/main/java/com/github/wordladder/solution.java,Solution,leetcode/battleships-in-a-board/src/main/java/com/github/WordLadder/Solution.java,8,109,847,8,2,4,21,2.625,gradle,leetcode/battleships-in-a-board,leetcode/battleships-in-a-board,.,gradle:leetcode/battleships-in-a-board,8,8,main,8,530b58123b4f93ed1194c435db93a27685efb72b672647761d6382e84b6a27fe,42,sha256_repo_balanced_v3_1,higher_complexity_half,,,repos/successful/41627638,promoted_before_storage_audit,156,155,remaining240,class_sampling_manifest_final_seed42.csv,2026-07-23T11:07:03+00:00,per_repo_2class_pilot_complexity_half_then_selection_rank_seed42,36,41627638,Solution,Solution_RBL4_5af78817Test,repos/41627638/leetcode/battleships-in-a-board/src/main/java/com/github/WordLadder/Solution.java,repos/41627638/leetcode/battleships-in-a-board/src/test/java/com/github/WordLadder/Solution_RBL4_5af78817Test.java,leetcode/battleships-in-a-board,D:\A_ThucNghiem\compiledrepos\41627638,D:\A_ThucNghiem\compiledrepos\41627638\leetcode\battleships-in-a-board\src\main\java\com\github\WordLadder\Solution.java,leetcode/battleships-in-a-board/src/test/java/com/github/WordLadder/Solution_RBL4_5af78817Test.java,com.github.WordLadder,1.8,Gradle,"""${REPO_DIR}\gradlew.bat"" --no-daemon --console=plain --stacktrace clean testClasses -x test","""${REPO_DIR}/gradlew"" --no-daemon --console=plain --stacktrace clean testClasses -x test",v3:41627638:gradle:leetcode/battleships-in-a-board,1,1,1,0,0,PASS,PASS,PASS,ok,sandbox readiness passed,D:\A_ThucNghiem\scripts_v2\workspaces\20260724_010022_d3f7f7b1__baseline_readiness\036_41627638_5af78817,23.855,PASS
41627638,https://github.com/cuipengfei/Spikes,3b98b697479020d277bcf69f5651102982d7ba12,41627638:leetcode/battleships-in-a-board/src/main/java/com/github/movezeroes/solution.java,Solution,leetcode/battleships-in-a-board/src/main/java/com/github/MoveZeroes/Solution.java,2,26,176,1,1,5,5,5.0,gradle,leetcode/battleships-in-a-board,leetcode/battleships-in-a-board,.,gradle:leetcode/battleships-in-a-board,8,8,main,10,6776e666bd1b85511657690a6837fd080282c43887cdf12ddbff1cda8de9878e,42,sha256_repo_balanced_v3_1,higher_complexity_half,,,repos/successful/41627638,promoted_before_storage_audit,169,168,remaining240,class_sampling_manifest_final_seed42.csv,2026-07-23T11:07:03+00:00,per_repo_2class_pilot_complexity_half_then_selection_rank_seed42,37,41627638,Solution,Solution_RBL4_2857f9c6Test,repos/41627638/leetcode/battleships-in-a-board/src/main/java/com/github/MoveZeroes/Solution.java,repos/41627638/leetcode/battleships-in-a-board/src/test/java/com/github/MoveZeroes/Solution_RBL4_2857f9c6Test.java,leetcode/battleships-in-a-board,D:\A_ThucNghiem\compiledrepos\41627638,D:\A_ThucNghiem\compiledrepos\41627638\leetcode\battleships-in-a-board\src\main\java\com\github\MoveZeroes\Solution.java,leetcode/battleships-in-a-board/src/test/java/com/github/MoveZeroes/Solution_RBL4_2857f9c6Test.java,com.github.MoveZeroes,1.8,Gradle,"""${REPO_DIR}\gradlew.bat"" --no-daemon --console=plain --stacktrace clean testClasses -x test","""${REPO_DIR}/gradlew"" --no-daemon --console=plain --stacktrace clean testClasses -x test",v3:41627638:gradle:leetcode/battleships-in-a-board,1,1,1,0,0,PASS,PASS,PASS,ok,sandbox readiness passed,D:\A_ThucNghiem\scripts_v2\workspaces\20260724_010022_d3f7f7b1__baseline_readiness\037_41627638_2857f9c6,34.957,PASS
41627638,https://github.com/cuipengfei/Spikes,3b98b697479020d277bcf69f5651102982d7ba12,41627638:leetcode/battleships-in-a-board/src/main/java/com/github/reverselinkedlist/solution.java,Solution,leetcode/battleships-in-a-board/src/main/java/com/github/ReverseLinkedList/Solution.java,1,31,188,2,1,5,6,3.0,gradle,leetcode/battleships-in-a-board,leetcode/battleships-in-a-board,.,gradle:leetcode/battleships-in-a-board,8,8,main,7,35d65a39f40b60ed29fd531e6154d6e15f2c7ab7fd3a2b7eaf8d3c9969ba7e44,42,sha256_repo_balanced_v3_1,higher_complexity_half,,,repos/successful/41627638,promoted_before_storage_audit,170,169,remaining240,class_sampling_manifest_final_seed42.csv,2026-07-23T11:07:03+00:00,per_repo_2class_pilot_complexity_half_then_selection_rank_seed42,38,41627638,Solution,Solution_RBL4_9f4d73afTest,repos/41627638/leetcode/battleships-in-a-board/src/main/java/com/github/ReverseLinkedList/Solution.java,repos/41627638/leetcode/battleships-in-a-board/src/test/java/com/github/ReverseLinkedList/Solution_RBL4_9f4d73afTest.java,leetcode/battleships-in-a-board,D:\A_ThucNghiem\compiledrepos\41627638,D:\A_ThucNghiem\compiledrepos\41627638\leetcode\battleships-in-a-board\src\main\java\com\github\ReverseLinkedList\Solution.java,leetcode/battleships-in-a-board/src/test/java/com/github/ReverseLinkedList/Solution_RBL4_9f4d73afTest.java,com.github.ReverseLinkedList,1.8,Gradle,"""${REPO_DIR}\gradlew.bat"" --no-daemon --console=plain --stacktrace clean testClasses -x test","""${REPO_DIR}/gradlew"" --no-daemon --console=plain --stacktrace clean testClasses -x test",v3:41627638:gradle:leetcode/battleships-in-a-board,1,1,1,0,0,PASS,PASS,PASS,ok,sandbox readiness passed,D:\A_ThucNghiem\scripts_v2\workspaces\20260724_010022_d3f7f7b1__baseline_readiness\038_41627638_9f4d73af,37.838,PASS
41627638,https://github.com/cuipengfei/Spikes,3b98b697479020d277bcf69f5651102982d7ba12,41627638:leetcode/battleships-in-a-board/src/main/java/com/github/islandperimeter/solution.java,Solution,leetcode/battleships-in-a-board/src/main/java/com/github/IslandPerimeter/Solution.java,2,40,316,4,1,5,13,3.25,gradle,leetcode/battleships-in-a-board,leetcode/battleships-in-a-board,.,gradle:leetcode/battleships-in-a-board,8,8,main,5,25c911acae6b9feab0d83bc018f337920d09b88adab1ec02468fd3eb4ae2885c,42,sha256_repo_balanced_v3_1,higher_complexity_half,,,repos/successful/41627638,promoted_before_storage_audit,184,183,remaining240,class_sampling_manifest_final_seed42.csv,2026-07-23T11:07:03+00:00,per_repo_2class_pilot_complexity_half_then_selection_rank_seed42,39,41627638,Solution,Solution_RBL4_562560bfTest,repos/41627638/leetcode/battleships-in-a-board/src/main/java/com/github/IslandPerimeter/Solution.java,repos/41627638/leetcode/battleships-in-a-board/src/test/java/com/github/IslandPerimeter/Solution_RBL4_562560bfTest.java,leetcode/battleships-in-a-board,D:\A_ThucNghiem\compiledrepos\41627638,D:\A_ThucNghiem\compiledrepos\41627638\leetcode\battleships-in-a-board\src\main\java\com\github\IslandPerimeter\Solution.java,leetcode/battleships-in-a-board/src/test/java/com/github/IslandPerimeter/Solution_RBL4_562560bfTest.java,com.github.IslandPerimeter,1.8,Gradle,"""${REPO_DIR}\gradlew.bat"" --no-daemon --console=plain --stacktrace clean testClasses -x test","""${REPO_DIR}/gradlew"" --no-daemon --console=plain --stacktrace clean testClasses -x test",v3:41627638:gradle:leetcode/battleships-in-a-board,1,1,1,0,0,PASS,PASS,PASS,ok,sandbox readiness passed,D:\A_ThucNghiem\scripts_v2\workspaces\20260724_010022_d3f7f7b1__baseline_readiness\039_41627638_562560bf,26.416,PASS
43105609,https://github.com/borball/weixin-sdk,ed624144fda218f7f85915de26012fa15940c87c,43105609:weixin-mp/src/main/java/com/riversoft/weixin/mp/user/blacklists.java,BlackLists,weixin-mp/src/main/java/com/riversoft/weixin/mp/user/BlackLists.java,3,52,463,7,7,1,7,1.0,maven,.,weixin-mp,weixin-mp,maven:weixin-mp,unknown,8,main,7,9ba3cc40a00c33b3a98b8073bdb3cea39de1c1cb3045f2883f5ce8047474eb61,42,sha256_repo_balanced_v3_1,lower_complexity_half,,,repos/successful/43105609,promoted,34,33,remaining240,class_sampling_manifest_final_seed42.csv,2026-07-23T11:07:03+00:00,per_repo_2class_pilot_complexity_half_then_selection_rank_seed42,40,43105609,BlackLists,BlackLists_RBL4_840860a6Test,repos/43105609/weixin-mp/src/main/java/com/riversoft/weixin/mp/user/BlackLists.java,repos/43105609/weixin-mp/src/test/java/com/riversoft/weixin/mp/user/BlackLists_RBL4_840860a6Test.java,weixin-mp,D:\A_ThucNghiem\compiledrepos\43105609,D:\A_ThucNghiem\compiledrepos\43105609\weixin-mp\src\main\java\com\riversoft\weixin\mp\user\BlackLists.java,weixin-mp/src/test/java/com/riversoft/weixin/mp/user/BlackLists_RBL4_840860a6Test.java,com.riversoft.weixin.mp.user,1.8,Maven,"mvn -B -ntp -DskipTests -DskipITs -f ""${REPO_DIR}\pom.xml"" -pl weixin-mp -am clean test-compile","mvn -B -ntp -DskipTests -DskipITs -f ""${REPO_DIR}/pom.xml"" -pl weixin-mp -am clean test-compile",v3:43105609:maven:weixin-mp,1,1,1,0,0,PASS,PASS,PASS,ok,sandbox readiness passed,D:\A_ThucNghiem\scripts_v2\workspaces\20260724_010022_d3f7f7b1__baseline_readiness\040_43105609_840860a6,50.17,PASS
43105609,https://github.com/borball/weixin-sdk,ed624144fda218f7f85915de26012fa15940c87c,43105609:weixin-mp/src/main/java/com/riversoft/weixin/mp/user/users.java,Users,weixin-mp/src/main/java/com/riversoft/weixin/mp/user/Users.java,3,102,802,12,12,3,19,1.5833333333333333,maven,.,weixin-mp,weixin-mp,maven:weixin-mp,unknown,8,main,2,0fd3eb7e6c507b778bab606603743d47d8aca077a641573e267ba0e441afbd59,42,sha256_repo_balanced_v3_1,lower_complexity_half,,,repos/successful/43105609,promoted,113,112,remaining240,class_sampling_manifest_final_seed42.csv,2026-07-23T11:07:03+00:00,per_repo_2class_pilot_complexity_half_then_selection_rank_seed42,41,43105609,Users,Users_RBL4_95026f6cTest,repos/43105609/weixin-mp/src/main/java/com/riversoft/weixin/mp/user/Users.java,repos/43105609/weixin-mp/src/test/java/com/riversoft/weixin/mp/user/Users_RBL4_95026f6cTest.java,weixin-mp,D:\A_ThucNghiem\compiledrepos\43105609,D:\A_ThucNghiem\compiledrepos\43105609\weixin-mp\src\main\java\com\riversoft\weixin\mp\user\Users.java,weixin-mp/src/test/java/com/riversoft/weixin/mp/user/Users_RBL4_95026f6cTest.java,com.riversoft.weixin.mp.user,1.8,Maven,"mvn -B -ntp -DskipTests -DskipITs -f ""${REPO_DIR}\pom.xml"" -pl weixin-mp -am clean test-compile","mvn -B -ntp -DskipTests -DskipITs -f ""${REPO_DIR}/pom.xml"" -pl weixin-mp -am clean test-compile",v3:43105609:maven:weixin-mp,1,1,1,0,0,PASS,PASS,PASS,ok,sandbox readiness passed,D:\A_ThucNghiem\scripts_v2\workspaces\20260724_010022_d3f7f7b1__baseline_readiness\041_43105609_95026f6c,22.322,PASS
43105609,https://github.com/borball/weixin-sdk,ed624144fda218f7f85915de26012fa15940c87c,43105609:weixin-mp/src/main/java/com/riversoft/weixin/mp/menu/menus.java,Menus,weixin-mp/src/main/java/com/riversoft/weixin/mp/menu/Menus.java,5,120,974,16,16,3,20,1.25,maven,.,weixin-mp,weixin-mp,maven:weixin-mp,unknown,8,main,4,5f6e2af65c5a0cddb3d9c4d7662473a38858b47bde9ca8767da9cba4f8697656,42,sha256_repo_balanced_v3_1,lower_complexity_half,,,repos/successful/43105609,promoted,115,114,remaining240,class_sampling_manifest_final_seed42.csv,2026-07-23T11:07:03+00:00,per_repo_2class_pilot_complexity_half_then_selection_rank_seed42,42,43105609,Menus,Menus_RBL4_2abcc2c1Test,repos/43105609/weixin-mp/src/main/java/com/riversoft/weixin/mp/menu/Menus.java,repos/43105609/weixin-mp/src/test/java/com/riversoft/weixin/mp/menu/Menus_RBL4_2abcc2c1Test.java,weixin-mp,D:\A_ThucNghiem\compiledrepos\43105609,D:\A_ThucNghiem\compiledrepos\43105609\weixin-mp\src\main\java\com\riversoft\weixin\mp\menu\Menus.java,weixin-mp/src/test/java/com/riversoft/weixin/mp/menu/Menus_RBL4_2abcc2c1Test.java,com.riversoft.weixin.mp.menu,1.8,Maven,"mvn -B -ntp -DskipTests -DskipITs -f ""${REPO_DIR}\pom.xml"" -pl weixin-mp -am clean test-compile","mvn -B -ntp -DskipTests -DskipITs -f ""${REPO_DIR}/pom.xml"" -pl weixin-mp -am clean test-compile",v3:43105609:maven:weixin-mp,1,1,1,0,0,PASS,PASS,PASS,ok,sandbox readiness passed,D:\A_ThucNghiem\scripts_v2\workspaces\20260724_010022_d3f7f7b1__baseline_readiness\042_43105609_2abcc2c1,30.017,PASS
43105609,https://github.com/borball/weixin-sdk,ed624144fda218f7f85915de26012fa15940c87c,43105609:weixin-mp/src/main/java/com/riversoft/weixin/mp/user/tags.java,Tags,weixin-mp/src/main/java/com/riversoft/weixin/mp/user/Tags.java,2,139,1121,22,18,3,24,1.0909090909090908,maven,.,weixin-mp,weixin-mp,maven:weixin-mp,unknown,8,main,5,7f6bbce8bcc4f78cbf2ed8229f7a6c85a7fe3e0616e8a1babb853b87221ae913,42,sha256_repo_balanced_v3_1,lower_complexity_half,,,repos/successful/43105609,promoted,117,116,remaining240,class_sampling_manifest_final_seed42.csv,2026-07-23T11:07:03+00:00,per_repo_2class_pilot_complexity_half_then_selection_rank_seed42,43,43105609,Tags,Tags_RBL4_07837a1cTest,repos/43105609/weixin-mp/src/main/java/com/riversoft/weixin/mp/user/Tags.java,repos/43105609/weixin-mp/src/test/java/com/riversoft/weixin/mp/user/Tags_RBL4_07837a1cTest.java,weixin-mp,D:\A_ThucNghiem\compiledrepos\43105609,D:\A_ThucNghiem\compiledrepos\43105609\weixin-mp\src\main\java\com\riversoft\weixin\mp\user\Tags.java,weixin-mp/src/test/java/com/riversoft/weixin/mp/user/Tags_RBL4_07837a1cTest.java,com.riversoft.weixin.mp.user,1.8,Maven,"mvn -B -ntp -DskipTests -DskipITs -f ""${REPO_DIR}\pom.xml"" -pl weixin-mp -am clean test-compile","mvn -B -ntp -DskipTests -DskipITs -f ""${REPO_DIR}/pom.xml"" -pl weixin-mp -am clean test-compile",v3:43105609:maven:weixin-mp,1,1,1,0,0,PASS,PASS,PASS,ok,sandbox readiness passed,D:\A_ThucNghiem\scripts_v2\workspaces\20260724_010022_d3f7f7b1__baseline_readiness\043_43105609_07837a1c,36.308,PASS
43105609,https://github.com/borball/weixin-sdk,ed624144fda218f7f85915de26012fa15940c87c,43105609:weixin-mp/src/main/java/com/riversoft/weixin/mp/card/cards.java,Cards,weixin-mp/src/main/java/com/riversoft/weixin/mp/card/Cards.java,3,175,1382,22,18,5,34,1.5454545454545454,maven,.,weixin-mp,weixin-mp,maven:weixin-mp,unknown,8,main,10,bcf32c884bf2ba674cecad9e78c063ee755b08f75d3f7d7bc2d95a131401e828,42,sha256_repo_balanced_v3_1,higher_complexity_half,,,repos/successful/43105609,promoted,192,191,remaining240,class_sampling_manifest_final_seed42.csv,2026-07-23T11:07:03+00:00,per_repo_2class_pilot_complexity_half_then_selection_rank_seed42,44,43105609,Cards,Cards_RBL4_1f16a0efTest,repos/43105609/weixin-mp/src/main/java/com/riversoft/weixin/mp/card/Cards.java,repos/43105609/weixin-mp/src/test/java/com/riversoft/weixin/mp/card/Cards_RBL4_1f16a0efTest.java,weixin-mp,D:\A_ThucNghiem\compiledrepos\43105609,D:\A_ThucNghiem\compiledrepos\43105609\weixin-mp\src\main\java\com\riversoft\weixin\mp\card\Cards.java,weixin-mp/src/test/java/com/riversoft/weixin/mp/card/Cards_RBL4_1f16a0efTest.java,com.riversoft.weixin.mp.card,1.8,Maven,"mvn -B -ntp -DskipTests -DskipITs -f ""${REPO_DIR}\pom.xml"" -pl weixin-mp -am clean test-compile","mvn -B -ntp -DskipTests -DskipITs -f ""${REPO_DIR}/pom.xml"" -pl weixin-mp -am clean test-compile",v3:43105609:maven:weixin-mp,1,1,1,0,0,PASS,PASS,PASS,ok,sandbox readiness passed,D:\A_ThucNghiem\scripts_v2\workspaces\20260724_010022_d3f7f7b1__baseline_readiness\044_43105609_1f16a0ef,32.916,PASS
43105609,https://github.com/borball/weixin-sdk,ed624144fda218f7f85915de26012fa15940c87c,43105609:weixin-mp/src/main/java/com/riversoft/weixin/mp/message/mpmessages.java,MpMessages,weixin-mp/src/main/java/com/riversoft/weixin/mp/message/MpMessages.java,1,268,2212,50,43,7,64,1.28,maven,.,weixin-mp,weixin-mp,maven:weixin-mp,unknown,8,main,6,84241eba4895812992f3b3206295122c148d7f0f92d39fb55865f7a969514e30,42,sha256_repo_balanced_v3_1,higher_complexity_half,,,repos/successful/43105609,promoted,235,234,remaining240,class_sampling_manifest_final_seed42.csv,2026-07-23T11:07:03+00:00,per_repo_2class_pilot_complexity_half_then_selection_rank_seed42,45,43105609,MpMessages,MpMessages_RBL4_bb977cfcTest,repos/43105609/weixin-mp/src/main/java/com/riversoft/weixin/mp/message/MpMessages.java,repos/43105609/weixin-mp/src/test/java/com/riversoft/weixin/mp/message/MpMessages_RBL4_bb977cfcTest.java,weixin-mp,D:\A_ThucNghiem\compiledrepos\43105609,D:\A_ThucNghiem\compiledrepos\43105609\weixin-mp\src\main\java\com\riversoft\weixin\mp\message\MpMessages.java,weixin-mp/src/test/java/com/riversoft/weixin/mp/message/MpMessages_RBL4_bb977cfcTest.java,com.riversoft.weixin.mp.message,1.8,Maven,"mvn -B -ntp -DskipTests -DskipITs -f ""${REPO_DIR}\pom.xml"" -pl weixin-mp -am clean test-compile","mvn -B -ntp -DskipTests -DskipITs -f ""${REPO_DIR}/pom.xml"" -pl weixin-mp -am clean test-compile",v3:43105609:maven:weixin-mp,1,1,1,0,0,PASS,PASS,PASS,ok,sandbox readiness passed,D:\A_ThucNghiem\scripts_v2\workspaces\20260724_010022_d3f7f7b1__baseline_readiness\045_43105609_bb977cfc,33.474,PASS
43105609,https://github.com/borball/weixin-sdk,ed624144fda218f7f85915de26012fa15940c87c,43105609:weixin-mp/src/main/java/com/riversoft/weixin/mp/jsapi/jsapis.java,JsAPIs,weixin-mp/src/main/java/com/riversoft/weixin/mp/jsapi/JsAPIs.java,1,138,1090,14,12,15,35,2.5,maven,.,weixin-mp,weixin-mp,maven:weixin-mp,unknown,8,main,8,a72041ccde45efb65b01730e2d6f19e00089e377934499b1b36c376ac8a0015e,42,sha256_repo_balanced_v3_1,higher_complexity_half,,,repos/successful/43105609,promoted,286,285,remaining240,class_sampling_manifest_final_seed42.csv,2026-07-23T11:07:03+00:00,per_repo_2class_pilot_complexity_half_then_selection_rank_seed42,46,43105609,JsAPIs,JsAPIs_RBL4_b72d8019Test,repos/43105609/weixin-mp/src/main/java/com/riversoft/weixin/mp/jsapi/JsAPIs.java,repos/43105609/weixin-mp/src/test/java/com/riversoft/weixin/mp/jsapi/JsAPIs_RBL4_b72d8019Test.java,weixin-mp,D:\A_ThucNghiem\compiledrepos\43105609,D:\A_ThucNghiem\compiledrepos\43105609\weixin-mp\src\main\java\com\riversoft\weixin\mp\jsapi\JsAPIs.java,weixin-mp/src/test/java/com/riversoft/weixin/mp/jsapi/JsAPIs_RBL4_b72d8019Test.java,com.riversoft.weixin.mp.jsapi,1.8,Maven,"mvn -B -ntp -DskipTests -DskipITs -f ""${REPO_DIR}\pom.xml"" -pl weixin-mp -am clean test-compile","mvn -B -ntp -DskipTests -DskipITs -f ""${REPO_DIR}/pom.xml"" -pl weixin-mp -am clean test-compile",v3:43105609:maven:weixin-mp,1,1,1,0,0,PASS,PASS,PASS,ok,sandbox readiness passed,D:\A_ThucNghiem\scripts_v2\workspaces\20260724_010022_d3f7f7b1__baseline_readiness\046_43105609_b72d8019,33.55,PASS
43105609,https://github.com/borball/weixin-sdk,ed624144fda218f7f85915de26012fa15940c87c,43105609:weixin-mp/src/main/java/com/riversoft/weixin/mp/message/mpxmlmessages.java,MpXmlMessages,weixin-mp/src/main/java/com/riversoft/weixin/mp/message/MpXmlMessages.java,6,104,938,3,2,20,32,10.666666666666666,maven,.,weixin-mp,weixin-mp,maven:weixin-mp,unknown,8,main,9,abd3c6b2b8b6ec9e698a1753492ca9959f7e1f3bc81e7db564a49bdd2e334847,42,sha256_repo_balanced_v3_1,higher_complexity_half,,,repos/successful/43105609,promoted,295,294,remaining240,class_sampling_manifest_final_seed42.csv,2026-07-23T11:07:03+00:00,per_repo_2class_pilot_complexity_half_then_selection_rank_seed42,47,43105609,MpXmlMessages,MpXmlMessages_RBL4_368a2ac2Test,repos/43105609/weixin-mp/src/main/java/com/riversoft/weixin/mp/message/MpXmlMessages.java,repos/43105609/weixin-mp/src/test/java/com/riversoft/weixin/mp/message/MpXmlMessages_RBL4_368a2ac2Test.java,weixin-mp,D:\A_ThucNghiem\compiledrepos\43105609,D:\A_ThucNghiem\compiledrepos\43105609\weixin-mp\src\main\java\com\riversoft\weixin\mp\message\MpXmlMessages.java,weixin-mp/src/test/java/com/riversoft/weixin/mp/message/MpXmlMessages_RBL4_368a2ac2Test.java,com.riversoft.weixin.mp.message,1.8,Maven,"mvn -B -ntp -DskipTests -DskipITs -f ""${REPO_DIR}\pom.xml"" -pl weixin-mp -am clean test-compile","mvn -B -ntp -DskipTests -DskipITs -f ""${REPO_DIR}/pom.xml"" -pl weixin-mp -am clean test-compile",v3:43105609:maven:weixin-mp,1,1,1,0,0,PASS,PASS,PASS,ok,sandbox readiness passed,D:\A_ThucNghiem\scripts_v2\workspaces\20260724_010022_d3f7f7b1__baseline_readiness\047_43105609_368a2ac2,33.83,PASS
44308560,https://github.com/nokia/RED,ea24ca129c9983f89ace3072fa06dec9292fd945,44308560:src/robotframeworkcore/org.robotframework.ide.core-functions/src/main/java/org/rf/ide/core/execution/server/response/terminateexecution.java,TerminateExecution,src/RobotFrameworkCore/org.robotframework.ide.core-functions/src/main/java/org/rf/ide/core/execution/server/response/TerminateExecution.java,1,28,187,3,1,2,4,1.3333333333333333,maven,src/RobotFrameworkCore/org.robotframework.ide.core-functions,src/RobotFrameworkCore/org.robotframework.ide.core-functions,.,maven:src/RobotFrameworkCore/org.robotframework.ide.core-functions,8,8,main,5,0f92898e105967df7b8aa39405d7d23623742808166fa7a88b811d81496e4e63,42,sha256_repo_balanced_v3_1,lower_complexity_half,,,repos/successful/44308560,promoted_before_storage_audit,48,47,remaining240,class_sampling_manifest_final_seed42.csv,2026-07-23T11:07:03+00:00,per_repo_2class_pilot_complexity_half_then_selection_rank_seed42,48,44308560,TerminateExecution,TerminateExecution_RBL4_2bc9cc41Test,repos/44308560/src/RobotFrameworkCore/org.robotframework.ide.core-functions/src/main/java/org/rf/ide/core/execution/server/response/TerminateExecution.java,repos/44308560/src/RobotFrameworkCore/org.robotframework.ide.core-functions/src/test/java/org/rf/ide/core/execution/server/response/TerminateExecution_RBL4_2bc9cc41Test.java,src/RobotFrameworkCore/org.robotframework.ide.core-functions,D:\A_ThucNghiem\compiledrepos\44308560,D:\A_ThucNghiem\compiledrepos\44308560\src\RobotFrameworkCore\org.robotframework.ide.core-functions\src\main\java\org\rf\ide\core\execution\server\response\TerminateExecution.java,src/RobotFrameworkCore/org.robotframework.ide.core-functions/src/test/java/org/rf/ide/core/execution/server/response/TerminateExecution_RBL4_2bc9cc41Test.java,org.rf.ide.core.execution.server.response,1.8,Maven,"mvn -B -ntp -DskipTests -DskipITs -f ""${REPO_DIR}\pom.xml"" clean test-compile","mvn -B -ntp -DskipTests -DskipITs -f ""${REPO_DIR}/pom.xml"" clean test-compile",v3:44308560:maven:src/RobotFrameworkCore/org.robotframework.ide.core-functions,1,1,1,0,0,PASS,PASS,PASS,ok,sandbox readiness passed,D:\A_ThucNghiem\scripts_v2\workspaces\20260724_010022_d3f7f7b1__baseline_readiness\048_44308560_2bc9cc41,120.575,PASS
44308560,https://github.com/nokia/RED,ea24ca129c9983f89ace3072fa06dec9292fd945,44308560:src/robotframeworkcore/org.robotframework.ide.core-functions/src/main/java/org/rf/ide/core/execution/server/response/evaluatecondition.java,EvaluateCondition,src/RobotFrameworkCore/org.robotframework.ide.core-functions/src/main/java/org/rf/ide/core/execution/server/response/EvaluateCondition.java,1,28,195,3,1,2,4,1.3333333333333333,maven,src/RobotFrameworkCore/org.robotframework.ide.core-functions,src/RobotFrameworkCore/org.robotframework.ide.core-functions,.,maven:src/RobotFrameworkCore/org.robotframework.ide.core-functions,8,8,main,9,14e9b70482277f1fc02e049bd32f3331756cd0b5a14dcd331745ea752e6c2dd7,42,sha256_repo_balanced_v3_1,lower_complexity_half,,,repos/successful/44308560,promoted_before_storage_audit,49,48,remaining240,class_sampling_manifest_final_seed42.csv,2026-07-23T11:07:03+00:00,per_repo_2class_pilot_complexity_half_then_selection_rank_seed42,49,44308560,EvaluateCondition,EvaluateCondition_RBL4_00edbe66Test,repos/44308560/src/RobotFrameworkCore/org.robotframework.ide.core-functions/src/main/java/org/rf/ide/core/execution/server/response/EvaluateCondition.java,repos/44308560/src/RobotFrameworkCore/org.robotframework.ide.core-functions/src/test/java/org/rf/ide/core/execution/server/response/EvaluateCondition_RBL4_00edbe66Test.java,src/RobotFrameworkCore/org.robotframework.ide.core-functions,D:\A_ThucNghiem\compiledrepos\44308560,D:\A_ThucNghiem\compiledrepos\44308560\src\RobotFrameworkCore\org.robotframework.ide.core-functions\src\main\java\org\rf\ide\core\execution\server\response\EvaluateCondition.java,src/RobotFrameworkCore/org.robotframework.ide.core-functions/src/test/java/org/rf/ide/core/execution/server/response/EvaluateCondition_RBL4_00edbe66Test.java,org.rf.ide.core.execution.server.response,1.8,Maven,"mvn -B -ntp -DskipTests -DskipITs -f ""${REPO_DIR}\pom.xml"" clean test-compile","mvn -B -ntp -DskipTests -DskipITs -f ""${REPO_DIR}/pom.xml"" clean test-compile",v3:44308560:maven:src/RobotFrameworkCore/org.robotframework.ide.core-functions,1,1,1,0,0,PASS,PASS,PASS,ok,sandbox readiness passed,D:\A_ThucNghiem\scripts_v2\workspaces\20260724_010022_d3f7f7b1__baseline_readiness\049_44308560_00edbe66,112.136,PASS
44308560,https://github.com/nokia/RED,ea24ca129c9983f89ace3072fa06dec9292fd945,44308560:src/robotframeworkcore/org.robotframework.ide.core-functions/src/main/java/org/rf/ide/core/execution/server/agentserverversionschecker.java,AgentServerVersionsChecker,src/RobotFrameworkCore/org.robotframework.ide.core-functions/src/main/java/org/rf/ide/core/execution/server/AgentServerVersionsChecker.java,4,44,362,4,1,4,8,2.0,maven,src/RobotFrameworkCore/org.robotframework.ide.core-functions,src/RobotFrameworkCore/org.robotframework.ide.core-functions,.,maven:src/RobotFrameworkCore/org.robotframework.ide.core-functions,8,8,main,6,119ce954843e877011bf91cb09288801e1af62957f8272cc5fcbe856f9a35c2f,42,sha256_repo_balanced_v3_1,lower_complexity_half,,,repos/successful/44308560,promoted_before_storage_audit,128,127,remaining240,class_sampling_manifest_final_seed42.csv,2026-07-23T11:07:03+00:00,per_repo_2class_pilot_complexity_half_then_selection_rank_seed42,50,44308560,AgentServerVersionsChecker,AgentServerVersionsChecker_RBL4_17a13120Test,repos/44308560/src/RobotFrameworkCore/org.robotframework.ide.core-functions/src/main/java/org/rf/ide/core/execution/server/AgentServerVersionsChecker.java,repos/44308560/src/RobotFrameworkCore/org.robotframework.ide.core-functions/src/test/java/org/rf/ide/core/execution/server/AgentServerVersionsChecker_RBL4_17a13120Test.java,src/RobotFrameworkCore/org.robotframework.ide.core-functions,D:\A_ThucNghiem\compiledrepos\44308560,D:\A_ThucNghiem\compiledrepos\44308560\src\RobotFrameworkCore\org.robotframework.ide.core-functions\src\main\java\org\rf\ide\core\execution\server\AgentServerVersionsChecker.java,src/RobotFrameworkCore/org.robotframework.ide.core-functions/src/test/java/org/rf/ide/core/execution/server/AgentServerVersionsChecker_RBL4_17a13120Test.java,org.rf.ide.core.execution.server,1.8,Maven,"mvn -B -ntp -DskipTests -DskipITs -f ""${REPO_DIR}\pom.xml"" clean test-compile","mvn -B -ntp -DskipTests -DskipITs -f ""${REPO_DIR}/pom.xml"" clean test-compile",v3:44308560:maven:src/RobotFrameworkCore/org.robotframework.ide.core-functions,1,1,1,0,0,PASS,PASS,PASS,ok,sandbox readiness passed,D:\A_ThucNghiem\scripts_v2\workspaces\20260724_010022_d3f7f7b1__baseline_readiness\050_44308560_17a13120,103.745,PASS
44308560,https://github.com/nokia/RED,ea24ca129c9983f89ace3072fa06dec9292fd945,44308560:src/robotframeworkcore/org.robotframework.ide.core-functions/src/main/java/org/rf/ide/core/execution/agent/event/resourceimportevent.java,ResourceImportEvent,src/RobotFrameworkCore/org.robotframework.ide.core-functions/src/main/java/org/rf/ide/core/execution/agent/event/ResourceImportEvent.java,6,45,331,7,6,4,11,1.5714285714285714,maven,src/RobotFrameworkCore/org.robotframework.ide.core-functions,src/RobotFrameworkCore/org.robotframework.ide.core-functions,.,maven:src/RobotFrameworkCore/org.robotframework.ide.core-functions,8,8,main,2,04f99c9a956897127dc9c7b0a4cb39754cfa3c18e73bd364e99030f4a1b1fe7b,42,sha256_repo_balanced_v3_1,lower_complexity_half,,,repos/successful/44308560,promoted_before_storage_audit,138,137,remaining240,class_sampling_manifest_final_seed42.csv,2026-07-23T11:07:03+00:00,per_repo_2class_pilot_complexity_half_then_selection_rank_seed42,51,44308560,ResourceImportEvent,ResourceImportEvent_RBL4_fa900415Test,repos/44308560/src/RobotFrameworkCore/org.robotframework.ide.core-functions/src/main/java/org/rf/ide/core/execution/agent/event/ResourceImportEvent.java,repos/44308560/src/RobotFrameworkCore/org.robotframework.ide.core-functions/src/test/java/org/rf/ide/core/execution/agent/event/ResourceImportEvent_RBL4_fa900415Test.java,src/RobotFrameworkCore/org.robotframework.ide.core-functions,D:\A_ThucNghiem\compiledrepos\44308560,D:\A_ThucNghiem\compiledrepos\44308560\src\RobotFrameworkCore\org.robotframework.ide.core-functions\src\main\java\org\rf\ide\core\execution\agent\event\ResourceImportEvent.java,src/RobotFrameworkCore/org.robotframework.ide.core-functions/src/test/java/org/rf/ide/core/execution/agent/event/ResourceImportEvent_RBL4_fa900415Test.java,org.rf.ide.core.execution.agent.event,1.8,Maven,"mvn -B -ntp -DskipTests -DskipITs -f ""${REPO_DIR}\pom.xml"" clean test-compile","mvn -B -ntp -DskipTests -DskipITs -f ""${REPO_DIR}/pom.xml"" clean test-compile",v3:44308560:maven:src/RobotFrameworkCore/org.robotframework.ide.core-functions,1,1,1,0,0,PASS,PASS,PASS,ok,sandbox readiness passed,D:\A_ThucNghiem\scripts_v2\workspaces\20260724_010022_d3f7f7b1__baseline_readiness\051_44308560_fa900415,95.28,PASS
44308560,https://github.com/nokia/RED,ea24ca129c9983f89ace3072fa06dec9292fd945,44308560:src/robotframeworkcore/org.robotframework.ide.core-functions/src/main/java/org/rf/ide/core/environment/pythonversion.java,PythonVersion,src/RobotFrameworkCore/org.robotframework.ide.core-functions/src/main/java/org/rf/ide/core/environment/PythonVersion.java,4,45,333,7,6,4,14,2.0,maven,src/RobotFrameworkCore/org.robotframework.ide.core-functions,src/RobotFrameworkCore/org.robotframework.ide.core-functions,.,maven:src/RobotFrameworkCore/org.robotframework.ide.core-functions,8,8,main,4,0d5143683ef187985358d6c678118c5d842e357661bee4902ab3d04fd95235b1,42,sha256_repo_balanced_v3_1,lower_complexity_half,,,repos/successful/44308560,promoted_before_storage_audit,145,144,remaining240,class_sampling_manifest_final_seed42.csv,2026-07-23T11:07:03+00:00,per_repo_2class_pilot_complexity_half_then_selection_rank_seed42,52,44308560,PythonVersion,PythonVersion_RBL4_7d08f477Test,repos/44308560/src/RobotFrameworkCore/org.robotframework.ide.core-functions/src/main/java/org/rf/ide/core/environment/PythonVersion.java,repos/44308560/src/RobotFrameworkCore/org.robotframework.ide.core-functions/src/test/java/org/rf/ide/core/environment/PythonVersion_RBL4_7d08f477Test.java,src/RobotFrameworkCore/org.robotframework.ide.core-functions,D:\A_ThucNghiem\compiledrepos\44308560,D:\A_ThucNghiem\compiledrepos\44308560\src\RobotFrameworkCore\org.robotframework.ide.core-functions\src\main\java\org\rf\ide\core\environment\PythonVersion.java,src/RobotFrameworkCore/org.robotframework.ide.core-functions/src/test/java/org/rf/ide/core/environment/PythonVersion_RBL4_7d08f477Test.java,org.rf.ide.core.environment,1.8,Maven,"mvn -B -ntp -DskipTests -DskipITs -f ""${REPO_DIR}\pom.xml"" clean test-compile","mvn -B -ntp -DskipTests -DskipITs -f ""${REPO_DIR}/pom.xml"" clean test-compile",v3:44308560:maven:src/RobotFrameworkCore/org.robotframework.ide.core-functions,1,1,1,0,0,PASS,PASS,PASS,ok,sandbox readiness passed,D:\A_ThucNghiem\scripts_v2\workspaces\20260724_010022_d3f7f7b1__baseline_readiness\052_44308560_7d08f477,6.425,PASS
44308560,https://github.com/nokia/RED,ea24ca129c9983f89ace3072fa06dec9292fd945,44308560:src/robotframeworkcore/org.robotframework.ide.core-functions/src/main/java/org/rf/ide/core/execution/agent/event/suiteendedevent.java,SuiteEndedEvent,src/RobotFrameworkCore/org.robotframework.ide.core-functions/src/main/java/org/rf/ide/core/execution/agent/event/SuiteEndedEvent.java,9,56,411,8,7,6,16,2.0,maven,src/RobotFrameworkCore/org.robotframework.ide.core-functions,src/RobotFrameworkCore/org.robotframework.ide.core-functions,.,maven:src/RobotFrameworkCore/org.robotframework.ide.core-functions,8,8,main,10,1f61b49b0d916111668b47bcaca0dafafbb37c3ac81fec0814e0e0a3dadb1b9d,42,sha256_repo_balanced_v3_1,higher_complexity_half,,,repos/successful/44308560,promoted_before_storage_audit,198,197,remaining240,class_sampling_manifest_final_seed42.csv,2026-07-23T11:07:03+00:00,per_repo_2class_pilot_complexity_half_then_selection_rank_seed42,53,44308560,SuiteEndedEvent,SuiteEndedEvent_RBL4_7aed3afcTest,repos/44308560/src/RobotFrameworkCore/org.robotframework.ide.core-functions/src/main/java/org/rf/ide/core/execution/agent/event/SuiteEndedEvent.java,repos/44308560/src/RobotFrameworkCore/org.robotframework.ide.core-functions/src/test/java/org/rf/ide/core/execution/agent/event/SuiteEndedEvent_RBL4_7aed3afcTest.java,src/RobotFrameworkCore/org.robotframework.ide.core-functions,D:\A_ThucNghiem\compiledrepos\44308560,D:\A_ThucNghiem\compiledrepos\44308560\src\RobotFrameworkCore\org.robotframework.ide.core-functions\src\main\java\org\rf\ide\core\execution\agent\event\SuiteEndedEvent.java,src/RobotFrameworkCore/org.robotframework.ide.core-functions/src/test/java/org/rf/ide/core/execution/agent/event/SuiteEndedEvent_RBL4_7aed3afcTest.java,org.rf.ide.core.execution.agent.event,1.8,Maven,"mvn -B -ntp -DskipTests -DskipITs -f ""${REPO_DIR}\pom.xml"" clean test-compile","mvn -B -ntp -DskipTests -DskipITs -f ""${REPO_DIR}/pom.xml"" clean test-compile",v3:44308560:maven:src/RobotFrameworkCore/org.robotframework.ide.core-functions,1,1,1,0,0,PASS,PASS,PASS,ok,sandbox readiness passed,D:\A_ThucNghiem\scripts_v2\workspaces\20260724_010022_d3f7f7b1__baseline_readiness\053_44308560_7aed3afc,6.493,PASS
44308560,https://github.com/nokia/RED,ea24ca129c9983f89ace3072fa06dec9292fd945,44308560:src/robotframeworkcore/org.robotframework.ide.core-functions/src/main/java/org/rf/ide/core/execution/debug/contexts/executablecallcontext.java,ExecutableCallContext,src/RobotFrameworkCore/org.robotframework.ide.core-functions/src/main/java/org/rf/ide/core/execution/debug/contexts/ExecutableCallContext.java,6,111,951,13,8,6,21,1.6153846153846154,maven,src/RobotFrameworkCore/org.robotframework.ide.core-functions,src/RobotFrameworkCore/org.robotframework.ide.core-functions,.,maven:src/RobotFrameworkCore/org.robotframework.ide.core-functions,8,8,main,8,12e0c1b6c9f9a07593917d27732355da4dee924009c71f41b5bd7ff17110acbe,42,sha256_repo_balanced_v3_1,higher_complexity_half,,,repos/successful/44308560,promoted_before_storage_audit,202,201,remaining240,class_sampling_manifest_final_seed42.csv,2026-07-23T11:07:03+00:00,per_repo_2class_pilot_complexity_half_then_selection_rank_seed42,54,44308560,ExecutableCallContext,ExecutableCallContext_RBL4_4fbd413bTest,repos/44308560/src/RobotFrameworkCore/org.robotframework.ide.core-functions/src/main/java/org/rf/ide/core/execution/debug/contexts/ExecutableCallContext.java,repos/44308560/src/RobotFrameworkCore/org.robotframework.ide.core-functions/src/test/java/org/rf/ide/core/execution/debug/contexts/ExecutableCallContext_RBL4_4fbd413bTest.java,src/RobotFrameworkCore/org.robotframework.ide.core-functions,D:\A_ThucNghiem\compiledrepos\44308560,D:\A_ThucNghiem\compiledrepos\44308560\src\RobotFrameworkCore\org.robotframework.ide.core-functions\src\main\java\org\rf\ide\core\execution\debug\contexts\ExecutableCallContext.java,src/RobotFrameworkCore/org.robotframework.ide.core-functions/src/test/java/org/rf/ide/core/execution/debug/contexts/ExecutableCallContext_RBL4_4fbd413bTest.java,org.rf.ide.core.execution.debug.contexts,1.8,Maven,"mvn -B -ntp -DskipTests -DskipITs -f ""${REPO_DIR}\pom.xml"" clean test-compile","mvn -B -ntp -DskipTests -DskipITs -f ""${REPO_DIR}/pom.xml"" clean test-compile",v3:44308560:maven:src/RobotFrameworkCore/org.robotframework.ide.core-functions,1,1,1,0,0,PASS,PASS,PASS,ok,sandbox readiness passed,D:\A_ThucNghiem\scripts_v2\workspaces\20260724_010022_d3f7f7b1__baseline_readiness\054_44308560_4fbd413b,6.398,PASS
44308560,https://github.com/nokia/RED,ea24ca129c9983f89ace3072fa06dec9292fd945,44308560:src/robotframeworkcore/org.robotframework.ide.core-functions/src/main/java/org/rf/ide/core/execution/agent/event/versionsevent.java,VersionsEvent,src/RobotFrameworkCore/org.robotframework.ide.core-functions/src/main/java/org/rf/ide/core/execution/agent/event/VersionsEvent.java,6,90,684,13,11,7,24,1.8461538461538463,maven,src/RobotFrameworkCore/org.robotframework.ide.core-functions,src/RobotFrameworkCore/org.robotframework.ide.core-functions,.,maven:src/RobotFrameworkCore/org.robotframework.ide.core-functions,8,8,main,7,12bfcbabf4294635df54050f06ba7fe19328f597738d9153963b22efe49ec070,42,sha256_repo_balanced_v3_1,higher_complexity_half,,,repos/successful/44308560,promoted_before_storage_audit,224,223,remaining240,class_sampling_manifest_final_seed42.csv,2026-07-23T11:07:03+00:00,per_repo_2class_pilot_complexity_half_then_selection_rank_seed42,55,44308560,VersionsEvent,VersionsEvent_RBL4_b783240eTest,repos/44308560/src/RobotFrameworkCore/org.robotframework.ide.core-functions/src/main/java/org/rf/ide/core/execution/agent/event/VersionsEvent.java,repos/44308560/src/RobotFrameworkCore/org.robotframework.ide.core-functions/src/test/java/org/rf/ide/core/execution/agent/event/VersionsEvent_RBL4_b783240eTest.java,src/RobotFrameworkCore/org.robotframework.ide.core-functions,D:\A_ThucNghiem\compiledrepos\44308560,D:\A_ThucNghiem\compiledrepos\44308560\src\RobotFrameworkCore\org.robotframework.ide.core-functions\src\main\java\org\rf\ide\core\execution\agent\event\VersionsEvent.java,src/RobotFrameworkCore/org.robotframework.ide.core-functions/src/test/java/org/rf/ide/core/execution/agent/event/VersionsEvent_RBL4_b783240eTest.java,org.rf.ide.core.execution.agent.event,1.8,Maven,"mvn -B -ntp -DskipTests -DskipITs -f ""${REPO_DIR}\pom.xml"" clean test-compile","mvn -B -ntp -DskipTests -DskipITs -f ""${REPO_DIR}/pom.xml"" clean test-compile",v3:44308560:maven:src/RobotFrameworkCore/org.robotframework.ide.core-functions,1,1,1,0,0,PASS,PASS,PASS,ok,sandbox readiness passed,D:\A_ThucNghiem\scripts_v2\workspaces\20260724_010022_d3f7f7b1__baseline_readiness\055_44308560_b783240e,6.389,PASS
45997449,https://github.com/eBay/WebRex,e1b925b6ebf9aa47a698d5bd869c77e33a654894,45997449:webrex/src/main/java/com/ebayopensource/webrex/resource/resourcefactory.java,ResourceFactory,WebRex/src/main/java/com/ebayopensource/webrex/resource/ResourceFactory.java,7,65,595,11,11,3,13,1.1818181818181819,maven,.,WebRex,WebRex,maven:WebRex,7,8,main,9,4d7de9cd5e50a56e9c9fdf4c7b625b1abceb9137583e51fefc72d25e430946b1,42,sha256_repo_balanced_v3_1,lower_complexity_half,,,repos/successful/45997449,promoted_before_storage_audit,107,106,remaining240,class_sampling_manifest_final_seed42.csv,2026-07-23T11:07:03+00:00,per_repo_2class_pilot_complexity_half_then_selection_rank_seed42,56,45997449,ResourceFactory,ResourceFactory_RBL4_d6d7f2bdTest,repos/45997449/WebRex/src/main/java/com/ebayopensource/webrex/resource/ResourceFactory.java,repos/45997449/WebRex/src/test/java/com/ebayopensource/webrex/resource/ResourceFactory_RBL4_d6d7f2bdTest.java,WebRex,D:\A_ThucNghiem\compiledrepos\45997449,D:\A_ThucNghiem\compiledrepos\45997449\WebRex\src\main\java\com\ebayopensource\webrex\resource\ResourceFactory.java,WebRex/src/test/java/com/ebayopensource/webrex/resource/ResourceFactory_RBL4_d6d7f2bdTest.java,com.ebayopensource.webrex.resource,1.7,Maven,"mvn -B -ntp -DskipTests -DskipITs -f ""${REPO_DIR}\WebRex\pom.xml"" clean test-compile","mvn -B -ntp -DskipTests -DskipITs -f ""${REPO_DIR}/WebRex/pom.xml"" clean test-compile",v3:45997449:maven:WebRex,1,1,1,0,0,PASS,PASS,PASS,ok,sandbox readiness passed,D:\A_ThucNghiem\scripts_v2\workspaces\20260724_010022_d3f7f7b1__baseline_readiness\056_45997449_d6d7f2bd,9.404,PASS
45997449,https://github.com/eBay/WebRex,e1b925b6ebf9aa47a698d5bd869c77e33a654894,45997449:webrex/src/main/java/com/ebayopensource/webrex/util/xmls.java,Xmls,WebRex/src/main/java/com/ebayopensource/webrex/util/Xmls.java,1,35,182,4,4,4,9,2.25,maven,.,WebRex,WebRex,maven:WebRex,7,8,main,10,529503f83a058b3d839408c24d5527b44c1a18df0524a718b18ad8dad2673d11,42,sha256_repo_balanced_v3_1,lower_complexity_half,,,repos/successful/45997449,promoted_before_storage_audit,131,130,remaining240,class_sampling_manifest_final_seed42.csv,2026-07-23T11:07:03+00:00,per_repo_2class_pilot_complexity_half_then_selection_rank_seed42,57,45997449,Xmls,Xmls_RBL4_522a42d1Test,repos/45997449/WebRex/src/main/java/com/ebayopensource/webrex/util/Xmls.java,repos/45997449/WebRex/src/test/java/com/ebayopensource/webrex/util/Xmls_RBL4_522a42d1Test.java,WebRex,D:\A_ThucNghiem\compiledrepos\45997449,D:\A_ThucNghiem\compiledrepos\45997449\WebRex\src\main\java\com\ebayopensource\webrex\util\Xmls.java,WebRex/src/test/java/com/ebayopensource/webrex/util/Xmls_RBL4_522a42d1Test.java,com.ebayopensource.webrex.util,1.7,Maven,"mvn -B -ntp -DskipTests -DskipITs -f ""${REPO_DIR}\WebRex\pom.xml"" clean test-compile","mvn -B -ntp -DskipTests -DskipITs -f ""${REPO_DIR}/WebRex/pom.xml"" clean test-compile",v3:45997449:maven:WebRex,1,1,1,0,0,PASS,PASS,PASS,ok,sandbox readiness passed,D:\A_ThucNghiem\scripts_v2\workspaces\20260724_010022_d3f7f7b1__baseline_readiness\057_45997449_522a42d1,9.396,PASS
45997449,https://github.com/eBay/WebRex,e1b925b6ebf9aa47a698d5bd869c77e33a654894,45997449:webrex/src/main/java/com/ebayopensource/webrex/util/reflects.java,Reflects,WebRex/src/main/java/com/ebayopensource/webrex/util/Reflects.java,2,157,1022,18,16,5,42,2.3333333333333335,maven,.,WebRex,WebRex,maven:WebRex,7,8,main,3,2c25f51214b45545823be8ab9d7e7424376ace7ce70c717c34ded38f5c6cbf1c,42,sha256_repo_balanced_v3_1,higher_complexity_half,,,repos/successful/45997449,promoted_before_storage_audit,193,192,remaining240,class_sampling_manifest_final_seed42.csv,2026-07-23T11:07:03+00:00,per_repo_2class_pilot_complexity_half_then_selection_rank_seed42,58,45997449,Reflects,Reflects_RBL4_ebe207aeTest,repos/45997449/WebRex/src/main/java/com/ebayopensource/webrex/util/Reflects.java,repos/45997449/WebRex/src/test/java/com/ebayopensource/webrex/util/Reflects_RBL4_ebe207aeTest.java,WebRex,D:\A_ThucNghiem\compiledrepos\45997449,D:\A_ThucNghiem\compiledrepos\45997449\WebRex\src\main\java\com\ebayopensource\webrex\util\Reflects.java,WebRex/src/test/java/com/ebayopensource/webrex/util/Reflects_RBL4_ebe207aeTest.java,com.ebayopensource.webrex.util,1.7,Maven,"mvn -B -ntp -DskipTests -DskipITs -f ""${REPO_DIR}\WebRex\pom.xml"" clean test-compile","mvn -B -ntp -DskipTests -DskipITs -f ""${REPO_DIR}/WebRex/pom.xml"" clean test-compile",v3:45997449:maven:WebRex,1,1,1,0,0,PASS,PASS,PASS,ok,sandbox readiness passed,D:\A_ThucNghiem\scripts_v2\workspaces\20260724_010022_d3f7f7b1__baseline_readiness\058_45997449_ebe207ae,9.384,PASS
45997449,https://github.com/eBay/WebRex,e1b925b6ebf9aa47a698d5bd869c77e33a654894,45997449:webrex/src/main/java/com/ebayopensource/webrex/resource/resourceargumentsurn.java,ResourceArgumentsUrn,WebRex/src/main/java/com/ebayopensource/webrex/resource/ResourceArgumentsUrn.java,1,37,242,4,3,7,11,2.75,maven,.,WebRex,WebRex,maven:WebRex,7,8,main,2,2059bdc5a36f7bc6ed473bd69b7aab7447f360a90e81a88e972db9c7a58750e7,42,sha256_repo_balanced_v3_1,higher_complexity_half,,,repos/successful/45997449,promoted_before_storage_audit,217,216,remaining240,class_sampling_manifest_final_seed42.csv,2026-07-23T11:07:03+00:00,per_repo_2class_pilot_complexity_half_then_selection_rank_seed42,59,45997449,ResourceArgumentsUrn,ResourceArgumentsUrn_RBL4_4484f2f5Test,repos/45997449/WebRex/src/main/java/com/ebayopensource/webrex/resource/ResourceArgumentsUrn.java,repos/45997449/WebRex/src/test/java/com/ebayopensource/webrex/resource/ResourceArgumentsUrn_RBL4_4484f2f5Test.java,WebRex,D:\A_ThucNghiem\compiledrepos\45997449,D:\A_ThucNghiem\compiledrepos\45997449\WebRex\src\main\java\com\ebayopensource\webrex\resource\ResourceArgumentsUrn.java,WebRex/src/test/java/com/ebayopensource/webrex/resource/ResourceArgumentsUrn_RBL4_4484f2f5Test.java,com.ebayopensource.webrex.resource,1.7,Maven,"mvn -B -ntp -DskipTests -DskipITs -f ""${REPO_DIR}\WebRex\pom.xml"" clean test-compile","mvn -B -ntp -DskipTests -DskipITs -f ""${REPO_DIR}/WebRex/pom.xml"" clean test-compile",v3:45997449:maven:WebRex,1,1,1,0,0,PASS,PASS,PASS,ok,sandbox readiness passed,D:\A_ThucNghiem\scripts_v2\workspaces\20260724_010022_d3f7f7b1__baseline_readiness\059_45997449_4484f2f5,9.302,PASS
45997449,https://github.com/eBay/WebRex,e1b925b6ebf9aa47a698d5bd869c77e33a654894,45997449:webrex/src/main/java/com/ebayopensource/webrex/util/splitters.java,Splitters,WebRex/src/main/java/com/ebayopensource/webrex/util/Splitters.java,1,129,771,12,7,7,34,2.8333333333333335,maven,.,WebRex,WebRex,maven:WebRex,7,8,main,7,4620b4ba08c2600e2e230eca7e93eabae92527cc58ef71e58022f73b5b1fa27c,42,sha256_repo_balanced_v3_1,higher_complexity_half,,,repos/successful/45997449,promoted_before_storage_audit,230,229,remaining240,class_sampling_manifest_final_seed42.csv,2026-07-23T11:07:03+00:00,per_repo_2class_pilot_complexity_half_then_selection_rank_seed42,60,45997449,Splitters,Splitters_RBL4_4e640540Test,repos/45997449/WebRex/src/main/java/com/ebayopensource/webrex/util/Splitters.java,repos/45997449/WebRex/src/test/java/com/ebayopensource/webrex/util/Splitters_RBL4_4e640540Test.java,WebRex,D:\A_ThucNghiem\compiledrepos\45997449,D:\A_ThucNghiem\compiledrepos\45997449\WebRex\src\main\java\com\ebayopensource\webrex\util\Splitters.java,WebRex/src/test/java/com/ebayopensource/webrex/util/Splitters_RBL4_4e640540Test.java,com.ebayopensource.webrex.util,1.7,Maven,"mvn -B -ntp -DskipTests -DskipITs -f ""${REPO_DIR}\WebRex\pom.xml"" clean test-compile","mvn -B -ntp -DskipTests -DskipITs -f ""${REPO_DIR}/WebRex/pom.xml"" clean test-compile",v3:45997449:maven:WebRex,1,1,1,0,0,PASS,PASS,PASS,ok,sandbox readiness passed,D:\A_ThucNghiem\scripts_v2\workspaces\20260724_010022_d3f7f7b1__baseline_readiness\060_45997449_4e640540,0.447,PASS
45997449,https://github.com/eBay/WebRex,e1b925b6ebf9aa47a698d5bd869c77e33a654894,45997449:webrex/src/main/java/com/ebayopensource/webrex/util/joiners.java,Joiners,WebRex/src/main/java/com/ebayopensource/webrex/util/Joiners.java,1,89,458,10,9,8,23,2.3,maven,.,WebRex,WebRex,maven:WebRex,7,8,main,6,41cf854b5db64295aa89de4cd1ad230124b9ff8cc6590a00050b0b0af44fb880,42,sha256_repo_balanced_v3_1,higher_complexity_half,,,repos/successful/45997449,promoted_before_storage_audit,237,236,remaining240,class_sampling_manifest_final_seed42.csv,2026-07-23T11:07:03+00:00,per_repo_2class_pilot_complexity_half_then_selection_rank_seed42,61,45997449,Joiners,Joiners_RBL4_dbe644b5Test,repos/45997449/WebRex/src/main/java/com/ebayopensource/webrex/util/Joiners.java,repos/45997449/WebRex/src/test/java/com/ebayopensource/webrex/util/Joiners_RBL4_dbe644b5Test.java,WebRex,D:\A_ThucNghiem\compiledrepos\45997449,D:\A_ThucNghiem\compiledrepos\45997449\WebRex\src\main\java\com\ebayopensource\webrex\util\Joiners.java,WebRex/src/test/java/com/ebayopensource/webrex/util/Joiners_RBL4_dbe644b5Test.java,com.ebayopensource.webrex.util,1.7,Maven,"mvn -B -ntp -DskipTests -DskipITs -f ""${REPO_DIR}\WebRex\pom.xml"" clean test-compile","mvn -B -ntp -DskipTests -DskipITs -f ""${REPO_DIR}/WebRex/pom.xml"" clean test-compile",v3:45997449:maven:WebRex,1,1,1,0,0,PASS,PASS,PASS,ok,sandbox readiness passed,D:\A_ThucNghiem\scripts_v2\workspaces\20260724_010022_d3f7f7b1__baseline_readiness\061_45997449_dbe644b5,0.454,PASS
45997449,https://github.com/eBay/WebRex,e1b925b6ebf9aa47a698d5bd869c77e33a654894,45997449:webrex/src/main/java/com/ebayopensource/webrex/resource/cache/resourcecache.java,ResourceCache,WebRex/src/main/java/com/ebayopensource/webrex/resource/cache/ResourceCache.java,1,74,570,7,5,9,22,3.142857142857143,maven,.,WebRex,WebRex,maven:WebRex,7,8,main,4,3dc3d79e2ac367e044966af56375cbff9a1e8aa4556a0b859edceac3def13101,42,sha256_repo_balanced_v3_1,higher_complexity_half,,,repos/successful/45997449,promoted_before_storage_audit,253,252,remaining240,class_sampling_manifest_final_seed42.csv,2026-07-23T11:07:03+00:00,per_repo_2class_pilot_complexity_half_then_selection_rank_seed42,62,45997449,ResourceCache,ResourceCache_RBL4_57adf17bTest,repos/45997449/WebRex/src/main/java/com/ebayopensource/webrex/resource/cache/ResourceCache.java,repos/45997449/WebRex/src/test/java/com/ebayopensource/webrex/resource/cache/ResourceCache_RBL4_57adf17bTest.java,WebRex,D:\A_ThucNghiem\compiledrepos\45997449,D:\A_ThucNghiem\compiledrepos\45997449\WebRex\src\main\java\com\ebayopensource\webrex\resource\cache\ResourceCache.java,WebRex/src/test/java/com/ebayopensource/webrex/resource/cache/ResourceCache_RBL4_57adf17bTest.java,com.ebayopensource.webrex.resource.cache,1.7,Maven,"mvn -B -ntp -DskipTests -DskipITs -f ""${REPO_DIR}\WebRex\pom.xml"" clean test-compile","mvn -B -ntp -DskipTests -DskipITs -f ""${REPO_DIR}/WebRex/pom.xml"" clean test-compile",v3:45997449:maven:WebRex,1,1,1,0,0,PASS,PASS,PASS,ok,sandbox readiness passed,D:\A_ThucNghiem\scripts_v2\workspaces\20260724_010022_d3f7f7b1__baseline_readiness\062_45997449_57adf17b,0.437,PASS
45997449,https://github.com/eBay/WebRex,e1b925b6ebf9aa47a698d5bd869c77e33a654894,45997449:webrex/src/main/java/com/ebayopensource/webrex/resource/resourceurn.java,ResourceUrn,WebRex/src/main/java/com/ebayopensource/webrex/resource/ResourceUrn.java,1,77,455,7,6,13,25,3.5714285714285716,maven,.,WebRex,WebRex,maven:WebRex,7,8,main,5,3fd95112dfd1ac68300ca6a9bd8898d0fd43ca05b679d13e5abd2a0cdcf988d3,42,sha256_repo_balanced_v3_1,higher_complexity_half,,,repos/successful/45997449,promoted_before_storage_audit,281,280,remaining240,class_sampling_manifest_final_seed42.csv,2026-07-23T11:07:03+00:00,per_repo_2class_pilot_complexity_half_then_selection_rank_seed42,63,45997449,ResourceUrn,ResourceUrn_RBL4_ef2a07abTest,repos/45997449/WebRex/src/main/java/com/ebayopensource/webrex/resource/ResourceUrn.java,repos/45997449/WebRex/src/test/java/com/ebayopensource/webrex/resource/ResourceUrn_RBL4_ef2a07abTest.java,WebRex,D:\A_ThucNghiem\compiledrepos\45997449,D:\A_ThucNghiem\compiledrepos\45997449\WebRex\src\main\java\com\ebayopensource\webrex\resource\ResourceUrn.java,WebRex/src/test/java/com/ebayopensource/webrex/resource/ResourceUrn_RBL4_ef2a07abTest.java,com.ebayopensource.webrex.resource,1.7,Maven,"mvn -B -ntp -DskipTests -DskipITs -f ""${REPO_DIR}\WebRex\pom.xml"" clean test-compile","mvn -B -ntp -DskipTests -DskipITs -f ""${REPO_DIR}/WebRex/pom.xml"" clean test-compile",v3:45997449:maven:WebRex,1,1,1,0,0,PASS,PASS,PASS,ok,sandbox readiness passed,D:\A_ThucNghiem\scripts_v2\workspaces\20260724_010022_d3f7f7b1__baseline_readiness\063_45997449_ef2a07ab,0.441,PASS
46396068,https://github.com/kakao/hbase-tools,233e9ab0a4a31da9f5387fbb453db6d5799c072d,46396068:hbase0.98/hbase-manager-0.98/src/main/java/com/kakao/hbase/manager/command/assign.java,Assign,hbase0.98/hbase-manager-0.98/src/main/java/com/kakao/hbase/manager/command/Assign.java,4,41,263,3,2,2,4,1.3333333333333333,maven,hbase0.98,hbase0.98/hbase-manager-0.98,hbase-manager-0.98,maven:hbase0.98/hbase-manager-0.98,8,8,main,9,daf6fa36c2bca6d62793384a5b252932ac315e1e81606c27e6ac97024771cd73,42,sha256_repo_balanced_v3_1,lower_complexity_half,,,repos/successful/46396068,promoted_before_storage_audit,53,52,remaining240,class_sampling_manifest_final_seed42.csv,2026-07-23T11:07:03+00:00,per_repo_2class_pilot_complexity_half_then_selection_rank_seed42,64,46396068,Assign,Assign_RBL4_9ed5bed6Test,repos/46396068/hbase0.98/hbase-manager-0.98/src/main/java/com/kakao/hbase/manager/command/Assign.java,repos/46396068/hbase0.98/hbase-manager-0.98/src/test/java/com/kakao/hbase/manager/command/Assign_RBL4_9ed5bed6Test.java,hbase0.98/hbase-manager-0.98,D:\A_ThucNghiem\compiledrepos\46396068,D:\A_ThucNghiem\compiledrepos\46396068\hbase0.98\hbase-manager-0.98\src\main\java\com\kakao\hbase\manager\command\Assign.java,hbase0.98/hbase-manager-0.98/src/test/java/com/kakao/hbase/manager/command/Assign_RBL4_9ed5bed6Test.java,com.kakao.hbase.manager.command,1.8,Maven,"mvn -B -ntp -DskipTests -DskipITs -f ""${REPO_DIR}\pom.xml"" -pl hbase-manager-0.98 -am clean test-compile","mvn -B -ntp -DskipTests -DskipITs -f ""${REPO_DIR}/pom.xml"" -pl hbase-manager-0.98 -am clean test-compile",v3:46396068:maven:hbase0.98/hbase-manager-0.98,1,1,1,0,0,PASS,PASS,PASS,ok,sandbox readiness passed,D:\A_ThucNghiem\scripts_v2\workspaces\20260724_010022_d3f7f7b1__baseline_readiness\064_46396068_9ed5bed6,39.21,PASS
46396068,https://github.com/kakao/hbase-tools,233e9ab0a4a31da9f5387fbb453db6d5799c072d,46396068:hbase0.98/hbase-table-stat-0.98/src/main/java/com/kakao/hbase/stat/print/formatter.java,Formatter,hbase0.98/hbase-table-stat-0.98/src/main/java/com/kakao/hbase/stat/print/Formatter.java,8,76,639,10,5,2,15,1.5,maven,hbase0.98,hbase0.98/hbase-table-stat-0.98,hbase-table-stat-0.98,maven:hbase0.98/hbase-table-stat-0.98,8,8,main,4,2c0d544fd7cbf00e935b06ac84ce0cf65674959c843aa57cfadb9d3882e9c283,42,sha256_repo_balanced_v3_1,lower_complexity_half,,,repos/successful/46396068,promoted_before_storage_audit,78,77,remaining240,class_sampling_manifest_final_seed42.csv,2026-07-23T11:07:03+00:00,per_repo_2class_pilot_complexity_half_then_selection_rank_seed42,65,46396068,Formatter,Formatter_RBL4_598cee20Test,repos/46396068/hbase0.98/hbase-table-stat-0.98/src/main/java/com/kakao/hbase/stat/print/Formatter.java,repos/46396068/hbase0.98/hbase-table-stat-0.98/src/test/java/com/kakao/hbase/stat/print/Formatter_RBL4_598cee20Test.java,hbase0.98/hbase-table-stat-0.98,D:\A_ThucNghiem\compiledrepos\46396068,D:\A_ThucNghiem\compiledrepos\46396068\hbase0.98\hbase-table-stat-0.98\src\main\java\com\kakao\hbase\stat\print\Formatter.java,hbase0.98/hbase-table-stat-0.98/src/test/java/com/kakao/hbase/stat/print/Formatter_RBL4_598cee20Test.java,com.kakao.hbase.stat.print,1.8,Maven,"mvn -B -ntp -DskipTests -DskipITs -f ""${REPO_DIR}\pom.xml"" -pl hbase-table-stat-0.98 -am clean test-compile","mvn -B -ntp -DskipTests -DskipITs -f ""${REPO_DIR}/pom.xml"" -pl hbase-table-stat-0.98 -am clean test-compile",v3:46396068:maven:hbase0.98/hbase-table-stat-0.98,1,1,1,0,0,PASS,PASS,PASS,ok,sandbox readiness passed,D:\A_ThucNghiem\scripts_v2\workspaces\20260724_010022_d3f7f7b1__baseline_readiness\065_46396068_598cee20,30.786,PASS
46396068,https://github.com/kakao/hbase-tools,233e9ab0a4a31da9f5387fbb453db6d5799c072d,46396068:hbase0.98/hbase-common-0.98/src/main/java/com/kakao/hbase/common/util/decimalstringsplit.java,DecimalStringSplit,hbase0.98/hbase-common-0.98/src/main/java/com/kakao/hbase/common/util/DecimalStringSplit.java,5,69,477,14,11,3,19,1.3571428571428572,maven,hbase0.98,hbase0.98/hbase-common-0.98,hbase-common-0.98,maven:hbase0.98/hbase-common-0.98,8,8,main,5,7ab5f711d4b244b35e7c7d20c618857e0df3d66095a80aa8b368f09034eb0f8f,42,sha256_repo_balanced_v3_1,lower_complexity_half,,,repos/successful/46396068,promoted_before_storage_audit,114,113,remaining240,class_sampling_manifest_final_seed42.csv,2026-07-23T11:07:03+00:00,per_repo_2class_pilot_complexity_half_then_selection_rank_seed42,66,46396068,DecimalStringSplit,DecimalStringSplit_RBL4_3a04c22aTest,repos/46396068/hbase0.98/hbase-common-0.98/src/main/java/com/kakao/hbase/common/util/DecimalStringSplit.java,repos/46396068/hbase0.98/hbase-common-0.98/src/test/java/com/kakao/hbase/common/util/DecimalStringSplit_RBL4_3a04c22aTest.java,hbase0.98/hbase-common-0.98,D:\A_ThucNghiem\compiledrepos\46396068,D:\A_ThucNghiem\compiledrepos\46396068\hbase0.98\hbase-common-0.98\src\main\java\com\kakao\hbase\common\util\DecimalStringSplit.java,hbase0.98/hbase-common-0.98/src/test/java/com/kakao/hbase/common/util/DecimalStringSplit_RBL4_3a04c22aTest.java,com.kakao.hbase.common.util,1.8,Maven,"mvn -B -ntp -DskipTests -DskipITs -f ""${REPO_DIR}\hbase-common-0.98\pom.xml"" clean test-compile","mvn -B -ntp -DskipTests -DskipITs -f ""${REPO_DIR}/hbase-common-0.98/pom.xml"" clean test-compile",v3:46396068:maven:hbase0.98/hbase-common-0.98,1,1,1,0,0,PASS,PASS,PASS,ok,sandbox readiness passed,D:\A_ThucNghiem\scripts_v2\workspaces\20260724_010022_d3f7f7b1__baseline_readiness\066_46396068_3a04c22a,6.461,PASS
46396068,https://github.com/kakao/hbase-tools,233e9ab0a4a31da9f5387fbb453db6d5799c072d,46396068:hbase0.98/hbase-manager-0.98/src/main/java/com/kakao/hbase/manager/manager.java,Manager,hbase0.98/hbase-manager-0.98/src/main/java/com/kakao/hbase/manager/Manager.java,4,149,1151,13,2,6,30,2.3076923076923075,maven,hbase0.98,hbase0.98/hbase-manager-0.98,hbase-manager-0.98,maven:hbase0.98/hbase-manager-0.98,8,8,main,8,abff2b35b4de490a9b828f6ee99c9d6f9540614730a1a7edee84caed3aaad77b,42,sha256_repo_balanced_v3_1,higher_complexity_half,,,repos/successful/46396068,promoted_before_storage_audit,208,207,remaining240,class_sampling_manifest_final_seed42.csv,2026-07-23T11:07:03+00:00,per_repo_2class_pilot_complexity_half_then_selection_rank_seed42,67,46396068,Manager,Manager_RBL4_cc963dd8Test,repos/46396068/hbase0.98/hbase-manager-0.98/src/main/java/com/kakao/hbase/manager/Manager.java,repos/46396068/hbase0.98/hbase-manager-0.98/src/test/java/com/kakao/hbase/manager/Manager_RBL4_cc963dd8Test.java,hbase0.98/hbase-manager-0.98,D:\A_ThucNghiem\compiledrepos\46396068,D:\A_ThucNghiem\compiledrepos\46396068\hbase0.98\hbase-manager-0.98\src\main\java\com\kakao\hbase\manager\Manager.java,hbase0.98/hbase-manager-0.98/src/test/java/com/kakao/hbase/manager/Manager_RBL4_cc963dd8Test.java,com.kakao.hbase.manager,1.8,Maven,"mvn -B -ntp -DskipTests -DskipITs -f ""${REPO_DIR}\pom.xml"" -pl hbase-manager-0.98 -am clean test-compile","mvn -B -ntp -DskipTests -DskipITs -f ""${REPO_DIR}/pom.xml"" -pl hbase-manager-0.98 -am clean test-compile",v3:46396068:maven:hbase0.98/hbase-manager-0.98,1,1,1,0,0,PASS,PASS,PASS,ok,sandbox readiness passed,D:\A_ThucNghiem\scripts_v2\workspaces\20260724_010022_d3f7f7b1__baseline_readiness\067_46396068_cc963dd8,75.465,PASS
46396068,https://github.com/kakao/hbase-tools,233e9ab0a4a31da9f5387fbb453db6d5799c072d,46396068:hbase0.98/hbase-manager-0.98/src/main/java/com/kakao/hbase/manager/command/balance.java,Balance,hbase0.98/hbase-manager-0.98/src/main/java/com/kakao/hbase/manager/command/Balance.java,1,184,1349,11,3,7,35,3.1818181818181817,maven,hbase0.98,hbase0.98/hbase-manager-0.98,hbase-manager-0.98,maven:hbase0.98/hbase-manager-0.98,8,8,main,7,9d944038af0d046e84bd389020c6aa91208bea68e7e619772f892996df5b4016,42,sha256_repo_balanced_v3_1,higher_complexity_half,,,repos/successful/46396068,promoted_before_storage_audit,231,230,remaining240,class_sampling_manifest_final_seed42.csv,2026-07-23T11:07:03+00:00,per_repo_2class_pilot_complexity_half_then_selection_rank_seed42,68,46396068,Balance,Balance_RBL4_d86eb020Test,repos/46396068/hbase0.98/hbase-manager-0.98/src/main/java/com/kakao/hbase/manager/command/Balance.java,repos/46396068/hbase0.98/hbase-manager-0.98/src/test/java/com/kakao/hbase/manager/command/Balance_RBL4_d86eb020Test.java,hbase0.98/hbase-manager-0.98,D:\A_ThucNghiem\compiledrepos\46396068,D:\A_ThucNghiem\compiledrepos\46396068\hbase0.98\hbase-manager-0.98\src\main\java\com\kakao\hbase\manager\command\Balance.java,hbase0.98/hbase-manager-0.98/src/test/java/com/kakao/hbase/manager/command/Balance_RBL4_d86eb020Test.java,com.kakao.hbase.manager.command,1.8,Maven,"mvn -B -ntp -DskipTests -DskipITs -f ""${REPO_DIR}\pom.xml"" -pl hbase-manager-0.98 -am clean test-compile","mvn -B -ntp -DskipTests -DskipITs -f ""${REPO_DIR}/pom.xml"" -pl hbase-manager-0.98 -am clean test-compile",v3:46396068:maven:hbase0.98/hbase-manager-0.98,1,1,1,0,0,PASS,PASS,PASS,ok,sandbox readiness passed,D:\A_ThucNghiem\scripts_v2\workspaces\20260724_010022_d3f7f7b1__baseline_readiness\068_46396068_d86eb020,113.668,PASS
46396068,https://github.com/kakao/hbase-tools,233e9ab0a4a31da9f5387fbb453db6d5799c072d,46396068:hbase0.98/hbase-table-stat-0.98/src/main/java/com/kakao/hbase/stat/load/loadio.java,LoadIO,hbase0.98/hbase-table-stat-0.98/src/main/java/com/kakao/hbase/stat/load/LoadIO.java,5,209,1610,17,3,8,48,2.823529411764706,maven,hbase0.98,hbase0.98/hbase-table-stat-0.98,hbase-table-stat-0.98,maven:hbase0.98/hbase-table-stat-0.98,8,8,main,3,2a806fe969f70e84e7e54f2e35ba6e48b9a7aa5f0e9b8ffe96152b3fb1c52b48,42,sha256_repo_balanced_v3_1,higher_complexity_half,,,repos/successful/46396068,promoted_before_storage_audit,243,242,remaining240,class_sampling_manifest_final_seed42.csv,2026-07-23T11:07:03+00:00,per_repo_2class_pilot_complexity_half_then_selection_rank_seed42,69,46396068,LoadIO,LoadIO_RBL4_2ca68fd5Test,repos/46396068/hbase0.98/hbase-table-stat-0.98/src/main/java/com/kakao/hbase/stat/load/LoadIO.java,repos/46396068/hbase0.98/hbase-table-stat-0.98/src/test/java/com/kakao/hbase/stat/load/LoadIO_RBL4_2ca68fd5Test.java,hbase0.98/hbase-table-stat-0.98,D:\A_ThucNghiem\compiledrepos\46396068,D:\A_ThucNghiem\compiledrepos\46396068\hbase0.98\hbase-table-stat-0.98\src\main\java\com\kakao\hbase\stat\load\LoadIO.java,hbase0.98/hbase-table-stat-0.98/src/test/java/com/kakao/hbase/stat/load/LoadIO_RBL4_2ca68fd5Test.java,com.kakao.hbase.stat.load,1.8,Maven,"mvn -B -ntp -DskipTests -DskipITs -f ""${REPO_DIR}\pom.xml"" -pl hbase-table-stat-0.98 -am clean test-compile","mvn -B -ntp -DskipTests -DskipITs -f ""${REPO_DIR}/pom.xml"" -pl hbase-table-stat-0.98 -am clean test-compile",v3:46396068:maven:hbase0.98/hbase-table-stat-0.98,1,1,1,0,0,PASS,PASS,PASS,ok,sandbox readiness passed,D:\A_ThucNghiem\scripts_v2\workspaces\20260724_010022_d3f7f7b1__baseline_readiness\069_46396068_2ca68fd5,27.459,PASS
46396068,https://github.com/kakao/hbase-tools,233e9ab0a4a31da9f5387fbb453db6d5799c072d,46396068:hbase0.98/hbase-common-0.98/src/main/java/com/kakao/hbase/common/util/util.java,Util,hbase0.98/hbase-common-0.98/src/main/java/com/kakao/hbase/common/util/Util.java,1,219,1790,24,21,8,68,2.8333333333333335,maven,hbase0.98,hbase0.98/hbase-common-0.98,hbase-common-0.98,maven:hbase0.98/hbase-common-0.98,8,8,main,6,8c4ba1d0959ff1137f298d4d6696a54299fff21512a41b57870633d159afcbc3,42,sha256_repo_balanced_v3_1,higher_complexity_half,,,repos/successful/46396068,promoted_before_storage_audit,247,246,remaining240,class_sampling_manifest_final_seed42.csv,2026-07-23T11:07:03+00:00,per_repo_2class_pilot_complexity_half_then_selection_rank_seed42,70,46396068,Util,Util_RBL4_ac867cd2Test,repos/46396068/hbase0.98/hbase-common-0.98/src/main/java/com/kakao/hbase/common/util/Util.java,repos/46396068/hbase0.98/hbase-common-0.98/src/test/java/com/kakao/hbase/common/util/Util_RBL4_ac867cd2Test.java,hbase0.98/hbase-common-0.98,D:\A_ThucNghiem\compiledrepos\46396068,D:\A_ThucNghiem\compiledrepos\46396068\hbase0.98\hbase-common-0.98\src\main\java\com\kakao\hbase\common\util\Util.java,hbase0.98/hbase-common-0.98/src/test/java/com/kakao/hbase/common/util/Util_RBL4_ac867cd2Test.java,com.kakao.hbase.common.util,1.8,Maven,"mvn -B -ntp -DskipTests -DskipITs -f ""${REPO_DIR}\hbase-common-0.98\pom.xml"" clean test-compile","mvn -B -ntp -DskipTests -DskipITs -f ""${REPO_DIR}/hbase-common-0.98/pom.xml"" clean test-compile",v3:46396068:maven:hbase0.98/hbase-common-0.98,1,1,1,0,0,PASS,PASS,PASS,ok,sandbox readiness passed,D:\A_ThucNghiem\scripts_v2\workspaces\20260724_010022_d3f7f7b1__baseline_readiness\070_46396068_ac867cd2,0.3,PASS
46396068,https://github.com/kakao/hbase-tools,233e9ab0a4a31da9f5387fbb453db6d5799c072d,46396068:hbase0.98/hbase-snapshot-0.98/src/main/java/com/kakao/hbase/snapshot/snapshot.java,Snapshot,hbase0.98/hbase-snapshot-0.98/src/main/java/com/kakao/hbase/snapshot/Snapshot.java,2,268,2028,18,3,12,56,3.111111111111111,maven,hbase0.98,hbase0.98/hbase-snapshot-0.98,hbase-snapshot-0.98,maven:hbase0.98/hbase-snapshot-0.98,8,8,main,10,dea97b4a71a5e9b86f757b7f7792fcec50476d2096a414608c9035a0c9ef5424,42,sha256_repo_balanced_v3_1,higher_complexity_half,,,repos/successful/46396068,promoted_before_storage_audit,273,272,remaining240,class_sampling_manifest_final_seed42.csv,2026-07-23T11:07:03+00:00,per_repo_2class_pilot_complexity_half_then_selection_rank_seed42,71,46396068,Snapshot,Snapshot_RBL4_46effb3eTest,repos/46396068/hbase0.98/hbase-snapshot-0.98/src/main/java/com/kakao/hbase/snapshot/Snapshot.java,repos/46396068/hbase0.98/hbase-snapshot-0.98/src/test/java/com/kakao/hbase/snapshot/Snapshot_RBL4_46effb3eTest.java,hbase0.98/hbase-snapshot-0.98,D:\A_ThucNghiem\compiledrepos\46396068,D:\A_ThucNghiem\compiledrepos\46396068\hbase0.98\hbase-snapshot-0.98\src\main\java\com\kakao\hbase\snapshot\Snapshot.java,hbase0.98/hbase-snapshot-0.98/src/test/java/com/kakao/hbase/snapshot/Snapshot_RBL4_46effb3eTest.java,com.kakao.hbase.snapshot,1.8,Maven,"mvn -B -ntp -DskipTests -DskipITs -f ""${REPO_DIR}\pom.xml"" -pl hbase-snapshot-0.98 -am clean test-compile","mvn -B -ntp -DskipTests -DskipITs -f ""${REPO_DIR}/pom.xml"" -pl hbase-snapshot-0.98 -am clean test-compile",v3:46396068:maven:hbase0.98/hbase-snapshot-0.98,1,1,1,0,0,PASS,PASS,PASS,ok,sandbox readiness passed,D:\A_ThucNghiem\scripts_v2\workspaces\20260724_010022_d3f7f7b1__baseline_readiness\071_46396068_46effb3e,26.757,PASS
46450575,https://github.com/spotify/flo,91d2e546bc8fa8e6fee9bc8c6dd484d87db3b0af,46450575:flo-workflow/src/main/java/com/spotify/flo/evalcontextwithtask.java,EvalContextWithTask,flo-workflow/src/main/java/com/spotify/flo/EvalContextWithTask.java,2,18,117,3,1,1,3,1.0,maven,.,flo-workflow,flo-workflow,maven:flo-workflow,unknown,8,main,3,47d6e4e2ae70531c062872023ccdaa6938b0b63718ef3f6c986ce7670d8c1c07,42,sha256_repo_balanced_v3_1,lower_complexity_half,,,repos/successful/46450575,promoted_before_storage_audit,19,18,remaining240,class_sampling_manifest_final_seed42.csv,2026-07-23T11:07:03+00:00,per_repo_2class_pilot_complexity_half_then_selection_rank_seed42,72,46450575,EvalContextWithTask,EvalContextWithTask_RBL4_ef73684bTest,repos/46450575/flo-workflow/src/main/java/com/spotify/flo/EvalContextWithTask.java,repos/46450575/flo-workflow/src/test/java/com/spotify/flo/EvalContextWithTask_RBL4_ef73684bTest.java,flo-workflow,D:\A_ThucNghiem\compiledrepos\46450575,D:\A_ThucNghiem\compiledrepos\46450575\flo-workflow\src\main\java\com\spotify\flo\EvalContextWithTask.java,flo-workflow/src/test/java/com/spotify/flo/EvalContextWithTask_RBL4_ef73684bTest.java,com.spotify.flo,1.8,Maven,"mvn -B -ntp -DskipTests -DskipITs -f ""${REPO_DIR}\pom.xml"" -pl flo-workflow -am clean test-compile","mvn -B -ntp -DskipTests -DskipITs -f ""${REPO_DIR}/pom.xml"" -pl flo-workflow -am clean test-compile",v3:46450575:maven:flo-workflow,1,1,1,0,0,PASS,PASS,PASS,ok,sandbox readiness passed,D:\A_ThucNghiem\scripts_v2\workspaces\20260724_010022_d3f7f7b1__baseline_readiness\072_46450575_ef73684b,29.175,PASS
46450575,https://github.com/spotify/flo,91d2e546bc8fa8e6fee9bc8c6dd484d87db3b0af,46450575:contrib/flo-styx/src/main/java/com/spotify/flo/contrib/styx/structuredlogging.java,StructuredLogging,contrib/flo-styx/src/main/java/com/spotify/flo/contrib/styx/StructuredLogging.java,2,38,310,4,2,1,4,1.0,maven,.,contrib/flo-styx,contrib/flo-styx,maven:contrib/flo-styx,unknown,8,main,10,ba78c371e483427487b5a7fcb65187f20aefabef2236cbb886886a3bd99fd8af,42,sha256_repo_balanced_v3_1,lower_complexity_half,,,repos/successful/46450575,promoted_before_storage_audit,27,26,remaining240,class_sampling_manifest_final_seed42.csv,2026-07-23T11:07:03+00:00,per_repo_2class_pilot_complexity_half_then_selection_rank_seed42,73,46450575,StructuredLogging,StructuredLogging_RBL4_4178ab2dTest,repos/46450575/contrib/flo-styx/src/main/java/com/spotify/flo/contrib/styx/StructuredLogging.java,repos/46450575/contrib/flo-styx/src/test/java/com/spotify/flo/contrib/styx/StructuredLogging_RBL4_4178ab2dTest.java,contrib/flo-styx,D:\A_ThucNghiem\compiledrepos\46450575,D:\A_ThucNghiem\compiledrepos\46450575\contrib\flo-styx\src\main\java\com\spotify\flo\contrib\styx\StructuredLogging.java,contrib/flo-styx/src/test/java/com/spotify/flo/contrib/styx/StructuredLogging_RBL4_4178ab2dTest.java,com.spotify.flo.contrib.styx,1.8,Maven,"mvn -B -ntp -DskipTests -DskipITs -f ""${REPO_DIR}\pom.xml"" -pl contrib/flo-styx -am clean test-compile","mvn -B -ntp -DskipTests -DskipITs -f ""${REPO_DIR}/pom.xml"" -pl contrib/flo-styx -am clean test-compile",v3:46450575:maven:contrib/flo-styx,1,1,1,0,0,PASS,PASS,PASS,ok,sandbox readiness passed,D:\A_ThucNghiem\scripts_v2\workspaces\20260724_010022_d3f7f7b1__baseline_readiness\073_46450575_4178ab2d,27.441,PASS
46450575,https://github.com/spotify/flo,91d2e546bc8fa8e6fee9bc8c6dd484d87db3b0af,46450575:flo-workflow/src/main/java/com/spotify/flo/context/forwardingevalcontext.java,ForwardingEvalContext,flo-workflow/src/main/java/com/spotify/flo/context/ForwardingEvalContext.java,6,37,252,7,6,1,7,1.0,maven,.,flo-workflow,flo-workflow,maven:flo-workflow,unknown,8,main,4,5ed09c549ff0bc30b2229d60533193fe43eabab7134a7a827378ad140b7fdfc1,42,sha256_repo_balanced_v3_1,lower_complexity_half,,,repos/successful/46450575,promoted_before_storage_audit,33,32,remaining240,class_sampling_manifest_final_seed42.csv,2026-07-23T11:07:03+00:00,per_repo_2class_pilot_complexity_half_then_selection_rank_seed42,74,46450575,ForwardingEvalContext,ForwardingEvalContext_RBL4_07864a44Test,repos/46450575/flo-workflow/src/main/java/com/spotify/flo/context/ForwardingEvalContext.java,repos/46450575/flo-workflow/src/test/java/com/spotify/flo/context/ForwardingEvalContext_RBL4_07864a44Test.java,flo-workflow,D:\A_ThucNghiem\compiledrepos\46450575,D:\A_ThucNghiem\compiledrepos\46450575\flo-workflow\src\main\java\com\spotify\flo\context\ForwardingEvalContext.java,flo-workflow/src/test/java/com/spotify/flo/context/ForwardingEvalContext_RBL4_07864a44Test.java,com.spotify.flo.context,1.8,Maven,"mvn -B -ntp -DskipTests -DskipITs -f ""${REPO_DIR}\pom.xml"" -pl flo-workflow -am clean test-compile","mvn -B -ntp -DskipTests -DskipITs -f ""${REPO_DIR}/pom.xml"" -pl flo-workflow -am clean test-compile",v3:46450575:maven:flo-workflow,1,1,1,0,0,PASS,PASS,PASS,ok,sandbox readiness passed,D:\A_ThucNghiem\scripts_v2\workspaces\20260724_010022_d3f7f7b1__baseline_readiness\074_46450575_07864a44,28.871,PASS
46450575,https://github.com/spotify/flo,91d2e546bc8fa8e6fee9bc8c6dd484d87db3b0af,46450575:contrib/flo-bigquery/src/main/java/com/spotify/flo/contrib/bigquery/bigqueryoperator.java,BigQueryOperator,contrib/flo-bigquery/src/main/java/com/spotify/flo/contrib/bigquery/BigQueryOperator.java,5,31,241,5,3,2,6,1.2,maven,.,contrib/flo-bigquery,contrib/flo-bigquery,maven:contrib/flo-bigquery,unknown,8,main,7,842eeb0280fb38d60e16b9250e173b1b858dcf9adb66c9f4d827eabda5c7417b,42,sha256_repo_balanced_v3_1,lower_complexity_half,,,repos/successful/46450575,promoted_before_storage_audit,61,60,remaining240,class_sampling_manifest_final_seed42.csv,2026-07-23T11:07:03+00:00,per_repo_2class_pilot_complexity_half_then_selection_rank_seed42,75,46450575,BigQueryOperator,BigQueryOperator_RBL4_6f1aba76Test,repos/46450575/contrib/flo-bigquery/src/main/java/com/spotify/flo/contrib/bigquery/BigQueryOperator.java,repos/46450575/contrib/flo-bigquery/src/test/java/com/spotify/flo/contrib/bigquery/BigQueryOperator_RBL4_6f1aba76Test.java,contrib/flo-bigquery,D:\A_ThucNghiem\compiledrepos\46450575,D:\A_ThucNghiem\compiledrepos\46450575\contrib\flo-bigquery\src\main\java\com\spotify\flo\contrib\bigquery\BigQueryOperator.java,contrib/flo-bigquery/src/test/java/com/spotify/flo/contrib/bigquery/BigQueryOperator_RBL4_6f1aba76Test.java,com.spotify.flo.contrib.bigquery,1.8,Maven,"mvn -B -ntp -DskipTests -DskipITs -f ""${REPO_DIR}\pom.xml"" -pl contrib/flo-bigquery -am clean test-compile","mvn -B -ntp -DskipTests -DskipITs -f ""${REPO_DIR}/pom.xml"" -pl contrib/flo-bigquery -am clean test-compile",v3:46450575:maven:contrib/flo-bigquery,1,1,1,0,0,PASS,PASS,PASS,ok,sandbox readiness passed,D:\A_ThucNghiem\scripts_v2\workspaces\20260724_010022_d3f7f7b1__baseline_readiness\075_46450575_6f1aba76,23.238,PASS
46450575,https://github.com/spotify/flo,91d2e546bc8fa8e6fee9bc8c6dd484d87db3b0af,46450575:flo-workflow/src/main/java/com/spotify/flo/serialization.java,Serialization,flo-workflow/src/main/java/com/spotify/flo/Serialization.java,4,68,482,8,7,2,13,1.625,maven,.,flo-workflow,flo-workflow,maven:flo-workflow,unknown,8,main,2,34d0f989a7684791f74d2aeccf121515cf89db8a16f09d680337da8ee2b76317,42,sha256_repo_balanced_v3_1,lower_complexity_half,,,repos/successful/46450575,promoted_before_storage_audit,76,75,remaining240,class_sampling_manifest_final_seed42.csv,2026-07-23T11:07:03+00:00,per_repo_2class_pilot_complexity_half_then_selection_rank_seed42,76,46450575,Serialization,Serialization_RBL4_0293e98eTest,repos/46450575/flo-workflow/src/main/java/com/spotify/flo/Serialization.java,repos/46450575/flo-workflow/src/test/java/com/spotify/flo/Serialization_RBL4_0293e98eTest.java,flo-workflow,D:\A_ThucNghiem\compiledrepos\46450575,D:\A_ThucNghiem\compiledrepos\46450575\flo-workflow\src\main\java\com\spotify\flo\Serialization.java,flo-workflow/src/test/java/com/spotify/flo/Serialization_RBL4_0293e98eTest.java,com.spotify.flo,1.8,Maven,"mvn -B -ntp -DskipTests -DskipITs -f ""${REPO_DIR}\pom.xml"" -pl flo-workflow -am clean test-compile","mvn -B -ntp -DskipTests -DskipITs -f ""${REPO_DIR}/pom.xml"" -pl flo-workflow -am clean test-compile",v3:46450575:maven:flo-workflow,1,1,1,0,0,PASS,PASS,PASS,ok,sandbox readiness passed,D:\A_ThucNghiem\scripts_v2\workspaces\20260724_010022_d3f7f7b1__baseline_readiness\076_46450575_0293e98e,25.944,PASS
46450575,https://github.com/spotify/flo,91d2e546bc8fa8e6fee9bc8c6dd484d87db3b0af,46450575:contrib/flo-bigquery/src/main/java/com/spotify/flo/contrib/bigquery/bigqueryoutput.java,BigQueryOutput,contrib/flo-bigquery/src/main/java/com/spotify/flo/contrib/bigquery/BigQueryOutput.java,2,80,578,11,6,2,15,1.3636363636363635,maven,.,contrib/flo-bigquery,contrib/flo-bigquery,maven:contrib/flo-bigquery,unknown,8,main,5,62a216fd85746e5d24d2ac7b297ad39375c2ee2aa537663c153163429949fbfa,42,sha256_repo_balanced_v3_1,lower_complexity_half,,,repos/successful/46450575,promoted_before_storage_audit,79,78,remaining240,class_sampling_manifest_final_seed42.csv,2026-07-23T11:07:03+00:00,per_repo_2class_pilot_complexity_half_then_selection_rank_seed42,77,46450575,BigQueryOutput,BigQueryOutput_RBL4_ea016342Test,repos/46450575/contrib/flo-bigquery/src/main/java/com/spotify/flo/contrib/bigquery/BigQueryOutput.java,repos/46450575/contrib/flo-bigquery/src/test/java/com/spotify/flo/contrib/bigquery/BigQueryOutput_RBL4_ea016342Test.java,contrib/flo-bigquery,D:\A_ThucNghiem\compiledrepos\46450575,D:\A_ThucNghiem\compiledrepos\46450575\contrib\flo-bigquery\src\main\java\com\spotify\flo\contrib\bigquery\BigQueryOutput.java,contrib/flo-bigquery/src/test/java/com/spotify/flo/contrib/bigquery/BigQueryOutput_RBL4_ea016342Test.java,com.spotify.flo.contrib.bigquery,1.8,Maven,"mvn -B -ntp -DskipTests -DskipITs -f ""${REPO_DIR}\pom.xml"" -pl contrib/flo-bigquery -am clean test-compile","mvn -B -ntp -DskipTests -DskipITs -f ""${REPO_DIR}/pom.xml"" -pl contrib/flo-bigquery -am clean test-compile",v3:46450575:maven:contrib/flo-bigquery,1,1,1,0,0,PASS,PASS,PASS,ok,sandbox readiness passed,D:\A_ThucNghiem\scripts_v2\workspaces\20260724_010022_d3f7f7b1__baseline_readiness\077_46450575_ea016342,33.024,PASS
46450575,https://github.com/spotify/flo,91d2e546bc8fa8e6fee9bc8c6dd484d87db3b0af,46450575:contrib/flo-styx/src/main/java/com/spotify/flo/contrib/styx/terminationlogging.java,TerminationLogging,contrib/flo-styx/src/main/java/com/spotify/flo/contrib/styx/TerminationLogging.java,4,40,274,1,1,3,3,3.0,maven,.,contrib/flo-styx,contrib/flo-styx,maven:contrib/flo-styx,unknown,8,main,8,890bee33ec884cb81e6ef21092981a60c002037c31c8379708c05a7a1ade7ce4,42,sha256_repo_balanced_v3_1,lower_complexity_half,,,repos/successful/46450575,promoted_before_storage_audit,85,84,remaining240,class_sampling_manifest_final_seed42.csv,2026-07-23T11:07:03+00:00,per_repo_2class_pilot_complexity_half_then_selection_rank_seed42,78,46450575,TerminationLogging,TerminationLogging_RBL4_bd50ba45Test,repos/46450575/contrib/flo-styx/src/main/java/com/spotify/flo/contrib/styx/TerminationLogging.java,repos/46450575/contrib/flo-styx/src/test/java/com/spotify/flo/contrib/styx/TerminationLogging_RBL4_bd50ba45Test.java,contrib/flo-styx,D:\A_ThucNghiem\compiledrepos\46450575,D:\A_ThucNghiem\compiledrepos\46450575\contrib\flo-styx\src\main\java\com\spotify\flo\contrib\styx\TerminationLogging.java,contrib/flo-styx/src/test/java/com/spotify/flo/contrib/styx/TerminationLogging_RBL4_bd50ba45Test.java,com.spotify.flo.contrib.styx,1.8,Maven,"mvn -B -ntp -DskipTests -DskipITs -f ""${REPO_DIR}\pom.xml"" -pl contrib/flo-styx -am clean test-compile","mvn -B -ntp -DskipTests -DskipITs -f ""${REPO_DIR}/pom.xml"" -pl contrib/flo-styx -am clean test-compile",v3:46450575:maven:contrib/flo-styx,1,1,1,0,0,PASS,PASS,PASS,ok,sandbox readiness passed,D:\A_ThucNghiem\scripts_v2\workspaces\20260724_010022_d3f7f7b1__baseline_readiness\078_46450575_bd50ba45,26.504,PASS
46450575,https://github.com/spotify/flo,91d2e546bc8fa8e6fee9bc8c6dd484d87db3b0af,46450575:flo-workflow/src/main/java/com/spotify/flo/context/memoizingcontext.java,MemoizingContext,flo-workflow/src/main/java/com/spotify/flo/context/MemoizingContext.java,1,32,247,3,2,3,5,1.6666666666666667,maven,.,flo-workflow,flo-workflow,maven:flo-workflow,unknown,8,main,6,6ab283151af12ee8ecfbf7b0aeb8a7dabc343e7390b776fc126bcf5c48c0721e,42,sha256_repo_balanced_v3_1,lower_complexity_half,,,repos/successful/46450575,promoted_before_storage_audit,91,90,remaining240,class_sampling_manifest_final_seed42.csv,2026-07-23T11:07:03+00:00,per_repo_2class_pilot_complexity_half_then_selection_rank_seed42,79,46450575,MemoizingContext,MemoizingContext_RBL4_c253e1f9Test,repos/46450575/flo-workflow/src/main/java/com/spotify/flo/context/MemoizingContext.java,repos/46450575/flo-workflow/src/test/java/com/spotify/flo/context/MemoizingContext_RBL4_c253e1f9Test.java,flo-workflow,D:\A_ThucNghiem\compiledrepos\46450575,D:\A_ThucNghiem\compiledrepos\46450575\flo-workflow\src\main\java\com\spotify\flo\context\MemoizingContext.java,flo-workflow/src/test/java/com/spotify/flo/context/MemoizingContext_RBL4_c253e1f9Test.java,com.spotify.flo.context,1.8,Maven,"mvn -B -ntp -DskipTests -DskipITs -f ""${REPO_DIR}\pom.xml"" -pl flo-workflow -am clean test-compile","mvn -B -ntp -DskipTests -DskipITs -f ""${REPO_DIR}/pom.xml"" -pl flo-workflow -am clean test-compile",v3:46450575:maven:flo-workflow,1,1,1,0,0,PASS,PASS,PASS,ok,sandbox readiness passed,D:\A_ThucNghiem\scripts_v2\workspaces\20260724_010022_d3f7f7b1__baseline_readiness\079_46450575_c253e1f9,19.93,PASS
48046454,https://github.com/hazelcast/hazelcast-jet,60c713a718df89fdccedbf34aadcdcb953ae92a6,48046454:hazelcast-jet-core/src/main/java/com/hazelcast/jet/core/resettablesingletontraverser.java,ResettableSingletonTraverser,hazelcast-jet-core/src/main/java/com/hazelcast/jet/core/ResettableSingletonTraverser.java,2,21,114,2,2,1,2,1.0,maven,.,hazelcast-jet-core,hazelcast-jet-core,maven:hazelcast-jet-core,8,8,main,7,189725fb9a08e9e54999a93396aa0131c261ab6ff54017af01a6d9446fd612dc,42,sha256_repo_balanced_v3_1,lower_complexity_half,,,repos/successful/48046454,promoted,11,10,remaining240,class_sampling_manifest_final_seed42.csv,2026-07-23T11:07:03+00:00,per_repo_2class_pilot_complexity_half_then_selection_rank_seed42,80,48046454,ResettableSingletonTraverser,ResettableSingletonTraverser_RBL4_c7d874e7Test,repos/48046454/hazelcast-jet-core/src/main/java/com/hazelcast/jet/core/ResettableSingletonTraverser.java,repos/48046454/hazelcast-jet-core/src/test/java/com/hazelcast/jet/core/ResettableSingletonTraverser_RBL4_c7d874e7Test.java,hazelcast-jet-core,D:\A_ThucNghiem\compiledrepos\48046454,D:\A_ThucNghiem\compiledrepos\48046454\hazelcast-jet-core\src\main\java\com\hazelcast\jet\core\ResettableSingletonTraverser.java,hazelcast-jet-core/src/test/java/com/hazelcast/jet/core/ResettableSingletonTraverser_RBL4_c7d874e7Test.java,com.hazelcast.jet.core,1.8,Maven,"""${REPO_DIR}\mvnw.cmd"" -B -ntp -DskipTests -DskipITs -f ""${REPO_DIR}\hazelcast-jet-core\pom.xml"" clean test-compile","""${REPO_DIR}/mvnw"" -B -ntp -DskipTests -DskipITs -f ""${REPO_DIR}/hazelcast-jet-core/pom.xml"" clean test-compile",v3:48046454:maven:hazelcast-jet-core,1,1,1,0,0,PASS,PASS,PASS,ok,sandbox readiness passed,D:\A_ThucNghiem\scripts_v2\workspaces\20260724_010022_d3f7f7b1__baseline_readiness\080_48046454_c7d874e7,86.044,PASS
48046454,https://github.com/hazelcast/hazelcast-jet,60c713a718df89fdccedbf34aadcdcb953ae92a6,48046454:hazelcast-jet-core/src/main/java/com/hazelcast/jet/core/slidingwindowpolicy.java,SlidingWindowPolicy,hazelcast-jet-core/src/main/java/com/hazelcast/jet/core/SlidingWindowPolicy.java,3,65,462,11,10,2,13,1.1818181818181819,maven,.,hazelcast-jet-core,hazelcast-jet-core,maven:hazelcast-jet-core,8,8,main,8,1ec78ce3c6ac94876d5af5221161569dc27a2b24eae8b34189caeaa90c49f935,42,sha256_repo_balanced_v3_1,lower_complexity_half,,,repos/successful/48046454,promoted,75,74,remaining240,class_sampling_manifest_final_seed42.csv,2026-07-23T11:07:03+00:00,per_repo_2class_pilot_complexity_half_then_selection_rank_seed42,81,48046454,SlidingWindowPolicy,SlidingWindowPolicy_RBL4_0ca1a5feTest,repos/48046454/hazelcast-jet-core/src/main/java/com/hazelcast/jet/core/SlidingWindowPolicy.java,repos/48046454/hazelcast-jet-core/src/test/java/com/hazelcast/jet/core/SlidingWindowPolicy_RBL4_0ca1a5feTest.java,hazelcast-jet-core,D:\A_ThucNghiem\compiledrepos\48046454,D:\A_ThucNghiem\compiledrepos\48046454\hazelcast-jet-core\src\main\java\com\hazelcast\jet\core\SlidingWindowPolicy.java,hazelcast-jet-core/src/test/java/com/hazelcast/jet/core/SlidingWindowPolicy_RBL4_0ca1a5feTest.java,com.hazelcast.jet.core,1.8,Maven,"""${REPO_DIR}\mvnw.cmd"" -B -ntp -DskipTests -DskipITs -f ""${REPO_DIR}\hazelcast-jet-core\pom.xml"" clean test-compile","""${REPO_DIR}/mvnw"" -B -ntp -DskipTests -DskipITs -f ""${REPO_DIR}/hazelcast-jet-core/pom.xml"" clean test-compile",v3:48046454:maven:hazelcast-jet-core,1,1,1,0,0,PASS,PASS,PASS,ok,sandbox readiness passed,D:\A_ThucNghiem\scripts_v2\workspaces\20260724_010022_d3f7f7b1__baseline_readiness\081_48046454_0ca1a5fe,69.009,PASS
48046454,https://github.com/hazelcast/hazelcast-jet,60c713a718df89fdccedbf34aadcdcb953ae92a6,48046454:hazelcast-jet-core/src/main/java/com/hazelcast/jet/impl/processor/insertwatermarksp.java,InsertWatermarksP,hazelcast-jet-core/src/main/java/com/hazelcast/jet/impl/processor/InsertWatermarksP.java,1,57,396,7,4,3,9,1.2857142857142858,maven,.,hazelcast-jet-core,hazelcast-jet-core,maven:hazelcast-jet-core,8,8,main,5,13722a73fce213dfbd60a4e2f698ab80e492e4c15219509aa0ebd01d9a160c39,42,sha256_repo_balanced_v3_1,lower_complexity_half,,,repos/successful/48046454,promoted,99,98,remaining240,class_sampling_manifest_final_seed42.csv,2026-07-23T11:07:03+00:00,per_repo_2class_pilot_complexity_half_then_selection_rank_seed42,82,48046454,InsertWatermarksP,InsertWatermarksP_RBL4_c320ce76Test,repos/48046454/hazelcast-jet-core/src/main/java/com/hazelcast/jet/impl/processor/InsertWatermarksP.java,repos/48046454/hazelcast-jet-core/src/test/java/com/hazelcast/jet/impl/processor/InsertWatermarksP_RBL4_c320ce76Test.java,hazelcast-jet-core,D:\A_ThucNghiem\compiledrepos\48046454,D:\A_ThucNghiem\compiledrepos\48046454\hazelcast-jet-core\src\main\java\com\hazelcast\jet\impl\processor\InsertWatermarksP.java,hazelcast-jet-core/src/test/java/com/hazelcast/jet/impl/processor/InsertWatermarksP_RBL4_c320ce76Test.java,com.hazelcast.jet.impl.processor,1.8,Maven,"""${REPO_DIR}\mvnw.cmd"" -B -ntp -DskipTests -DskipITs -f ""${REPO_DIR}\hazelcast-jet-core\pom.xml"" clean test-compile","""${REPO_DIR}/mvnw"" -B -ntp -DskipTests -DskipITs -f ""${REPO_DIR}/hazelcast-jet-core/pom.xml"" clean test-compile",v3:48046454:maven:hazelcast-jet-core,1,1,1,0,0,PASS,PASS,PASS,ok,sandbox readiness passed,D:\A_ThucNghiem\scripts_v2\workspaces\20260724_010022_d3f7f7b1__baseline_readiness\082_48046454_c320ce76,68.801,PASS
48046454,https://github.com/hazelcast/hazelcast-jet,60c713a718df89fdccedbf34aadcdcb953ae92a6,48046454:hazelcast-jet-core/src/main/java/com/hazelcast/jet/impl/serialization/delegatingserializationservice.java,DelegatingSerializationService,hazelcast-jet-core/src/main/java/com/hazelcast/jet/impl/serialization/DelegatingSerializationService.java,4,151,1084,14,9,7,30,2.142857142857143,maven,.,hazelcast-jet-core,hazelcast-jet-core,maven:hazelcast-jet-core,8,8,main,4,11b5419da57a66167a52650bb86872ef68aba835685754e8f66b685e836d4412,42,sha256_repo_balanced_v3_1,higher_complexity_half,,,repos/successful/48046454,promoted,226,225,remaining240,class_sampling_manifest_final_seed42.csv,2026-07-23T11:07:03+00:00,per_repo_2class_pilot_complexity_half_then_selection_rank_seed42,83,48046454,DelegatingSerializationService,DelegatingSerializationService_RBL4_7ac59f01Test,repos/48046454/hazelcast-jet-core/src/main/java/com/hazelcast/jet/impl/serialization/DelegatingSerializationService.java,repos/48046454/hazelcast-jet-core/src/test/java/com/hazelcast/jet/impl/serialization/DelegatingSerializationService_RBL4_7ac59f01Test.java,hazelcast-jet-core,D:\A_ThucNghiem\compiledrepos\48046454,D:\A_ThucNghiem\compiledrepos\48046454\hazelcast-jet-core\src\main\java\com\hazelcast\jet\impl\serialization\DelegatingSerializationService.java,hazelcast-jet-core/src/test/java/com/hazelcast/jet/impl/serialization/DelegatingSerializationService_RBL4_7ac59f01Test.java,com.hazelcast.jet.impl.serialization,1.8,Maven,"""${REPO_DIR}\mvnw.cmd"" -B -ntp -DskipTests -DskipITs -f ""${REPO_DIR}\hazelcast-jet-core\pom.xml"" clean test-compile","""${REPO_DIR}/mvnw"" -B -ntp -DskipTests -DskipITs -f ""${REPO_DIR}/hazelcast-jet-core/pom.xml"" clean test-compile",v3:48046454:maven:hazelcast-jet-core,1,1,1,0,0,PASS,PASS,PASS,ok,sandbox readiness passed,D:\A_ThucNghiem\scripts_v2\workspaces\20260724_010022_d3f7f7b1__baseline_readiness\083_48046454_7ac59f01,66.597,PASS
48046454,https://github.com/hazelcast/hazelcast-jet,60c713a718df89fdccedbf34aadcdcb953ae92a6,48046454:hazelcast-jet-core/src/main/java/com/hazelcast/jet/impl/util/reflectionutils.java,ReflectionUtils,hazelcast-jet-core/src/main/java/com/hazelcast/jet/impl/util/ReflectionUtils.java,8,191,1351,22,15,7,39,1.7727272727272727,maven,.,hazelcast-jet-core,hazelcast-jet-core,maven:hazelcast-jet-core,8,8,main,6,17d25c8a27e844ed7f902e7c3e6f0802a1d255efd6c8085ea97d358ae8d9f775,42,sha256_repo_balanced_v3_1,higher_complexity_half,,,repos/successful/48046454,promoted,232,231,remaining240,class_sampling_manifest_final_seed42.csv,2026-07-23T11:07:03+00:00,per_repo_2class_pilot_complexity_half_then_selection_rank_seed42,84,48046454,ReflectionUtils,ReflectionUtils_RBL4_4f424f3bTest,repos/48046454/hazelcast-jet-core/src/main/java/com/hazelcast/jet/impl/util/ReflectionUtils.java,repos/48046454/hazelcast-jet-core/src/test/java/com/hazelcast/jet/impl/util/ReflectionUtils_RBL4_4f424f3bTest.java,hazelcast-jet-core,D:\A_ThucNghiem\compiledrepos\48046454,D:\A_ThucNghiem\compiledrepos\48046454\hazelcast-jet-core\src\main\java\com\hazelcast\jet\impl\util\ReflectionUtils.java,hazelcast-jet-core/src/test/java/com/hazelcast/jet/impl/util/ReflectionUtils_RBL4_4f424f3bTest.java,com.hazelcast.jet.impl.util,1.8,Maven,"""${REPO_DIR}\mvnw.cmd"" -B -ntp -DskipTests -DskipITs -f ""${REPO_DIR}\hazelcast-jet-core\pom.xml"" clean test-compile","""${REPO_DIR}/mvnw"" -B -ntp -DskipTests -DskipITs -f ""${REPO_DIR}/hazelcast-jet-core/pom.xml"" clean test-compile",v3:48046454:maven:hazelcast-jet-core,1,1,1,0,0,PASS,PASS,PASS,ok,sandbox readiness passed,D:\A_ThucNghiem\scripts_v2\workspaces\20260724_010022_d3f7f7b1__baseline_readiness\084_48046454_4f424f3b,4.833,PASS
48046454,https://github.com/hazelcast/hazelcast-jet,60c713a718df89fdccedbf34aadcdcb953ae92a6,48046454:hazelcast-jet-core/src/main/java/com/hazelcast/jet/impl/connector/writefilep.java,WriteFileP,hazelcast-jet-core/src/main/java/com/hazelcast/jet/impl/connector/WriteFileP.java,4,392,2455,44,29,9,73,1.6590909090909092,maven,.,hazelcast-jet-core,hazelcast-jet-core,maven:hazelcast-jet-core,8,8,main,9,25472663e4849dc5b52ca2112ff0f18912a57bf256243899505840cbabdaf349,42,sha256_repo_balanced_v3_1,higher_complexity_half,,,repos/successful/48046454,promoted,259,258,remaining240,class_sampling_manifest_final_seed42.csv,2026-07-23T11:07:03+00:00,per_repo_2class_pilot_complexity_half_then_selection_rank_seed42,85,48046454,WriteFileP,WriteFileP_RBL4_85ca0ba5Test,repos/48046454/hazelcast-jet-core/src/main/java/com/hazelcast/jet/impl/connector/WriteFileP.java,repos/48046454/hazelcast-jet-core/src/test/java/com/hazelcast/jet/impl/connector/WriteFileP_RBL4_85ca0ba5Test.java,hazelcast-jet-core,D:\A_ThucNghiem\compiledrepos\48046454,D:\A_ThucNghiem\compiledrepos\48046454\hazelcast-jet-core\src\main\java\com\hazelcast\jet\impl\connector\WriteFileP.java,hazelcast-jet-core/src/test/java/com/hazelcast/jet/impl/connector/WriteFileP_RBL4_85ca0ba5Test.java,com.hazelcast.jet.impl.connector,1.8,Maven,"""${REPO_DIR}\mvnw.cmd"" -B -ntp -DskipTests -DskipITs -f ""${REPO_DIR}\hazelcast-jet-core\pom.xml"" clean test-compile","""${REPO_DIR}/mvnw"" -B -ntp -DskipTests -DskipITs -f ""${REPO_DIR}/hazelcast-jet-core/pom.xml"" clean test-compile",v3:48046454:maven:hazelcast-jet-core,1,1,1,0,0,PASS,PASS,PASS,ok,sandbox readiness passed,D:\A_ThucNghiem\scripts_v2\workspaces\20260724_010022_d3f7f7b1__baseline_readiness\085_48046454_85ca0ba5,4.911,PASS
48046454,https://github.com/hazelcast/hazelcast-jet,60c713a718df89fdccedbf34aadcdcb953ae92a6,48046454:hazelcast-jet-core/src/main/java/com/hazelcast/jet/impl/connector/streamfilesp.java,StreamFilesP,hazelcast-jet-core/src/main/java/com/hazelcast/jet/impl/connector/StreamFilesP.java,1,296,1962,18,5,15,65,3.611111111111111,maven,.,hazelcast-jet-core,hazelcast-jet-core,maven:hazelcast-jet-core,8,8,main,10,34a263384aed17b6a93af69388212182efc0eea2fb608beb9142e7b2f1d92cfa,42,sha256_repo_balanced_v3_1,higher_complexity_half,,,repos/successful/48046454,promoted,287,286,remaining240,class_sampling_manifest_final_seed42.csv,2026-07-23T11:07:03+00:00,per_repo_2class_pilot_complexity_half_then_selection_rank_seed42,86,48046454,StreamFilesP,StreamFilesP_RBL4_cc4c3bc7Test,repos/48046454/hazelcast-jet-core/src/main/java/com/hazelcast/jet/impl/connector/StreamFilesP.java,repos/48046454/hazelcast-jet-core/src/test/java/com/hazelcast/jet/impl/connector/StreamFilesP_RBL4_cc4c3bc7Test.java,hazelcast-jet-core,D:\A_ThucNghiem\compiledrepos\48046454,D:\A_ThucNghiem\compiledrepos\48046454\hazelcast-jet-core\src\main\java\com\hazelcast\jet\impl\connector\StreamFilesP.java,hazelcast-jet-core/src/test/java/com/hazelcast/jet/impl/connector/StreamFilesP_RBL4_cc4c3bc7Test.java,com.hazelcast.jet.impl.connector,1.8,Maven,"""${REPO_DIR}\mvnw.cmd"" -B -ntp -DskipTests -DskipITs -f ""${REPO_DIR}\hazelcast-jet-core\pom.xml"" clean test-compile","""${REPO_DIR}/mvnw"" -B -ntp -DskipTests -DskipITs -f ""${REPO_DIR}/hazelcast-jet-core/pom.xml"" clean test-compile",v3:48046454:maven:hazelcast-jet-core,1,1,1,0,0,PASS,PASS,PASS,ok,sandbox readiness passed,D:\A_ThucNghiem\scripts_v2\workspaces\20260724_010022_d3f7f7b1__baseline_readiness\086_48046454_cc4c3bc7,4.895,PASS
48046454,https://github.com/hazelcast/hazelcast-jet,60c713a718df89fdccedbf34aadcdcb953ae92a6,48046454:hazelcast-jet-core/src/main/java/com/hazelcast/jet/config/jobconfig.java,JobConfig,hazelcast-jet-core/src/main/java/com/hazelcast/jet/config/JobConfig.java,2,406,2608,65,57,15,91,1.4,maven,.,hazelcast-jet-core,hazelcast-jet-core,maven:hazelcast-jet-core,8,8,main,2,05175c07f839a25f4089d8c1a6436725c2e92bc322a0869bdb156a04bb05cd73,42,sha256_repo_balanced_v3_1,higher_complexity_half,,,repos/successful/48046454,promoted,289,288,remaining240,class_sampling_manifest_final_seed42.csv,2026-07-23T11:07:03+00:00,per_repo_2class_pilot_complexity_half_then_selection_rank_seed42,87,48046454,JobConfig,JobConfig_RBL4_3a062b6cTest,repos/48046454/hazelcast-jet-core/src/main/java/com/hazelcast/jet/config/JobConfig.java,repos/48046454/hazelcast-jet-core/src/test/java/com/hazelcast/jet/config/JobConfig_RBL4_3a062b6cTest.java,hazelcast-jet-core,D:\A_ThucNghiem\compiledrepos\48046454,D:\A_ThucNghiem\compiledrepos\48046454\hazelcast-jet-core\src\main\java\com\hazelcast\jet\config\JobConfig.java,hazelcast-jet-core/src/test/java/com/hazelcast/jet/config/JobConfig_RBL4_3a062b6cTest.java,com.hazelcast.jet.config,1.8,Maven,"""${REPO_DIR}\mvnw.cmd"" -B -ntp -DskipTests -DskipITs -f ""${REPO_DIR}\hazelcast-jet-core\pom.xml"" clean test-compile","""${REPO_DIR}/mvnw"" -B -ntp -DskipTests -DskipITs -f ""${REPO_DIR}/hazelcast-jet-core/pom.xml"" clean test-compile",v3:48046454:maven:hazelcast-jet-core,1,1,1,0,0,PASS,PASS,PASS,ok,sandbox readiness passed,D:\A_ThucNghiem\scripts_v2\workspaces\20260724_010022_d3f7f7b1__baseline_readiness\087_48046454_3a062b6c,4.853,PASS
49384652,https://github.com/xiaolongzuo/niubi-job,ed21d5b80f8b16c8b3a0b2fbc688442b878edbe4,49384652:niubi-job-framework/niubi-job-core/src/main/java/com/zuoxiaolong/niubi/job/core/helper/jsonhelper.java,JsonHelper,niubi-job-framework/niubi-job-core/src/main/java/com/zuoxiaolong/niubi/job/core/helper/JsonHelper.java,3,20,154,4,4,2,5,1.25,maven,.,niubi-job-framework/niubi-job-core,niubi-job-framework/niubi-job-core,maven:niubi-job-framework/niubi-job-core,8,8,main,9,aacacaf35258363dbaab725635c371fcf3c991bcdfbce605f08bb96687825d2d,42,sha256_repo_balanced_v3_1,lower_complexity_half,,,repos/successful/49384652,promoted,57,56,remaining240,class_sampling_manifest_final_seed42.csv,2026-07-23T11:07:03+00:00,per_repo_2class_pilot_complexity_half_then_selection_rank_seed42,88,49384652,JsonHelper,JsonHelper_RBL4_c3d480dcTest,repos/49384652/niubi-job-framework/niubi-job-core/src/main/java/com/zuoxiaolong/niubi/job/core/helper/JsonHelper.java,repos/49384652/niubi-job-framework/niubi-job-core/src/test/java/com/zuoxiaolong/niubi/job/core/helper/JsonHelper_RBL4_c3d480dcTest.java,niubi-job-framework/niubi-job-core,D:\A_ThucNghiem\compiledrepos\49384652,D:\A_ThucNghiem\compiledrepos\49384652\niubi-job-framework\niubi-job-core\src\main\java\com\zuoxiaolong\niubi\job\core\helper\JsonHelper.java,niubi-job-framework/niubi-job-core/src/test/java/com/zuoxiaolong/niubi/job/core/helper/JsonHelper_RBL4_c3d480dcTest.java,com.zuoxiaolong.niubi.job.core.helper,1.8,Maven,"mvn -B -ntp -DskipTests -DskipITs -f ""${REPO_DIR}\pom.xml"" -pl niubi-job-framework/niubi-job-core -am clean test-compile","mvn -B -ntp -DskipTests -DskipITs -f ""${REPO_DIR}/pom.xml"" -pl niubi-job-framework/niubi-job-core -am clean test-compile",v3:49384652:maven:niubi-job-framework/niubi-job-core,1,1,1,0,0,PASS,PASS,PASS,ok,sandbox readiness passed,D:\A_ThucNghiem\scripts_v2\workspaces\20260724_010022_d3f7f7b1__baseline_readiness\088_49384652_c3d480dc,24.013,PASS
49384652,https://github.com/xiaolongzuo/niubi-job,ed21d5b80f8b16c8b3a0b2fbc688442b878edbe4,49384652:niubi-job-framework/niubi-job-service/src/main/java/com/zuoxiaolong/niubi/job/service/impl/masterslavejobsummaryserviceimpl.java,MasterSlaveJobSummaryServiceImpl,niubi-job-framework/niubi-job-service/src/main/java/com/zuoxiaolong/niubi/job/service/impl/MasterSlaveJobSummaryServiceImpl.java,3,81,730,5,5,3,8,1.6,maven,.,niubi-job-framework/niubi-job-service,niubi-job-framework/niubi-job-service,maven:niubi-job-framework/niubi-job-service,8,8,main,7,63e97563e188c146408cdd12b59dc2b30cfda1aa6f8d4a05b86797b3f42560dc,42,sha256_repo_balanced_v3_1,lower_complexity_half,,,repos/successful/49384652,promoted,95,94,remaining240,class_sampling_manifest_final_seed42.csv,2026-07-23T11:07:03+00:00,per_repo_2class_pilot_complexity_half_then_selection_rank_seed42,89,49384652,MasterSlaveJobSummaryServiceImpl,MasterSlaveJobSummaryServiceImpl_RBL4_7f5ca105Test,repos/49384652/niubi-job-framework/niubi-job-service/src/main/java/com/zuoxiaolong/niubi/job/service/impl/MasterSlaveJobSummaryServiceImpl.java,repos/49384652/niubi-job-framework/niubi-job-service/src/test/java/com/zuoxiaolong/niubi/job/service/impl/MasterSlaveJobSummaryServiceImpl_RBL4_7f5ca105Test.java,niubi-job-framework/niubi-job-service,D:\A_ThucNghiem\compiledrepos\49384652,D:\A_ThucNghiem\compiledrepos\49384652\niubi-job-framework\niubi-job-service\src\main\java\com\zuoxiaolong\niubi\job\service\impl\MasterSlaveJobSummaryServiceImpl.java,niubi-job-framework/niubi-job-service/src/test/java/com/zuoxiaolong/niubi/job/service/impl/MasterSlaveJobSummaryServiceImpl_RBL4_7f5ca105Test.java,com.zuoxiaolong.niubi.job.service.impl,1.8,Maven,"mvn -B -ntp -DskipTests -DskipITs -f ""${REPO_DIR}\pom.xml"" -pl niubi-job-framework/niubi-job-service -am clean test-compile","mvn -B -ntp -DskipTests -DskipITs -f ""${REPO_DIR}/pom.xml"" -pl niubi-job-framework/niubi-job-service -am clean test-compile",v3:49384652:maven:niubi-job-framework/niubi-job-service,1,1,1,0,0,PASS,PASS,PASS,ok,sandbox readiness passed,D:\A_ThucNghiem\scripts_v2\workspaces\20260724_010022_d3f7f7b1__baseline_readiness\089_49384652_7f5ca105,50.393,PASS
49384652,https://github.com/xiaolongzuo/niubi-job,ed21d5b80f8b16c8b3a0b2fbc688442b878edbe4,49384652:niubi-job-framework/niubi-job-service/src/main/java/com/zuoxiaolong/niubi/job/service/impl/standbyjobsummaryserviceimpl.java,StandbyJobSummaryServiceImpl,niubi-job-framework/niubi-job-service/src/main/java/com/zuoxiaolong/niubi/job/service/impl/StandbyJobSummaryServiceImpl.java,3,81,730,5,5,3,8,1.6,maven,.,niubi-job-framework/niubi-job-service,niubi-job-framework/niubi-job-service,maven:niubi-job-framework/niubi-job-service,8,8,main,8,8453c06c944d0271fcc43140a1198974e7207a2e0ddd377c6b92da8409913fa7,42,sha256_repo_balanced_v3_1,lower_complexity_half,,,repos/successful/49384652,promoted,96,95,remaining240,class_sampling_manifest_final_seed42.csv,2026-07-23T11:07:03+00:00,per_repo_2class_pilot_complexity_half_then_selection_rank_seed42,90,49384652,StandbyJobSummaryServiceImpl,StandbyJobSummaryServiceImpl_RBL4_28ebbe05Test,repos/49384652/niubi-job-framework/niubi-job-service/src/main/java/com/zuoxiaolong/niubi/job/service/impl/StandbyJobSummaryServiceImpl.java,repos/49384652/niubi-job-framework/niubi-job-service/src/test/java/com/zuoxiaolong/niubi/job/service/impl/StandbyJobSummaryServiceImpl_RBL4_28ebbe05Test.java,niubi-job-framework/niubi-job-service,D:\A_ThucNghiem\compiledrepos\49384652,D:\A_ThucNghiem\compiledrepos\49384652\niubi-job-framework\niubi-job-service\src\main\java\com\zuoxiaolong\niubi\job\service\impl\StandbyJobSummaryServiceImpl.java,niubi-job-framework/niubi-job-service/src/test/java/com/zuoxiaolong/niubi/job/service/impl/StandbyJobSummaryServiceImpl_RBL4_28ebbe05Test.java,com.zuoxiaolong.niubi.job.service.impl,1.8,Maven,"mvn -B -ntp -DskipTests -DskipITs -f ""${REPO_DIR}\pom.xml"" -pl niubi-job-framework/niubi-job-service -am clean test-compile","mvn -B -ntp -DskipTests -DskipITs -f ""${REPO_DIR}/pom.xml"" -pl niubi-job-framework/niubi-job-service -am clean test-compile",v3:49384652:maven:niubi-job-framework/niubi-job-service,1,1,1,0,0,PASS,PASS,PASS,ok,sandbox readiness passed,D:\A_ThucNghiem\scripts_v2\workspaces\20260724_010022_d3f7f7b1__baseline_readiness\090_49384652_28ebbe05,68.541,PASS
49384652,https://github.com/xiaolongzuo/niubi-job,ed21d5b80f8b16c8b3a0b2fbc688442b878edbe4,49384652:niubi-job-framework/niubi-job-service/src/main/java/com/zuoxiaolong/niubi/job/service/impl/standbynodeserviceimpl.java,StandbyNodeServiceImpl,niubi-job-framework/niubi-job-service/src/main/java/com/zuoxiaolong/niubi/job/service/impl/StandbyNodeServiceImpl.java,1,32,266,1,1,4,4,4.0,maven,.,niubi-job-framework/niubi-job-service,niubi-job-framework/niubi-job-service,maven:niubi-job-framework/niubi-job-service,8,8,main,3,241c6bedebd4192fdfe0a5ca6b02b27c165f74f3e0e6f4c735232e1f33ad9141,42,sha256_repo_balanced_v3_1,lower_complexity_half,,,repos/successful/49384652,promoted,121,120,remaining240,class_sampling_manifest_final_seed42.csv,2026-07-23T11:07:03+00:00,per_repo_2class_pilot_complexity_half_then_selection_rank_seed42,91,49384652,StandbyNodeServiceImpl,StandbyNodeServiceImpl_RBL4_b0b0f02aTest,repos/49384652/niubi-job-framework/niubi-job-service/src/main/java/com/zuoxiaolong/niubi/job/service/impl/StandbyNodeServiceImpl.java,repos/49384652/niubi-job-framework/niubi-job-service/src/test/java/com/zuoxiaolong/niubi/job/service/impl/StandbyNodeServiceImpl_RBL4_b0b0f02aTest.java,niubi-job-framework/niubi-job-service,D:\A_ThucNghiem\compiledrepos\49384652,D:\A_ThucNghiem\compiledrepos\49384652\niubi-job-framework\niubi-job-service\src\main\java\com\zuoxiaolong\niubi\job\service\impl\StandbyNodeServiceImpl.java,niubi-job-framework/niubi-job-service/src/test/java/com/zuoxiaolong/niubi/job/service/impl/StandbyNodeServiceImpl_RBL4_b0b0f02aTest.java,com.zuoxiaolong.niubi.job.service.impl,1.8,Maven,"mvn -B -ntp -DskipTests -DskipITs -f ""${REPO_DIR}\pom.xml"" -pl niubi-job-framework/niubi-job-service -am clean test-compile","mvn -B -ntp -DskipTests -DskipITs -f ""${REPO_DIR}/pom.xml"" -pl niubi-job-framework/niubi-job-service -am clean test-compile",v3:49384652:maven:niubi-job-framework/niubi-job-service,1,1,1,0,0,PASS,PASS,PASS,ok,sandbox readiness passed,D:\A_ThucNghiem\scripts_v2\workspaces\20260724_010022_d3f7f7b1__baseline_readiness\091_49384652_b0b0f02a,33.241,PASS
49384652,https://github.com/xiaolongzuo/niubi-job,ed21d5b80f8b16c8b3a0b2fbc688442b878edbe4,49384652:niubi-job-framework/niubi-job-service/src/main/java/com/zuoxiaolong/niubi/job/service/impl/masterslavenodeserviceimpl.java,MasterSlaveNodeServiceImpl,niubi-job-framework/niubi-job-service/src/main/java/com/zuoxiaolong/niubi/job/service/impl/MasterSlaveNodeServiceImpl.java,1,35,282,1,1,5,5,5.0,maven,.,niubi-job-framework/niubi-job-service,niubi-job-framework/niubi-job-service,maven:niubi-job-framework/niubi-job-service,8,8,main,6,5b528832714169a7c856a6609d5c71f35850b6c874d84ad0f370c6856bf75aca,42,sha256_repo_balanced_v3_1,higher_complexity_half,,,repos/successful/49384652,promoted,168,167,remaining240,class_sampling_manifest_final_seed42.csv,2026-07-23T11:07:03+00:00,per_repo_2class_pilot_complexity_half_then_selection_rank_seed42,92,49384652,MasterSlaveNodeServiceImpl,MasterSlaveNodeServiceImpl_RBL4_a80bae5fTest,repos/49384652/niubi-job-framework/niubi-job-service/src/main/java/com/zuoxiaolong/niubi/job/service/impl/MasterSlaveNodeServiceImpl.java,repos/49384652/niubi-job-framework/niubi-job-service/src/test/java/com/zuoxiaolong/niubi/job/service/impl/MasterSlaveNodeServiceImpl_RBL4_a80bae5fTest.java,niubi-job-framework/niubi-job-service,D:\A_ThucNghiem\compiledrepos\49384652,D:\A_ThucNghiem\compiledrepos\49384652\niubi-job-framework\niubi-job-service\src\main\java\com\zuoxiaolong\niubi\job\service\impl\MasterSlaveNodeServiceImpl.java,niubi-job-framework/niubi-job-service/src/test/java/com/zuoxiaolong/niubi/job/service/impl/MasterSlaveNodeServiceImpl_RBL4_a80bae5fTest.java,com.zuoxiaolong.niubi.job.service.impl,1.8,Maven,"mvn -B -ntp -DskipTests -DskipITs -f ""${REPO_DIR}\pom.xml"" -pl niubi-job-framework/niubi-job-service -am clean test-compile","mvn -B -ntp -DskipTests -DskipITs -f ""${REPO_DIR}/pom.xml"" -pl niubi-job-framework/niubi-job-service -am clean test-compile",v3:49384652:maven:niubi-job-framework/niubi-job-service,1,1,1,0,0,PASS,PASS,PASS,ok,sandbox readiness passed,D:\A_ThucNghiem\scripts_v2\workspaces\20260724_010022_d3f7f7b1__baseline_readiness\092_49384652_a80bae5f,64.504,PASS
49384652,https://github.com/xiaolongzuo/niubi-job,ed21d5b80f8b16c8b3a0b2fbc688442b878edbe4,49384652:niubi-job-framework/niubi-job-service/src/main/java/com/zuoxiaolong/niubi/job/service/impl/masterslavejobserviceimpl.java,MasterSlaveJobServiceImpl,niubi-job-framework/niubi-job-service/src/main/java/com/zuoxiaolong/niubi/job/service/impl/MasterSlaveJobServiceImpl.java,3,87,751,5,5,5,10,2.0,maven,.,niubi-job-framework/niubi-job-service,niubi-job-framework/niubi-job-service,maven:niubi-job-framework/niubi-job-service,8,8,main,4,2ff56c918aa523a29ff469502a09d0f0660495b7d07d93411b417acdb7dedf74,42,sha256_repo_balanced_v3_1,higher_complexity_half,,,repos/successful/49384652,promoted,181,180,remaining240,class_sampling_manifest_final_seed42.csv,2026-07-23T11:07:03+00:00,per_repo_2class_pilot_complexity_half_then_selection_rank_seed42,93,49384652,MasterSlaveJobServiceImpl,MasterSlaveJobServiceImpl_RBL4_d070942aTest,repos/49384652/niubi-job-framework/niubi-job-service/src/main/java/com/zuoxiaolong/niubi/job/service/impl/MasterSlaveJobServiceImpl.java,repos/49384652/niubi-job-framework/niubi-job-service/src/test/java/com/zuoxiaolong/niubi/job/service/impl/MasterSlaveJobServiceImpl_RBL4_d070942aTest.java,niubi-job-framework/niubi-job-service,D:\A_ThucNghiem\compiledrepos\49384652,D:\A_ThucNghiem\compiledrepos\49384652\niubi-job-framework\niubi-job-service\src\main\java\com\zuoxiaolong\niubi\job\service\impl\MasterSlaveJobServiceImpl.java,niubi-job-framework/niubi-job-service/src/test/java/com/zuoxiaolong/niubi/job/service/impl/MasterSlaveJobServiceImpl_RBL4_d070942aTest.java,com.zuoxiaolong.niubi.job.service.impl,1.8,Maven,"mvn -B -ntp -DskipTests -DskipITs -f ""${REPO_DIR}\pom.xml"" -pl niubi-job-framework/niubi-job-service -am clean test-compile","mvn -B -ntp -DskipTests -DskipITs -f ""${REPO_DIR}/pom.xml"" -pl niubi-job-framework/niubi-job-service -am clean test-compile",v3:49384652:maven:niubi-job-framework/niubi-job-service,1,1,1,0,0,PASS,PASS,PASS,ok,sandbox readiness passed,D:\A_ThucNghiem\scripts_v2\workspaces\20260724_010022_d3f7f7b1__baseline_readiness\093_49384652_d070942a,73.482,PASS
49384652,https://github.com/xiaolongzuo/niubi-job,ed21d5b80f8b16c8b3a0b2fbc688442b878edbe4,49384652:niubi-job-framework/niubi-job-service/src/main/java/com/zuoxiaolong/niubi/job/service/impl/standbyjoblogserviceimpl.java,StandbyJobLogServiceImpl,niubi-job-framework/niubi-job-service/src/main/java/com/zuoxiaolong/niubi/job/service/impl/StandbyJobLogServiceImpl.java,2,50,362,3,3,6,8,2.6666666666666665,maven,.,niubi-job-framework/niubi-job-service,niubi-job-framework/niubi-job-service,maven:niubi-job-framework/niubi-job-service,8,8,main,5,3c3b5460f5f3dcd4ff6355271d125d6a2ff63862f3b892379a397c927e4f7dd6,42,sha256_repo_balanced_v3_1,higher_complexity_half,,,repos/successful/49384652,promoted,195,194,remaining240,class_sampling_manifest_final_seed42.csv,2026-07-23T11:07:03+00:00,per_repo_2class_pilot_complexity_half_then_selection_rank_seed42,94,49384652,StandbyJobLogServiceImpl,StandbyJobLogServiceImpl_RBL4_c897b221Test,repos/49384652/niubi-job-framework/niubi-job-service/src/main/java/com/zuoxiaolong/niubi/job/service/impl/StandbyJobLogServiceImpl.java,repos/49384652/niubi-job-framework/niubi-job-service/src/test/java/com/zuoxiaolong/niubi/job/service/impl/StandbyJobLogServiceImpl_RBL4_c897b221Test.java,niubi-job-framework/niubi-job-service,D:\A_ThucNghiem\compiledrepos\49384652,D:\A_ThucNghiem\compiledrepos\49384652\niubi-job-framework\niubi-job-service\src\main\java\com\zuoxiaolong\niubi\job\service\impl\StandbyJobLogServiceImpl.java,niubi-job-framework/niubi-job-service/src/test/java/com/zuoxiaolong/niubi/job/service/impl/StandbyJobLogServiceImpl_RBL4_c897b221Test.java,com.zuoxiaolong.niubi.job.service.impl,1.8,Maven,"mvn -B -ntp -DskipTests -DskipITs -f ""${REPO_DIR}\pom.xml"" -pl niubi-job-framework/niubi-job-service -am clean test-compile","mvn -B -ntp -DskipTests -DskipITs -f ""${REPO_DIR}/pom.xml"" -pl niubi-job-framework/niubi-job-service -am clean test-compile",v3:49384652:maven:niubi-job-framework/niubi-job-service,1,1,1,0,0,PASS,PASS,PASS,ok,sandbox readiness passed,D:\A_ThucNghiem\scripts_v2\workspaces\20260724_010022_d3f7f7b1__baseline_readiness\094_49384652_c897b221,75.084,PASS
49384652,https://github.com/xiaolongzuo/niubi-job,ed21d5b80f8b16c8b3a0b2fbc688442b878edbe4,49384652:niubi-job-framework/niubi-job-core/src/main/java/com/zuoxiaolong/niubi/job/core/helper/loggerhelper.java,LoggerHelper,niubi-job-framework/niubi-job-core/src/main/java/com/zuoxiaolong/niubi/job/core/helper/LoggerHelper.java,4,82,576,14,14,6,28,2.0,maven,.,niubi-job-framework/niubi-job-core,niubi-job-framework/niubi-job-core,maven:niubi-job-framework/niubi-job-core,8,8,main,10,ac64ce37ae08368570d68c3269b1ab378f179368b4a29a7ffa8fcc887c5104b4,42,sha256_repo_balanced_v3_1,higher_complexity_half,,,repos/successful/49384652,promoted,206,205,remaining240,class_sampling_manifest_final_seed42.csv,2026-07-23T11:07:03+00:00,per_repo_2class_pilot_complexity_half_then_selection_rank_seed42,95,49384652,LoggerHelper,LoggerHelper_RBL4_5d49c4feTest,repos/49384652/niubi-job-framework/niubi-job-core/src/main/java/com/zuoxiaolong/niubi/job/core/helper/LoggerHelper.java,repos/49384652/niubi-job-framework/niubi-job-core/src/test/java/com/zuoxiaolong/niubi/job/core/helper/LoggerHelper_RBL4_5d49c4feTest.java,niubi-job-framework/niubi-job-core,D:\A_ThucNghiem\compiledrepos\49384652,D:\A_ThucNghiem\compiledrepos\49384652\niubi-job-framework\niubi-job-core\src\main\java\com\zuoxiaolong\niubi\job\core\helper\LoggerHelper.java,niubi-job-framework/niubi-job-core/src/test/java/com/zuoxiaolong/niubi/job/core/helper/LoggerHelper_RBL4_5d49c4feTest.java,com.zuoxiaolong.niubi.job.core.helper,1.8,Maven,"mvn -B -ntp -DskipTests -DskipITs -f ""${REPO_DIR}\pom.xml"" -pl niubi-job-framework/niubi-job-core -am clean test-compile","mvn -B -ntp -DskipTests -DskipITs -f ""${REPO_DIR}/pom.xml"" -pl niubi-job-framework/niubi-job-core -am clean test-compile",v3:49384652:maven:niubi-job-framework/niubi-job-core,1,1,1,0,0,PASS,PASS,PASS,ok,sandbox readiness passed,D:\A_ThucNghiem\scripts_v2\workspaces\20260724_010022_d3f7f7b1__baseline_readiness\095_49384652_5d49c4fe,10.641,PASS
558963,https://github.com/httpcache4j/httpcache4j,9c07ebd63cd104a99eb9e771f760f14efa4fe0f6,558963:httpcache4j-api/src/main/java/org/codehaus/httpcache4j/payload/formdatapayload.java,FormDataPayload,httpcache4j-api/src/main/java/org/codehaus/httpcache4j/payload/FormDataPayload.java,3,42,262,9,6,1,9,1.0,maven,.,httpcache4j-api,httpcache4j-api,maven:httpcache4j-api,8,8,main,4,18c8b5cf1fe7d603523cf7705187bc082fd70d671b8f6f34385e2477adc43d5c,42,sha256_repo_balanced_v3_1,lower_complexity_half,,,repos/successful/558963,promoted_before_storage_audit,36,35,remaining240,class_sampling_manifest_final_seed42.csv,2026-07-23T11:07:03+00:00,per_repo_2class_pilot_complexity_half_then_selection_rank_seed42,96,558963,FormDataPayload,FormDataPayload_RBL4_fff81761Test,repos/558963/httpcache4j-api/src/main/java/org/codehaus/httpcache4j/payload/FormDataPayload.java,repos/558963/httpcache4j-api/src/test/java/org/codehaus/httpcache4j/payload/FormDataPayload_RBL4_fff81761Test.java,httpcache4j-api,D:\A_ThucNghiem\compiledrepos\558963,D:\A_ThucNghiem\compiledrepos\558963\httpcache4j-api\src\main\java\org\codehaus\httpcache4j\payload\FormDataPayload.java,httpcache4j-api/src/test/java/org/codehaus/httpcache4j/payload/FormDataPayload_RBL4_fff81761Test.java,org.codehaus.httpcache4j.payload,1.8,Maven,"mvn -B -ntp -DskipTests -DskipITs -f ""${REPO_DIR}\httpcache4j-api\pom.xml"" clean test-compile","mvn -B -ntp -DskipTests -DskipITs -f ""${REPO_DIR}/httpcache4j-api/pom.xml"" clean test-compile",v3:558963:maven:httpcache4j-api,1,1,1,0,0,PASS,PASS,PASS,ok,sandbox readiness passed,D:\A_ThucNghiem\scripts_v2\workspaces\20260724_010022_d3f7f7b1__baseline_readiness\096_558963_fff81761,5.157,PASS
558963,https://github.com/httpcache4j/httpcache4j,9c07ebd63cd104a99eb9e771f760f14efa4fe0f6,558963:httpcache4j-api/src/main/java/org/codehaus/httpcache4j/directives.java,Directives,httpcache4j-api/src/main/java/org/codehaus/httpcache4j/Directives.java,1,50,418,10,7,2,11,1.1,maven,.,httpcache4j-api,httpcache4j-api,maven:httpcache4j-api,8,8,main,8,4d406b8dd41201c71fd2932e7cd42261735433fdf0dfbacfcd59cb4ea4edb81e,42,sha256_repo_balanced_v3_1,lower_complexity_half,,,repos/successful/558963,promoted_before_storage_audit,73,72,remaining240,class_sampling_manifest_final_seed42.csv,2026-07-23T11:07:03+00:00,per_repo_2class_pilot_complexity_half_then_selection_rank_seed42,97,558963,Directives,Directives_RBL4_38f5b07cTest,repos/558963/httpcache4j-api/src/main/java/org/codehaus/httpcache4j/Directives.java,repos/558963/httpcache4j-api/src/test/java/org/codehaus/httpcache4j/Directives_RBL4_38f5b07cTest.java,httpcache4j-api,D:\A_ThucNghiem\compiledrepos\558963,D:\A_ThucNghiem\compiledrepos\558963\httpcache4j-api\src\main\java\org\codehaus\httpcache4j\Directives.java,httpcache4j-api/src/test/java/org/codehaus/httpcache4j/Directives_RBL4_38f5b07cTest.java,org.codehaus.httpcache4j,1.8,Maven,"mvn -B -ntp -DskipTests -DskipITs -f ""${REPO_DIR}\httpcache4j-api\pom.xml"" clean test-compile","mvn -B -ntp -DskipTests -DskipITs -f ""${REPO_DIR}/httpcache4j-api/pom.xml"" clean test-compile",v3:558963:maven:httpcache4j-api,1,1,1,0,0,PASS,PASS,PASS,ok,sandbox readiness passed,D:\A_ThucNghiem\scripts_v2\workspaces\20260724_010022_d3f7f7b1__baseline_readiness\097_558963_38f5b07c,0.255,PASS
558963,https://github.com/httpcache4j/httpcache4j,9c07ebd63cd104a99eb9e771f760f14efa4fe0f6,558963:httpcache4j-api/src/main/java/org/codehaus/httpcache4j/headers.java,Headers,httpcache4j-api/src/main/java/org/codehaus/httpcache4j/Headers.java,4,341,2831,77,64,4,95,1.2337662337662338,maven,.,httpcache4j-api,httpcache4j-api,maven:httpcache4j-api,8,8,main,5,241f1e5eb2550ad7722b039a804118e8e752502d60d330cf2a4c14c64e275f0a,42,sha256_repo_balanced_v3_1,higher_complexity_half,,,repos/successful/558963,promoted_before_storage_audit,166,165,remaining240,class_sampling_manifest_final_seed42.csv,2026-07-23T11:07:03+00:00,per_repo_2class_pilot_complexity_half_then_selection_rank_seed42,98,558963,Headers,Headers_RBL4_341e479eTest,repos/558963/httpcache4j-api/src/main/java/org/codehaus/httpcache4j/Headers.java,repos/558963/httpcache4j-api/src/test/java/org/codehaus/httpcache4j/Headers_RBL4_341e479eTest.java,httpcache4j-api,D:\A_ThucNghiem\compiledrepos\558963,D:\A_ThucNghiem\compiledrepos\558963\httpcache4j-api\src\main\java\org\codehaus\httpcache4j\Headers.java,httpcache4j-api/src/test/java/org/codehaus/httpcache4j/Headers_RBL4_341e479eTest.java,org.codehaus.httpcache4j,1.8,Maven,"mvn -B -ntp -DskipTests -DskipITs -f ""${REPO_DIR}\httpcache4j-api\pom.xml"" clean test-compile","mvn -B -ntp -DskipTests -DskipITs -f ""${REPO_DIR}/httpcache4j-api/pom.xml"" clean test-compile",v3:558963:maven:httpcache4j-api,1,1,1,0,0,PASS,PASS,PASS,ok,sandbox readiness passed,D:\A_ThucNghiem\scripts_v2\workspaces\20260724_010022_d3f7f7b1__baseline_readiness\098_558963_341e479e,0.147,PASS
558963,https://github.com/httpcache4j/httpcache4j,9c07ebd63cd104a99eb9e771f760f14efa4fe0f6,558963:httpcache4j-api/src/main/java/org/codehaus/httpcache4j/httpmethod.java,HTTPMethod,httpcache4j-api/src/main/java/org/codehaus/httpcache4j/HTTPMethod.java,3,111,716,14,12,6,26,1.8571428571428572,maven,.,httpcache4j-api,httpcache4j-api,maven:httpcache4j-api,8,8,main,2,0cbe2cc93f504b1e41f7cf4c2a9617aff58ec677d4fb00e8c9fbd251230009bb,42,sha256_repo_balanced_v3_1,higher_complexity_half,,,repos/successful/558963,promoted_before_storage_audit,204,203,remaining240,class_sampling_manifest_final_seed42.csv,2026-07-23T11:07:03+00:00,per_repo_2class_pilot_complexity_half_then_selection_rank_seed42,99,558963,HTTPMethod,HTTPMethod_RBL4_383f035cTest,repos/558963/httpcache4j-api/src/main/java/org/codehaus/httpcache4j/HTTPMethod.java,repos/558963/httpcache4j-api/src/test/java/org/codehaus/httpcache4j/HTTPMethod_RBL4_383f035cTest.java,httpcache4j-api,D:\A_ThucNghiem\compiledrepos\558963,D:\A_ThucNghiem\compiledrepos\558963\httpcache4j-api\src\main\java\org\codehaus\httpcache4j\HTTPMethod.java,httpcache4j-api/src/test/java/org/codehaus/httpcache4j/HTTPMethod_RBL4_383f035cTest.java,org.codehaus.httpcache4j,1.8,Maven,"mvn -B -ntp -DskipTests -DskipITs -f ""${REPO_DIR}\httpcache4j-api\pom.xml"" clean test-compile","mvn -B -ntp -DskipTests -DskipITs -f ""${REPO_DIR}/httpcache4j-api/pom.xml"" clean test-compile",v3:558963:maven:httpcache4j-api,1,1,1,0,0,PASS,PASS,PASS,ok,sandbox readiness passed,D:\A_ThucNghiem\scripts_v2\workspaces\20260724_010022_d3f7f7b1__baseline_readiness\099_558963_383f035c,0.223,PASS
558963,https://github.com/httpcache4j/httpcache4j,9c07ebd63cd104a99eb9e771f760f14efa4fe0f6,558963:httpcache4j-api/src/main/java/org/codehaus/httpcache4j/mimetype.java,MIMEType,httpcache4j-api/src/main/java/org/codehaus/httpcache4j/MIMEType.java,4,128,1022,20,16,8,37,1.85,maven,.,httpcache4j-api,httpcache4j-api,maven:httpcache4j-api,8,8,main,9,5f86a4bf4df06e459781ef3a0ddb629d33da743934464935365a8ff8794eed6b,42,sha256_repo_balanced_v3_1,higher_complexity_half,,,repos/successful/558963,promoted_before_storage_audit,240,239,remaining240,class_sampling_manifest_final_seed42.csv,2026-07-23T11:07:03+00:00,per_repo_2class_pilot_complexity_half_then_selection_rank_seed42,100,558963,MIMEType,MIMEType_RBL4_d908a814Test,repos/558963/httpcache4j-api/src/main/java/org/codehaus/httpcache4j/MIMEType.java,repos/558963/httpcache4j-api/src/test/java/org/codehaus/httpcache4j/MIMEType_RBL4_d908a814Test.java,httpcache4j-api,D:\A_ThucNghiem\compiledrepos\558963,D:\A_ThucNghiem\compiledrepos\558963\httpcache4j-api\src\main\java\org\codehaus\httpcache4j\MIMEType.java,httpcache4j-api/src/test/java/org/codehaus/httpcache4j/MIMEType_RBL4_d908a814Test.java,org.codehaus.httpcache4j,1.8,Maven,"mvn -B -ntp -DskipTests -DskipITs -f ""${REPO_DIR}\httpcache4j-api\pom.xml"" clean test-compile","mvn -B -ntp -DskipTests -DskipITs -f ""${REPO_DIR}/httpcache4j-api/pom.xml"" clean test-compile",v3:558963:maven:httpcache4j-api,1,1,1,0,0,PASS,PASS,PASS,ok,sandbox readiness passed,D:\A_ThucNghiem\scripts_v2\workspaces\20260724_010022_d3f7f7b1__baseline_readiness\100_558963_d908a814,0.287,PASS
558963,https://github.com/httpcache4j/httpcache4j,9c07ebd63cd104a99eb9e771f760f14efa4fe0f6,558963:httpcache4j-api/src/main/java/org/codehaus/httpcache4j/auth/defaultauthenticator.java,DefaultAuthenticator,httpcache4j-api/src/main/java/org/codehaus/httpcache4j/auth/DefaultAuthenticator.java,3,56,457,7,5,9,17,2.4285714285714284,maven,.,httpcache4j-api,httpcache4j-api,maven:httpcache4j-api,8,8,main,7,3c93896ef5f1c963b96737caca8eb33cea68b22ae0b4592f68cd0c82a2f495e1,42,sha256_repo_balanced_v3_1,higher_complexity_half,,,repos/successful/558963,promoted_before_storage_audit,252,251,remaining240,class_sampling_manifest_final_seed42.csv,2026-07-23T11:07:03+00:00,per_repo_2class_pilot_complexity_half_then_selection_rank_seed42,101,558963,DefaultAuthenticator,DefaultAuthenticator_RBL4_64672f9fTest,repos/558963/httpcache4j-api/src/main/java/org/codehaus/httpcache4j/auth/DefaultAuthenticator.java,repos/558963/httpcache4j-api/src/test/java/org/codehaus/httpcache4j/auth/DefaultAuthenticator_RBL4_64672f9fTest.java,httpcache4j-api,D:\A_ThucNghiem\compiledrepos\558963,D:\A_ThucNghiem\compiledrepos\558963\httpcache4j-api\src\main\java\org\codehaus\httpcache4j\auth\DefaultAuthenticator.java,httpcache4j-api/src/test/java/org/codehaus/httpcache4j/auth/DefaultAuthenticator_RBL4_64672f9fTest.java,org.codehaus.httpcache4j.auth,1.8,Maven,"mvn -B -ntp -DskipTests -DskipITs -f ""${REPO_DIR}\httpcache4j-api\pom.xml"" clean test-compile","mvn -B -ntp -DskipTests -DskipITs -f ""${REPO_DIR}/httpcache4j-api/pom.xml"" clean test-compile",v3:558963:maven:httpcache4j-api,1,1,1,0,0,PASS,PASS,PASS,ok,sandbox readiness passed,D:\A_ThucNghiem\scripts_v2\workspaces\20260724_010022_d3f7f7b1__baseline_readiness\101_558963_64672f9f,0.25,PASS
558963,https://github.com/httpcache4j/httpcache4j,9c07ebd63cd104a99eb9e771f760f14efa4fe0f6,558963:httpcache4j-api/src/main/java/org/codehaus/httpcache4j/httpresponse.java,HTTPResponse,httpcache4j-api/src/main/java/org/codehaus/httpcache4j/HTTPResponse.java,4,112,804,16,12,9,32,2.0,maven,.,httpcache4j-api,httpcache4j-api,maven:httpcache4j-api,8,8,main,10,8c37bb3001b05528d251b57edb8e2e4275a12ce20334224c60e176251fc5f848,42,sha256_repo_balanced_v3_1,higher_complexity_half,,,repos/successful/558963,promoted_before_storage_audit,255,254,remaining240,class_sampling_manifest_final_seed42.csv,2026-07-23T11:07:03+00:00,per_repo_2class_pilot_complexity_half_then_selection_rank_seed42,102,558963,HTTPResponse,HTTPResponse_RBL4_589cc16fTest,repos/558963/httpcache4j-api/src/main/java/org/codehaus/httpcache4j/HTTPResponse.java,repos/558963/httpcache4j-api/src/test/java/org/codehaus/httpcache4j/HTTPResponse_RBL4_589cc16fTest.java,httpcache4j-api,D:\A_ThucNghiem\compiledrepos\558963,D:\A_ThucNghiem\compiledrepos\558963\httpcache4j-api\src\main\java\org\codehaus\httpcache4j\HTTPResponse.java,httpcache4j-api/src/test/java/org/codehaus/httpcache4j/HTTPResponse_RBL4_589cc16fTest.java,org.codehaus.httpcache4j,1.8,Maven,"mvn -B -ntp -DskipTests -DskipITs -f ""${REPO_DIR}\httpcache4j-api\pom.xml"" clean test-compile","mvn -B -ntp -DskipTests -DskipITs -f ""${REPO_DIR}/httpcache4j-api/pom.xml"" clean test-compile",v3:558963:maven:httpcache4j-api,1,1,1,0,0,PASS,PASS,PASS,ok,sandbox readiness passed,D:\A_ThucNghiem\scripts_v2\workspaces\20260724_010022_d3f7f7b1__baseline_readiness\102_558963_589cc16f,0.386,PASS
558963,https://github.com/httpcache4j/httpcache4j,9c07ebd63cd104a99eb9e771f760f14efa4fe0f6,558963:httpcache4j-api/src/main/java/org/codehaus/httpcache4j/httprequest.java,HTTPRequest,httpcache4j-api/src/main/java/org/codehaus/httpcache4j/HTTPRequest.java,2,171,1242,34,29,13,56,1.6470588235294117,maven,.,httpcache4j-api,httpcache4j-api,maven:httpcache4j-api,8,8,main,6,38c5b6b6f41d01c467202fd695d78b7c1f5d4fb6146f4e573b8e9fb3c2315b9f,42,sha256_repo_balanced_v3_1,higher_complexity_half,,,repos/successful/558963,promoted_before_storage_audit,283,282,remaining240,class_sampling_manifest_final_seed42.csv,2026-07-23T11:07:03+00:00,per_repo_2class_pilot_complexity_half_then_selection_rank_seed42,103,558963,HTTPRequest,HTTPRequest_RBL4_a04d55a6Test,repos/558963/httpcache4j-api/src/main/java/org/codehaus/httpcache4j/HTTPRequest.java,repos/558963/httpcache4j-api/src/test/java/org/codehaus/httpcache4j/HTTPRequest_RBL4_a04d55a6Test.java,httpcache4j-api,D:\A_ThucNghiem\compiledrepos\558963,D:\A_ThucNghiem\compiledrepos\558963\httpcache4j-api\src\main\java\org\codehaus\httpcache4j\HTTPRequest.java,httpcache4j-api/src/test/java/org/codehaus/httpcache4j/HTTPRequest_RBL4_a04d55a6Test.java,org.codehaus.httpcache4j,1.8,Maven,"mvn -B -ntp -DskipTests -DskipITs -f ""${REPO_DIR}\httpcache4j-api\pom.xml"" clean test-compile","mvn -B -ntp -DskipTests -DskipITs -f ""${REPO_DIR}/httpcache4j-api/pom.xml"" clean test-compile",v3:558963:maven:httpcache4j-api,1,1,1,0,0,PASS,PASS,PASS,ok,sandbox readiness passed,D:\A_ThucNghiem\scripts_v2\workspaces\20260724_010022_d3f7f7b1__baseline_readiness\103_558963_a04d55a6,0.264,PASS
60578004,https://github.com/artoderk/elastic-jobx,1431671595cee4222e4445fc80b5b14e6262d7b8,60578004:elastic-jobx-core/src/main/java/com/dangdang/ddframe/job/internal/statistics/processcountjob.java,ProcessCountJob,elastic-jobx-core/src/main/java/com/dangdang/ddframe/job/internal/statistics/ProcessCountJob.java,1,19,150,2,1,1,2,1.0,maven,.,elastic-jobx-core,elastic-jobx-core,maven:elastic-jobx-core,6,8,main,7,3c2a0e902e51d26c2f1077692f075becb2adb651c584af22866eb3d747cd5af6,42,sha256_repo_balanced_v3_1,lower_complexity_half,,,repos/successful/60578004,promoted_before_storage_audit,13,12,remaining240,class_sampling_manifest_final_seed42.csv,2026-07-23T11:07:03+00:00,per_repo_2class_pilot_complexity_half_then_selection_rank_seed42,104,60578004,ProcessCountJob,ProcessCountJob_RBL4_fc02f3bfTest,repos/60578004/elastic-jobx-core/src/main/java/com/dangdang/ddframe/job/internal/statistics/ProcessCountJob.java,repos/60578004/elastic-jobx-core/src/test/java/com/dangdang/ddframe/job/internal/statistics/ProcessCountJob_RBL4_fc02f3bfTest.java,elastic-jobx-core,D:\A_ThucNghiem\compiledrepos\60578004,D:\A_ThucNghiem\compiledrepos\60578004\elastic-jobx-core\src\main\java\com\dangdang\ddframe\job\internal\statistics\ProcessCountJob.java,elastic-jobx-core/src/test/java/com/dangdang/ddframe/job/internal/statistics/ProcessCountJob_RBL4_fc02f3bfTest.java,com.dangdang.ddframe.job.internal.statistics,1.6,Maven,"mvn -B -ntp -DskipTests -DskipITs -f ""${REPO_DIR}\elastic-jobx-core\pom.xml"" clean test-compile","mvn -B -ntp -DskipTests -DskipITs -f ""${REPO_DIR}/elastic-jobx-core/pom.xml"" clean test-compile",v3:60578004:maven:elastic-jobx-core,1,1,1,0,0,PASS,PASS,PASS,ok,sandbox readiness passed,D:\A_ThucNghiem\scripts_v2\workspaces\20260724_010022_d3f7f7b1__baseline_readiness\104_60578004_fc02f3bf,13.495,PASS
60578004,https://github.com/artoderk/elastic-jobx,1431671595cee4222e4445fc80b5b14e6262d7b8,60578004:elastic-jobx-core/src/main/java/com/dangdang/ddframe/job/internal/config/configurationnode.java,ConfigurationNode,elastic-jobx-core/src/main/java/com/dangdang/ddframe/job/internal/config/ConfigurationNode.java,8,47,377,8,7,1,8,1.0,maven,.,elastic-jobx-core,elastic-jobx-core,maven:elastic-jobx-core,6,8,main,6,283ca8147625875d98e33ebf12cc7186019ba1fa106d908089f24dab0bba38a5,42,sha256_repo_balanced_v3_1,lower_complexity_half,,,repos/successful/60578004,promoted_before_storage_audit,35,34,remaining240,class_sampling_manifest_final_seed42.csv,2026-07-23T11:07:03+00:00,per_repo_2class_pilot_complexity_half_then_selection_rank_seed42,105,60578004,ConfigurationNode,ConfigurationNode_RBL4_5ed65ca9Test,repos/60578004/elastic-jobx-core/src/main/java/com/dangdang/ddframe/job/internal/config/ConfigurationNode.java,repos/60578004/elastic-jobx-core/src/test/java/com/dangdang/ddframe/job/internal/config/ConfigurationNode_RBL4_5ed65ca9Test.java,elastic-jobx-core,D:\A_ThucNghiem\compiledrepos\60578004,D:\A_ThucNghiem\compiledrepos\60578004\elastic-jobx-core\src\main\java\com\dangdang\ddframe\job\internal\config\ConfigurationNode.java,elastic-jobx-core/src/test/java/com/dangdang/ddframe/job/internal/config/ConfigurationNode_RBL4_5ed65ca9Test.java,com.dangdang.ddframe.job.internal.config,1.6,Maven,"mvn -B -ntp -DskipTests -DskipITs -f ""${REPO_DIR}\elastic-jobx-core\pom.xml"" clean test-compile","mvn -B -ntp -DskipTests -DskipITs -f ""${REPO_DIR}/elastic-jobx-core/pom.xml"" clean test-compile",v3:60578004:maven:elastic-jobx-core,1,1,1,0,0,PASS,PASS,PASS,ok,sandbox readiness passed,D:\A_ThucNghiem\scripts_v2\workspaces\20260724_010022_d3f7f7b1__baseline_readiness\105_60578004_5ed65ca9,11.205,PASS
60578004,https://github.com/artoderk/elastic-jobx,1431671595cee4222e4445fc80b5b14e6262d7b8,60578004:elastic-jobx-core/src/main/java/com/dangdang/ddframe/job/plugin/sharding/strategy/averageallocationjobshardingstrategy.java,AverageAllocationJobShardingStrategy,elastic-jobx-core/src/main/java/com/dangdang/ddframe/job/plugin/sharding/strategy/AverageAllocationJobShardingStrategy.java,5,44,427,3,1,3,8,2.6666666666666665,maven,.,elastic-jobx-core,elastic-jobx-core,maven:elastic-jobx-core,6,8,main,8,3d102c49456ac700100420b674474c36816cbdcc355aba2d27fb776084ba0370,42,sha256_repo_balanced_v3_1,lower_complexity_half,,,repos/successful/60578004,promoted_before_storage_audit,94,93,remaining240,class_sampling_manifest_final_seed42.csv,2026-07-23T11:07:03+00:00,per_repo_2class_pilot_complexity_half_then_selection_rank_seed42,106,60578004,AverageAllocationJobShardingStrategy,AverageAllocationJobShardingStrategy_RBL4_bd05f034Test,repos/60578004/elastic-jobx-core/src/main/java/com/dangdang/ddframe/job/plugin/sharding/strategy/AverageAllocationJobShardingStrategy.java,repos/60578004/elastic-jobx-core/src/test/java/com/dangdang/ddframe/job/plugin/sharding/strategy/AverageAllocationJobShardingStrategy_RBL4_bd05f034Test.java,elastic-jobx-core,D:\A_ThucNghiem\compiledrepos\60578004,D:\A_ThucNghiem\compiledrepos\60578004\elastic-jobx-core\src\main\java\com\dangdang\ddframe\job\plugin\sharding\strategy\AverageAllocationJobShardingStrategy.java,elastic-jobx-core/src/test/java/com/dangdang/ddframe/job/plugin/sharding/strategy/AverageAllocationJobShardingStrategy_RBL4_bd05f034Test.java,com.dangdang.ddframe.job.plugin.sharding.strategy,1.6,Maven,"mvn -B -ntp -DskipTests -DskipITs -f ""${REPO_DIR}\elastic-jobx-core\pom.xml"" clean test-compile","mvn -B -ntp -DskipTests -DskipITs -f ""${REPO_DIR}/elastic-jobx-core/pom.xml"" clean test-compile",v3:60578004:maven:elastic-jobx-core,1,1,1,0,0,PASS,PASS,PASS,ok,sandbox readiness passed,D:\A_ThucNghiem\scripts_v2\workspaces\20260724_010022_d3f7f7b1__baseline_readiness\106_60578004_bd05f034,0.89,PASS
60578004,https://github.com/artoderk/elastic-jobx,1431671595cee4222e4445fc80b5b14e6262d7b8,60578004:elastic-jobx-core/src/main/java/com/dangdang/ddframe/job/internal/election/leaderelectionservice.java,LeaderElectionService,elastic-jobx-core/src/main/java/com/dangdang/ddframe/job/internal/election/LeaderElectionService.java,2,55,417,7,6,4,13,1.8571428571428572,maven,.,elastic-jobx-core,elastic-jobx-core,maven:elastic-jobx-core,6,8,main,3,2062c56c50cc972c639755335819efdb7384c824a7a6ba8c4bd8a65ed179e475,42,sha256_repo_balanced_v3_1,lower_complexity_half,,,repos/successful/60578004,promoted_before_storage_audit,142,141,remaining240,class_sampling_manifest_final_seed42.csv,2026-07-23T11:07:03+00:00,per_repo_2class_pilot_complexity_half_then_selection_rank_seed42,107,60578004,LeaderElectionService,LeaderElectionService_RBL4_04265ecaTest,repos/60578004/elastic-jobx-core/src/main/java/com/dangdang/ddframe/job/internal/election/LeaderElectionService.java,repos/60578004/elastic-jobx-core/src/test/java/com/dangdang/ddframe/job/internal/election/LeaderElectionService_RBL4_04265ecaTest.java,elastic-jobx-core,D:\A_ThucNghiem\compiledrepos\60578004,D:\A_ThucNghiem\compiledrepos\60578004\elastic-jobx-core\src\main\java\com\dangdang\ddframe\job\internal\election\LeaderElectionService.java,elastic-jobx-core/src/test/java/com/dangdang/ddframe/job/internal/election/LeaderElectionService_RBL4_04265ecaTest.java,com.dangdang.ddframe.job.internal.election,1.6,Maven,"mvn -B -ntp -DskipTests -DskipITs -f ""${REPO_DIR}\elastic-jobx-core\pom.xml"" clean test-compile","mvn -B -ntp -DskipTests -DskipITs -f ""${REPO_DIR}/elastic-jobx-core/pom.xml"" clean test-compile",v3:60578004:maven:elastic-jobx-core,1,1,1,0,0,PASS,PASS,PASS,ok,sandbox readiness passed,D:\A_ThucNghiem\scripts_v2\workspaces\20260724_010022_d3f7f7b1__baseline_readiness\107_60578004_04265eca,0.887,PASS
60578004,https://github.com/artoderk/elastic-jobx,1431671595cee4222e4445fc80b5b14e6262d7b8,60578004:elastic-jobx-core/src/main/java/com/dangdang/ddframe/job/internal/sharding/shardingservice.java,ShardingService,elastic-jobx-core/src/main/java/com/dangdang/ddframe/job/internal/sharding/ShardingService.java,4,107,953,9,5,4,19,2.111111111111111,maven,.,elastic-jobx-core,elastic-jobx-core,maven:elastic-jobx-core,6,8,main,10,403606b54fdfc4bf9e5815effcbe84f60ffd0f8051efb3e97809aa5bc5d7cfcd,42,sha256_repo_balanced_v3_1,higher_complexity_half,,,repos/successful/60578004,promoted_before_storage_audit,155,154,remaining240,class_sampling_manifest_final_seed42.csv,2026-07-23T11:07:03+00:00,per_repo_2class_pilot_complexity_half_then_selection_rank_seed42,108,60578004,ShardingService,ShardingService_RBL4_724aba58Test,repos/60578004/elastic-jobx-core/src/main/java/com/dangdang/ddframe/job/internal/sharding/ShardingService.java,repos/60578004/elastic-jobx-core/src/test/java/com/dangdang/ddframe/job/internal/sharding/ShardingService_RBL4_724aba58Test.java,elastic-jobx-core,D:\A_ThucNghiem\compiledrepos\60578004,D:\A_ThucNghiem\compiledrepos\60578004\elastic-jobx-core\src\main\java\com\dangdang\ddframe\job\internal\sharding\ShardingService.java,elastic-jobx-core/src/test/java/com/dangdang/ddframe/job/internal/sharding/ShardingService_RBL4_724aba58Test.java,com.dangdang.ddframe.job.internal.sharding,1.6,Maven,"mvn -B -ntp -DskipTests -DskipITs -f ""${REPO_DIR}\elastic-jobx-core\pom.xml"" clean test-compile","mvn -B -ntp -DskipTests -DskipITs -f ""${REPO_DIR}/elastic-jobx-core/pom.xml"" clean test-compile",v3:60578004:maven:elastic-jobx-core,1,1,1,0,0,PASS,PASS,PASS,ok,sandbox readiness passed,D:\A_ThucNghiem\scripts_v2\workspaces\20260724_010022_d3f7f7b1__baseline_readiness\108_60578004_724aba58,0.957,PASS
60578004,https://github.com/artoderk/elastic-jobx,1431671595cee4222e4445fc80b5b14e6262d7b8,60578004:elastic-jobx-core/src/main/java/com/dangdang/ddframe/job/internal/storage/jobnodestorage.java,JobNodeStorage,elastic-jobx-core/src/main/java/com/dangdang/ddframe/job/internal/storage/JobNodeStorage.java,3,111,872,19,15,4,30,1.5789473684210527,maven,.,elastic-jobx-core,elastic-jobx-core,maven:elastic-jobx-core,6,8,main,9,3ff9dff56e796366aa789ac173e06bdce9225225ccb92dd92c0260ea18b6d890,42,sha256_repo_balanced_v3_1,higher_complexity_half,,,repos/successful/60578004,promoted_before_storage_audit,162,161,remaining240,class_sampling_manifest_final_seed42.csv,2026-07-23T11:07:03+00:00,per_repo_2class_pilot_complexity_half_then_selection_rank_seed42,109,60578004,JobNodeStorage,JobNodeStorage_RBL4_c67ff505Test,repos/60578004/elastic-jobx-core/src/main/java/com/dangdang/ddframe/job/internal/storage/JobNodeStorage.java,repos/60578004/elastic-jobx-core/src/test/java/com/dangdang/ddframe/job/internal/storage/JobNodeStorage_RBL4_c67ff505Test.java,elastic-jobx-core,D:\A_ThucNghiem\compiledrepos\60578004,D:\A_ThucNghiem\compiledrepos\60578004\elastic-jobx-core\src\main\java\com\dangdang\ddframe\job\internal\storage\JobNodeStorage.java,elastic-jobx-core/src/test/java/com/dangdang/ddframe/job/internal/storage/JobNodeStorage_RBL4_c67ff505Test.java,com.dangdang.ddframe.job.internal.storage,1.6,Maven,"mvn -B -ntp -DskipTests -DskipITs -f ""${REPO_DIR}\elastic-jobx-core\pom.xml"" clean test-compile","mvn -B -ntp -DskipTests -DskipITs -f ""${REPO_DIR}/elastic-jobx-core/pom.xml"" clean test-compile",v3:60578004:maven:elastic-jobx-core,1,1,1,0,0,PASS,PASS,PASS,ok,sandbox readiness passed,D:\A_ThucNghiem\scripts_v2\workspaces\20260724_010022_d3f7f7b1__baseline_readiness\109_60578004_c67ff505,0.957,PASS
60578004,https://github.com/artoderk/elastic-jobx,1431671595cee4222e4445fc80b5b14e6262d7b8,60578004:elastic-jobx-core/src/main/java/com/dangdang/ddframe/job/internal/execution/executioncontextservice.java,ExecutionContextService,elastic-jobx-core/src/main/java/com/dangdang/ddframe/job/internal/execution/ExecutionContextService.java,2,58,470,4,1,5,10,2.5,maven,.,elastic-jobx-core,elastic-jobx-core,maven:elastic-jobx-core,6,8,main,4,225a47e2fff7bb9e16014922ede74d34b29a1055330c0907dd9b8c13c546f77e,42,sha256_repo_balanced_v3_1,higher_complexity_half,,,repos/successful/60578004,promoted_before_storage_audit,180,179,remaining240,class_sampling_manifest_final_seed42.csv,2026-07-23T11:07:03+00:00,per_repo_2class_pilot_complexity_half_then_selection_rank_seed42,110,60578004,ExecutionContextService,ExecutionContextService_RBL4_ba1be17bTest,repos/60578004/elastic-jobx-core/src/main/java/com/dangdang/ddframe/job/internal/execution/ExecutionContextService.java,repos/60578004/elastic-jobx-core/src/test/java/com/dangdang/ddframe/job/internal/execution/ExecutionContextService_RBL4_ba1be17bTest.java,elastic-jobx-core,D:\A_ThucNghiem\compiledrepos\60578004,D:\A_ThucNghiem\compiledrepos\60578004\elastic-jobx-core\src\main\java\com\dangdang\ddframe\job\internal\execution\ExecutionContextService.java,elastic-jobx-core/src/test/java/com/dangdang/ddframe/job/internal/execution/ExecutionContextService_RBL4_ba1be17bTest.java,com.dangdang.ddframe.job.internal.execution,1.6,Maven,"mvn -B -ntp -DskipTests -DskipITs -f ""${REPO_DIR}\elastic-jobx-core\pom.xml"" clean test-compile","mvn -B -ntp -DskipTests -DskipITs -f ""${REPO_DIR}/elastic-jobx-core/pom.xml"" clean test-compile",v3:60578004:maven:elastic-jobx-core,1,1,1,0,0,PASS,PASS,PASS,ok,sandbox readiness passed,D:\A_ThucNghiem\scripts_v2\workspaces\20260724_010022_d3f7f7b1__baseline_readiness\110_60578004_ba1be17b,0.93,PASS
60578004,https://github.com/artoderk/elastic-jobx,1431671595cee4222e4445fc80b5b14e6262d7b8,60578004:elastic-jobx-core/src/main/java/com/dangdang/ddframe/job/internal/config/configurationservice.java,ConfigurationService,elastic-jobx-core/src/main/java/com/dangdang/ddframe/job/internal/config/ConfigurationService.java,23,123,1182,19,16,5,29,1.5263157894736843,maven,.,elastic-jobx-core,elastic-jobx-core,maven:elastic-jobx-core,6,8,main,5,2538a16dd8e77876b17f330defd511fa7779039332f86634fa61c2d18b6d31ad,42,sha256_repo_balanced_v3_1,higher_complexity_half,,,repos/successful/60578004,promoted_before_storage_audit,190,189,remaining240,class_sampling_manifest_final_seed42.csv,2026-07-23T11:07:03+00:00,per_repo_2class_pilot_complexity_half_then_selection_rank_seed42,111,60578004,ConfigurationService,ConfigurationService_RBL4_cf2e998cTest,repos/60578004/elastic-jobx-core/src/main/java/com/dangdang/ddframe/job/internal/config/ConfigurationService.java,repos/60578004/elastic-jobx-core/src/test/java/com/dangdang/ddframe/job/internal/config/ConfigurationService_RBL4_cf2e998cTest.java,elastic-jobx-core,D:\A_ThucNghiem\compiledrepos\60578004,D:\A_ThucNghiem\compiledrepos\60578004\elastic-jobx-core\src\main\java\com\dangdang\ddframe\job\internal\config\ConfigurationService.java,elastic-jobx-core/src/test/java/com/dangdang/ddframe/job/internal/config/ConfigurationService_RBL4_cf2e998cTest.java,com.dangdang.ddframe.job.internal.config,1.6,Maven,"mvn -B -ntp -DskipTests -DskipITs -f ""${REPO_DIR}\elastic-jobx-core\pom.xml"" clean test-compile","mvn -B -ntp -DskipTests -DskipITs -f ""${REPO_DIR}/elastic-jobx-core/pom.xml"" clean test-compile",v3:60578004:maven:elastic-jobx-core,1,1,1,0,0,PASS,PASS,PASS,ok,sandbox readiness passed,D:\A_ThucNghiem\scripts_v2\workspaces\20260724_010022_d3f7f7b1__baseline_readiness\111_60578004_cf2e998c,0.916,PASS
61565876,https://github.com/ljacqu/DependencyInjector,eecb0f51c3f2ae9936c9ff64f486953eb3e48b3d,61565876:injector/src/main/java/ch/jalu/injector/context/resolutioncontext.java,ResolutionContext,injector/src/main/java/ch/jalu/injector/context/ResolutionContext.java,1,42,251,7,6,2,8,1.1428571428571428,maven,.,injector,injector,maven:injector,8,8,main,2,178a0d14059502df43a22fd7e0803095adc6140db1e6512a491664465c2d6b7b,42,sha256_repo_balanced_v3_1,lower_complexity_half,,,repos/successful/61565876,promoted_before_storage_audit,66,65,remaining240,class_sampling_manifest_final_seed42.csv,2026-07-23T11:07:03+00:00,per_repo_2class_pilot_complexity_half_then_selection_rank_seed42,112,61565876,ResolutionContext,ResolutionContext_RBL4_f0244fa3Test,repos/61565876/injector/src/main/java/ch/jalu/injector/context/ResolutionContext.java,repos/61565876/injector/src/test/java/ch/jalu/injector/context/ResolutionContext_RBL4_f0244fa3Test.java,injector,D:\A_ThucNghiem\compiledrepos\61565876,D:\A_ThucNghiem\compiledrepos\61565876\injector\src\main\java\ch\jalu\injector\context\ResolutionContext.java,injector/src/test/java/ch/jalu/injector/context/ResolutionContext_RBL4_f0244fa3Test.java,ch.jalu.injector.context,1.8,Maven,"mvn -B -ntp -DskipTests -DskipITs -f ""${REPO_DIR}\injector\pom.xml"" clean test-compile","mvn -B -ntp -DskipTests -DskipITs -f ""${REPO_DIR}/injector/pom.xml"" clean test-compile",v3:61565876:maven:injector,1,1,1,0,0,PASS,PASS,PASS,ok,sandbox readiness passed,D:\A_ThucNghiem\scripts_v2\workspaces\20260724_010022_d3f7f7b1__baseline_readiness\112_61565876_f0244fa3,4.636,PASS
61565876,https://github.com/ljacqu/DependencyInjector,eecb0f51c3f2ae9936c9ff64f486953eb3e48b3d,61565876:injector/src/main/java/ch/jalu/injector/handlers/dependency/singletonstoredependencyhandler.java,SingletonStoreDependencyHandler,injector/src/main/java/ch/jalu/injector/handlers/dependency/SingletonStoreDependencyHandler.java,2,50,392,5,4,3,9,1.8,maven,.,injector,injector,maven:injector,8,8,main,8,9306d30819e7638124398d1d89251fdef42f6b3d2ade61ea9ee1501ae927d4d6,42,sha256_repo_balanced_v3_1,lower_complexity_half,,,repos/successful/61565876,promoted_before_storage_audit,100,99,remaining240,class_sampling_manifest_final_seed42.csv,2026-07-23T11:07:03+00:00,per_repo_2class_pilot_complexity_half_then_selection_rank_seed42,113,61565876,SingletonStoreDependencyHandler,SingletonStoreDependencyHandler_RBL4_b36dd89fTest,repos/61565876/injector/src/main/java/ch/jalu/injector/handlers/dependency/SingletonStoreDependencyHandler.java,repos/61565876/injector/src/test/java/ch/jalu/injector/handlers/dependency/SingletonStoreDependencyHandler_RBL4_b36dd89fTest.java,injector,D:\A_ThucNghiem\compiledrepos\61565876,D:\A_ThucNghiem\compiledrepos\61565876\injector\src\main\java\ch\jalu\injector\handlers\dependency\SingletonStoreDependencyHandler.java,injector/src/test/java/ch/jalu/injector/handlers/dependency/SingletonStoreDependencyHandler_RBL4_b36dd89fTest.java,ch.jalu.injector.handlers.dependency,1.8,Maven,"mvn -B -ntp -DskipTests -DskipITs -f ""${REPO_DIR}\injector\pom.xml"" clean test-compile","mvn -B -ntp -DskipTests -DskipITs -f ""${REPO_DIR}/injector/pom.xml"" clean test-compile",v3:61565876:maven:injector,1,1,1,0,0,PASS,PASS,PASS,ok,sandbox readiness passed,D:\A_ThucNghiem\scripts_v2\workspaces\20260724_010022_d3f7f7b1__baseline_readiness\113_61565876_b36dd89f,4.626,PASS
61565876,https://github.com/ljacqu/DependencyInjector,eecb0f51c3f2ae9936c9ff64f486953eb3e48b3d,61565876:injector/src/main/java/ch/jalu/injector/handlers/instantiation/standardinjection.java,StandardInjection,injector/src/main/java/ch/jalu/injector/handlers/instantiation/StandardInjection.java,16,66,593,6,3,3,10,1.6666666666666667,maven,.,injector,injector,maven:injector,8,8,main,6,7d5f3121252661ccd383e33025273e4fe96f32c24110263e41cb42d0ddd171a8,42,sha256_repo_balanced_v3_1,lower_complexity_half,,,repos/successful/61565876,promoted_before_storage_audit,104,103,remaining240,class_sampling_manifest_final_seed42.csv,2026-07-23T11:07:03+00:00,per_repo_2class_pilot_complexity_half_then_selection_rank_seed42,114,61565876,StandardInjection,StandardInjection_RBL4_3a4b44fbTest,repos/61565876/injector/src/main/java/ch/jalu/injector/handlers/instantiation/StandardInjection.java,repos/61565876/injector/src/test/java/ch/jalu/injector/handlers/instantiation/StandardInjection_RBL4_3a4b44fbTest.java,injector,D:\A_ThucNghiem\compiledrepos\61565876,D:\A_ThucNghiem\compiledrepos\61565876\injector\src\main\java\ch\jalu\injector\handlers\instantiation\StandardInjection.java,injector/src/test/java/ch/jalu/injector/handlers/instantiation/StandardInjection_RBL4_3a4b44fbTest.java,ch.jalu.injector.handlers.instantiation,1.8,Maven,"mvn -B -ntp -DskipTests -DskipITs -f ""${REPO_DIR}\injector\pom.xml"" clean test-compile","mvn -B -ntp -DskipTests -DskipITs -f ""${REPO_DIR}/injector/pom.xml"" clean test-compile",v3:61565876:maven:injector,1,1,1,0,0,PASS,PASS,PASS,ok,sandbox readiness passed,D:\A_ThucNghiem\scripts_v2\workspaces\20260724_010022_d3f7f7b1__baseline_readiness\114_61565876_3a4b44fb,0.318,PASS
61565876,https://github.com/ljacqu/DependencyInjector,eecb0f51c3f2ae9936c9ff64f486953eb3e48b3d,61565876:injector/src/main/java/ch/jalu/injector/context/objectidentifier.java,ObjectIdentifier,injector/src/main/java/ch/jalu/injector/context/ObjectIdentifier.java,3,44,271,6,5,4,9,1.5,maven,.,injector,injector,maven:injector,8,8,main,3,2194a8e4fd9cd34da547f6c54a17897a4c0b07a89e8fa22febe13140a5020acd,42,sha256_repo_balanced_v3_1,lower_complexity_half,,,repos/successful/61565876,promoted_before_storage_audit,130,129,remaining240,class_sampling_manifest_final_seed42.csv,2026-07-23T11:07:03+00:00,per_repo_2class_pilot_complexity_half_then_selection_rank_seed42,115,61565876,ObjectIdentifier,ObjectIdentifier_RBL4_7460272fTest,repos/61565876/injector/src/main/java/ch/jalu/injector/context/ObjectIdentifier.java,repos/61565876/injector/src/test/java/ch/jalu/injector/context/ObjectIdentifier_RBL4_7460272fTest.java,injector,D:\A_ThucNghiem\compiledrepos\61565876,D:\A_ThucNghiem\compiledrepos\61565876\injector\src\main\java\ch\jalu\injector\context\ObjectIdentifier.java,injector/src/test/java/ch/jalu/injector/context/ObjectIdentifier_RBL4_7460272fTest.java,ch.jalu.injector.context,1.8,Maven,"mvn -B -ntp -DskipTests -DskipITs -f ""${REPO_DIR}\injector\pom.xml"" clean test-compile","mvn -B -ntp -DskipTests -DskipITs -f ""${REPO_DIR}/injector/pom.xml"" clean test-compile",v3:61565876:maven:injector,1,1,1,0,0,PASS,PASS,PASS,ok,sandbox readiness passed,D:\A_ThucNghiem\scripts_v2\workspaces\20260724_010022_d3f7f7b1__baseline_readiness\115_61565876_7460272f,0.529,PASS
61565876,https://github.com/ljacqu/DependencyInjector,eecb0f51c3f2ae9936c9ff64f486953eb3e48b3d,61565876:injector/src/main/java/ch/jalu/injector/handlers/instantiation/defaultinjectionprovider.java,DefaultInjectionProvider,injector/src/main/java/ch/jalu/injector/handlers/instantiation/DefaultInjectionProvider.java,4,42,297,4,1,5,9,2.25,maven,.,injector,injector,maven:injector,8,8,main,10,a8145912212233ff053172d21915bdd2b710d076aca445a8daddb6a9d9599dd3,42,sha256_repo_balanced_v3_1,higher_complexity_half,,,repos/successful/61565876,promoted_before_storage_audit,176,175,remaining240,class_sampling_manifest_final_seed42.csv,2026-07-23T11:07:03+00:00,per_repo_2class_pilot_complexity_half_then_selection_rank_seed42,116,61565876,DefaultInjectionProvider,DefaultInjectionProvider_RBL4_b7272345Test,repos/61565876/injector/src/main/java/ch/jalu/injector/handlers/instantiation/DefaultInjectionProvider.java,repos/61565876/injector/src/test/java/ch/jalu/injector/handlers/instantiation/DefaultInjectionProvider_RBL4_b7272345Test.java,injector,D:\A_ThucNghiem\compiledrepos\61565876,D:\A_ThucNghiem\compiledrepos\61565876\injector\src\main\java\ch\jalu\injector\handlers\instantiation\DefaultInjectionProvider.java,injector/src/test/java/ch/jalu/injector/handlers/instantiation/DefaultInjectionProvider_RBL4_b7272345Test.java,ch.jalu.injector.handlers.instantiation,1.8,Maven,"mvn -B -ntp -DskipTests -DskipITs -f ""${REPO_DIR}\injector\pom.xml"" clean test-compile","mvn -B -ntp -DskipTests -DskipITs -f ""${REPO_DIR}/injector/pom.xml"" clean test-compile",v3:61565876:maven:injector,1,1,1,0,0,PASS,PASS,PASS,ok,sandbox readiness passed,D:\A_ThucNghiem\scripts_v2\workspaces\20260724_010022_d3f7f7b1__baseline_readiness\116_61565876_b7272345,0.524,PASS
61565876,https://github.com/ljacqu/DependencyInjector,eecb0f51c3f2ae9936c9ff64f486953eb3e48b3d,61565876:injector/src/main/java/ch/jalu/injector/utils/reflectionutils.java,ReflectionUtils,injector/src/main/java/ch/jalu/injector/utils/ReflectionUtils.java,22,98,736,10,9,5,25,2.5,maven,.,injector,injector,maven:injector,8,8,main,9,a0189cdf6cba51dd14432605039fc514efce23fc0cab3dc51782f3b3a774920e,42,sha256_repo_balanced_v3_1,higher_complexity_half,,,repos/successful/61565876,promoted_before_storage_audit,189,188,remaining240,class_sampling_manifest_final_seed42.csv,2026-07-23T11:07:03+00:00,per_repo_2class_pilot_complexity_half_then_selection_rank_seed42,117,61565876,ReflectionUtils,ReflectionUtils_RBL4_00880516Test,repos/61565876/injector/src/main/java/ch/jalu/injector/utils/ReflectionUtils.java,repos/61565876/injector/src/test/java/ch/jalu/injector/utils/ReflectionUtils_RBL4_00880516Test.java,injector,D:\A_ThucNghiem\compiledrepos\61565876,D:\A_ThucNghiem\compiledrepos\61565876\injector\src\main\java\ch\jalu\injector\utils\ReflectionUtils.java,injector/src/test/java/ch/jalu/injector/utils/ReflectionUtils_RBL4_00880516Test.java,ch.jalu.injector.utils,1.8,Maven,"mvn -B -ntp -DskipTests -DskipITs -f ""${REPO_DIR}\injector\pom.xml"" clean test-compile","mvn -B -ntp -DskipTests -DskipITs -f ""${REPO_DIR}/injector/pom.xml"" clean test-compile",v3:61565876:maven:injector,1,1,1,0,0,PASS,PASS,PASS,ok,sandbox readiness passed,D:\A_ThucNghiem\scripts_v2\workspaces\20260724_010022_d3f7f7b1__baseline_readiness\117_61565876_00880516,0.539,PASS
61565876,https://github.com/ljacqu/DependencyInjector,eecb0f51c3f2ae9936c9ff64f486953eb3e48b3d,61565876:injector/src/main/java/ch/jalu/injector/handlers/postconstruct/postconstructmethodinvoker.java,PostConstructMethodInvoker,injector/src/main/java/ch/jalu/injector/handlers/postconstruct/PostConstructMethodInvoker.java,7,55,412,3,1,7,12,4.0,maven,.,injector,injector,maven:injector,8,8,main,7,91eb0e38bfa784dae46a769f735ef885ab1766ae0b476ba640cae99ab39598a5,42,sha256_repo_balanced_v3_1,higher_complexity_half,,,repos/successful/61565876,promoted_before_storage_audit,219,218,remaining240,class_sampling_manifest_final_seed42.csv,2026-07-23T11:07:03+00:00,per_repo_2class_pilot_complexity_half_then_selection_rank_seed42,118,61565876,PostConstructMethodInvoker,PostConstructMethodInvoker_RBL4_68accc5aTest,repos/61565876/injector/src/main/java/ch/jalu/injector/handlers/postconstruct/PostConstructMethodInvoker.java,repos/61565876/injector/src/test/java/ch/jalu/injector/handlers/postconstruct/PostConstructMethodInvoker_RBL4_68accc5aTest.java,injector,D:\A_ThucNghiem\compiledrepos\61565876,D:\A_ThucNghiem\compiledrepos\61565876\injector\src\main\java\ch\jalu\injector\handlers\postconstruct\PostConstructMethodInvoker.java,injector/src/test/java/ch/jalu/injector/handlers/postconstruct/PostConstructMethodInvoker_RBL4_68accc5aTest.java,ch.jalu.injector.handlers.postconstruct,1.8,Maven,"mvn -B -ntp -DskipTests -DskipITs -f ""${REPO_DIR}\injector\pom.xml"" clean test-compile","mvn -B -ntp -DskipTests -DskipITs -f ""${REPO_DIR}/injector/pom.xml"" clean test-compile",v3:61565876:maven:injector,1,1,1,0,0,PASS,PASS,PASS,ok,sandbox readiness passed,D:\A_ThucNghiem\scripts_v2\workspaces\20260724_010022_d3f7f7b1__baseline_readiness\118_61565876_68accc5a,0.276,PASS
61565876,https://github.com/ljacqu/DependencyInjector,eecb0f51c3f2ae9936c9ff64f486953eb3e48b3d,61565876:injector/src/main/java/ch/jalu/injector/injectorimpl.java,InjectorImpl,injector/src/main/java/ch/jalu/injector/InjectorImpl.java,23,200,1398,18,10,8,48,2.6666666666666665,maven,.,injector,injector,maven:injector,8,8,main,5,347db4e944d0858d92d25dc72e84aa08ca93f424f775f173ae989510513eacc8,42,sha256_repo_balanced_v3_1,higher_complexity_half,,,repos/successful/61565876,promoted_before_storage_audit,244,243,remaining240,class_sampling_manifest_final_seed42.csv,2026-07-23T11:07:03+00:00,per_repo_2class_pilot_complexity_half_then_selection_rank_seed42,119,61565876,InjectorImpl,InjectorImpl_RBL4_0d84927dTest,repos/61565876/injector/src/main/java/ch/jalu/injector/InjectorImpl.java,repos/61565876/injector/src/test/java/ch/jalu/injector/InjectorImpl_RBL4_0d84927dTest.java,injector,D:\A_ThucNghiem\compiledrepos\61565876,D:\A_ThucNghiem\compiledrepos\61565876\injector\src\main\java\ch\jalu\injector\InjectorImpl.java,injector/src/test/java/ch/jalu/injector/InjectorImpl_RBL4_0d84927dTest.java,ch.jalu.injector,1.8,Maven,"mvn -B -ntp -DskipTests -DskipITs -f ""${REPO_DIR}\injector\pom.xml"" clean test-compile","mvn -B -ntp -DskipTests -DskipITs -f ""${REPO_DIR}/injector/pom.xml"" clean test-compile",v3:61565876:maven:injector,1,1,1,0,0,PASS,PASS,PASS,ok,sandbox readiness passed,D:\A_ThucNghiem\scripts_v2\workspaces\20260724_010022_d3f7f7b1__baseline_readiness\119_61565876_0d84927d,0.277,PASS
6293402,https://github.com/vaadin/framework,02c87d4918204dfc354c71bdecc395e605c20d8e,6293402:server/src/main/java/com/vaadin/data/provider/treedataprovider.java,TreeDataProvider,server/src/main/java/com/vaadin/data/provider/TreeDataProvider.java,1,125,903,12,11,3,18,1.5,maven,.,server,server,maven:server,8,8,main,10,429830ad9613b96620d3bdc47eaeede10699171b5988ebefc9a54b1d868993a6,42,sha256_repo_balanced_v3_1,lower_complexity_half,,,repos/successful/6293402,promoted,112,111,remaining240,class_sampling_manifest_final_seed42.csv,2026-07-23T11:07:03+00:00,per_repo_2class_pilot_complexity_half_then_selection_rank_seed42,120,6293402,TreeDataProvider,TreeDataProvider_RBL4_73451966Test,repos/6293402/server/src/main/java/com/vaadin/data/provider/TreeDataProvider.java,repos/6293402/server/src/test/java/com/vaadin/data/provider/TreeDataProvider_RBL4_73451966Test.java,server,D:\A_ThucNghiem\compiledrepos\6293402,D:\A_ThucNghiem\compiledrepos\6293402\server\src\main\java\com\vaadin\data\provider\TreeDataProvider.java,server/src/test/java/com/vaadin/data/provider/TreeDataProvider_RBL4_73451966Test.java,com.vaadin.data.provider,1.8,Maven,"mvn -B -ntp -DskipTests -DskipITs -f ""${REPO_DIR}\server\pom.xml"" clean test-compile","mvn -B -ntp -DskipTests -DskipITs -f ""${REPO_DIR}/server/pom.xml"" clean test-compile",v3:6293402:maven:server,1,1,1,0,0,PASS,PASS,PASS,ok,sandbox readiness passed,D:\A_ThucNghiem\scripts_v2\workspaces\20260724_010022_d3f7f7b1__baseline_readiness\120_6293402_73451966,277.369,PASS
6293402,https://github.com/vaadin/framework,02c87d4918204dfc354c71bdecc395e605c20d8e,6293402:server/src/main/java/com/vaadin/server/vaadinportletrequest.java,VaadinPortletRequest,server/src/main/java/com/vaadin/server/VaadinPortletRequest.java,2,164,768,23,22,3,34,1.4782608695652173,maven,.,server,server,maven:server,8,8,main,3,1a5cf239b645b07a800c1371ecb680096ca27c52276893302fa6e351bb0bcbb2,42,sha256_repo_balanced_v3_1,lower_complexity_half,,,repos/successful/6293402,promoted,119,118,remaining240,class_sampling_manifest_final_seed42.csv,2026-07-23T11:07:03+00:00,per_repo_2class_pilot_complexity_half_then_selection_rank_seed42,121,6293402,VaadinPortletRequest,VaadinPortletRequest_RBL4_5e6ec39eTest,repos/6293402/server/src/main/java/com/vaadin/server/VaadinPortletRequest.java,repos/6293402/server/src/test/java/com/vaadin/server/VaadinPortletRequest_RBL4_5e6ec39eTest.java,server,D:\A_ThucNghiem\compiledrepos\6293402,D:\A_ThucNghiem\compiledrepos\6293402\server\src\main\java\com\vaadin\server\VaadinPortletRequest.java,server/src/test/java/com/vaadin/server/VaadinPortletRequest_RBL4_5e6ec39eTest.java,com.vaadin.server,1.8,Maven,"mvn -B -ntp -DskipTests -DskipITs -f ""${REPO_DIR}\server\pom.xml"" clean test-compile","mvn -B -ntp -DskipTests -DskipITs -f ""${REPO_DIR}/server/pom.xml"" clean test-compile",v3:6293402:maven:server,1,1,1,0,0,PASS,PASS,PASS,ok,sandbox readiness passed,D:\A_ThucNghiem\scripts_v2\workspaces\20260724_010022_d3f7f7b1__baseline_readiness\121_6293402_5e6ec39e,277.089,PASS
6293402,https://github.com/vaadin/framework,02c87d4918204dfc354c71bdecc395e605c20d8e,6293402:server/src/main/java/com/vaadin/ui/abstractsingleselect.java,AbstractSingleSelect,server/src/main/java/com/vaadin/ui/AbstractSingleSelect.java,3,181,1095,25,15,4,38,1.52,maven,.,server,server,maven:server,8,8,main,9,3e38ed038b5b022d761e90018a9f0197c276ea40ebe029bfa9cafc35d6545e4a,42,sha256_repo_balanced_v3_1,higher_complexity_half,,,repos/successful/6293402,promoted,163,162,remaining240,class_sampling_manifest_final_seed42.csv,2026-07-23T11:07:03+00:00,per_repo_2class_pilot_complexity_half_then_selection_rank_seed42,122,6293402,AbstractSingleSelect,AbstractSingleSelect_RBL4_76a24253Test,repos/6293402/server/src/main/java/com/vaadin/ui/AbstractSingleSelect.java,repos/6293402/server/src/test/java/com/vaadin/ui/AbstractSingleSelect_RBL4_76a24253Test.java,server,D:\A_ThucNghiem\compiledrepos\6293402,D:\A_ThucNghiem\compiledrepos\6293402\server\src\main\java\com\vaadin\ui\AbstractSingleSelect.java,server/src/test/java/com/vaadin/ui/AbstractSingleSelect_RBL4_76a24253Test.java,com.vaadin.ui,1.8,Maven,"mvn -B -ntp -DskipTests -DskipITs -f ""${REPO_DIR}\server\pom.xml"" clean test-compile","mvn -B -ntp -DskipTests -DskipITs -f ""${REPO_DIR}/server/pom.xml"" clean test-compile",v3:6293402:maven:server,1,1,1,0,0,PASS,PASS,PASS,ok,sandbox readiness passed,D:\A_ThucNghiem\scripts_v2\workspaces\20260724_010022_d3f7f7b1__baseline_readiness\122_6293402_76a24253,277.093,PASS
6293402,https://github.com/vaadin/framework,02c87d4918204dfc354c71bdecc395e605c20d8e,6293402:server/src/main/java/com/vaadin/util/encodeutil.java,EncodeUtil,server/src/main/java/com/vaadin/util/EncodeUtil.java,1,27,213,3,1,5,8,2.6666666666666665,maven,.,server,server,maven:server,8,8,main,7,306f81a475ca3492d0c72b494d41ccca82459cbc577135e3db2ec04078cb93ae,42,sha256_repo_balanced_v3_1,higher_complexity_half,,,repos/successful/6293402,promoted,173,172,remaining240,class_sampling_manifest_final_seed42.csv,2026-07-23T11:07:03+00:00,per_repo_2class_pilot_complexity_half_then_selection_rank_seed42,123,6293402,EncodeUtil,EncodeUtil_RBL4_b4ce0ae0Test,repos/6293402/server/src/main/java/com/vaadin/util/EncodeUtil.java,repos/6293402/server/src/test/java/com/vaadin/util/EncodeUtil_RBL4_b4ce0ae0Test.java,server,D:\A_ThucNghiem\compiledrepos\6293402,D:\A_ThucNghiem\compiledrepos\6293402\server\src\main\java\com\vaadin\util\EncodeUtil.java,server/src/test/java/com/vaadin/util/EncodeUtil_RBL4_b4ce0ae0Test.java,com.vaadin.util,1.8,Maven,"mvn -B -ntp -DskipTests -DskipITs -f ""${REPO_DIR}\server\pom.xml"" clean test-compile","mvn -B -ntp -DskipTests -DskipITs -f ""${REPO_DIR}/server/pom.xml"" clean test-compile",v3:6293402:maven:server,1,1,1,0,0,PASS,PASS,PASS,ok,sandbox readiness passed,D:\A_ThucNghiem\scripts_v2\workspaces\20260724_010022_d3f7f7b1__baseline_readiness\123_6293402_b4ce0ae0,259.525,PASS
6293402,https://github.com/vaadin/framework,02c87d4918204dfc354c71bdecc395e605c20d8e,6293402:server/src/main/java/com/vaadin/server/localeservice.java,LocaleService,server/src/main/java/com/vaadin/server/LocaleService.java,1,97,771,6,2,7,15,2.5,maven,.,server,server,maven:server,8,8,main,6,26b2ae610b777ba6bdc2c8e1ff82fb7d8d112ca204bf774a7c7d5d5560618b53,42,sha256_repo_balanced_v3_1,higher_complexity_half,,,repos/successful/6293402,promoted,220,219,remaining240,class_sampling_manifest_final_seed42.csv,2026-07-23T11:07:03+00:00,per_repo_2class_pilot_complexity_half_then_selection_rank_seed42,124,6293402,LocaleService,LocaleService_RBL4_e764fd86Test,repos/6293402/server/src/main/java/com/vaadin/server/LocaleService.java,repos/6293402/server/src/test/java/com/vaadin/server/LocaleService_RBL4_e764fd86Test.java,server,D:\A_ThucNghiem\compiledrepos\6293402,D:\A_ThucNghiem\compiledrepos\6293402\server\src\main\java\com\vaadin\server\LocaleService.java,server/src/test/java/com/vaadin/server/LocaleService_RBL4_e764fd86Test.java,com.vaadin.server,1.8,Maven,"mvn -B -ntp -DskipTests -DskipITs -f ""${REPO_DIR}\server\pom.xml"" clean test-compile","mvn -B -ntp -DskipTests -DskipITs -f ""${REPO_DIR}/server/pom.xml"" clean test-compile",v3:6293402:maven:server,1,1,1,0,0,PASS,PASS,PASS,ok,sandbox readiness passed,D:\A_ThucNghiem\scripts_v2\workspaces\20260724_010022_d3f7f7b1__baseline_readiness\124_6293402_e764fd86,15.138,PASS
6293402,https://github.com/vaadin/framework,02c87d4918204dfc354c71bdecc395e605c20d8e,6293402:server/src/main/java/com/vaadin/data/provider/datacommunicator.java,DataCommunicator,server/src/main/java/com/vaadin/data/provider/DataCommunicator.java,1,386,2460,55,31,11,87,1.5818181818181818,maven,.,server,server,maven:server,8,8,main,4,1e3f8db2dee539f5f8204682ae3dd8e76cbc237e03f30002120b64e55351592a,42,sha256_repo_balanced_v3_1,higher_complexity_half,,,repos/successful/6293402,promoted,269,268,remaining240,class_sampling_manifest_final_seed42.csv,2026-07-23T11:07:03+00:00,per_repo_2class_pilot_complexity_half_then_selection_rank_seed42,125,6293402,DataCommunicator,DataCommunicator_RBL4_9bb6c751Test,repos/6293402/server/src/main/java/com/vaadin/data/provider/DataCommunicator.java,repos/6293402/server/src/test/java/com/vaadin/data/provider/DataCommunicator_RBL4_9bb6c751Test.java,server,D:\A_ThucNghiem\compiledrepos\6293402,D:\A_ThucNghiem\compiledrepos\6293402\server\src\main\java\com\vaadin\data\provider\DataCommunicator.java,server/src/test/java/com/vaadin/data/provider/DataCommunicator_RBL4_9bb6c751Test.java,com.vaadin.data.provider,1.8,Maven,"mvn -B -ntp -DskipTests -DskipITs -f ""${REPO_DIR}\server\pom.xml"" clean test-compile","mvn -B -ntp -DskipTests -DskipITs -f ""${REPO_DIR}/server/pom.xml"" clean test-compile",v3:6293402:maven:server,1,1,1,0,0,PASS,PASS,PASS,ok,sandbox readiness passed,D:\A_ThucNghiem\scripts_v2\workspaces\20260724_010022_d3f7f7b1__baseline_readiness\125_6293402_9bb6c751,15.077,PASS
6293402,https://github.com/vaadin/framework,02c87d4918204dfc354c71bdecc395e605c20d8e,6293402:server/src/main/java/com/vaadin/server/communication/metadatawriter.java,MetadataWriter,server/src/main/java/com/vaadin/server/communication/MetadataWriter.java,6,45,288,1,1,13,13,13.0,maven,.,server,server,maven:server,8,8,main,8,3985caebc3147b98ed4e6e4471cc3394d0a0d320ca98a834b862653bc80b7887,42,sha256_repo_balanced_v3_1,higher_complexity_half,,,repos/successful/6293402,promoted,275,274,remaining240,class_sampling_manifest_final_seed42.csv,2026-07-23T11:07:03+00:00,per_repo_2class_pilot_complexity_half_then_selection_rank_seed42,126,6293402,MetadataWriter,MetadataWriter_RBL4_7f52707cTest,repos/6293402/server/src/main/java/com/vaadin/server/communication/MetadataWriter.java,repos/6293402/server/src/test/java/com/vaadin/server/communication/MetadataWriter_RBL4_7f52707cTest.java,server,D:\A_ThucNghiem\compiledrepos\6293402,D:\A_ThucNghiem\compiledrepos\6293402\server\src\main\java\com\vaadin\server\communication\MetadataWriter.java,server/src/test/java/com/vaadin/server/communication/MetadataWriter_RBL4_7f52707cTest.java,com.vaadin.server.communication,1.8,Maven,"mvn -B -ntp -DskipTests -DskipITs -f ""${REPO_DIR}\server\pom.xml"" clean test-compile","mvn -B -ntp -DskipTests -DskipITs -f ""${REPO_DIR}/server/pom.xml"" clean test-compile",v3:6293402:maven:server,1,1,1,0,0,PASS,PASS,PASS,ok,sandbox readiness passed,D:\A_ThucNghiem\scripts_v2\workspaces\20260724_010022_d3f7f7b1__baseline_readiness\126_6293402_7f52707c,15.162,PASS
6293402,https://github.com/vaadin/framework,02c87d4918204dfc354c71bdecc395e605c20d8e,6293402:server/src/main/java/com/vaadin/server/communication/serverrpchandler.java,ServerRpcHandler,server/src/main/java/com/vaadin/server/communication/ServerRpcHandler.java,1,386,2472,22,9,19,72,3.272727272727273,maven,.,server,server,maven:server,8,8,main,5,24f4b1cf0a57998f2d117892c5b736d8e7a438fd3a75e1ac331a7abbd9f98d56,42,sha256_repo_balanced_v3_1,higher_complexity_half,,,repos/successful/6293402,promoted,294,293,remaining240,class_sampling_manifest_final_seed42.csv,2026-07-23T11:07:03+00:00,per_repo_2class_pilot_complexity_half_then_selection_rank_seed42,127,6293402,ServerRpcHandler,ServerRpcHandler_RBL4_1a82f048Test,repos/6293402/server/src/main/java/com/vaadin/server/communication/ServerRpcHandler.java,repos/6293402/server/src/test/java/com/vaadin/server/communication/ServerRpcHandler_RBL4_1a82f048Test.java,server,D:\A_ThucNghiem\compiledrepos\6293402,D:\A_ThucNghiem\compiledrepos\6293402\server\src\main\java\com\vaadin\server\communication\ServerRpcHandler.java,server/src/test/java/com/vaadin/server/communication/ServerRpcHandler_RBL4_1a82f048Test.java,com.vaadin.server.communication,1.8,Maven,"mvn -B -ntp -DskipTests -DskipITs -f ""${REPO_DIR}\server\pom.xml"" clean test-compile","mvn -B -ntp -DskipTests -DskipITs -f ""${REPO_DIR}/server/pom.xml"" clean test-compile",v3:6293402:maven:server,1,1,1,0,0,PASS,PASS,PASS,ok,sandbox readiness passed,D:\A_ThucNghiem\scripts_v2\workspaces\20260724_010022_d3f7f7b1__baseline_readiness\127_6293402_1a82f048,15.059,PASS
6437134,https://github.com/dma-enav/e-Navigation,42840b63789a8dee0fa330efb44678417e08d127,6437134:enav-util/src/main/java/dk/dma/enav/util/coordinateconverter.java,CoordinateConverter,enav-util/src/main/java/dk/dma/enav/util/CoordinateConverter.java,4,65,577,5,4,2,9,1.8,maven,.,enav-util,enav-util,maven:enav-util,unknown,8,main,7,9a537a98fbddfd061bdd62e96840a0f887a354d54310992a27d4a90d391ede08,42,sha256_repo_balanced_v3_1,lower_complexity_half,,,repos/successful/6437134,promoted,70,69,remaining240,class_sampling_manifest_final_seed42.csv,2026-07-23T11:07:03+00:00,per_repo_2class_pilot_complexity_half_then_selection_rank_seed42,128,6437134,CoordinateConverter,CoordinateConverter_RBL4_8d23156cTest,repos/6437134/enav-util/src/main/java/dk/dma/enav/util/CoordinateConverter.java,repos/6437134/enav-util/src/test/java/dk/dma/enav/util/CoordinateConverter_RBL4_8d23156cTest.java,enav-util,D:\A_ThucNghiem\compiledrepos\6437134,D:\A_ThucNghiem\compiledrepos\6437134\enav-util\src\main\java\dk\dma\enav\util\CoordinateConverter.java,enav-util/src/test/java/dk/dma/enav/util/CoordinateConverter_RBL4_8d23156cTest.java,dk.dma.enav.util,1.8,Maven,"mvn -B -ntp -DskipTests -DskipITs -f ""${REPO_DIR}\enav-util\pom.xml"" clean test-compile","mvn -B -ntp -DskipTests -DskipITs -f ""${REPO_DIR}/enav-util/pom.xml"" clean test-compile",v3:6437134:maven:enav-util,1,1,1,0,0,PASS,PASS,PASS,ok,sandbox readiness passed,D:\A_ThucNghiem\scripts_v2\workspaces\20260724_010022_d3f7f7b1__baseline_readiness\128_6437134_8d23156c,2.413,PASS
6437134,https://github.com/dma-enav/e-Navigation,42840b63789a8dee0fa330efb44678417e08d127,6437134:enav-util/src/main/java/dk/dma/enav/util/compass/compassutils.java,CompassUtils,enav-util/src/main/java/dk/dma/enav/util/compass/CompassUtils.java,2,33,183,4,4,3,9,2.25,maven,.,enav-util,enav-util,maven:enav-util,unknown,8,main,6,985c5a18ae0beb768e34b62f959ab1a0246b86a66bdec378dd29440a01af0623,42,sha256_repo_balanced_v3_1,lower_complexity_half,,,repos/successful/6437134,promoted,101,100,remaining240,class_sampling_manifest_final_seed42.csv,2026-07-23T11:07:03+00:00,per_repo_2class_pilot_complexity_half_then_selection_rank_seed42,129,6437134,CompassUtils,CompassUtils_RBL4_262d6b6cTest,repos/6437134/enav-util/src/main/java/dk/dma/enav/util/compass/CompassUtils.java,repos/6437134/enav-util/src/test/java/dk/dma/enav/util/compass/CompassUtils_RBL4_262d6b6cTest.java,enav-util,D:\A_ThucNghiem\compiledrepos\6437134,D:\A_ThucNghiem\compiledrepos\6437134\enav-util\src\main\java\dk\dma\enav\util\compass\CompassUtils.java,enav-util/src/test/java/dk/dma/enav/util/compass/CompassUtils_RBL4_262d6b6cTest.java,dk.dma.enav.util.compass,1.8,Maven,"mvn -B -ntp -DskipTests -DskipITs -f ""${REPO_DIR}\enav-util\pom.xml"" clean test-compile","mvn -B -ntp -DskipTests -DskipITs -f ""${REPO_DIR}/enav-util/pom.xml"" clean test-compile",v3:6437134:maven:enav-util,1,1,1,0,0,PASS,PASS,PASS,ok,sandbox readiness passed,D:\A_ThucNghiem\scripts_v2\workspaces\20260724_010022_d3f7f7b1__baseline_readiness\129_6437134_262d6b6c,2.407,PASS
6437134,https://github.com/dma-enav/e-Navigation,42840b63789a8dee0fa330efb44678417e08d127,6437134:enav-model/src/main/java/dk/dma/enav/model/geometry/ellipse.java,Ellipse,enav-model/src/main/java/dk/dma/enav/model/geometry/Ellipse.java,7,142,1278,15,11,4,24,1.6,maven,.,enav-model,enav-model,maven:enav-model,unknown,8,main,5,941d66e7f95e7bdf37bf0c7b6dd5f330ea2b35c7a6b624f56d24dda3af5a9acb,42,sha256_repo_balanced_v3_1,higher_complexity_half,,,repos/successful/6437134,promoted,158,157,remaining240,class_sampling_manifest_final_seed42.csv,2026-07-23T11:07:03+00:00,per_repo_2class_pilot_complexity_half_then_selection_rank_seed42,130,6437134,Ellipse,Ellipse_RBL4_2da8caedTest,repos/6437134/enav-model/src/main/java/dk/dma/enav/model/geometry/Ellipse.java,repos/6437134/enav-model/src/test/java/dk/dma/enav/model/geometry/Ellipse_RBL4_2da8caedTest.java,enav-model,D:\A_ThucNghiem\compiledrepos\6437134,D:\A_ThucNghiem\compiledrepos\6437134\enav-model\src\main\java\dk\dma\enav\model\geometry\Ellipse.java,enav-model/src/test/java/dk/dma/enav/model/geometry/Ellipse_RBL4_2da8caedTest.java,dk.dma.enav.model.geometry,1.8,Maven,"mvn -B -ntp -DskipTests -DskipITs -f ""${REPO_DIR}\pom.xml"" -pl enav-model -am clean test-compile","mvn -B -ntp -DskipTests -DskipITs -f ""${REPO_DIR}/pom.xml"" -pl enav-model -am clean test-compile",v3:6437134:maven:enav-model,1,1,1,0,0,PASS,PASS,PASS,ok,sandbox readiness passed,D:\A_ThucNghiem\scripts_v2\workspaces\20260724_010022_d3f7f7b1__baseline_readiness\130_6437134_2da8caed,21.147,PASS
6437134,https://github.com/dma-enav/e-Navigation,42840b63789a8dee0fa330efb44678417e08d127,6437134:enav-model/src/main/java/dk/dma/enav/model/geometry/boundingbox.java,BoundingBox,enav-model/src/main/java/dk/dma/enav/model/geometry/BoundingBox.java,1,135,927,23,20,6,40,1.7391304347826086,maven,.,enav-model,enav-model,maven:enav-model,unknown,8,main,3,6c4223f1a6b857ebaccd6efb868e782573a402324a23ff1d3ada66fbd9d6f8a5,42,sha256_repo_balanced_v3_1,higher_complexity_half,,,repos/successful/6437134,promoted,212,211,remaining240,class_sampling_manifest_final_seed42.csv,2026-07-23T11:07:03+00:00,per_repo_2class_pilot_complexity_half_then_selection_rank_seed42,131,6437134,BoundingBox,BoundingBox_RBL4_1f61159dTest,repos/6437134/enav-model/src/main/java/dk/dma/enav/model/geometry/BoundingBox.java,repos/6437134/enav-model/src/test/java/dk/dma/enav/model/geometry/BoundingBox_RBL4_1f61159dTest.java,enav-model,D:\A_ThucNghiem\compiledrepos\6437134,D:\A_ThucNghiem\compiledrepos\6437134\enav-model\src\main\java\dk\dma\enav\model\geometry\BoundingBox.java,enav-model/src/test/java/dk/dma/enav/model/geometry/BoundingBox_RBL4_1f61159dTest.java,dk.dma.enav.model.geometry,1.8,Maven,"mvn -B -ntp -DskipTests -DskipITs -f ""${REPO_DIR}\pom.xml"" -pl enav-model -am clean test-compile","mvn -B -ntp -DskipTests -DskipITs -f ""${REPO_DIR}/pom.xml"" -pl enav-model -am clean test-compile",v3:6437134:maven:enav-model,1,1,1,0,0,PASS,FAIL,FAIL,sandbox_prepare_failed,KeyError: 'Focal_Class',,0.099,PASS
6437134,https://github.com/dma-enav/e-Navigation,42840b63789a8dee0fa330efb44678417e08d127,6437134:enav-serialization/src/main/java/dk/dma/enav/serialization/routerouteparser.java,RouteRouteParser,enav-serialization/src/main/java/dk/dma/enav/serialization/RouteRouteParser.java,2,134,1124,7,1,7,24,3.4285714285714284,maven,.,enav-serialization,enav-serialization,maven:enav-serialization,unknown,8,main,2,33ec8289d93eb3407309745694e49666f452293ec85bc36f17f3e8ac25056bcb,42,sha256_repo_balanced_v3_1,higher_complexity_half,,,repos/successful/6437134,promoted,225,224,remaining240,class_sampling_manifest_final_seed42.csv,2026-07-23T11:07:03+00:00,per_repo_2class_pilot_complexity_half_then_selection_rank_seed42,132,6437134,RouteRouteParser,RouteRouteParser_RBL4_6c97342fTest,repos/6437134/enav-serialization/src/main/java/dk/dma/enav/serialization/RouteRouteParser.java,repos/6437134/enav-serialization/src/test/java/dk/dma/enav/serialization/RouteRouteParser_RBL4_6c97342fTest.java,enav-serialization,D:\A_ThucNghiem\compiledrepos\6437134,D:\A_ThucNghiem\compiledrepos\6437134\enav-serialization\src\main\java\dk\dma\enav\serialization\RouteRouteParser.java,enav-serialization/src/test/java/dk/dma/enav/serialization/RouteRouteParser_RBL4_6c97342fTest.java,dk.dma.enav.serialization,1.8,Maven,"mvn -B -ntp -DskipTests -DskipITs -f ""${REPO_DIR}\pom.xml"" -pl enav-serialization -am clean test-compile","mvn -B -ntp -DskipTests -DskipITs -f ""${REPO_DIR}/pom.xml"" -pl enav-serialization -am clean test-compile",v3:6437134:maven:enav-serialization,1,1,1,0,0,PASS,PASS,PASS,ok,sandbox readiness passed,D:\A_ThucNghiem\scripts_v2\workspaces\20260724_010022_d3f7f7b1__baseline_readiness\132_6437134_6c97342f,10.975,PASS
6437134,https://github.com/dma-enav/e-Navigation,42840b63789a8dee0fa330efb44678417e08d127,6437134:enav-serialization/src/main/java/dk/dma/enav/serialization/rourouteparser.java,RouRouteParser,enav-serialization/src/main/java/dk/dma/enav/serialization/RouRouteParser.java,1,139,1049,7,1,14,32,4.571428571428571,maven,.,enav-serialization,enav-serialization,maven:enav-serialization,unknown,8,main,8,a7da3a0484e6f685012a25a89101d5073a17842c354855f412c2c11f2c1678db,42,sha256_repo_balanced_v3_1,higher_complexity_half,,,repos/successful/6437134,promoted,285,284,remaining240,class_sampling_manifest_final_seed42.csv,2026-07-23T11:07:03+00:00,per_repo_2class_pilot_complexity_half_then_selection_rank_seed42,133,6437134,RouRouteParser,RouRouteParser_RBL4_4b2ecd0dTest,repos/6437134/enav-serialization/src/main/java/dk/dma/enav/serialization/RouRouteParser.java,repos/6437134/enav-serialization/src/test/java/dk/dma/enav/serialization/RouRouteParser_RBL4_4b2ecd0dTest.java,enav-serialization,D:\A_ThucNghiem\compiledrepos\6437134,D:\A_ThucNghiem\compiledrepos\6437134\enav-serialization\src\main\java\dk\dma\enav\serialization\RouRouteParser.java,enav-serialization/src/test/java/dk/dma/enav/serialization/RouRouteParser_RBL4_4b2ecd0dTest.java,dk.dma.enav.serialization,1.8,Maven,"mvn -B -ntp -DskipTests -DskipITs -f ""${REPO_DIR}\pom.xml"" -pl enav-serialization -am clean test-compile","mvn -B -ntp -DskipTests -DskipITs -f ""${REPO_DIR}/pom.xml"" -pl enav-serialization -am clean test-compile",v3:6437134:maven:enav-serialization,1,1,1,0,0,PASS,PASS,PASS,ok,sandbox readiness passed,D:\A_ThucNghiem\scripts_v2\workspaces\20260724_010022_d3f7f7b1__baseline_readiness\133_6437134_4b2ecd0d,20.207,PASS
6437134,https://github.com/dma-enav/e-Navigation,42840b63789a8dee0fa330efb44678417e08d127,6437134:enav-serialization/src/main/java/dk/dma/enav/serialization/simplerouteparser.java,SimpleRouteParser,enav-serialization/src/main/java/dk/dma/enav/serialization/SimpleRouteParser.java,1,133,933,8,1,18,26,3.25,maven,.,enav-serialization,enav-serialization,maven:enav-serialization,unknown,8,main,10,acfd8aa6f3fee2b7b35c0ff52466962e20cd71cc800c411a7a3dde40c71f1457,42,sha256_repo_balanced_v3_1,higher_complexity_half,,,repos/successful/6437134,promoted,292,291,remaining240,class_sampling_manifest_final_seed42.csv,2026-07-23T11:07:03+00:00,per_repo_2class_pilot_complexity_half_then_selection_rank_seed42,134,6437134,SimpleRouteParser,SimpleRouteParser_RBL4_3ed00afbTest,repos/6437134/enav-serialization/src/main/java/dk/dma/enav/serialization/SimpleRouteParser.java,repos/6437134/enav-serialization/src/test/java/dk/dma/enav/serialization/SimpleRouteParser_RBL4_3ed00afbTest.java,enav-serialization,D:\A_ThucNghiem\compiledrepos\6437134,D:\A_ThucNghiem\compiledrepos\6437134\enav-serialization\src\main\java\dk\dma\enav\serialization\SimpleRouteParser.java,enav-serialization/src/test/java/dk/dma/enav/serialization/SimpleRouteParser_RBL4_3ed00afbTest.java,dk.dma.enav.serialization,1.8,Maven,"mvn -B -ntp -DskipTests -DskipITs -f ""${REPO_DIR}\pom.xml"" -pl enav-serialization -am clean test-compile","mvn -B -ntp -DskipTests -DskipITs -f ""${REPO_DIR}/pom.xml"" -pl enav-serialization -am clean test-compile",v3:6437134:maven:enav-serialization,1,1,1,0,0,PASS,PASS,PASS,ok,sandbox readiness passed,D:\A_ThucNghiem\scripts_v2\workspaces\20260724_010022_d3f7f7b1__baseline_readiness\134_6437134_3ed00afb,18.247,PASS
6437134,https://github.com/dma-enav/e-Navigation,42840b63789a8dee0fa330efb44678417e08d127,6437134:enav-serialization/src/main/java/dk/dma/enav/serialization/rt3routeparser.java,Rt3RouteParser,enav-serialization/src/main/java/dk/dma/enav/serialization/Rt3RouteParser.java,3,137,1139,4,1,29,33,8.25,maven,.,enav-serialization,enav-serialization,maven:enav-serialization,unknown,8,main,9,a9ce461d39f33a480428b1d23936bf1f563d97c324669a089dba125e390495f8,42,sha256_repo_balanced_v3_1,higher_complexity_half,,,repos/successful/6437134,promoted,298,297,remaining240,class_sampling_manifest_final_seed42.csv,2026-07-23T11:07:03+00:00,per_repo_2class_pilot_complexity_half_then_selection_rank_seed42,135,6437134,Rt3RouteParser,Rt3RouteParser_RBL4_b2fce36cTest,repos/6437134/enav-serialization/src/main/java/dk/dma/enav/serialization/Rt3RouteParser.java,repos/6437134/enav-serialization/src/test/java/dk/dma/enav/serialization/Rt3RouteParser_RBL4_b2fce36cTest.java,enav-serialization,D:\A_ThucNghiem\compiledrepos\6437134,D:\A_ThucNghiem\compiledrepos\6437134\enav-serialization\src\main\java\dk\dma\enav\serialization\Rt3RouteParser.java,enav-serialization/src/test/java/dk/dma/enav/serialization/Rt3RouteParser_RBL4_b2fce36cTest.java,dk.dma.enav.serialization,1.8,Maven,"mvn -B -ntp -DskipTests -DskipITs -f ""${REPO_DIR}\pom.xml"" -pl enav-serialization -am clean test-compile","mvn -B -ntp -DskipTests -DskipITs -f ""${REPO_DIR}/pom.xml"" -pl enav-serialization -am clean test-compile",v3:6437134:maven:enav-serialization,1,1,1,0,0,PASS,PASS,PASS,ok,sandbox readiness passed,D:\A_ThucNghiem\scripts_v2\workspaces\20260724_010022_d3f7f7b1__baseline_readiness\135_6437134_b2fce36c,25.268,PASS
64487983,https://github.com/ErnestMing/JavaDesignPartternImpl,34431d71b4a00ef79895db9aaca30020baace209,64487983:dependency-injection/src/main/java/com/iluwatar/dependency/injection/app.java,App,dependency-injection/src/main/java/com/iluwatar/dependency/injection/App.java,1,14,107,1,1,1,1,1.0,maven,.,dependency-injection,dependency-injection,maven:dependency-injection,8,8,main,8,6bb4bacc51e2a366ce4b5a263f47f8b0366581d1a1063e6288ef86a9776dd25a,42,sha256_repo_balanced_v3_1,lower_complexity_half,,,repos/successful/64487983,promoted_before_storage_audit,5,4,remaining240,class_sampling_manifest_final_seed42.csv,2026-07-23T11:07:03+00:00,per_repo_2class_pilot_complexity_half_then_selection_rank_seed42,136,64487983,App,App_RBL4_f077e771Test,repos/64487983/dependency-injection/src/main/java/com/iluwatar/dependency/injection/App.java,repos/64487983/dependency-injection/src/test/java/com/iluwatar/dependency/injection/App_RBL4_f077e771Test.java,dependency-injection,D:\A_ThucNghiem\compiledrepos\64487983,D:\A_ThucNghiem\compiledrepos\64487983\dependency-injection\src\main\java\com\iluwatar\dependency\injection\App.java,dependency-injection/src/test/java/com/iluwatar/dependency/injection/App_RBL4_f077e771Test.java,com.iluwatar.dependency.injection,1.8,Maven,"mvn -B -ntp -DskipTests -DskipITs -f ""${REPO_DIR}\dependency-injection\pom.xml"" clean test-compile","mvn -B -ntp -DskipTests -DskipITs -f ""${REPO_DIR}/dependency-injection/pom.xml"" clean test-compile",v3:64487983:maven:dependency-injection,1,1,1,0,0,PASS,PASS,PASS,ok,sandbox readiness passed,D:\A_ThucNghiem\scripts_v2\workspaces\20260724_010022_d3f7f7b1__baseline_readiness\136_64487983_f077e771,30.043,PASS
64487983,https://github.com/ErnestMing/JavaDesignPartternImpl,34431d71b4a00ef79895db9aaca30020baace209,64487983:dependency-injection/src/main/java/com/iluwatar/dependency/injection/guicewizard.java,GuiceWizard,dependency-injection/src/main/java/com/iluwatar/dependency/injection/GuiceWizard.java,2,13,59,2,1,1,2,1.0,maven,.,dependency-injection,dependency-injection,maven:dependency-injection,8,8,main,6,3f66e4d29da4f483b98898143a5d94dca033d1cf14152870e878fd0ad6a272e0,42,sha256_repo_balanced_v3_1,lower_complexity_half,,,repos/successful/64487983,promoted_before_storage_audit,14,13,remaining240,class_sampling_manifest_final_seed42.csv,2026-07-23T11:07:03+00:00,per_repo_2class_pilot_complexity_half_then_selection_rank_seed42,137,64487983,GuiceWizard,GuiceWizard_RBL4_f36a1968Test,repos/64487983/dependency-injection/src/main/java/com/iluwatar/dependency/injection/GuiceWizard.java,repos/64487983/dependency-injection/src/test/java/com/iluwatar/dependency/injection/GuiceWizard_RBL4_f36a1968Test.java,dependency-injection,D:\A_ThucNghiem\compiledrepos\64487983,D:\A_ThucNghiem\compiledrepos\64487983\dependency-injection\src\main\java\com\iluwatar\dependency\injection\GuiceWizard.java,dependency-injection/src/test/java/com/iluwatar/dependency/injection/GuiceWizard_RBL4_f36a1968Test.java,com.iluwatar.dependency.injection,1.8,Maven,"mvn -B -ntp -DskipTests -DskipITs -f ""${REPO_DIR}\dependency-injection\pom.xml"" clean test-compile","mvn -B -ntp -DskipTests -DskipITs -f ""${REPO_DIR}/dependency-injection/pom.xml"" clean test-compile",v3:64487983:maven:dependency-injection,1,1,1,0,0,PASS,PASS,PASS,ok,sandbox readiness passed,D:\A_ThucNghiem\scripts_v2\workspaces\20260724_010022_d3f7f7b1__baseline_readiness\137_64487983_f36a1968,28.627,PASS
64487983,https://github.com/ErnestMing/JavaDesignPartternImpl,34431d71b4a00ef79895db9aaca30020baace209,64487983:bridge/src/main/java/com/iluwatar/bridge/souleatingmagicweapon.java,SoulEatingMagicWeapon,bridge/src/main/java/com/iluwatar/bridge/SoulEatingMagicWeapon.java,1,25,108,6,5,1,6,1.0,maven,.,bridge,bridge,maven:bridge,8,8,main,2,1206913d8dbcff1f0f172156c461007fa9478b77eb9d3d9bea3d646215450634,42,sha256_repo_balanced_v3_1,lower_complexity_half,,,repos/successful/64487983,promoted_before_storage_audit,28,27,remaining240,class_sampling_manifest_final_seed42.csv,2026-07-23T11:07:03+00:00,per_repo_2class_pilot_complexity_half_then_selection_rank_seed42,138,64487983,SoulEatingMagicWeapon,SoulEatingMagicWeapon_RBL4_e5ac9b33Test,repos/64487983/bridge/src/main/java/com/iluwatar/bridge/SoulEatingMagicWeapon.java,repos/64487983/bridge/src/test/java/com/iluwatar/bridge/SoulEatingMagicWeapon_RBL4_e5ac9b33Test.java,bridge,D:\A_ThucNghiem\compiledrepos\64487983,D:\A_ThucNghiem\compiledrepos\64487983\bridge\src\main\java\com\iluwatar\bridge\SoulEatingMagicWeapon.java,bridge/src/test/java/com/iluwatar/bridge/SoulEatingMagicWeapon_RBL4_e5ac9b33Test.java,com.iluwatar.bridge,1.8,Maven,"mvn -B -ntp -DskipTests -DskipITs -f ""${REPO_DIR}\bridge\pom.xml"" clean test-compile","mvn -B -ntp -DskipTests -DskipITs -f ""${REPO_DIR}/bridge/pom.xml"" clean test-compile",v3:64487983:maven:bridge,1,1,1,0,0,PASS,PASS,PASS,ok,sandbox readiness passed,D:\A_ThucNghiem\scripts_v2\workspaces\20260724_010022_d3f7f7b1__baseline_readiness\138_64487983_e5ac9b33,20.434,PASS
64487983,https://github.com/ErnestMing/JavaDesignPartternImpl,34431d71b4a00ef79895db9aaca30020baace209,64487983:bridge/src/main/java/com/iluwatar/bridge/blindingmagicweapon.java,BlindingMagicWeapon,bridge/src/main/java/com/iluwatar/bridge/BlindingMagicWeapon.java,1,25,108,6,5,1,6,1.0,maven,.,bridge,bridge,maven:bridge,8,8,main,5,39213753559912db855155dcea547f93efd5d21b8ceddfc083218623284815bf,42,sha256_repo_balanced_v3_1,lower_complexity_half,,,repos/successful/64487983,promoted_before_storage_audit,30,29,remaining240,class_sampling_manifest_final_seed42.csv,2026-07-23T11:07:03+00:00,per_repo_2class_pilot_complexity_half_then_selection_rank_seed42,139,64487983,BlindingMagicWeapon,BlindingMagicWeapon_RBL4_0f46d2c5Test,repos/64487983/bridge/src/main/java/com/iluwatar/bridge/BlindingMagicWeapon.java,repos/64487983/bridge/src/test/java/com/iluwatar/bridge/BlindingMagicWeapon_RBL4_0f46d2c5Test.java,bridge,D:\A_ThucNghiem\compiledrepos\64487983,D:\A_ThucNghiem\compiledrepos\64487983\bridge\src\main\java\com\iluwatar\bridge\BlindingMagicWeapon.java,bridge/src/test/java/com/iluwatar/bridge/BlindingMagicWeapon_RBL4_0f46d2c5Test.java,com.iluwatar.bridge,1.8,Maven,"mvn -B -ntp -DskipTests -DskipITs -f ""${REPO_DIR}\bridge\pom.xml"" clean test-compile","mvn -B -ntp -DskipTests -DskipITs -f ""${REPO_DIR}/bridge/pom.xml"" clean test-compile",v3:64487983:maven:bridge,1,1,1,0,0,PASS,PASS,PASS,ok,sandbox readiness passed,D:\A_ThucNghiem\scripts_v2\workspaces\20260724_010022_d3f7f7b1__baseline_readiness\139_64487983_0f46d2c5,12.597,PASS
64487983,https://github.com/ErnestMing/JavaDesignPartternImpl,34431d71b4a00ef79895db9aaca30020baace209,64487983:bridge/src/main/java/com/iluwatar/bridge/flyingmagicweapon.java,FlyingMagicWeapon,bridge/src/main/java/com/iluwatar/bridge/FlyingMagicWeapon.java,1,24,106,6,5,1,6,1.0,maven,.,bridge,bridge,maven:bridge,8,8,main,9,746289523dca000944882ac16646abc80b2f6f3375058fa693566db73a89a319,42,sha256_repo_balanced_v3_1,lower_complexity_half,,,repos/successful/64487983,promoted_before_storage_audit,32,31,remaining240,class_sampling_manifest_final_seed42.csv,2026-07-23T11:07:03+00:00,per_repo_2class_pilot_complexity_half_then_selection_rank_seed42,140,64487983,FlyingMagicWeapon,FlyingMagicWeapon_RBL4_65b25ee1Test,repos/64487983/bridge/src/main/java/com/iluwatar/bridge/FlyingMagicWeapon.java,repos/64487983/bridge/src/test/java/com/iluwatar/bridge/FlyingMagicWeapon_RBL4_65b25ee1Test.java,bridge,D:\A_ThucNghiem\compiledrepos\64487983,D:\A_ThucNghiem\compiledrepos\64487983\bridge\src\main\java\com\iluwatar\bridge\FlyingMagicWeapon.java,bridge/src/test/java/com/iluwatar/bridge/FlyingMagicWeapon_RBL4_65b25ee1Test.java,com.iluwatar.bridge,1.8,Maven,"mvn -B -ntp -DskipTests -DskipITs -f ""${REPO_DIR}\bridge\pom.xml"" clean test-compile","mvn -B -ntp -DskipTests -DskipITs -f ""${REPO_DIR}/bridge/pom.xml"" clean test-compile",v3:64487983:maven:bridge,1,1,1,0,0,PASS,PASS,PASS,ok,sandbox readiness passed,D:\A_ThucNghiem\scripts_v2\workspaces\20260724_010022_d3f7f7b1__baseline_readiness\140_64487983_65b25ee1,3.912,PASS
64487983,https://github.com/ErnestMing/JavaDesignPartternImpl,34431d71b4a00ef79895db9aaca30020baace209,64487983:hexagonal/src/main/java/com/iluwatar/hexagonal/app.java,App,hexagonal/src/main/java/com/iluwatar/hexagonal/App.java,1,82,976,3,1,2,4,1.3333333333333333,maven,.,hexagonal,hexagonal,maven:hexagonal,8,8,main,10,b43eb2b6da767b8d2ff83d14a4c8312877df380c74f63db5140493cc7206290f,42,sha256_repo_balanced_v3_1,lower_complexity_half,,,repos/successful/64487983,promoted_before_storage_audit,51,50,remaining240,class_sampling_manifest_final_seed42.csv,2026-07-23T11:07:03+00:00,per_repo_2class_pilot_complexity_half_then_selection_rank_seed42,141,64487983,App,App_RBL4_735c5bfeTest,repos/64487983/hexagonal/src/main/java/com/iluwatar/hexagonal/App.java,repos/64487983/hexagonal/src/test/java/com/iluwatar/hexagonal/App_RBL4_735c5bfeTest.java,hexagonal,D:\A_ThucNghiem\compiledrepos\64487983,D:\A_ThucNghiem\compiledrepos\64487983\hexagonal\src\main\java\com\iluwatar\hexagonal\App.java,hexagonal/src/test/java/com/iluwatar/hexagonal/App_RBL4_735c5bfeTest.java,com.iluwatar.hexagonal,1.8,Maven,"mvn -B -ntp -DskipTests -DskipITs -f ""${REPO_DIR}\hexagonal\pom.xml"" clean test-compile","mvn -B -ntp -DskipTests -DskipITs -f ""${REPO_DIR}/hexagonal/pom.xml"" clean test-compile",v3:64487983:maven:hexagonal,1,1,1,0,0,PASS,PASS,PASS,ok,sandbox readiness passed,D:\A_ThucNghiem\scripts_v2\workspaces\20260724_010022_d3f7f7b1__baseline_readiness\141_64487983_735c5bfe,3.927,PASS
64487983,https://github.com/ErnestMing/JavaDesignPartternImpl,34431d71b4a00ef79895db9aaca30020baace209,64487983:hexagonal/src/main/java/com/iluwatar/hexagonal/domain/lotterynumbers.java,LotteryNumbers,hexagonal/src/main/java/com/iluwatar/hexagonal/domain/LotteryNumbers.java,1,76,445,10,6,7,19,1.9,maven,.,hexagonal,hexagonal,maven:hexagonal,8,8,main,4,2610ab20822250cae108e6dffc154f4f2ab5a85158440a5bbbf5111ef0a55a71,42,sha256_repo_balanced_v3_1,higher_complexity_half,,,repos/successful/64487983,promoted_before_storage_audit,222,221,remaining240,class_sampling_manifest_final_seed42.csv,2026-07-23T11:07:03+00:00,per_repo_2class_pilot_complexity_half_then_selection_rank_seed42,142,64487983,LotteryNumbers,LotteryNumbers_RBL4_eef37d9aTest,repos/64487983/hexagonal/src/main/java/com/iluwatar/hexagonal/domain/LotteryNumbers.java,repos/64487983/hexagonal/src/test/java/com/iluwatar/hexagonal/domain/LotteryNumbers_RBL4_eef37d9aTest.java,hexagonal,D:\A_ThucNghiem\compiledrepos\64487983,D:\A_ThucNghiem\compiledrepos\64487983\hexagonal\src\main\java\com\iluwatar\hexagonal\domain\LotteryNumbers.java,hexagonal/src/test/java/com/iluwatar/hexagonal/domain/LotteryNumbers_RBL4_eef37d9aTest.java,com.iluwatar.hexagonal.domain,1.8,Maven,"mvn -B -ntp -DskipTests -DskipITs -f ""${REPO_DIR}\hexagonal\pom.xml"" clean test-compile","mvn -B -ntp -DskipTests -DskipITs -f ""${REPO_DIR}/hexagonal/pom.xml"" clean test-compile",v3:64487983:maven:hexagonal,1,1,1,0,0,PASS,PASS,PASS,ok,sandbox readiness passed,D:\A_ThucNghiem\scripts_v2\workspaces\20260724_010022_d3f7f7b1__baseline_readiness\142_64487983_eef37d9a,3.938,PASS
64487983,https://github.com/ErnestMing/JavaDesignPartternImpl,34431d71b4a00ef79895db9aaca30020baace209,64487983:hexagonal/src/main/java/com/iluwatar/hexagonal/domain/playerdetails.java,PlayerDetails,hexagonal/src/main/java/com/iluwatar/hexagonal/domain/PlayerDetails.java,1,67,379,7,6,13,22,3.142857142857143,maven,.,hexagonal,hexagonal,maven:hexagonal,8,8,main,7,4e72730cdd9b66384c8476bac5f0f186a7fa455498e376a8aeb9bcbd8bdf7291,42,sha256_repo_balanced_v3_1,higher_complexity_half,,,repos/successful/64487983,promoted_before_storage_audit,279,278,remaining240,class_sampling_manifest_final_seed42.csv,2026-07-23T11:07:03+00:00,per_repo_2class_pilot_complexity_half_then_selection_rank_seed42,143,64487983,PlayerDetails,PlayerDetails_RBL4_77b9df0eTest,repos/64487983/hexagonal/src/main/java/com/iluwatar/hexagonal/domain/PlayerDetails.java,repos/64487983/hexagonal/src/test/java/com/iluwatar/hexagonal/domain/PlayerDetails_RBL4_77b9df0eTest.java,hexagonal,D:\A_ThucNghiem\compiledrepos\64487983,D:\A_ThucNghiem\compiledrepos\64487983\hexagonal\src\main\java\com\iluwatar\hexagonal\domain\PlayerDetails.java,hexagonal/src/test/java/com/iluwatar/hexagonal/domain/PlayerDetails_RBL4_77b9df0eTest.java,com.iluwatar.hexagonal.domain,1.8,Maven,"mvn -B -ntp -DskipTests -DskipITs -f ""${REPO_DIR}\hexagonal\pom.xml"" clean test-compile","mvn -B -ntp -DskipTests -DskipITs -f ""${REPO_DIR}/hexagonal/pom.xml"" clean test-compile",v3:64487983:maven:hexagonal,1,1,1,0,0,PASS,PASS,PASS,ok,sandbox readiness passed,D:\A_ThucNghiem\scripts_v2\workspaces\20260724_010022_d3f7f7b1__baseline_readiness\143_64487983_77b9df0e,3.931,PASS
66303306,https://github.com/bazaarvoice/emodb,8184514eb831eb9f874718741ab701d2d02a638c,66303306:event/src/main/java/com/bazaarvoice/emodb/event/eventstoremodule.java,EventStoreModule,event/src/main/java/com/bazaarvoice/emodb/event/EventStoreModule.java,1,98,1110,4,1,1,4,1.0,maven,.,event,event,maven:event,unknown,8,main,8,96668e1f0387238c896905578184e233093a771d4a67721cc7aba4496953c270,42,sha256_repo_balanced_v3_1,lower_complexity_half,,,repos/successful/66303306,promoted,26,25,remaining240,class_sampling_manifest_final_seed42.csv,2026-07-23T11:07:03+00:00,per_repo_2class_pilot_complexity_half_then_selection_rank_seed42,144,66303306,EventStoreModule,EventStoreModule_RBL4_40681041Test,repos/66303306/event/src/main/java/com/bazaarvoice/emodb/event/EventStoreModule.java,repos/66303306/event/src/test/java/com/bazaarvoice/emodb/event/EventStoreModule_RBL4_40681041Test.java,event,D:\A_ThucNghiem\compiledrepos\66303306,D:\A_ThucNghiem\compiledrepos\66303306\event\src\main\java\com\bazaarvoice\emodb\event\EventStoreModule.java,event/src/test/java/com/bazaarvoice/emodb/event/EventStoreModule_RBL4_40681041Test.java,com.bazaarvoice.emodb.event,1.8,Maven,"mvn -B -ntp -DskipTests -DskipITs -f ""${REPO_DIR}\pom.xml"" -pl event -am clean test-compile","mvn -B -ntp -DskipTests -DskipITs -f ""${REPO_DIR}/pom.xml"" -pl event -am clean test-compile",v3:66303306:maven:event,1,1,1,0,0,PASS,PASS,PASS,ok,sandbox readiness passed,D:\A_ThucNghiem\scripts_v2\workspaces\20260724_010022_d3f7f7b1__baseline_readiness\144_66303306_40681041,101.37,PASS
66303306,https://github.com/bazaarvoice/emodb,8184514eb831eb9f874718741ab701d2d02a638c,66303306:event/src/main/java/com/bazaarvoice/emodb/event/api/dedupeventstorechannels.java,DedupEventStoreChannels,event/src/main/java/com/bazaarvoice/emodb/event/api/DedupEventStoreChannels.java,2,56,353,9,10,3,12,1.3333333333333333,maven,.,event,event,maven:event,unknown,8,main,6,7061ebcd607aceef34bdb255820235057df6c53506688badf0e55c0a35d61ea2,42,sha256_repo_balanced_v3_1,lower_complexity_half,,,repos/successful/66303306,promoted,105,104,remaining240,class_sampling_manifest_final_seed42.csv,2026-07-23T11:07:03+00:00,per_repo_2class_pilot_complexity_half_then_selection_rank_seed42,145,66303306,DedupEventStoreChannels,DedupEventStoreChannels_RBL4_1ac113bfTest,repos/66303306/event/src/main/java/com/bazaarvoice/emodb/event/api/DedupEventStoreChannels.java,repos/66303306/event/src/test/java/com/bazaarvoice/emodb/event/api/DedupEventStoreChannels_RBL4_1ac113bfTest.java,event,D:\A_ThucNghiem\compiledrepos\66303306,D:\A_ThucNghiem\compiledrepos\66303306\event\src\main\java\com\bazaarvoice\emodb\event\api\DedupEventStoreChannels.java,event/src/test/java/com/bazaarvoice/emodb/event/api/DedupEventStoreChannels_RBL4_1ac113bfTest.java,com.bazaarvoice.emodb.event.api,1.8,Maven,"mvn -B -ntp -DskipTests -DskipITs -f ""${REPO_DIR}\pom.xml"" -pl event -am clean test-compile","mvn -B -ntp -DskipTests -DskipITs -f ""${REPO_DIR}/pom.xml"" -pl event -am clean test-compile",v3:66303306:maven:event,1,1,1,0,0,PASS,PASS,PASS,ok,sandbox readiness passed,D:\A_ThucNghiem\scripts_v2\workspaces\20260724_010022_d3f7f7b1__baseline_readiness\145_66303306_1ac113bf,118.421,PASS
66303306,https://github.com/bazaarvoice/emodb,8184514eb831eb9f874718741ab701d2d02a638c,66303306:event/src/main/java/com/bazaarvoice/emodb/event/db/astyanax/channelallocationstate.java,ChannelAllocationState,event/src/main/java/com/bazaarvoice/emodb/event/db/astyanax/ChannelAllocationState.java,5,63,417,7,6,4,13,1.8571428571428572,maven,.,event,event,maven:event,unknown,8,main,4,1cc6944bdef94cbb5c66d296a8f8360b2946232f391b135389d0b77205cbef3d,42,sha256_repo_balanced_v3_1,lower_complexity_half,,,repos/successful/66303306,promoted,141,140,remaining240,class_sampling_manifest_final_seed42.csv,2026-07-23T11:07:03+00:00,per_repo_2class_pilot_complexity_half_then_selection_rank_seed42,146,66303306,ChannelAllocationState,ChannelAllocationState_RBL4_031689bdTest,repos/66303306/event/src/main/java/com/bazaarvoice/emodb/event/db/astyanax/ChannelAllocationState.java,repos/66303306/event/src/test/java/com/bazaarvoice/emodb/event/db/astyanax/ChannelAllocationState_RBL4_031689bdTest.java,event,D:\A_ThucNghiem\compiledrepos\66303306,D:\A_ThucNghiem\compiledrepos\66303306\event\src\main\java\com\bazaarvoice\emodb\event\db\astyanax\ChannelAllocationState.java,event/src/test/java/com/bazaarvoice/emodb/event/db/astyanax/ChannelAllocationState_RBL4_031689bdTest.java,com.bazaarvoice.emodb.event.db.astyanax,1.8,Maven,"mvn -B -ntp -DskipTests -DskipITs -f ""${REPO_DIR}\pom.xml"" -pl event -am clean test-compile","mvn -B -ntp -DskipTests -DskipITs -f ""${REPO_DIR}/pom.xml"" -pl event -am clean test-compile",v3:66303306:maven:event,1,1,1,0,0,PASS,PASS,PASS,ok,sandbox readiness passed,D:\A_ThucNghiem\scripts_v2\workspaces\20260724_010022_d3f7f7b1__baseline_readiness\146_66303306_031689bd,84.407,PASS
66303306,https://github.com/bazaarvoice/emodb,8184514eb831eb9f874718741ab701d2d02a638c,66303306:web/src/main/java/com/bazaarvoice/emodb/web/partition/partitionawareservicefactory.java,PartitionAwareServiceFactory,web/src/main/java/com/bazaarvoice/emodb/web/partition/PartitionAwareServiceFactory.java,4,111,798,11,7,4,18,1.6363636363636365,maven,.,web,web,maven:web,unknown,8,main,3,19848bd9de8eb40bc62f3e8047046fd5123ef26c9f1b0ec662274cd4c3e1701c,42,sha256_repo_balanced_v3_1,higher_complexity_half,,,repos/successful/66303306,promoted,152,151,remaining240,class_sampling_manifest_final_seed42.csv,2026-07-23T11:07:03+00:00,per_repo_2class_pilot_complexity_half_then_selection_rank_seed42,147,66303306,PartitionAwareServiceFactory,PartitionAwareServiceFactory_RBL4_e6c37a47Test,repos/66303306/web/src/main/java/com/bazaarvoice/emodb/web/partition/PartitionAwareServiceFactory.java,repos/66303306/web/src/test/java/com/bazaarvoice/emodb/web/partition/PartitionAwareServiceFactory_RBL4_e6c37a47Test.java,web,D:\A_ThucNghiem\compiledrepos\66303306,D:\A_ThucNghiem\compiledrepos\66303306\web\src\main\java\com\bazaarvoice\emodb\web\partition\PartitionAwareServiceFactory.java,web/src/test/java/com/bazaarvoice/emodb/web/partition/PartitionAwareServiceFactory_RBL4_e6c37a47Test.java,com.bazaarvoice.emodb.web.partition,1.8,Maven,"mvn -B -ntp -DskipTests -DskipITs -f ""${REPO_DIR}\pom.xml"" -pl web -am clean test-compile","mvn -B -ntp -DskipTests -DskipITs -f ""${REPO_DIR}/pom.xml"" -pl web -am clean test-compile",v3:66303306:maven:web,1,1,1,0,0,PASS,PASS,PASS,ok,sandbox readiness passed,D:\A_ThucNghiem\scripts_v2\workspaces\20260724_010022_d3f7f7b1__baseline_readiness\147_66303306_e6c37a47,154.727,PASS
66303306,https://github.com/bazaarvoice/emodb,8184514eb831eb9f874718741ab701d2d02a638c,66303306:web/src/main/java/com/bazaarvoice/emodb/web/scanner/scanuploader.java,ScanUploader,web/src/main/java/com/bazaarvoice/emodb/web/scanner/ScanUploader.java,6,205,1565,15,10,6,36,2.4,maven,.,web,web,maven:web,unknown,8,main,9,bf975385394614d5adfba81db5936a2d75219c5015ee937e88c55a0560d2a64a,42,sha256_repo_balanced_v3_1,higher_complexity_half,,,repos/successful/66303306,promoted,210,209,remaining240,class_sampling_manifest_final_seed42.csv,2026-07-23T11:07:03+00:00,per_repo_2class_pilot_complexity_half_then_selection_rank_seed42,148,66303306,ScanUploader,ScanUploader_RBL4_0559e9a5Test,repos/66303306/web/src/main/java/com/bazaarvoice/emodb/web/scanner/ScanUploader.java,repos/66303306/web/src/test/java/com/bazaarvoice/emodb/web/scanner/ScanUploader_RBL4_0559e9a5Test.java,web,D:\A_ThucNghiem\compiledrepos\66303306,D:\A_ThucNghiem\compiledrepos\66303306\web\src\main\java\com\bazaarvoice\emodb\web\scanner\ScanUploader.java,web/src/test/java/com/bazaarvoice/emodb/web/scanner/ScanUploader_RBL4_0559e9a5Test.java,com.bazaarvoice.emodb.web.scanner,1.8,Maven,"mvn -B -ntp -DskipTests -DskipITs -f ""${REPO_DIR}\pom.xml"" -pl web -am clean test-compile","mvn -B -ntp -DskipTests -DskipITs -f ""${REPO_DIR}/pom.xml"" -pl web -am clean test-compile",v3:66303306:maven:web,1,1,1,0,0,PASS,PASS,PASS,ok,sandbox readiness passed,D:\A_ThucNghiem\scripts_v2\workspaces\20260724_010022_d3f7f7b1__baseline_readiness\148_66303306_0559e9a5,134.277,PASS
66303306,https://github.com/bazaarvoice/emodb,8184514eb831eb9f874718741ab701d2d02a638c,66303306:event/src/main/java/com/bazaarvoice/emodb/event/core/defaulteventstore.java,DefaultEventStore,event/src/main/java/com/bazaarvoice/emodb/event/core/DefaultEventStore.java,1,491,3585,41,33,6,89,2.1707317073170733,maven,.,event,event,maven:event,unknown,8,main,5,2ab341cebf2e5420c8e9500763af16bd52b4cf2f3d38c733bc30f4986892df76,42,sha256_repo_balanced_v3_1,higher_complexity_half,,,repos/successful/66303306,promoted,214,213,remaining240,class_sampling_manifest_final_seed42.csv,2026-07-23T11:07:03+00:00,per_repo_2class_pilot_complexity_half_then_selection_rank_seed42,149,66303306,DefaultEventStore,DefaultEventStore_RBL4_cf4261e0Test,repos/66303306/event/src/main/java/com/bazaarvoice/emodb/event/core/DefaultEventStore.java,repos/66303306/event/src/test/java/com/bazaarvoice/emodb/event/core/DefaultEventStore_RBL4_cf4261e0Test.java,event,D:\A_ThucNghiem\compiledrepos\66303306,D:\A_ThucNghiem\compiledrepos\66303306\event\src\main\java\com\bazaarvoice\emodb\event\core\DefaultEventStore.java,event/src/test/java/com/bazaarvoice/emodb/event/core/DefaultEventStore_RBL4_cf4261e0Test.java,com.bazaarvoice.emodb.event.core,1.8,Maven,"mvn -B -ntp -DskipTests -DskipITs -f ""${REPO_DIR}\pom.xml"" -pl event -am clean test-compile","mvn -B -ntp -DskipTests -DskipITs -f ""${REPO_DIR}/pom.xml"" -pl event -am clean test-compile",v3:66303306:maven:event,1,1,1,0,0,PASS,PASS,PASS,ok,sandbox readiness passed,D:\A_ThucNghiem\scripts_v2\workspaces\20260724_010022_d3f7f7b1__baseline_readiness\149_66303306_cf4261e0,33.223,PASS
66303306,https://github.com/bazaarvoice/emodb,8184514eb831eb9f874718741ab701d2d02a638c,66303306:web/src/main/java/com/bazaarvoice/emodb/web/scanner/scanstatus/datastorescanstatusdao.java,DataStoreScanStatusDAO,web/src/main/java/com/bazaarvoice/emodb/web/scanner/scanstatus/DataStoreScanStatusDAO.java,2,284,2658,18,13,8,41,2.2777777777777777,maven,.,web,web,maven:web,unknown,8,main,10,d8c939aaa5d5d8e2e700ef8c5e3bb56fdf6cf334bc82ac9234ce9dd20db2f0dd,42,sha256_repo_balanced_v3_1,higher_complexity_half,,,repos/successful/66303306,promoted,242,241,remaining240,class_sampling_manifest_final_seed42.csv,2026-07-23T11:07:03+00:00,per_repo_2class_pilot_complexity_half_then_selection_rank_seed42,150,66303306,DataStoreScanStatusDAO,DataStoreScanStatusDAO_RBL4_09996397Test,repos/66303306/web/src/main/java/com/bazaarvoice/emodb/web/scanner/scanstatus/DataStoreScanStatusDAO.java,repos/66303306/web/src/test/java/com/bazaarvoice/emodb/web/scanner/scanstatus/DataStoreScanStatusDAO_RBL4_09996397Test.java,web,D:\A_ThucNghiem\compiledrepos\66303306,D:\A_ThucNghiem\compiledrepos\66303306\web\src\main\java\com\bazaarvoice\emodb\web\scanner\scanstatus\DataStoreScanStatusDAO.java,web/src/test/java/com/bazaarvoice/emodb/web/scanner/scanstatus/DataStoreScanStatusDAO_RBL4_09996397Test.java,com.bazaarvoice.emodb.web.scanner.scanstatus,1.8,Maven,"mvn -B -ntp -DskipTests -DskipITs -f ""${REPO_DIR}\pom.xml"" -pl web -am clean test-compile","mvn -B -ntp -DskipTests -DskipITs -f ""${REPO_DIR}/pom.xml"" -pl web -am clean test-compile",v3:66303306:maven:web,1,1,1,0,0,PASS,PASS,PASS,ok,sandbox readiness passed,D:\A_ThucNghiem\scripts_v2\workspaces\20260724_010022_d3f7f7b1__baseline_readiness\150_66303306_09996397,163.834,PASS
66303306,https://github.com/bazaarvoice/emodb,8184514eb831eb9f874718741ab701d2d02a638c,66303306:event/src/main/java/com/bazaarvoice/emodb/event/db/astyanax/astyanaxeventreaderdao.java,AstyanaxEventReaderDAO,event/src/main/java/com/bazaarvoice/emodb/event/db/astyanax/AstyanaxEventReaderDAO.java,1,460,3506,28,16,15,82,2.9285714285714284,maven,.,event,event,maven:event,unknown,8,main,7,71d5fc1478b5c2c435d1db564af78ae289e9b7dc5f28f80603b68a580d7bf5f6,42,sha256_repo_balanced_v3_1,higher_complexity_half,,,repos/successful/66303306,promoted,288,287,remaining240,class_sampling_manifest_final_seed42.csv,2026-07-23T11:07:03+00:00,per_repo_2class_pilot_complexity_half_then_selection_rank_seed42,151,66303306,AstyanaxEventReaderDAO,AstyanaxEventReaderDAO_RBL4_e916fda0Test,repos/66303306/event/src/main/java/com/bazaarvoice/emodb/event/db/astyanax/AstyanaxEventReaderDAO.java,repos/66303306/event/src/test/java/com/bazaarvoice/emodb/event/db/astyanax/AstyanaxEventReaderDAO_RBL4_e916fda0Test.java,event,D:\A_ThucNghiem\compiledrepos\66303306,D:\A_ThucNghiem\compiledrepos\66303306\event\src\main\java\com\bazaarvoice\emodb\event\db\astyanax\AstyanaxEventReaderDAO.java,event/src/test/java/com/bazaarvoice/emodb/event/db/astyanax/AstyanaxEventReaderDAO_RBL4_e916fda0Test.java,com.bazaarvoice.emodb.event.db.astyanax,1.8,Maven,"mvn -B -ntp -DskipTests -DskipITs -f ""${REPO_DIR}\pom.xml"" -pl event -am clean test-compile","mvn -B -ntp -DskipTests -DskipITs -f ""${REPO_DIR}/pom.xml"" -pl event -am clean test-compile",v3:66303306:maven:event,1,1,1,0,0,PASS,PASS,PASS,ok,sandbox readiness passed,D:\A_ThucNghiem\scripts_v2\workspaces\20260724_010022_d3f7f7b1__baseline_readiness\151_66303306_e916fda0,21.093,PASS
6944525,https://github.com/linkedin/rest.li,8173ce2d3eb0a997f0c24df136134486fb4c3cd3,6944525:d2/src/main/java/com/linkedin/d2/discovery/stores/zk/zookeeperconnectionawarestore.java,ZooKeeperConnectionAwareStore,d2/src/main/java/com/linkedin/d2/discovery/stores/zk/ZooKeeperConnectionAwareStore.java,1,124,650,11,10,3,17,1.5454545454545454,gradle,.,d2,d2,gradle:d2,8,8,main,3,157d7ae18e001406df9dafbc2a384257d63f3c7067744b14996abfddc714092f,42,sha256_repo_balanced_v3_1,lower_complexity_half,,,repos/successful/6944525,promoted,110,109,remaining240,class_sampling_manifest_final_seed42.csv,2026-07-23T11:07:03+00:00,per_repo_2class_pilot_complexity_half_then_selection_rank_seed42,152,6944525,ZooKeeperConnectionAwareStore,ZooKeeperConnectionAwareStore_RBL4_0e47558fTest,repos/6944525/d2/src/main/java/com/linkedin/d2/discovery/stores/zk/ZooKeeperConnectionAwareStore.java,repos/6944525/d2/src/test/java/com/linkedin/d2/discovery/stores/zk/ZooKeeperConnectionAwareStore_RBL4_0e47558fTest.java,d2,D:\A_ThucNghiem\compiledrepos\6944525,D:\A_ThucNghiem\compiledrepos\6944525\d2\src\main\java\com\linkedin\d2\discovery\stores\zk\ZooKeeperConnectionAwareStore.java,d2/src/test/java/com/linkedin/d2/discovery/stores/zk/ZooKeeperConnectionAwareStore_RBL4_0e47558fTest.java,com.linkedin.d2.discovery.stores.zk,1.8,Gradle,"""${REPO_DIR}\gradlew.bat"" --no-daemon --console=plain --stacktrace :d2:clean :d2:testClasses -x test","""${REPO_DIR}/gradlew"" --no-daemon --console=plain --stacktrace :d2:clean :d2:testClasses -x test",v3:6944525:gradle:d2,1,1,1,0,0,PASS,PASS,PASS,ok,sandbox readiness passed,D:\A_ThucNghiem\scripts_v2\workspaces\20260724_010022_d3f7f7b1__baseline_readiness\152_6944525_0e47558f,250.231,PASS
6944525,https://github.com/linkedin/rest.li,8173ce2d3eb0a997f0c24df136134486fb4c3cd3,6944525:d2/src/main/java/com/linkedin/d2/discovery/event/propertyeventbusrequeststhrottler.java,PropertyEventBusRequestsThrottler,d2/src/main/java/com/linkedin/d2/discovery/event/PropertyEventBusRequestsThrottler.java,3,106,655,7,4,6,16,2.2857142857142856,gradle,.,d2,d2,gradle:d2,8,8,main,10,403b519e4011f8f727b55982314d379e227918ef22c725ec79ba627c72ff00c8,42,sha256_repo_balanced_v3_1,higher_complexity_half,,,repos/successful/6944525,promoted,199,198,remaining240,class_sampling_manifest_final_seed42.csv,2026-07-23T11:07:03+00:00,per_repo_2class_pilot_complexity_half_then_selection_rank_seed42,153,6944525,PropertyEventBusRequestsThrottler,PropertyEventBusRequestsThrottler_RBL4_41aae381Test,repos/6944525/d2/src/main/java/com/linkedin/d2/discovery/event/PropertyEventBusRequestsThrottler.java,repos/6944525/d2/src/test/java/com/linkedin/d2/discovery/event/PropertyEventBusRequestsThrottler_RBL4_41aae381Test.java,d2,D:\A_ThucNghiem\compiledrepos\6944525,D:\A_ThucNghiem\compiledrepos\6944525\d2\src\main\java\com\linkedin\d2\discovery\event\PropertyEventBusRequestsThrottler.java,d2/src/test/java/com/linkedin/d2/discovery/event/PropertyEventBusRequestsThrottler_RBL4_41aae381Test.java,com.linkedin.d2.discovery.event,1.8,Gradle,"""${REPO_DIR}\gradlew.bat"" --no-daemon --console=plain --stacktrace :d2:clean :d2:testClasses -x test","""${REPO_DIR}/gradlew"" --no-daemon --console=plain --stacktrace :d2:clean :d2:testClasses -x test",v3:6944525:gradle:d2,1,1,1,0,0,PASS,PASS,PASS,ok,sandbox readiness passed,D:\A_ThucNghiem\scripts_v2\workspaces\20260724_010022_d3f7f7b1__baseline_readiness\153_6944525_41aae381,248.567,PASS
6944525,https://github.com/linkedin/rest.li,8173ce2d3eb0a997f0c24df136134486fb4c3cd3,6944525:d2/src/main/java/com/linkedin/d2/balancer/util/hashing/ringbasedurimapper.java,RingBasedUriMapper,d2/src/main/java/com/linkedin/d2/balancer/util/hashing/RingBasedUriMapper.java,10,198,1615,13,2,6,29,2.230769230769231,gradle,.,d2,d2,gradle:d2,8,8,main,5,1bf4ca3137816b4346582c570e327559e44927717cb87345adfa680d0efce35c,42,sha256_repo_balanced_v3_1,higher_complexity_half,,,repos/successful/6944525,promoted,207,206,remaining240,class_sampling_manifest_final_seed42.csv,2026-07-23T11:07:03+00:00,per_repo_2class_pilot_complexity_half_then_selection_rank_seed42,154,6944525,RingBasedUriMapper,RingBasedUriMapper_RBL4_077b6da2Test,repos/6944525/d2/src/main/java/com/linkedin/d2/balancer/util/hashing/RingBasedUriMapper.java,repos/6944525/d2/src/test/java/com/linkedin/d2/balancer/util/hashing/RingBasedUriMapper_RBL4_077b6da2Test.java,d2,D:\A_ThucNghiem\compiledrepos\6944525,D:\A_ThucNghiem\compiledrepos\6944525\d2\src\main\java\com\linkedin\d2\balancer\util\hashing\RingBasedUriMapper.java,d2/src/test/java/com/linkedin/d2/balancer/util/hashing/RingBasedUriMapper_RBL4_077b6da2Test.java,com.linkedin.d2.balancer.util.hashing,1.8,Gradle,"""${REPO_DIR}\gradlew.bat"" --no-daemon --console=plain --stacktrace :d2:clean :d2:testClasses -x test","""${REPO_DIR}/gradlew"" --no-daemon --console=plain --stacktrace :d2:clean :d2:testClasses -x test",v3:6944525:gradle:d2,1,1,1,0,0,PASS,PASS,PASS,ok,sandbox readiness passed,D:\A_ThucNghiem\scripts_v2\workspaces\20260724_010022_d3f7f7b1__baseline_readiness\154_6944525_077b6da2,185.184,PASS
6944525,https://github.com/linkedin/rest.li,8173ce2d3eb0a997f0c24df136134486fb4c3cd3,6944525:d2/src/main/java/com/linkedin/d2/balancer/servers/zookeeperconnectionmanager.java,ZooKeeperConnectionManager,d2/src/main/java/com/linkedin/d2/balancer/servers/ZooKeeperConnectionManager.java,2,258,1298,15,13,7,30,2.0,gradle,.,d2,d2,gradle:d2,8,8,main,7,1d45bbeb8adb8bf0fedef3f9dadb7811f842738d681634377a1de920347baa79,42,sha256_repo_balanced_v3_1,higher_complexity_half,,,repos/successful/6944525,promoted,227,226,remaining240,class_sampling_manifest_final_seed42.csv,2026-07-23T11:07:03+00:00,per_repo_2class_pilot_complexity_half_then_selection_rank_seed42,155,6944525,ZooKeeperConnectionManager,ZooKeeperConnectionManager_RBL4_3804399dTest,repos/6944525/d2/src/main/java/com/linkedin/d2/balancer/servers/ZooKeeperConnectionManager.java,repos/6944525/d2/src/test/java/com/linkedin/d2/balancer/servers/ZooKeeperConnectionManager_RBL4_3804399dTest.java,d2,D:\A_ThucNghiem\compiledrepos\6944525,D:\A_ThucNghiem\compiledrepos\6944525\d2\src\main\java\com\linkedin\d2\balancer\servers\ZooKeeperConnectionManager.java,d2/src/test/java/com/linkedin/d2/balancer/servers/ZooKeeperConnectionManager_RBL4_3804399dTest.java,com.linkedin.d2.balancer.servers,1.8,Gradle,"""${REPO_DIR}\gradlew.bat"" --no-daemon --console=plain --stacktrace :d2:clean :d2:testClasses -x test","""${REPO_DIR}/gradlew"" --no-daemon --console=plain --stacktrace :d2:clean :d2:testClasses -x test",v3:6944525:gradle:d2,1,1,1,0,0,PASS,PASS,PASS,ok,sandbox readiness passed,D:\A_ThucNghiem\scripts_v2\workspaces\20260724_010022_d3f7f7b1__baseline_readiness\155_6944525_3804399d,122.729,PASS
6944525,https://github.com/linkedin/rest.li,8173ce2d3eb0a997f0c24df136134486fb4c3cd3,6944525:d2/src/main/java/com/linkedin/d2/balancer/util/warmuploadbalancer.java,WarmUpLoadBalancer,d2/src/main/java/com/linkedin/d2/balancer/util/WarmUpLoadBalancer.java,6,376,2486,17,14,8,39,2.2941176470588234,gradle,.,d2,d2,gradle:d2,8,8,main,6,1c8e4cc954f207a1217d95715701440141585ed46cccb6b69afa9a8ad8602ed0,42,sha256_repo_balanced_v3_1,higher_complexity_half,,,repos/successful/6944525,promoted,241,240,remaining240,class_sampling_manifest_final_seed42.csv,2026-07-23T11:07:03+00:00,per_repo_2class_pilot_complexity_half_then_selection_rank_seed42,156,6944525,WarmUpLoadBalancer,WarmUpLoadBalancer_RBL4_7142b9faTest,repos/6944525/d2/src/main/java/com/linkedin/d2/balancer/util/WarmUpLoadBalancer.java,repos/6944525/d2/src/test/java/com/linkedin/d2/balancer/util/WarmUpLoadBalancer_RBL4_7142b9faTest.java,d2,D:\A_ThucNghiem\compiledrepos\6944525,D:\A_ThucNghiem\compiledrepos\6944525\d2\src\main\java\com\linkedin\d2\balancer\util\WarmUpLoadBalancer.java,d2/src/test/java/com/linkedin/d2/balancer/util/WarmUpLoadBalancer_RBL4_7142b9faTest.java,com.linkedin.d2.balancer.util,1.8,Gradle,"""${REPO_DIR}\gradlew.bat"" --no-daemon --console=plain --stacktrace :d2:clean :d2:testClasses -x test","""${REPO_DIR}/gradlew"" --no-daemon --console=plain --stacktrace :d2:clean :d2:testClasses -x test",v3:6944525:gradle:d2,1,1,1,0,0,PASS,PASS,PASS,ok,sandbox readiness passed,D:\A_ThucNghiem\scripts_v2\workspaces\20260724_010022_d3f7f7b1__baseline_readiness\156_6944525_7142b9fa,122.309,PASS
6944525,https://github.com/linkedin/rest.li,8173ce2d3eb0a997f0c24df136134486fb4c3cd3,6944525:d2/src/main/java/com/linkedin/d2/balancer/strategies/relative/clientselector.java,ClientSelector,d2/src/main/java/com/linkedin/d2/balancer/strategies/relative/ClientSelector.java,7,104,632,6,2,9,17,2.8333333333333335,gradle,.,d2,d2,gradle:d2,8,8,main,9,31e3a325b3d955e634067ec89ebc4490e65579422958aa85ba1713ec787fb75d,42,sha256_repo_balanced_v3_1,higher_complexity_half,,,repos/successful/6944525,promoted,251,250,remaining240,class_sampling_manifest_final_seed42.csv,2026-07-23T11:07:03+00:00,per_repo_2class_pilot_complexity_half_then_selection_rank_seed42,157,6944525,ClientSelector,ClientSelector_RBL4_2a9168baTest,repos/6944525/d2/src/main/java/com/linkedin/d2/balancer/strategies/relative/ClientSelector.java,repos/6944525/d2/src/test/java/com/linkedin/d2/balancer/strategies/relative/ClientSelector_RBL4_2a9168baTest.java,d2,D:\A_ThucNghiem\compiledrepos\6944525,D:\A_ThucNghiem\compiledrepos\6944525\d2\src\main\java\com\linkedin\d2\balancer\strategies\relative\ClientSelector.java,d2/src/test/java/com/linkedin/d2/balancer/strategies/relative/ClientSelector_RBL4_2a9168baTest.java,com.linkedin.d2.balancer.strategies.relative,1.8,Gradle,"""${REPO_DIR}\gradlew.bat"" --no-daemon --console=plain --stacktrace :d2:clean :d2:testClasses -x test","""${REPO_DIR}/gradlew"" --no-daemon --console=plain --stacktrace :d2:clean :d2:testClasses -x test",v3:6944525:gradle:d2,1,1,1,0,0,PASS,PASS,PASS,ok,sandbox readiness passed,D:\A_ThucNghiem\scripts_v2\workspaces\20260724_010022_d3f7f7b1__baseline_readiness\157_6944525_2a9168ba,117.318,PASS
6944525,https://github.com/linkedin/rest.li,8173ce2d3eb0a997f0c24df136134486fb4c3cd3,6944525:d2/src/main/java/com/linkedin/d2/backuprequests/trackingbackuprequestsstrategy.java,TrackingBackupRequestsStrategy,d2/src/main/java/com/linkedin/d2/backuprequests/TrackingBackupRequestsStrategy.java,3,283,1616,22,12,10,52,2.3636363636363638,gradle,.,d2,d2,gradle:d2,8,8,main,8,2550383a0d18f125733c0a35d0ccdb65777d8998aaefe3bf3c26cf16457c7780,42,sha256_repo_balanced_v3_1,higher_complexity_half,,,repos/successful/6944525,promoted,264,263,remaining240,class_sampling_manifest_final_seed42.csv,2026-07-23T11:07:03+00:00,per_repo_2class_pilot_complexity_half_then_selection_rank_seed42,158,6944525,TrackingBackupRequestsStrategy,TrackingBackupRequestsStrategy_RBL4_f80fcb7aTest,repos/6944525/d2/src/main/java/com/linkedin/d2/backuprequests/TrackingBackupRequestsStrategy.java,repos/6944525/d2/src/test/java/com/linkedin/d2/backuprequests/TrackingBackupRequestsStrategy_RBL4_f80fcb7aTest.java,d2,D:\A_ThucNghiem\compiledrepos\6944525,D:\A_ThucNghiem\compiledrepos\6944525\d2\src\main\java\com\linkedin\d2\backuprequests\TrackingBackupRequestsStrategy.java,d2/src/test/java/com/linkedin/d2/backuprequests/TrackingBackupRequestsStrategy_RBL4_f80fcb7aTest.java,com.linkedin.d2.backuprequests,1.8,Gradle,"""${REPO_DIR}\gradlew.bat"" --no-daemon --console=plain --stacktrace :d2:clean :d2:testClasses -x test","""${REPO_DIR}/gradlew"" --no-daemon --console=plain --stacktrace :d2:clean :d2:testClasses -x test",v3:6944525:gradle:d2,1,1,1,0,0,PASS,PASS,PASS,ok,sandbox readiness passed,D:\A_ThucNghiem\scripts_v2\workspaces\20260724_010022_d3f7f7b1__baseline_readiness\158_6944525_f80fcb7a,122.006,PASS
6944525,https://github.com/linkedin/rest.li,8173ce2d3eb0a997f0c24df136134486fb4c3cd3,6944525:d2/src/main/java/com/linkedin/d2/balancer/strategies/relative/stateupdater.java,StateUpdater,d2/src/main/java/com/linkedin/d2/balancer/strategies/relative/StateUpdater.java,2,443,2983,26,3,11,75,2.8846153846153846,gradle,.,d2,d2,gradle:d2,8,8,main,4,17d187949ed69a8bd10f9fdb33b0e193a7abfbb4faf3ee327ffa927046bbef68,42,sha256_repo_balanced_v3_1,higher_complexity_half,,,repos/successful/6944525,promoted,268,267,remaining240,class_sampling_manifest_final_seed42.csv,2026-07-23T11:07:03+00:00,per_repo_2class_pilot_complexity_half_then_selection_rank_seed42,159,6944525,StateUpdater,StateUpdater_RBL4_c1262f90Test,repos/6944525/d2/src/main/java/com/linkedin/d2/balancer/strategies/relative/StateUpdater.java,repos/6944525/d2/src/test/java/com/linkedin/d2/balancer/strategies/relative/StateUpdater_RBL4_c1262f90Test.java,d2,D:\A_ThucNghiem\compiledrepos\6944525,D:\A_ThucNghiem\compiledrepos\6944525\d2\src\main\java\com\linkedin\d2\balancer\strategies\relative\StateUpdater.java,d2/src/test/java/com/linkedin/d2/balancer/strategies/relative/StateUpdater_RBL4_c1262f90Test.java,com.linkedin.d2.balancer.strategies.relative,1.8,Gradle,"""${REPO_DIR}\gradlew.bat"" --no-daemon --console=plain --stacktrace :d2:clean :d2:testClasses -x test","""${REPO_DIR}/gradlew"" --no-daemon --console=plain --stacktrace :d2:clean :d2:testClasses -x test",v3:6944525:gradle:d2,1,1,1,0,0,PASS,PASS,PASS,ok,sandbox readiness passed,D:\A_ThucNghiem\scripts_v2\workspaces\20260724_010022_d3f7f7b1__baseline_readiness\159_6944525_c1262f90,122.449,PASS
74999474,https://github.com/yahoo/parsec-libraries,142bc4c95a8ca7b8c82f7f95d8144cb6d4bc2096,74999474:parsec-clients/src/main/java/com/yahoo/parsec/clients/randomnameresolver.java,RandomNameResolver,parsec-clients/src/main/java/com/yahoo/parsec/clients/RandomNameResolver.java,1,12,86,1,1,1,1,1.0,gradle,.,parsec-clients,parsec-clients,gradle:parsec-clients,unknown,8,main,9,cc978cb00004ac1bae45dbae761297cb0f0cbe53257055855c258736721f8eba,42,sha256_repo_balanced_v3_1,lower_complexity_half,,,repos/successful/74999474,promoted_before_storage_audit,7,6,remaining240,class_sampling_manifest_final_seed42.csv,2026-07-23T11:07:03+00:00,per_repo_2class_pilot_complexity_half_then_selection_rank_seed42,160,74999474,RandomNameResolver,RandomNameResolver_RBL4_835787fdTest,repos/74999474/parsec-clients/src/main/java/com/yahoo/parsec/clients/RandomNameResolver.java,repos/74999474/parsec-clients/src/test/java/com/yahoo/parsec/clients/RandomNameResolver_RBL4_835787fdTest.java,parsec-clients,D:\A_ThucNghiem\compiledrepos\74999474,D:\A_ThucNghiem\compiledrepos\74999474\parsec-clients\src\main\java\com\yahoo\parsec\clients\RandomNameResolver.java,parsec-clients/src/test/java/com/yahoo/parsec/clients/RandomNameResolver_RBL4_835787fdTest.java,com.yahoo.parsec.clients,1.8,Gradle,"""${REPO_DIR}\gradlew.bat"" --no-daemon --console=plain --stacktrace :parsec-clients:clean :parsec-clients:testClasses -x test","""${REPO_DIR}/gradlew"" --no-daemon --console=plain --stacktrace :parsec-clients:clean :parsec-clients:testClasses -x test",v3:74999474:gradle:parsec-clients,1,1,1,0,0,PASS,PASS,PASS,ok,sandbox readiness passed,D:\A_ThucNghiem\scripts_v2\workspaces\20260724_010022_d3f7f7b1__baseline_readiness\160_74999474_835787fd,20.317,PASS
74999474,https://github.com/yahoo/parsec-libraries,142bc4c95a8ca7b8c82f7f95d8144cb6d4bc2096,74999474:parsec-clients/src/main/java/com/yahoo/parsec/clients/delegatenameresolver.java,DelegateNameResolver,parsec-clients/src/main/java/com/yahoo/parsec/clients/DelegateNameResolver.java,1,19,110,3,2,1,3,1.0,gradle,.,parsec-clients,parsec-clients,gradle:parsec-clients,unknown,8,main,6,6829c6974c92b2f6d5440d1937ec7cd795c7d712d98b0ca9b5cd114ce3b2287e,42,sha256_repo_balanced_v3_1,lower_complexity_half,,,repos/successful/74999474,promoted_before_storage_audit,20,19,remaining240,class_sampling_manifest_final_seed42.csv,2026-07-23T11:07:03+00:00,per_repo_2class_pilot_complexity_half_then_selection_rank_seed42,161,74999474,DelegateNameResolver,DelegateNameResolver_RBL4_ab7abb98Test,repos/74999474/parsec-clients/src/main/java/com/yahoo/parsec/clients/DelegateNameResolver.java,repos/74999474/parsec-clients/src/test/java/com/yahoo/parsec/clients/DelegateNameResolver_RBL4_ab7abb98Test.java,parsec-clients,D:\A_ThucNghiem\compiledrepos\74999474,D:\A_ThucNghiem\compiledrepos\74999474\parsec-clients\src\main\java\com\yahoo\parsec\clients\DelegateNameResolver.java,parsec-clients/src/test/java/com/yahoo/parsec/clients/DelegateNameResolver_RBL4_ab7abb98Test.java,com.yahoo.parsec.clients,1.8,Gradle,"""${REPO_DIR}\gradlew.bat"" --no-daemon --console=plain --stacktrace :parsec-clients:clean :parsec-clients:testClasses -x test","""${REPO_DIR}/gradlew"" --no-daemon --console=plain --stacktrace :parsec-clients:clean :parsec-clients:testClasses -x test",v3:74999474:gradle:parsec-clients,1,1,1,0,0,PASS,PASS,PASS,ok,sandbox readiness passed,D:\A_ThucNghiem\scripts_v2\workspaces\20260724_010022_d3f7f7b1__baseline_readiness\161_74999474_ab7abb98,15.58,PASS
74999474,https://github.com/yahoo/parsec-libraries,142bc4c95a8ca7b8c82f7f95d8144cb6d4bc2096,74999474:parsec-clients/src/main/java/com/yahoo/parsec/clients/parseccompletablefuture.java,ParsecCompletableFuture,parsec-clients/src/main/java/com/yahoo/parsec/clients/ParsecCompletableFuture.java,4,50,339,6,7,3,8,1.3333333333333333,gradle,.,parsec-clients,parsec-clients,gradle:parsec-clients,unknown,8,main,7,a2d05f5ff76c54505fbe9f0897f1257c6a887caeb6ebb0464b88aaeb0df14cff,42,sha256_repo_balanced_v3_1,lower_complexity_half,,,repos/successful/74999474,promoted_before_storage_audit,97,96,remaining240,class_sampling_manifest_final_seed42.csv,2026-07-23T11:07:03+00:00,per_repo_2class_pilot_complexity_half_then_selection_rank_seed42,162,74999474,ParsecCompletableFuture,ParsecCompletableFuture_RBL4_fd9ad981Test,repos/74999474/parsec-clients/src/main/java/com/yahoo/parsec/clients/ParsecCompletableFuture.java,repos/74999474/parsec-clients/src/test/java/com/yahoo/parsec/clients/ParsecCompletableFuture_RBL4_fd9ad981Test.java,parsec-clients,D:\A_ThucNghiem\compiledrepos\74999474,D:\A_ThucNghiem\compiledrepos\74999474\parsec-clients\src\main\java\com\yahoo\parsec\clients\ParsecCompletableFuture.java,parsec-clients/src/test/java/com/yahoo/parsec/clients/ParsecCompletableFuture_RBL4_fd9ad981Test.java,com.yahoo.parsec.clients,1.8,Gradle,"""${REPO_DIR}\gradlew.bat"" --no-daemon --console=plain --stacktrace :parsec-clients:clean :parsec-clients:testClasses -x test","""${REPO_DIR}/gradlew"" --no-daemon --console=plain --stacktrace :parsec-clients:clean :parsec-clients:testClasses -x test",v3:74999474:gradle:parsec-clients,1,1,1,0,0,PASS,PASS,PASS,ok,sandbox readiness passed,D:\A_ThucNghiem\scripts_v2\workspaces\20260724_010022_d3f7f7b1__baseline_readiness\162_74999474_fd9ad981,16.179,PASS
74999474,https://github.com/yahoo/parsec-libraries,142bc4c95a8ca7b8c82f7f95d8144cb6d4bc2096,74999474:parsec-clients/src/main/java/com/yahoo/parsec/clients/parsechttputil.java,ParsecHttpUtil,parsec-clients/src/main/java/com/yahoo/parsec/clients/ParsecHttpUtil.java,4,67,555,6,5,3,12,2.0,gradle,.,parsec-clients,parsec-clients,gradle:parsec-clients,unknown,8,main,10,d6b7700485ff31337eed1563295552661363d4dd39ffebd2660e795b208afff0,42,sha256_repo_balanced_v3_1,lower_complexity_half,,,repos/successful/74999474,promoted_before_storage_audit,106,105,remaining240,class_sampling_manifest_final_seed42.csv,2026-07-23T11:07:03+00:00,per_repo_2class_pilot_complexity_half_then_selection_rank_seed42,163,74999474,ParsecHttpUtil,ParsecHttpUtil_RBL4_603d73bfTest,repos/74999474/parsec-clients/src/main/java/com/yahoo/parsec/clients/ParsecHttpUtil.java,repos/74999474/parsec-clients/src/test/java/com/yahoo/parsec/clients/ParsecHttpUtil_RBL4_603d73bfTest.java,parsec-clients,D:\A_ThucNghiem\compiledrepos\74999474,D:\A_ThucNghiem\compiledrepos\74999474\parsec-clients\src\main\java\com\yahoo\parsec\clients\ParsecHttpUtil.java,parsec-clients/src/test/java/com/yahoo/parsec/clients/ParsecHttpUtil_RBL4_603d73bfTest.java,com.yahoo.parsec.clients,1.8,Gradle,"""${REPO_DIR}\gradlew.bat"" --no-daemon --console=plain --stacktrace :parsec-clients:clean :parsec-clients:testClasses -x test","""${REPO_DIR}/gradlew"" --no-daemon --console=plain --stacktrace :parsec-clients:clean :parsec-clients:testClasses -x test",v3:74999474:gradle:parsec-clients,1,1,1,0,0,PASS,PASS,PASS,ok,sandbox readiness passed,D:\A_ThucNghiem\scripts_v2\workspaces\20260724_010022_d3f7f7b1__baseline_readiness\163_74999474_603d73bf,15.731,PASS
74999474,https://github.com/yahoo/parsec-libraries,142bc4c95a8ca7b8c82f7f95d8144cb6d4bc2096,74999474:parsec-clients/src/main/java/com/yahoo/parsec/clients/defaultasynccompletionhandler.java,DefaultAsyncCompletionHandler,parsec-clients/src/main/java/com/yahoo/parsec/clients/DefaultAsyncCompletionHandler.java,4,46,345,5,1,4,10,2.0,gradle,.,parsec-clients,parsec-clients,gradle:parsec-clients,unknown,8,main,4,23127925fed44b3e6bae3a93bf7ab2f5ca4f1e35c75ee4676a7c25ef1fe4cd03,42,sha256_repo_balanced_v3_1,lower_complexity_half,,,repos/successful/74999474,promoted_before_storage_audit,134,133,remaining240,class_sampling_manifest_final_seed42.csv,2026-07-23T11:07:03+00:00,per_repo_2class_pilot_complexity_half_then_selection_rank_seed42,164,74999474,DefaultAsyncCompletionHandler,DefaultAsyncCompletionHandler_RBL4_e521567fTest,repos/74999474/parsec-clients/src/main/java/com/yahoo/parsec/clients/DefaultAsyncCompletionHandler.java,repos/74999474/parsec-clients/src/test/java/com/yahoo/parsec/clients/DefaultAsyncCompletionHandler_RBL4_e521567fTest.java,parsec-clients,D:\A_ThucNghiem\compiledrepos\74999474,D:\A_ThucNghiem\compiledrepos\74999474\parsec-clients\src\main\java\com\yahoo\parsec\clients\DefaultAsyncCompletionHandler.java,parsec-clients/src/test/java/com/yahoo/parsec/clients/DefaultAsyncCompletionHandler_RBL4_e521567fTest.java,com.yahoo.parsec.clients,1.8,Gradle,"""${REPO_DIR}\gradlew.bat"" --no-daemon --console=plain --stacktrace :parsec-clients:clean :parsec-clients:testClasses -x test","""${REPO_DIR}/gradlew"" --no-daemon --console=plain --stacktrace :parsec-clients:clean :parsec-clients:testClasses -x test",v3:74999474:gradle:parsec-clients,1,1,1,0,0,PASS,PASS,PASS,ok,sandbox readiness passed,D:\A_ThucNghiem\scripts_v2\workspaces\20260724_010022_d3f7f7b1__baseline_readiness\164_74999474_e521567f,15.088,PASS
74999474,https://github.com/yahoo/parsec-libraries,142bc4c95a8ca7b8c82f7f95d8144cb6d4bc2096,74999474:parsec-clients/src/main/java/com/yahoo/parsec/clients/parsecclientprofilinglogutil.java,ParsecClientProfilingLogUtil,parsec-clients/src/main/java/com/yahoo/parsec/clients/ParsecClientProfilingLogUtil.java,2,86,700,4,3,5,9,2.25,gradle,.,parsec-clients,parsec-clients,gradle:parsec-clients,unknown,8,main,5,5b52d139b118fe03032a27395da3795500443bc3aa233da6eb291e1c4b00c0c7,42,sha256_repo_balanced_v3_1,higher_complexity_half,,,repos/successful/74999474,promoted_before_storage_audit,175,174,remaining240,class_sampling_manifest_final_seed42.csv,2026-07-23T11:07:03+00:00,per_repo_2class_pilot_complexity_half_then_selection_rank_seed42,165,74999474,ParsecClientProfilingLogUtil,ParsecClientProfilingLogUtil_RBL4_05c2f6b5Test,repos/74999474/parsec-clients/src/main/java/com/yahoo/parsec/clients/ParsecClientProfilingLogUtil.java,repos/74999474/parsec-clients/src/test/java/com/yahoo/parsec/clients/ParsecClientProfilingLogUtil_RBL4_05c2f6b5Test.java,parsec-clients,D:\A_ThucNghiem\compiledrepos\74999474,D:\A_ThucNghiem\compiledrepos\74999474\parsec-clients\src\main\java\com\yahoo\parsec\clients\ParsecClientProfilingLogUtil.java,parsec-clients/src/test/java/com/yahoo/parsec/clients/ParsecClientProfilingLogUtil_RBL4_05c2f6b5Test.java,com.yahoo.parsec.clients,1.8,Gradle,"""${REPO_DIR}\gradlew.bat"" --no-daemon --console=plain --stacktrace :parsec-clients:clean :parsec-clients:testClasses -x test","""${REPO_DIR}/gradlew"" --no-daemon --console=plain --stacktrace :parsec-clients:clean :parsec-clients:testClasses -x test",v3:74999474:gradle:parsec-clients,1,1,1,0,0,PASS,PASS,PASS,ok,sandbox readiness passed,D:\A_ThucNghiem\scripts_v2\workspaces\20260724_010022_d3f7f7b1__baseline_readiness\165_74999474_05c2f6b5,14.755,PASS
74999474,https://github.com/yahoo/parsec-libraries,142bc4c95a8ca7b8c82f7f95d8144cb6d4bc2096,74999474:parsec-clients/src/main/java/com/yahoo/parsec/clients/parsecasyncprogresstimer.java,ParsecAsyncProgressTimer,parsec-clients/src/main/java/com/yahoo/parsec/clients/ParsecAsyncProgressTimer.java,1,43,228,2,1,7,8,4.0,gradle,.,parsec-clients,parsec-clients,gradle:parsec-clients,unknown,8,main,8,ae239ef3b58445f002a9244e1c99e35681bbad90851c774e5dedc3de629e3a30,42,sha256_repo_balanced_v3_1,higher_complexity_half,,,repos/successful/74999474,promoted_before_storage_audit,215,214,remaining240,class_sampling_manifest_final_seed42.csv,2026-07-23T11:07:03+00:00,per_repo_2class_pilot_complexity_half_then_selection_rank_seed42,166,74999474,ParsecAsyncProgressTimer,ParsecAsyncProgressTimer_RBL4_9551429bTest,repos/74999474/parsec-clients/src/main/java/com/yahoo/parsec/clients/ParsecAsyncProgressTimer.java,repos/74999474/parsec-clients/src/test/java/com/yahoo/parsec/clients/ParsecAsyncProgressTimer_RBL4_9551429bTest.java,parsec-clients,D:\A_ThucNghiem\compiledrepos\74999474,D:\A_ThucNghiem\compiledrepos\74999474\parsec-clients\src\main\java\com\yahoo\parsec\clients\ParsecAsyncProgressTimer.java,parsec-clients/src/test/java/com/yahoo/parsec/clients/ParsecAsyncProgressTimer_RBL4_9551429bTest.java,com.yahoo.parsec.clients,1.8,Gradle,"""${REPO_DIR}\gradlew.bat"" --no-daemon --console=plain --stacktrace :parsec-clients:clean :parsec-clients:testClasses -x test","""${REPO_DIR}/gradlew"" --no-daemon --console=plain --stacktrace :parsec-clients:clean :parsec-clients:testClasses -x test",v3:74999474:gradle:parsec-clients,1,1,1,0,0,PASS,PASS,PASS,ok,sandbox readiness passed,D:\A_ThucNghiem\scripts_v2\workspaces\20260724_010022_d3f7f7b1__baseline_readiness\166_74999474_9551429b,14.768,PASS
74999474,https://github.com/yahoo/parsec-libraries,142bc4c95a8ca7b8c82f7f95d8144cb6d4bc2096,74999474:parsec-clients/src/main/java/com/yahoo/parsec/clients/parsecasynchttprequest.java,ParsecAsyncHttpRequest,parsec-clients/src/main/java/com/yahoo/parsec/clients/ParsecAsyncHttpRequest.java,24,422,2608,64,59,12,89,1.390625,gradle,.,parsec-clients,parsec-clients,gradle:parsec-clients,unknown,8,main,2,0aeda0148dbdbcf3b17fc901fbafa658a2c18f8722e5f679b32e0eba5b7d464d,42,sha256_repo_balanced_v3_1,higher_complexity_half,,,repos/successful/74999474,promoted_before_storage_audit,274,273,remaining240,class_sampling_manifest_final_seed42.csv,2026-07-23T11:07:03+00:00,per_repo_2class_pilot_complexity_half_then_selection_rank_seed42,167,74999474,ParsecAsyncHttpRequest,ParsecAsyncHttpRequest_RBL4_4328525aTest,repos/74999474/parsec-clients/src/main/java/com/yahoo/parsec/clients/ParsecAsyncHttpRequest.java,repos/74999474/parsec-clients/src/test/java/com/yahoo/parsec/clients/ParsecAsyncHttpRequest_RBL4_4328525aTest.java,parsec-clients,D:\A_ThucNghiem\compiledrepos\74999474,D:\A_ThucNghiem\compiledrepos\74999474\parsec-clients\src\main\java\com\yahoo\parsec\clients\ParsecAsyncHttpRequest.java,parsec-clients/src/test/java/com/yahoo/parsec/clients/ParsecAsyncHttpRequest_RBL4_4328525aTest.java,com.yahoo.parsec.clients,1.8,Gradle,"""${REPO_DIR}\gradlew.bat"" --no-daemon --console=plain --stacktrace :parsec-clients:clean :parsec-clients:testClasses -x test","""${REPO_DIR}/gradlew"" --no-daemon --console=plain --stacktrace :parsec-clients:clean :parsec-clients:testClasses -x test",v3:74999474:gradle:parsec-clients,1,1,1,0,0,PASS,PASS,PASS,ok,sandbox readiness passed,D:\A_ThucNghiem\scripts_v2\workspaces\20260724_010022_d3f7f7b1__baseline_readiness\167_74999474_4328525a,14.739,PASS
77481567,https://github.com/rbi/trading4j,996e651004193e4facaec393d00d86f93850f8f5,77481567:core/src/main/java/de/voidnode/trading4j/functionality/timeframeconversion/discretetimeframeconvertingindicator.java,DiscreteTimeFrameConvertingIndicator,core/src/main/java/de/voidnode/trading4j/functionality/timeframeconversion/DiscreteTimeFrameConvertingIndicator.java,2,20,209,2,1,1,2,1.0,maven,.,core,core,maven:core,8,8,main,7,186a20392deda7e2d2dd949aa3f1b16718701877b1490c8acb581b7a614849ad,42,sha256_repo_balanced_v3_1,lower_complexity_half,,,repos/successful/77481567,promoted_before_storage_audit,10,9,remaining240,class_sampling_manifest_final_seed42.csv,2026-07-23T11:07:03+00:00,per_repo_2class_pilot_complexity_half_then_selection_rank_seed42,168,77481567,DiscreteTimeFrameConvertingIndicator,DiscreteTimeFrameConvertingIndicator_RBL4_e0da87f5Test,repos/77481567/core/src/main/java/de/voidnode/trading4j/functionality/timeframeconversion/DiscreteTimeFrameConvertingIndicator.java,repos/77481567/core/src/test/java/de/voidnode/trading4j/functionality/timeframeconversion/DiscreteTimeFrameConvertingIndicator_RBL4_e0da87f5Test.java,core,D:\A_ThucNghiem\compiledrepos\77481567,D:\A_ThucNghiem\compiledrepos\77481567\core\src\main\java\de\voidnode\trading4j\functionality\timeframeconversion\DiscreteTimeFrameConvertingIndicator.java,core/src/test/java/de/voidnode/trading4j/functionality/timeframeconversion/DiscreteTimeFrameConvertingIndicator_RBL4_e0da87f5Test.java,de.voidnode.trading4j.functionality.timeframeconversion,1.8,Maven,"mvn -B -ntp -DskipTests -DskipITs -f ""${REPO_DIR}\core\pom.xml"" clean test-compile","mvn -B -ntp -DskipTests -DskipITs -f ""${REPO_DIR}/core/pom.xml"" clean test-compile",v3:77481567:maven:core,1,1,1,0,0,PASS,PASS,PASS,ok,sandbox readiness passed,D:\A_ThucNghiem\scripts_v2\workspaces\20260724_010022_d3f7f7b1__baseline_readiness\168_77481567_e0da87f5,7.986,PASS
77481567,https://github.com/rbi/trading4j,996e651004193e4facaec393d00d86f93850f8f5,77481567:core/src/main/java/de/voidnode/trading4j/indicators/adx/truerange.java,TrueRange,core/src/main/java/de/voidnode/trading4j/indicators/adx/TrueRange.java,5,22,222,1,1,2,2,2.0,maven,.,core,core,maven:core,8,8,main,4,112e4332cac93de94dda51643f37b1e0514495ce6f6239363a96033d72f9be2b,42,sha256_repo_balanced_v3_1,lower_complexity_half,,,repos/successful/77481567,promoted_before_storage_audit,39,38,remaining240,class_sampling_manifest_final_seed42.csv,2026-07-23T11:07:03+00:00,per_repo_2class_pilot_complexity_half_then_selection_rank_seed42,169,77481567,TrueRange,TrueRange_RBL4_8c7aa6c3Test,repos/77481567/core/src/main/java/de/voidnode/trading4j/indicators/adx/TrueRange.java,repos/77481567/core/src/test/java/de/voidnode/trading4j/indicators/adx/TrueRange_RBL4_8c7aa6c3Test.java,core,D:\A_ThucNghiem\compiledrepos\77481567,D:\A_ThucNghiem\compiledrepos\77481567\core\src\main\java\de\voidnode\trading4j\indicators\adx\TrueRange.java,core/src/test/java/de/voidnode/trading4j/indicators/adx/TrueRange_RBL4_8c7aa6c3Test.java,de.voidnode.trading4j.indicators.adx,1.8,Maven,"mvn -B -ntp -DskipTests -DskipITs -f ""${REPO_DIR}\core\pom.xml"" clean test-compile","mvn -B -ntp -DskipTests -DskipITs -f ""${REPO_DIR}/core/pom.xml"" clean test-compile",v3:77481567:maven:core,1,1,1,0,0,PASS,PASS,PASS,ok,sandbox readiness passed,D:\A_ThucNghiem\scripts_v2\workspaces\20260724_010022_d3f7f7b1__baseline_readiness\169_77481567_8c7aa6c3,7.763,PASS
77481567,https://github.com/rbi/trading4j,996e651004193e4facaec393d00d86f93850f8f5,77481567:core/src/main/java/de/voidnode/trading4j/functionality/timeframeconversion/timeframeconvertingtradeguard.java,TimeFrameConvertingTradeGuard,core/src/main/java/de/voidnode/trading4j/functionality/timeframeconversion/TimeFrameConvertingTradeGuard.java,1,34,274,3,2,2,4,1.3333333333333333,maven,.,core,core,maven:core,8,8,main,9,29ee580efb32e1933aecf91ea75cf20f9c30f01a6df7867c79ced1820c43283b,42,sha256_repo_balanced_v3_1,lower_complexity_half,,,repos/successful/77481567,promoted_before_storage_audit,50,49,remaining240,class_sampling_manifest_final_seed42.csv,2026-07-23T11:07:03+00:00,per_repo_2class_pilot_complexity_half_then_selection_rank_seed42,170,77481567,TimeFrameConvertingTradeGuard,TimeFrameConvertingTradeGuard_RBL4_5d305145Test,repos/77481567/core/src/main/java/de/voidnode/trading4j/functionality/timeframeconversion/TimeFrameConvertingTradeGuard.java,repos/77481567/core/src/test/java/de/voidnode/trading4j/functionality/timeframeconversion/TimeFrameConvertingTradeGuard_RBL4_5d305145Test.java,core,D:\A_ThucNghiem\compiledrepos\77481567,D:\A_ThucNghiem\compiledrepos\77481567\core\src\main\java\de\voidnode\trading4j\functionality\timeframeconversion\TimeFrameConvertingTradeGuard.java,core/src/test/java/de/voidnode/trading4j/functionality/timeframeconversion/TimeFrameConvertingTradeGuard_RBL4_5d305145Test.java,de.voidnode.trading4j.functionality.timeframeconversion,1.8,Maven,"mvn -B -ntp -DskipTests -DskipITs -f ""${REPO_DIR}\core\pom.xml"" clean test-compile","mvn -B -ntp -DskipTests -DskipITs -f ""${REPO_DIR}/core/pom.xml"" clean test-compile",v3:77481567:maven:core,1,1,1,0,0,PASS,PASS,PASS,ok,sandbox readiness passed,D:\A_ThucNghiem\scripts_v2\workspaces\20260724_010022_d3f7f7b1__baseline_readiness\170_77481567_5d305145,6.708,PASS
77481567,https://github.com/rbi/trading4j,996e651004193e4facaec393d00d86f93850f8f5,77481567:core/src/main/java/de/voidnode/trading4j/moneymanagement/standard/defaultmoneymanagement.java,DefaultMoneyManagement,core/src/main/java/de/voidnode/trading4j/moneymanagement/standard/DefaultMoneyManagement.java,4,71,501,8,5,2,9,1.125,maven,.,core,core,maven:core,8,8,main,5,13a6e68a3c69618600760ef401186795cab6c14ebc9ee71cbdae87f5bb17e0c0,42,sha256_repo_balanced_v3_1,lower_complexity_half,,,repos/successful/77481567,promoted_before_storage_audit,67,66,remaining240,class_sampling_manifest_final_seed42.csv,2026-07-23T11:07:03+00:00,per_repo_2class_pilot_complexity_half_then_selection_rank_seed42,171,77481567,DefaultMoneyManagement,DefaultMoneyManagement_RBL4_047e84e6Test,repos/77481567/core/src/main/java/de/voidnode/trading4j/moneymanagement/standard/DefaultMoneyManagement.java,repos/77481567/core/src/test/java/de/voidnode/trading4j/moneymanagement/standard/DefaultMoneyManagement_RBL4_047e84e6Test.java,core,D:\A_ThucNghiem\compiledrepos\77481567,D:\A_ThucNghiem\compiledrepos\77481567\core\src\main\java\de\voidnode\trading4j\moneymanagement\standard\DefaultMoneyManagement.java,core/src/test/java/de/voidnode/trading4j/moneymanagement/standard/DefaultMoneyManagement_RBL4_047e84e6Test.java,de.voidnode.trading4j.moneymanagement.standard,1.8,Maven,"mvn -B -ntp -DskipTests -DskipITs -f ""${REPO_DIR}\core\pom.xml"" clean test-compile","mvn -B -ntp -DskipTests -DskipITs -f ""${REPO_DIR}/core/pom.xml"" clean test-compile",v3:77481567:maven:core,1,1,1,0,0,PASS,PASS,PASS,ok,sandbox readiness passed,D:\A_ThucNghiem\scripts_v2\workspaces\20260724_010022_d3f7f7b1__baseline_readiness\171_77481567_047e84e6,6.692,PASS
77481567,https://github.com/rbi/trading4j,996e651004193e4facaec393d00d86f93850f8f5,77481567:core/src/main/java/de/voidnode/trading4j/domain/timeframe/m15.java,M15,core/src/main/java/de/voidnode/trading4j/domain/timeframe/M15.java,2,21,225,2,2,3,4,2.0,maven,.,core,core,maven:core,8,8,main,2,07f91d675856cdfd556ac4126e526cd24139679f795336c8b7d4543aacb609e4,42,sha256_repo_balanced_v3_1,lower_complexity_half,,,repos/successful/77481567,promoted_before_storage_audit,87,86,remaining240,class_sampling_manifest_final_seed42.csv,2026-07-23T11:07:03+00:00,per_repo_2class_pilot_complexity_half_then_selection_rank_seed42,172,77481567,M15,M15_RBL4_84dc3de1Test,repos/77481567/core/src/main/java/de/voidnode/trading4j/domain/timeframe/M15.java,repos/77481567/core/src/test/java/de/voidnode/trading4j/domain/timeframe/M15_RBL4_84dc3de1Test.java,core,D:\A_ThucNghiem\compiledrepos\77481567,D:\A_ThucNghiem\compiledrepos\77481567\core\src\main\java\de\voidnode\trading4j\domain\timeframe\M15.java,core/src/test/java/de/voidnode/trading4j/domain/timeframe/M15_RBL4_84dc3de1Test.java,de.voidnode.trading4j.domain.timeframe,1.8,Maven,"mvn -B -ntp -DskipTests -DskipITs -f ""${REPO_DIR}\core\pom.xml"" clean test-compile","mvn -B -ntp -DskipTests -DskipITs -f ""${REPO_DIR}/core/pom.xml"" clean test-compile",v3:77481567:maven:core,1,1,1,0,0,PASS,PASS,PASS,ok,sandbox readiness passed,D:\A_ThucNghiem\scripts_v2\workspaces\20260724_010022_d3f7f7b1__baseline_readiness\172_77481567_84dc3de1,1.0,PASS
77481567,https://github.com/rbi/trading4j,996e651004193e4facaec393d00d86f93850f8f5,77481567:core/src/main/java/de/voidnode/trading4j/functionality/smoothers/simplemovingaverageratio.java,SimpleMovingAverageRatio,core/src/main/java/de/voidnode/trading4j/functionality/smoothers/SimpleMovingAverageRatio.java,2,27,182,2,1,3,4,2.0,maven,.,core,core,maven:core,8,8,main,10,3a5ac1e8e353e8b689c8f41df588632c7c079cc7641d4dba6dd71a9f1b674957,42,sha256_repo_balanced_v3_1,lower_complexity_half,,,repos/successful/77481567,promoted_before_storage_audit,89,88,remaining240,class_sampling_manifest_final_seed42.csv,2026-07-23T11:07:03+00:00,per_repo_2class_pilot_complexity_half_then_selection_rank_seed42,173,77481567,SimpleMovingAverageRatio,SimpleMovingAverageRatio_RBL4_3960d3dfTest,repos/77481567/core/src/main/java/de/voidnode/trading4j/functionality/smoothers/SimpleMovingAverageRatio.java,repos/77481567/core/src/test/java/de/voidnode/trading4j/functionality/smoothers/SimpleMovingAverageRatio_RBL4_3960d3dfTest.java,core,D:\A_ThucNghiem\compiledrepos\77481567,D:\A_ThucNghiem\compiledrepos\77481567\core\src\main\java\de\voidnode\trading4j\functionality\smoothers\SimpleMovingAverageRatio.java,core/src/test/java/de/voidnode/trading4j/functionality/smoothers/SimpleMovingAverageRatio_RBL4_3960d3dfTest.java,de.voidnode.trading4j.functionality.smoothers,1.8,Maven,"mvn -B -ntp -DskipTests -DskipITs -f ""${REPO_DIR}\core\pom.xml"" clean test-compile","mvn -B -ntp -DskipTests -DskipITs -f ""${REPO_DIR}/core/pom.xml"" clean test-compile",v3:77481567:maven:core,1,1,1,0,0,PASS,PASS,PASS,ok,sandbox readiness passed,D:\A_ThucNghiem\scripts_v2\workspaces\20260724_010022_d3f7f7b1__baseline_readiness\173_77481567_3960d3df,0.954,PASS
77481567,https://github.com/rbi/trading4j,996e651004193e4facaec393d00d86f93850f8f5,77481567:core/src/main/java/de/voidnode/trading4j/domain/monetary/accurateprice.java,AccuratePrice,core/src/main/java/de/voidnode/trading4j/domain/monetary/AccuratePrice.java,1,39,199,5,4,5,9,1.8,maven,.,core,core,maven:core,8,8,main,6,16a3309e2541a78b5aa7333ccad030cc0da6a64ecd0ad81c0e386b4e5f99dc1c,42,sha256_repo_balanced_v3_1,higher_complexity_half,,,repos/successful/77481567,promoted_before_storage_audit,174,173,remaining240,class_sampling_manifest_final_seed42.csv,2026-07-23T11:07:03+00:00,per_repo_2class_pilot_complexity_half_then_selection_rank_seed42,174,77481567,AccuratePrice,AccuratePrice_RBL4_ed9b3a40Test,repos/77481567/core/src/main/java/de/voidnode/trading4j/domain/monetary/AccuratePrice.java,repos/77481567/core/src/test/java/de/voidnode/trading4j/domain/monetary/AccuratePrice_RBL4_ed9b3a40Test.java,core,D:\A_ThucNghiem\compiledrepos\77481567,D:\A_ThucNghiem\compiledrepos\77481567\core\src\main\java\de\voidnode\trading4j\domain\monetary\AccuratePrice.java,core/src/test/java/de/voidnode/trading4j/domain/monetary/AccuratePrice_RBL4_ed9b3a40Test.java,de.voidnode.trading4j.domain.monetary,1.8,Maven,"mvn -B -ntp -DskipTests -DskipITs -f ""${REPO_DIR}\core\pom.xml"" clean test-compile","mvn -B -ntp -DskipTests -DskipITs -f ""${REPO_DIR}/core/pom.xml"" clean test-compile",v3:77481567:maven:core,1,1,1,0,0,PASS,PASS,PASS,ok,sandbox readiness passed,D:\A_ThucNghiem\scripts_v2\workspaces\20260724_010022_d3f7f7b1__baseline_readiness\174_77481567_ed9b3a40,1.0,PASS
77481567,https://github.com/rbi/trading4j,996e651004193e4facaec393d00d86f93850f8f5,77481567:core/src/main/java/de/voidnode/trading4j/domain/volume.java,Volume,core/src/main/java/de/voidnode/trading4j/domain/Volume.java,2,42,214,6,5,5,10,1.6666666666666667,maven,.,core,core,maven:core,8,8,main,8,1f74323c9f8d40bd32f3172536ffaf39be93c0f12ba98d0f106c13a1e9d5843d,42,sha256_repo_balanced_v3_1,higher_complexity_half,,,repos/successful/77481567,promoted_before_storage_audit,178,177,remaining240,class_sampling_manifest_final_seed42.csv,2026-07-23T11:07:03+00:00,per_repo_2class_pilot_complexity_half_then_selection_rank_seed42,175,77481567,Volume,Volume_RBL4_743939aeTest,repos/77481567/core/src/main/java/de/voidnode/trading4j/domain/Volume.java,repos/77481567/core/src/test/java/de/voidnode/trading4j/domain/Volume_RBL4_743939aeTest.java,core,D:\A_ThucNghiem\compiledrepos\77481567,D:\A_ThucNghiem\compiledrepos\77481567\core\src\main\java\de\voidnode\trading4j\domain\Volume.java,core/src/test/java/de/voidnode/trading4j/domain/Volume_RBL4_743939aeTest.java,de.voidnode.trading4j.domain,1.8,Maven,"mvn -B -ntp -DskipTests -DskipITs -f ""${REPO_DIR}\core\pom.xml"" clean test-compile","mvn -B -ntp -DskipTests -DskipITs -f ""${REPO_DIR}/core/pom.xml"" clean test-compile",v3:77481567:maven:core,1,1,1,0,0,PASS,PASS,PASS,ok,sandbox readiness passed,D:\A_ThucNghiem\scripts_v2\workspaces\20260724_010022_d3f7f7b1__baseline_readiness\175_77481567_743939ae,0.998,PASS
78444970,https://github.com/voho/web,837c9c673caac60d2d8de1647e9d3e08acd70d9a,78444970:examples/graph/src/main/java/graph/algorithm/color/welshpowell.java,WelshPowell,examples/graph/src/main/java/graph/algorithm/color/WelshPowell.java,3,31,277,1,1,2,2,2.0,maven,.,examples/graph,examples/graph,maven:examples/graph,8,8,main,4,316345a73018a2c419edd2d684cd1c80a0244c9903cb51e6aa7e775fe96eedcf,42,sha256_repo_balanced_v3_1,lower_complexity_half,,,repos/successful/78444970,promoted_before_storage_audit,42,41,remaining240,class_sampling_manifest_final_seed42.csv,2026-07-23T11:07:03+00:00,per_repo_2class_pilot_complexity_half_then_selection_rank_seed42,176,78444970,WelshPowell,WelshPowell_RBL4_a5bc6a77Test,repos/78444970/examples/graph/src/main/java/graph/algorithm/color/WelshPowell.java,repos/78444970/examples/graph/src/test/java/graph/algorithm/color/WelshPowell_RBL4_a5bc6a77Test.java,examples/graph,D:\A_ThucNghiem\compiledrepos\78444970,D:\A_ThucNghiem\compiledrepos\78444970\examples\graph\src\main\java\graph\algorithm\color\WelshPowell.java,examples/graph/src/test/java/graph/algorithm/color/WelshPowell_RBL4_a5bc6a77Test.java,graph.algorithm.color,1.8,Maven,"mvn -B -ntp -DskipTests -DskipITs -f ""${REPO_DIR}\examples\graph\pom.xml"" clean test-compile","mvn -B -ntp -DskipTests -DskipITs -f ""${REPO_DIR}/examples/graph/pom.xml"" clean test-compile",v3:78444970:maven:examples/graph,1,1,1,0,0,PASS,PASS,PASS,ok,sandbox readiness passed,D:\A_ThucNghiem\scripts_v2\workspaces\20260724_010022_d3f7f7b1__baseline_readiness\176_78444970_a5bc6a77,21.397,PASS
78444970,https://github.com/voho/web,837c9c673caac60d2d8de1647e9d3e08acd70d9a,78444970:examples/structures/src/main/java/ds/stack/arraystack.java,ArrayStack,examples/structures/src/main/java/ds/stack/ArrayStack.java,1,27,146,4,3,2,6,1.5,maven,.,examples/structures,examples/structures,maven:examples/structures,8,8,main,10,b99601a40f5a2518d38d5981bc2800e94d9bb313aaaa2641d4627e10bd6df5d0,42,sha256_repo_balanced_v3_1,lower_complexity_half,,,repos/successful/78444970,promoted_before_storage_audit,62,61,remaining240,class_sampling_manifest_final_seed42.csv,2026-07-23T11:07:03+00:00,per_repo_2class_pilot_complexity_half_then_selection_rank_seed42,177,78444970,ArrayStack,ArrayStack_RBL4_b8276d51Test,repos/78444970/examples/structures/src/main/java/ds/stack/ArrayStack.java,repos/78444970/examples/structures/src/test/java/ds/stack/ArrayStack_RBL4_b8276d51Test.java,examples/structures,D:\A_ThucNghiem\compiledrepos\78444970,D:\A_ThucNghiem\compiledrepos\78444970\examples\structures\src\main\java\ds\stack\ArrayStack.java,examples/structures/src/test/java/ds/stack/ArrayStack_RBL4_b8276d51Test.java,ds.stack,1.8,Maven,"mvn -B -ntp -DskipTests -DskipITs -f ""${REPO_DIR}\examples\structures\pom.xml"" clean test-compile","mvn -B -ntp -DskipTests -DskipITs -f ""${REPO_DIR}/examples/structures/pom.xml"" clean test-compile",v3:78444970:maven:examples/structures,1,1,1,0,0,PASS,PASS,PASS,ok,sandbox readiness passed,D:\A_ThucNghiem\scripts_v2\workspaces\20260724_010022_d3f7f7b1__baseline_readiness\177_78444970_b8276d51,21.376,PASS
78444970,https://github.com/voho/web,837c9c673caac60d2d8de1647e9d3e08acd70d9a,78444970:examples/graph/src/main/java/graph/algorithm/traversal/dfs.java,Dfs,examples/graph/src/main/java/graph/algorithm/traversal/Dfs.java,2,24,212,1,1,3,3,3.0,maven,.,examples/graph,examples/graph,maven:examples/graph,8,8,main,5,5bc3fbbf6c0f1447c78edebeded3ade93e23f42906fe2a945a67f83dfaa844bb,42,sha256_repo_balanced_v3_1,lower_complexity_half,,,repos/successful/78444970,promoted_before_storage_audit,83,82,remaining240,class_sampling_manifest_final_seed42.csv,2026-07-23T11:07:03+00:00,per_repo_2class_pilot_complexity_half_then_selection_rank_seed42,178,78444970,Dfs,Dfs_RBL4_4340daa1Test,repos/78444970/examples/graph/src/main/java/graph/algorithm/traversal/Dfs.java,repos/78444970/examples/graph/src/test/java/graph/algorithm/traversal/Dfs_RBL4_4340daa1Test.java,examples/graph,D:\A_ThucNghiem\compiledrepos\78444970,D:\A_ThucNghiem\compiledrepos\78444970\examples\graph\src\main\java\graph\algorithm\traversal\Dfs.java,examples/graph/src/test/java/graph/algorithm/traversal/Dfs_RBL4_4340daa1Test.java,graph.algorithm.traversal,1.8,Maven,"mvn -B -ntp -DskipTests -DskipITs -f ""${REPO_DIR}\examples\graph\pom.xml"" clean test-compile","mvn -B -ntp -DskipTests -DskipITs -f ""${REPO_DIR}/examples/graph/pom.xml"" clean test-compile",v3:78444970:maven:examples/graph,1,1,1,0,0,PASS,PASS,PASS,ok,sandbox readiness passed,D:\A_ThucNghiem\scripts_v2\workspaces\20260724_010022_d3f7f7b1__baseline_readiness\178_78444970_4340daa1,21.356,PASS
78444970,https://github.com/voho/web,837c9c673caac60d2d8de1647e9d3e08acd70d9a,78444970:examples/graph/src/main/java/graph/algorithm/path/dijkstra.java,Dijkstra,examples/graph/src/main/java/graph/algorithm/path/Dijkstra.java,2,33,327,2,1,4,6,3.0,maven,.,examples/graph,examples/graph,maven:examples/graph,8,8,main,7,6865840110828134887417b86e1036024543d0ce029cac3cc380d4f05a0cca34,42,sha256_repo_balanced_v3_1,lower_complexity_half,,,repos/successful/78444970,promoted_before_storage_audit,127,126,remaining240,class_sampling_manifest_final_seed42.csv,2026-07-23T11:07:03+00:00,per_repo_2class_pilot_complexity_half_then_selection_rank_seed42,179,78444970,Dijkstra,Dijkstra_RBL4_6d96978aTest,repos/78444970/examples/graph/src/main/java/graph/algorithm/path/Dijkstra.java,repos/78444970/examples/graph/src/test/java/graph/algorithm/path/Dijkstra_RBL4_6d96978aTest.java,examples/graph,D:\A_ThucNghiem\compiledrepos\78444970,D:\A_ThucNghiem\compiledrepos\78444970\examples\graph\src\main\java\graph\algorithm\path\Dijkstra.java,examples/graph/src/test/java/graph/algorithm/path/Dijkstra_RBL4_6d96978aTest.java,graph.algorithm.path,1.8,Maven,"mvn -B -ntp -DskipTests -DskipITs -f ""${REPO_DIR}\examples\graph\pom.xml"" clean test-compile","mvn -B -ntp -DskipTests -DskipITs -f ""${REPO_DIR}/examples/graph/pom.xml"" clean test-compile",v3:78444970:maven:examples/graph,1,1,1,0,0,PASS,PASS,PASS,ok,sandbox readiness passed,D:\A_ThucNghiem\scripts_v2\workspaces\20260724_010022_d3f7f7b1__baseline_readiness\179_78444970_6d96978a,21.349,PASS
78444970,https://github.com/voho/web,837c9c673caac60d2d8de1647e9d3e08acd70d9a,78444970:examples/graph/src/main/java/graph/algorithm/path/astar.java,AStar,examples/graph/src/main/java/graph/algorithm/path/AStar.java,2,42,411,2,1,5,7,3.5,maven,.,examples/graph,examples/graph,maven:examples/graph,8,8,main,9,b5630a1752aba07c03b28ee4ea10b52899dafc4b9eac864125c35e7cf61fc075,42,sha256_repo_balanced_v3_1,higher_complexity_half,,,repos/successful/78444970,promoted_before_storage_audit,172,171,remaining240,class_sampling_manifest_final_seed42.csv,2026-07-23T11:07:03+00:00,per_repo_2class_pilot_complexity_half_then_selection_rank_seed42,180,78444970,AStar,AStar_RBL4_caed66ebTest,repos/78444970/examples/graph/src/main/java/graph/algorithm/path/AStar.java,repos/78444970/examples/graph/src/test/java/graph/algorithm/path/AStar_RBL4_caed66ebTest.java,examples/graph,D:\A_ThucNghiem\compiledrepos\78444970,D:\A_ThucNghiem\compiledrepos\78444970\examples\graph\src\main\java\graph\algorithm\path\AStar.java,examples/graph/src/test/java/graph/algorithm/path/AStar_RBL4_caed66ebTest.java,graph.algorithm.path,1.8,Maven,"mvn -B -ntp -DskipTests -DskipITs -f ""${REPO_DIR}\examples\graph\pom.xml"" clean test-compile","mvn -B -ntp -DskipTests -DskipITs -f ""${REPO_DIR}/examples/graph/pom.xml"" clean test-compile",v3:78444970:maven:examples/graph,1,1,1,0,0,PASS,PASS,PASS,ok,sandbox readiness passed,D:\A_ThucNghiem\scripts_v2\workspaces\20260724_010022_d3f7f7b1__baseline_readiness\180_78444970_caed66eb,2.636,PASS
78444970,https://github.com/voho/web,837c9c673caac60d2d8de1647e9d3e08acd70d9a,78444970:examples/structures/src/main/java/ds/heap/arrayheap.java,ArrayHeap,examples/structures/src/main/java/ds/heap/ArrayHeap.java,2,79,468,11,4,6,21,1.9090909090909092,maven,.,examples/structures,examples/structures,maven:examples/structures,8,8,main,8,b07fdf82767cef4c474fb80e977dd84f9c5691d3fdc9a4723cb4734decf1acd1,42,sha256_repo_balanced_v3_1,higher_complexity_half,,,repos/successful/78444970,promoted_before_storage_audit,203,202,remaining240,class_sampling_manifest_final_seed42.csv,2026-07-23T11:07:03+00:00,per_repo_2class_pilot_complexity_half_then_selection_rank_seed42,181,78444970,ArrayHeap,ArrayHeap_RBL4_cc0b81f1Test,repos/78444970/examples/structures/src/main/java/ds/heap/ArrayHeap.java,repos/78444970/examples/structures/src/test/java/ds/heap/ArrayHeap_RBL4_cc0b81f1Test.java,examples/structures,D:\A_ThucNghiem\compiledrepos\78444970,D:\A_ThucNghiem\compiledrepos\78444970\examples\structures\src\main\java\ds\heap\ArrayHeap.java,examples/structures/src/test/java/ds/heap/ArrayHeap_RBL4_cc0b81f1Test.java,ds.heap,1.8,Maven,"mvn -B -ntp -DskipTests -DskipITs -f ""${REPO_DIR}\examples\structures\pom.xml"" clean test-compile","mvn -B -ntp -DskipTests -DskipITs -f ""${REPO_DIR}/examples/structures/pom.xml"" clean test-compile",v3:78444970:maven:examples/structures,1,1,1,0,0,PASS,PASS,PASS,ok,sandbox readiness passed,D:\A_ThucNghiem\scripts_v2\workspaces\20260724_010022_d3f7f7b1__baseline_readiness\181_78444970_cc0b81f1,2.634,PASS
78444970,https://github.com/voho/web,837c9c673caac60d2d8de1647e9d3e08acd70d9a,78444970:examples/graph/src/main/java/graph/algorithm/mst/jarnikprim.java,JarnikPrim,examples/graph/src/main/java/graph/algorithm/mst/JarnikPrim.java,5,40,375,1,1,9,9,9.0,maven,.,examples/graph,examples/graph,maven:examples/graph,8,8,main,6,5dd40c26f4f0fcf2bd41db12d6a94080bb944e091ce13d0e1925dcca6d7dcd7e,42,sha256_repo_balanced_v3_1,higher_complexity_half,,,repos/successful/78444970,promoted_before_storage_audit,248,247,remaining240,class_sampling_manifest_final_seed42.csv,2026-07-23T11:07:03+00:00,per_repo_2class_pilot_complexity_half_then_selection_rank_seed42,182,78444970,JarnikPrim,JarnikPrim_RBL4_9f5bd54aTest,repos/78444970/examples/graph/src/main/java/graph/algorithm/mst/JarnikPrim.java,repos/78444970/examples/graph/src/test/java/graph/algorithm/mst/JarnikPrim_RBL4_9f5bd54aTest.java,examples/graph,D:\A_ThucNghiem\compiledrepos\78444970,D:\A_ThucNghiem\compiledrepos\78444970\examples\graph\src\main\java\graph\algorithm\mst\JarnikPrim.java,examples/graph/src/test/java/graph/algorithm/mst/JarnikPrim_RBL4_9f5bd54aTest.java,graph.algorithm.mst,1.8,Maven,"mvn -B -ntp -DskipTests -DskipITs -f ""${REPO_DIR}\examples\graph\pom.xml"" clean test-compile","mvn -B -ntp -DskipTests -DskipITs -f ""${REPO_DIR}/examples/graph/pom.xml"" clean test-compile",v3:78444970:maven:examples/graph,1,1,1,0,0,PASS,PASS,PASS,ok,sandbox readiness passed,D:\A_ThucNghiem\scripts_v2\workspaces\20260724_010022_d3f7f7b1__baseline_readiness\182_78444970_9f5bd54a,2.66,PASS
78444970,https://github.com/voho/web,837c9c673caac60d2d8de1647e9d3e08acd70d9a,78444970:examples/graph/src/main/java/graph/algorithm/path/floydwarshall.java,FloydWarshall,examples/graph/src/main/java/graph/algorithm/path/FloydWarshall.java,1,77,696,1,3,19,19,19.0,maven,.,examples/graph,examples/graph,maven:examples/graph,8,8,main,3,29772588fca0890fdab587f8d54c807669d70e2d1a147bf83d70c43b6bd2025f,42,sha256_repo_balanced_v3_1,higher_complexity_half,,,repos/successful/78444970,promoted_before_storage_audit,293,292,remaining240,class_sampling_manifest_final_seed42.csv,2026-07-23T11:07:03+00:00,per_repo_2class_pilot_complexity_half_then_selection_rank_seed42,183,78444970,FloydWarshall,FloydWarshall_RBL4_592f2b06Test,repos/78444970/examples/graph/src/main/java/graph/algorithm/path/FloydWarshall.java,repos/78444970/examples/graph/src/test/java/graph/algorithm/path/FloydWarshall_RBL4_592f2b06Test.java,examples/graph,D:\A_ThucNghiem\compiledrepos\78444970,D:\A_ThucNghiem\compiledrepos\78444970\examples\graph\src\main\java\graph\algorithm\path\FloydWarshall.java,examples/graph/src/test/java/graph/algorithm/path/FloydWarshall_RBL4_592f2b06Test.java,graph.algorithm.path,1.8,Maven,"mvn -B -ntp -DskipTests -DskipITs -f ""${REPO_DIR}\examples\graph\pom.xml"" clean test-compile","mvn -B -ntp -DskipTests -DskipITs -f ""${REPO_DIR}/examples/graph/pom.xml"" clean test-compile",v3:78444970:maven:examples/graph,1,1,1,0,0,PASS,PASS,PASS,ok,sandbox readiness passed,D:\A_ThucNghiem\scripts_v2\workspaces\20260724_010022_d3f7f7b1__baseline_readiness\183_78444970_592f2b06,2.636,PASS
81384608,https://github.com/Teradata/kylo,0ca8cf21e6020ea1fbca51d5da7eead5b2c4827c,81384608:integrations/spark/spark-catalog/spark-catalog-core/src/main/java/com/thinkbiganalytics/kylo/catalog/spark/sources/jdbc/jdbchighwatermarkvisitor.java,JdbcHighWaterMarkVisitor,integrations/spark/spark-catalog/spark-catalog-core/src/main/java/com/thinkbiganalytics/kylo/catalog/spark/sources/jdbc/JdbcHighWaterMarkVisitor.java,1,25,185,2,1,1,2,1.0,maven,.,integrations/spark/spark-catalog/spark-catalog-core,integrations/spark/spark-catalog/spark-catalog-core,maven:integrations/spark/spark-catalog/spark-catalog-core,8,8,main,9,7daac054f4d4fe496b2c7a72e9d6f454a99cc618b355da1ef8f091c7f097529e,42,sha256_repo_balanced_v3_1,lower_complexity_half,,,repos/successful/81384608,promoted_before_storage_audit,16,15,remaining240,class_sampling_manifest_final_seed42.csv,2026-07-23T11:07:03+00:00,per_repo_2class_pilot_complexity_half_then_selection_rank_seed42,184,81384608,JdbcHighWaterMarkVisitor,JdbcHighWaterMarkVisitor_RBL4_347735f5Test,repos/81384608/integrations/spark/spark-catalog/spark-catalog-core/src/main/java/com/thinkbiganalytics/kylo/catalog/spark/sources/jdbc/JdbcHighWaterMarkVisitor.java,repos/81384608/integrations/spark/spark-catalog/spark-catalog-core/src/test/java/com/thinkbiganalytics/kylo/catalog/spark/sources/jdbc/JdbcHighWaterMarkVisitor_RBL4_347735f5Test.java,integrations/spark/spark-catalog/spark-catalog-core,D:\A_ThucNghiem\compiledrepos\81384608,D:\A_ThucNghiem\compiledrepos\81384608\integrations\spark\spark-catalog\spark-catalog-core\src\main\java\com\thinkbiganalytics\kylo\catalog\spark\sources\jdbc\JdbcHighWaterMarkVisitor.java,integrations/spark/spark-catalog/spark-catalog-core/src/test/java/com/thinkbiganalytics/kylo/catalog/spark/sources/jdbc/JdbcHighWaterMarkVisitor_RBL4_347735f5Test.java,com.thinkbiganalytics.kylo.catalog.spark.sources.jdbc,1.8,Maven,"mvn -B -ntp -DskipTests -DskipITs -f ""${REPO_DIR}\pom.xml"" -pl integrations/spark/spark-catalog/spark-catalog-core -am clean test-compile","mvn -B -ntp -DskipTests -DskipITs -f ""${REPO_DIR}/pom.xml"" -pl integrations/spark/spark-catalog/spark-catalog-core -am clean test-compile",v3:81384608:maven:integrations/spark/spark-catalog/spark-catalog-core,1,1,1,0,0,PASS,PASS,PASS,ok,sandbox readiness passed,D:\A_ThucNghiem\scripts_v2\workspaces\20260724_010022_d3f7f7b1__baseline_readiness\184_81384608_347735f5,316.008,PASS
81384608,https://github.com/Teradata/kylo,0ca8cf21e6020ea1fbca51d5da7eead5b2c4827c,81384608:integrations/spark/spark-catalog/spark-catalog-core/src/main/java/com/thinkbiganalytics/kylo/catalog/spark/sources/jdbc/jdbchighwatermarkaccumulableparam.java,JdbcHighWaterMarkAccumulableParam,integrations/spark/spark-catalog/spark-catalog-core/src/main/java/com/thinkbiganalytics/kylo/catalog/spark/sources/jdbc/JdbcHighWaterMarkAccumulableParam.java,3,25,158,3,3,1,3,1.0,maven,.,integrations/spark/spark-catalog/spark-catalog-core,integrations/spark/spark-catalog/spark-catalog-core,maven:integrations/spark/spark-catalog/spark-catalog-core,8,8,main,10,92cc415d064179bd5810f85a4ad5e447c66ad01383292eb3b9217b44548a7347,42,sha256_repo_balanced_v3_1,lower_complexity_half,,,repos/successful/81384608,promoted_before_storage_audit,23,22,remaining240,class_sampling_manifest_final_seed42.csv,2026-07-23T11:07:03+00:00,per_repo_2class_pilot_complexity_half_then_selection_rank_seed42,185,81384608,JdbcHighWaterMarkAccumulableParam,JdbcHighWaterMarkAccumulableParam_RBL4_1975b3e4Test,repos/81384608/integrations/spark/spark-catalog/spark-catalog-core/src/main/java/com/thinkbiganalytics/kylo/catalog/spark/sources/jdbc/JdbcHighWaterMarkAccumulableParam.java,repos/81384608/integrations/spark/spark-catalog/spark-catalog-core/src/test/java/com/thinkbiganalytics/kylo/catalog/spark/sources/jdbc/JdbcHighWaterMarkAccumulableParam_RBL4_1975b3e4Test.java,integrations/spark/spark-catalog/spark-catalog-core,D:\A_ThucNghiem\compiledrepos\81384608,D:\A_ThucNghiem\compiledrepos\81384608\integrations\spark\spark-catalog\spark-catalog-core\src\main\java\com\thinkbiganalytics\kylo\catalog\spark\sources\jdbc\JdbcHighWaterMarkAccumulableParam.java,integrations/spark/spark-catalog/spark-catalog-core/src/test/java/com/thinkbiganalytics/kylo/catalog/spark/sources/jdbc/JdbcHighWaterMarkAccumulableParam_RBL4_1975b3e4Test.java,com.thinkbiganalytics.kylo.catalog.spark.sources.jdbc,1.8,Maven,"mvn -B -ntp -DskipTests -DskipITs -f ""${REPO_DIR}\pom.xml"" -pl integrations/spark/spark-catalog/spark-catalog-core -am clean test-compile","mvn -B -ntp -DskipTests -DskipITs -f ""${REPO_DIR}/pom.xml"" -pl integrations/spark/spark-catalog/spark-catalog-core -am clean test-compile",v3:81384608:maven:integrations/spark/spark-catalog/spark-catalog-core,1,1,1,0,0,PASS,PASS,PASS,ok,sandbox readiness passed,D:\A_ThucNghiem\scripts_v2\workspaces\20260724_010022_d3f7f7b1__baseline_readiness\185_81384608_1975b3e4,292.38,PASS
81384608,https://github.com/Teradata/kylo,0ca8cf21e6020ea1fbca51d5da7eead5b2c4827c,81384608:integrations/spark/spark-catalog/spark-catalog-core/src/main/java/com/thinkbiganalytics/kylo/catalog/spark/sources/datasetutil.java,DataSetUtil,integrations/spark/spark-catalog/spark-catalog-core/src/main/java/com/thinkbiganalytics/kylo/catalog/spark/sources/DataSetUtil.java,2,21,158,2,1,3,4,2.0,maven,.,integrations/spark/spark-catalog/spark-catalog-core,integrations/spark/spark-catalog/spark-catalog-core,maven:integrations/spark/spark-catalog/spark-catalog-core,8,8,main,4,42368b2ca0cb70a2e2c5261515fd32c1506a1fe4ff5d861487111bf5de259c7e,42,sha256_repo_balanced_v3_1,lower_complexity_half,,,repos/successful/81384608,promoted_before_storage_audit,90,89,remaining240,class_sampling_manifest_final_seed42.csv,2026-07-23T11:07:03+00:00,per_repo_2class_pilot_complexity_half_then_selection_rank_seed42,186,81384608,DataSetUtil,DataSetUtil_RBL4_79e5be4dTest,repos/81384608/integrations/spark/spark-catalog/spark-catalog-core/src/main/java/com/thinkbiganalytics/kylo/catalog/spark/sources/DataSetUtil.java,repos/81384608/integrations/spark/spark-catalog/spark-catalog-core/src/test/java/com/thinkbiganalytics/kylo/catalog/spark/sources/DataSetUtil_RBL4_79e5be4dTest.java,integrations/spark/spark-catalog/spark-catalog-core,D:\A_ThucNghiem\compiledrepos\81384608,D:\A_ThucNghiem\compiledrepos\81384608\integrations\spark\spark-catalog\spark-catalog-core\src\main\java\com\thinkbiganalytics\kylo\catalog\spark\sources\DataSetUtil.java,integrations/spark/spark-catalog/spark-catalog-core/src/test/java/com/thinkbiganalytics/kylo/catalog/spark/sources/DataSetUtil_RBL4_79e5be4dTest.java,com.thinkbiganalytics.kylo.catalog.spark.sources,1.8,Maven,"mvn -B -ntp -DskipTests -DskipITs -f ""${REPO_DIR}\pom.xml"" -pl integrations/spark/spark-catalog/spark-catalog-core -am clean test-compile","mvn -B -ntp -DskipTests -DskipITs -f ""${REPO_DIR}/pom.xml"" -pl integrations/spark/spark-catalog/spark-catalog-core -am clean test-compile",v3:81384608:maven:integrations/spark/spark-catalog/spark-catalog-core,1,1,1,0,0,PASS,PASS,PASS,ok,sandbox readiness passed,D:\A_ThucNghiem\scripts_v2\workspaces\20260724_010022_d3f7f7b1__baseline_readiness\186_81384608_79e5be4d,363.931,PASS
81384608,https://github.com/Teradata/kylo,0ca8cf21e6020ea1fbca51d5da7eead5b2c4827c,81384608:integrations/spark/spark-catalog/spark-catalog-core/src/main/java/com/thinkbiganalytics/kylo/catalog/spark/sources/jdbc/jdbcrelationprovider.java,JdbcRelationProvider,integrations/spark/spark-catalog/spark-catalog-core/src/main/java/com/thinkbiganalytics/kylo/catalog/spark/sources/jdbc/JdbcRelationProvider.java,2,33,265,2,1,4,6,3.0,maven,.,integrations/spark/spark-catalog/spark-catalog-core,integrations/spark/spark-catalog/spark-catalog-core,maven:integrations/spark/spark-catalog/spark-catalog-core,8,8,main,5,52548106d1948e30444c37932277909aa82c6d51e7bd325ae32a326604a90aaf,42,sha256_repo_balanced_v3_1,lower_complexity_half,,,repos/successful/81384608,promoted_before_storage_audit,126,125,remaining240,class_sampling_manifest_final_seed42.csv,2026-07-23T11:07:03+00:00,per_repo_2class_pilot_complexity_half_then_selection_rank_seed42,187,81384608,JdbcRelationProvider,JdbcRelationProvider_RBL4_901bfaa9Test,repos/81384608/integrations/spark/spark-catalog/spark-catalog-core/src/main/java/com/thinkbiganalytics/kylo/catalog/spark/sources/jdbc/JdbcRelationProvider.java,repos/81384608/integrations/spark/spark-catalog/spark-catalog-core/src/test/java/com/thinkbiganalytics/kylo/catalog/spark/sources/jdbc/JdbcRelationProvider_RBL4_901bfaa9Test.java,integrations/spark/spark-catalog/spark-catalog-core,D:\A_ThucNghiem\compiledrepos\81384608,D:\A_ThucNghiem\compiledrepos\81384608\integrations\spark\spark-catalog\spark-catalog-core\src\main\java\com\thinkbiganalytics\kylo\catalog\spark\sources\jdbc\JdbcRelationProvider.java,integrations/spark/spark-catalog/spark-catalog-core/src/test/java/com/thinkbiganalytics/kylo/catalog/spark/sources/jdbc/JdbcRelationProvider_RBL4_901bfaa9Test.java,com.thinkbiganalytics.kylo.catalog.spark.sources.jdbc,1.8,Maven,"mvn -B -ntp -DskipTests -DskipITs -f ""${REPO_DIR}\pom.xml"" -pl integrations/spark/spark-catalog/spark-catalog-core -am clean test-compile","mvn -B -ntp -DskipTests -DskipITs -f ""${REPO_DIR}/pom.xml"" -pl integrations/spark/spark-catalog/spark-catalog-core -am clean test-compile",v3:81384608:maven:integrations/spark/spark-catalog/spark-catalog-core,1,1,1,0,0,PASS,PASS,PASS,ok,sandbox readiness passed,D:\A_ThucNghiem\scripts_v2\workspaces\20260724_010022_d3f7f7b1__baseline_readiness\187_81384608_901bfaa9,339.998,PASS
81384608,https://github.com/Teradata/kylo,0ca8cf21e6020ea1fbca51d5da7eead5b2c4827c,81384608:integrations/spark/spark-catalog/spark-catalog-core/src/main/java/com/thinkbiganalytics/kylo/catalog/spark/sources/jdbc/jdbchighwatermark.java,JdbcHighWaterMark,integrations/spark/spark-catalog/spark-catalog-core/src/main/java/com/thinkbiganalytics/kylo/catalog/spark/sources/jdbc/JdbcHighWaterMark.java,1,61,399,9,7,6,16,1.7777777777777777,maven,.,integrations/spark/spark-catalog/spark-catalog-core,integrations/spark/spark-catalog/spark-catalog-core,maven:integrations/spark/spark-catalog/spark-catalog-core,8,8,main,6,5b91c215bcfa10d7c5fe85b38b1db2e54db5199a822c966f8f7804a219833b12,42,sha256_repo_balanced_v3_1,higher_complexity_half,,,repos/successful/81384608,promoted_before_storage_audit,200,199,remaining240,class_sampling_manifest_final_seed42.csv,2026-07-23T11:07:03+00:00,per_repo_2class_pilot_complexity_half_then_selection_rank_seed42,188,81384608,JdbcHighWaterMark,JdbcHighWaterMark_RBL4_0b3aff22Test,repos/81384608/integrations/spark/spark-catalog/spark-catalog-core/src/main/java/com/thinkbiganalytics/kylo/catalog/spark/sources/jdbc/JdbcHighWaterMark.java,repos/81384608/integrations/spark/spark-catalog/spark-catalog-core/src/test/java/com/thinkbiganalytics/kylo/catalog/spark/sources/jdbc/JdbcHighWaterMark_RBL4_0b3aff22Test.java,integrations/spark/spark-catalog/spark-catalog-core,D:\A_ThucNghiem\compiledrepos\81384608,D:\A_ThucNghiem\compiledrepos\81384608\integrations\spark\spark-catalog\spark-catalog-core\src\main\java\com\thinkbiganalytics\kylo\catalog\spark\sources\jdbc\JdbcHighWaterMark.java,integrations/spark/spark-catalog/spark-catalog-core/src/test/java/com/thinkbiganalytics/kylo/catalog/spark/sources/jdbc/JdbcHighWaterMark_RBL4_0b3aff22Test.java,com.thinkbiganalytics.kylo.catalog.spark.sources.jdbc,1.8,Maven,"mvn -B -ntp -DskipTests -DskipITs -f ""${REPO_DIR}\pom.xml"" -pl integrations/spark/spark-catalog/spark-catalog-core -am clean test-compile","mvn -B -ntp -DskipTests -DskipITs -f ""${REPO_DIR}/pom.xml"" -pl integrations/spark/spark-catalog/spark-catalog-core -am clean test-compile",v3:81384608:maven:integrations/spark/spark-catalog/spark-catalog-core,1,1,1,0,0,PASS,PASS,PASS,ok,sandbox readiness passed,D:\A_ThucNghiem\scripts_v2\workspaces\20260724_010022_d3f7f7b1__baseline_readiness\188_81384608_0b3aff22,94.971,PASS
81384608,https://github.com/Teradata/kylo,0ca8cf21e6020ea1fbca51d5da7eead5b2c4827c,81384608:integrations/spark/spark-catalog/spark-catalog-core/src/main/java/com/thinkbiganalytics/kylo/catalog/spark/abstractdatasetoptionsaccess.java,AbstractDataSetOptionsAccess,integrations/spark/spark-catalog/spark-catalog-core/src/main/java/com/thinkbiganalytics/kylo/catalog/spark/AbstractDataSetOptionsAccess.java,3,87,562,8,6,6,19,2.375,maven,.,integrations/spark/spark-catalog/spark-catalog-core,integrations/spark/spark-catalog/spark-catalog-core,maven:integrations/spark/spark-catalog/spark-catalog-core,8,8,main,7,5fb7a9cedbda043c53b8211bed4e12abc6bc1d949d49ab7516017146605fe869,42,sha256_repo_balanced_v3_1,higher_complexity_half,,,repos/successful/81384608,promoted_before_storage_audit,201,200,remaining240,class_sampling_manifest_final_seed42.csv,2026-07-23T11:07:03+00:00,per_repo_2class_pilot_complexity_half_then_selection_rank_seed42,189,81384608,AbstractDataSetOptionsAccess,AbstractDataSetOptionsAccess_RBL4_da844f5aTest,repos/81384608/integrations/spark/spark-catalog/spark-catalog-core/src/main/java/com/thinkbiganalytics/kylo/catalog/spark/AbstractDataSetOptionsAccess.java,repos/81384608/integrations/spark/spark-catalog/spark-catalog-core/src/test/java/com/thinkbiganalytics/kylo/catalog/spark/AbstractDataSetOptionsAccess_RBL4_da844f5aTest.java,integrations/spark/spark-catalog/spark-catalog-core,D:\A_ThucNghiem\compiledrepos\81384608,D:\A_ThucNghiem\compiledrepos\81384608\integrations\spark\spark-catalog\spark-catalog-core\src\main\java\com\thinkbiganalytics\kylo\catalog\spark\AbstractDataSetOptionsAccess.java,integrations/spark/spark-catalog/spark-catalog-core/src/test/java/com/thinkbiganalytics/kylo/catalog/spark/AbstractDataSetOptionsAccess_RBL4_da844f5aTest.java,com.thinkbiganalytics.kylo.catalog.spark,1.8,Maven,"mvn -B -ntp -DskipTests -DskipITs -f ""${REPO_DIR}\pom.xml"" -pl integrations/spark/spark-catalog/spark-catalog-core -am clean test-compile","mvn -B -ntp -DskipTests -DskipITs -f ""${REPO_DIR}/pom.xml"" -pl integrations/spark/spark-catalog/spark-catalog-core -am clean test-compile",v3:81384608:maven:integrations/spark/spark-catalog/spark-catalog-core,1,1,1,0,0,PASS,PASS,PASS,ok,sandbox readiness passed,D:\A_ThucNghiem\scripts_v2\workspaces\20260724_010022_d3f7f7b1__baseline_readiness\189_81384608_da844f5a,95.096,PASS
81384608,https://github.com/Teradata/kylo,0ca8cf21e6020ea1fbca51d5da7eead5b2c4827c,81384608:integrations/spark/spark-catalog/spark-catalog-core/src/main/java/com/thinkbiganalytics/kylo/catalog/spark/sources/spark/highwatermarkinputformat.java,HighWaterMarkInputFormat,integrations/spark/spark-catalog/spark-catalog-core/src/main/java/com/thinkbiganalytics/kylo/catalog/spark/sources/spark/HighWaterMarkInputFormat.java,1,66,545,9,8,8,16,1.7777777777777777,maven,.,integrations/spark/spark-catalog/spark-catalog-core,integrations/spark/spark-catalog/spark-catalog-core,maven:integrations/spark/spark-catalog/spark-catalog-core,8,8,main,2,286c17e5afe27273bb043ce3ee8efd5ac5c4dc86d4ce3ef8d4806c422dc9a8dc,42,sha256_repo_balanced_v3_1,higher_complexity_half,,,repos/successful/81384608,promoted_before_storage_audit,236,235,remaining240,class_sampling_manifest_final_seed42.csv,2026-07-23T11:07:03+00:00,per_repo_2class_pilot_complexity_half_then_selection_rank_seed42,190,81384608,HighWaterMarkInputFormat,HighWaterMarkInputFormat_RBL4_5fd49e1fTest,repos/81384608/integrations/spark/spark-catalog/spark-catalog-core/src/main/java/com/thinkbiganalytics/kylo/catalog/spark/sources/spark/HighWaterMarkInputFormat.java,repos/81384608/integrations/spark/spark-catalog/spark-catalog-core/src/test/java/com/thinkbiganalytics/kylo/catalog/spark/sources/spark/HighWaterMarkInputFormat_RBL4_5fd49e1fTest.java,integrations/spark/spark-catalog/spark-catalog-core,D:\A_ThucNghiem\compiledrepos\81384608,D:\A_ThucNghiem\compiledrepos\81384608\integrations\spark\spark-catalog\spark-catalog-core\src\main\java\com\thinkbiganalytics\kylo\catalog\spark\sources\spark\HighWaterMarkInputFormat.java,integrations/spark/spark-catalog/spark-catalog-core/src/test/java/com/thinkbiganalytics/kylo/catalog/spark/sources/spark/HighWaterMarkInputFormat_RBL4_5fd49e1fTest.java,com.thinkbiganalytics.kylo.catalog.spark.sources.spark,1.8,Maven,"mvn -B -ntp -DskipTests -DskipITs -f ""${REPO_DIR}\pom.xml"" -pl integrations/spark/spark-catalog/spark-catalog-core -am clean test-compile","mvn -B -ntp -DskipTests -DskipITs -f ""${REPO_DIR}/pom.xml"" -pl integrations/spark/spark-catalog/spark-catalog-core -am clean test-compile",v3:81384608:maven:integrations/spark/spark-catalog/spark-catalog-core,1,1,1,0,0,PASS,PASS,PASS,ok,sandbox readiness passed,D:\A_ThucNghiem\scripts_v2\workspaces\20260724_010022_d3f7f7b1__baseline_readiness\190_81384608_5fd49e1f,99.395,PASS
81384608,https://github.com/Teradata/kylo,0ca8cf21e6020ea1fbca51d5da7eead5b2c4827c,81384608:integrations/spark/spark-catalog/spark-catalog-core/src/main/java/com/thinkbiganalytics/kylo/catalog/spark/sources/spark/sparkdatasetcontext.java,SparkDataSetContext,integrations/spark/spark-catalog/spark-catalog-core/src/main/java/com/thinkbiganalytics/kylo/catalog/spark/sources/spark/SparkDataSetContext.java,3,173,1457,9,4,10,34,3.7777777777777777,maven,.,integrations/spark/spark-catalog/spark-catalog-core,integrations/spark/spark-catalog/spark-catalog-core,maven:integrations/spark/spark-catalog/spark-catalog-core,8,8,main,8,65636ae3fa86b504ce5a9cffa7a633483b38b8d9e860603c20ec5c9b4bf4ca07,42,sha256_repo_balanced_v3_1,higher_complexity_half,,,repos/successful/81384608,promoted_before_storage_audit,263,262,remaining240,class_sampling_manifest_final_seed42.csv,2026-07-23T11:07:03+00:00,per_repo_2class_pilot_complexity_half_then_selection_rank_seed42,191,81384608,SparkDataSetContext,SparkDataSetContext_RBL4_7e6fcfeeTest,repos/81384608/integrations/spark/spark-catalog/spark-catalog-core/src/main/java/com/thinkbiganalytics/kylo/catalog/spark/sources/spark/SparkDataSetContext.java,repos/81384608/integrations/spark/spark-catalog/spark-catalog-core/src/test/java/com/thinkbiganalytics/kylo/catalog/spark/sources/spark/SparkDataSetContext_RBL4_7e6fcfeeTest.java,integrations/spark/spark-catalog/spark-catalog-core,D:\A_ThucNghiem\compiledrepos\81384608,D:\A_ThucNghiem\compiledrepos\81384608\integrations\spark\spark-catalog\spark-catalog-core\src\main\java\com\thinkbiganalytics\kylo\catalog\spark\sources\spark\SparkDataSetContext.java,integrations/spark/spark-catalog/spark-catalog-core/src/test/java/com/thinkbiganalytics/kylo/catalog/spark/sources/spark/SparkDataSetContext_RBL4_7e6fcfeeTest.java,com.thinkbiganalytics.kylo.catalog.spark.sources.spark,1.8,Maven,"mvn -B -ntp -DskipTests -DskipITs -f ""${REPO_DIR}\pom.xml"" -pl integrations/spark/spark-catalog/spark-catalog-core -am clean test-compile","mvn -B -ntp -DskipTests -DskipITs -f ""${REPO_DIR}/pom.xml"" -pl integrations/spark/spark-catalog/spark-catalog-core -am clean test-compile",v3:81384608:maven:integrations/spark/spark-catalog/spark-catalog-core,1,1,1,0,0,PASS,PASS,PASS,ok,sandbox readiness passed,D:\A_ThucNghiem\scripts_v2\workspaces\20260724_010022_d3f7f7b1__baseline_readiness\191_81384608_7e6fcfee,118.703,PASS
85795396,https://github.com/apache/calcite-avatica,b8bc167268d0900087a24eecd150e8911a6225c0,85795396:metrics-dropwizardmetrics/src/main/java/org/apache/calcite/avatica/metrics/dropwizard/dropwizardgauge.java,DropwizardGauge,metrics-dropwizardmetrics/src/main/java/org/apache/calcite/avatica/metrics/dropwizard/DropwizardGauge.java,1,11,96,2,1,1,2,1.0,gradle,.,metrics-dropwizardmetrics,metrics-dropwizardmetrics,gradle:metrics-dropwizardmetrics,8,8,main,7,69dc73eee5c997a2c3a4d36a5d0531f1cade0f6d9b1ed9932c684a94d4d31733,42,sha256_repo_balanced_v3_1,lower_complexity_half,,,repos/successful/85795396,promoted_before_storage_audit,15,14,remaining240,class_sampling_manifest_final_seed42.csv,2026-07-23T11:07:03+00:00,per_repo_2class_pilot_complexity_half_then_selection_rank_seed42,192,85795396,DropwizardGauge,DropwizardGauge_RBL4_3f1ba9c7Test,repos/85795396/metrics-dropwizardmetrics/src/main/java/org/apache/calcite/avatica/metrics/dropwizard/DropwizardGauge.java,repos/85795396/metrics-dropwizardmetrics/src/test/java/org/apache/calcite/avatica/metrics/dropwizard/DropwizardGauge_RBL4_3f1ba9c7Test.java,metrics-dropwizardmetrics,D:\A_ThucNghiem\compiledrepos\85795396,D:\A_ThucNghiem\compiledrepos\85795396\metrics-dropwizardmetrics\src\main\java\org\apache\calcite\avatica\metrics\dropwizard\DropwizardGauge.java,metrics-dropwizardmetrics/src/test/java/org/apache/calcite/avatica/metrics/dropwizard/DropwizardGauge_RBL4_3f1ba9c7Test.java,org.apache.calcite.avatica.metrics.dropwizard,1.8,Gradle,"""${REPO_DIR}\gradlew.bat"" --no-daemon --console=plain --stacktrace :metrics-dropwizardmetrics:clean :metrics-dropwizardmetrics:testClasses -x test","""${REPO_DIR}/gradlew"" --no-daemon --console=plain --stacktrace :metrics-dropwizardmetrics:clean :metrics-dropwizardmetrics:testClasses -x test",v3:85795396:gradle:metrics-dropwizardmetrics,1,1,1,0,0,PASS,PASS,PASS,ok,sandbox readiness passed,D:\A_ThucNghiem\scripts_v2\workspaces\20260724_010022_d3f7f7b1__baseline_readiness\192_85795396_3f1ba9c7,41.119,PASS
85795396,https://github.com/apache/calcite-avatica,b8bc167268d0900087a24eecd150e8911a6225c0,85795396:metrics-dropwizardmetrics/src/main/java/org/apache/calcite/avatica/metrics/dropwizard/dropwizardhistogram.java,DropwizardHistogram,metrics-dropwizardmetrics/src/main/java/org/apache/calcite/avatica/metrics/dropwizard/DropwizardHistogram.java,1,15,106,3,2,1,3,1.0,gradle,.,metrics-dropwizardmetrics,metrics-dropwizardmetrics,gradle:metrics-dropwizardmetrics,8,8,main,9,6a1dc8b9d9315fb2aeb5030d377b0c4120d45967b8d6e47ad59e1d66c1e2e461,42,sha256_repo_balanced_v3_1,lower_complexity_half,,,repos/successful/85795396,promoted_before_storage_audit,21,20,remaining240,class_sampling_manifest_final_seed42.csv,2026-07-23T11:07:03+00:00,per_repo_2class_pilot_complexity_half_then_selection_rank_seed42,193,85795396,DropwizardHistogram,DropwizardHistogram_RBL4_0b144c66Test,repos/85795396/metrics-dropwizardmetrics/src/main/java/org/apache/calcite/avatica/metrics/dropwizard/DropwizardHistogram.java,repos/85795396/metrics-dropwizardmetrics/src/test/java/org/apache/calcite/avatica/metrics/dropwizard/DropwizardHistogram_RBL4_0b144c66Test.java,metrics-dropwizardmetrics,D:\A_ThucNghiem\compiledrepos\85795396,D:\A_ThucNghiem\compiledrepos\85795396\metrics-dropwizardmetrics\src\main\java\org\apache\calcite\avatica\metrics\dropwizard\DropwizardHistogram.java,metrics-dropwizardmetrics/src/test/java/org/apache/calcite/avatica/metrics/dropwizard/DropwizardHistogram_RBL4_0b144c66Test.java,org.apache.calcite.avatica.metrics.dropwizard,1.8,Gradle,"""${REPO_DIR}\gradlew.bat"" --no-daemon --console=plain --stacktrace :metrics-dropwizardmetrics:clean :metrics-dropwizardmetrics:testClasses -x test","""${REPO_DIR}/gradlew"" --no-daemon --console=plain --stacktrace :metrics-dropwizardmetrics:clean :metrics-dropwizardmetrics:testClasses -x test",v3:85795396:gradle:metrics-dropwizardmetrics,1,1,1,0,0,PASS,PASS,PASS,ok,sandbox readiness passed,D:\A_ThucNghiem\scripts_v2\workspaces\20260724_010022_d3f7f7b1__baseline_readiness\193_85795396_0b144c66,25.866,PASS
85795396,https://github.com/apache/calcite-avatica,b8bc167268d0900087a24eecd150e8911a6225c0,85795396:core/src/main/java/org/apache/calcite/avatica/remote/protobufhandler.java,ProtobufHandler,core/src/main/java/org/apache/calcite/avatica/remote/ProtobufHandler.java,1,31,252,4,1,1,4,1.0,gradle,.,core,core,gradle:core,8,8,main,5,67545037817999d5b8f55905c5d08e8b0cde43ff5f9af18130a4c054134ec688,42,sha256_repo_balanced_v3_1,lower_complexity_half,,,repos/successful/85795396,promoted_before_storage_audit,24,23,remaining240,class_sampling_manifest_final_seed42.csv,2026-07-23T11:07:03+00:00,per_repo_2class_pilot_complexity_half_then_selection_rank_seed42,194,85795396,ProtobufHandler,ProtobufHandler_RBL4_d33c3262Test,repos/85795396/core/src/main/java/org/apache/calcite/avatica/remote/ProtobufHandler.java,repos/85795396/core/src/test/java/org/apache/calcite/avatica/remote/ProtobufHandler_RBL4_d33c3262Test.java,core,D:\A_ThucNghiem\compiledrepos\85795396,D:\A_ThucNghiem\compiledrepos\85795396\core\src\main\java\org\apache\calcite\avatica\remote\ProtobufHandler.java,core/src/test/java/org/apache/calcite/avatica/remote/ProtobufHandler_RBL4_d33c3262Test.java,org.apache.calcite.avatica.remote,1.8,Gradle,"""${REPO_DIR}\gradlew.bat"" --no-daemon --console=plain --stacktrace :core:clean :core:testClasses -x test","""${REPO_DIR}/gradlew"" --no-daemon --console=plain --stacktrace :core:clean :core:testClasses -x test",v3:85795396:gradle:core,1,1,1,0,0,PASS,PASS,PASS,ok,sandbox readiness passed,D:\A_ThucNghiem\scripts_v2\workspaces\20260724_010022_d3f7f7b1__baseline_readiness\194_85795396_d33c3262,51.889,PASS
85795396,https://github.com/apache/calcite-avatica,b8bc167268d0900087a24eecd150e8911a6225c0,85795396:metrics-dropwizardmetrics/src/main/java/org/apache/calcite/avatica/metrics/dropwizard/dropwizardmetricssystem.java,DropwizardMetricsSystem,metrics-dropwizardmetrics/src/main/java/org/apache/calcite/avatica/metrics/dropwizard/DropwizardMetricsSystem.java,5,30,266,6,5,1,6,1.0,gradle,.,metrics-dropwizardmetrics,metrics-dropwizardmetrics,gradle:metrics-dropwizardmetrics,8,8,main,8,6a18bfdc6babba6054174a1d57ccf7690609ecfaee8d234fed62dcb5b0c3e783,42,sha256_repo_balanced_v3_1,lower_complexity_half,,,repos/successful/85795396,promoted_before_storage_audit,31,30,remaining240,class_sampling_manifest_final_seed42.csv,2026-07-23T11:07:03+00:00,per_repo_2class_pilot_complexity_half_then_selection_rank_seed42,195,85795396,DropwizardMetricsSystem,DropwizardMetricsSystem_RBL4_b6cb9e18Test,repos/85795396/metrics-dropwizardmetrics/src/main/java/org/apache/calcite/avatica/metrics/dropwizard/DropwizardMetricsSystem.java,repos/85795396/metrics-dropwizardmetrics/src/test/java/org/apache/calcite/avatica/metrics/dropwizard/DropwizardMetricsSystem_RBL4_b6cb9e18Test.java,metrics-dropwizardmetrics,D:\A_ThucNghiem\compiledrepos\85795396,D:\A_ThucNghiem\compiledrepos\85795396\metrics-dropwizardmetrics\src\main\java\org\apache\calcite\avatica\metrics\dropwizard\DropwizardMetricsSystem.java,metrics-dropwizardmetrics/src/test/java/org/apache/calcite/avatica/metrics/dropwizard/DropwizardMetricsSystem_RBL4_b6cb9e18Test.java,org.apache.calcite.avatica.metrics.dropwizard,1.8,Gradle,"""${REPO_DIR}\gradlew.bat"" --no-daemon --console=plain --stacktrace :metrics-dropwizardmetrics:clean :metrics-dropwizardmetrics:testClasses -x test","""${REPO_DIR}/gradlew"" --no-daemon --console=plain --stacktrace :metrics-dropwizardmetrics:clean :metrics-dropwizardmetrics:testClasses -x test",v3:85795396:gradle:metrics-dropwizardmetrics,1,1,1,0,0,PASS,PASS,PASS,ok,sandbox readiness passed,D:\A_ThucNghiem\scripts_v2\workspaces\20260724_010022_d3f7f7b1__baseline_readiness\195_85795396_b6cb9e18,38.262,PASS
85795396,https://github.com/apache/calcite-avatica,b8bc167268d0900087a24eecd150e8911a6225c0,85795396:core/src/main/java/org/apache/calcite/avatica/remote/protobufservice.java,ProtobufService,core/src/main/java/org/apache/calcite/avatica/remote/ProtobufService.java,1,78,563,23,23,2,24,1.0434782608695652,gradle,.,core,core,gradle:core,8,8,main,3,05beaea5cdebb1345f7133ca6b7ac806b4013d3651befc4de5e50ea4f99e48fd,42,sha256_repo_balanced_v3_1,lower_complexity_half,,,repos/successful/85795396,promoted_before_storage_audit,80,79,remaining240,class_sampling_manifest_final_seed42.csv,2026-07-23T11:07:03+00:00,per_repo_2class_pilot_complexity_half_then_selection_rank_seed42,196,85795396,ProtobufService,ProtobufService_RBL4_33f17a9fTest,repos/85795396/core/src/main/java/org/apache/calcite/avatica/remote/ProtobufService.java,repos/85795396/core/src/test/java/org/apache/calcite/avatica/remote/ProtobufService_RBL4_33f17a9fTest.java,core,D:\A_ThucNghiem\compiledrepos\85795396,D:\A_ThucNghiem\compiledrepos\85795396\core\src\main\java\org\apache\calcite\avatica\remote\ProtobufService.java,core/src/test/java/org/apache/calcite/avatica/remote/ProtobufService_RBL4_33f17a9fTest.java,org.apache.calcite.avatica.remote,1.8,Gradle,"""${REPO_DIR}\gradlew.bat"" --no-daemon --console=plain --stacktrace :core:clean :core:testClasses -x test","""${REPO_DIR}/gradlew"" --no-daemon --console=plain --stacktrace :core:clean :core:testClasses -x test",v3:85795396:gradle:core,1,1,1,0,0,PASS,PASS,PASS,ok,sandbox readiness passed,D:\A_ThucNghiem\scripts_v2\workspaces\20260724_010022_d3f7f7b1__baseline_readiness\196_85795396_33f17a9f,58.14,PASS
85795396,https://github.com/apache/calcite-avatica,b8bc167268d0900087a24eecd150e8911a6225c0,85795396:core/src/main/java/org/apache/calcite/avatica/remote/kerberosconnection.java,KerberosConnection,core/src/main/java/org/apache/calcite/avatica/remote/KerberosConnection.java,1,216,1444,18,7,9,40,2.2222222222222223,gradle,.,core,core,gradle:core,8,8,main,10,913c2859ce56ab0a43d71f336b9f065eaae0fafbd28d1322317a424912bdceb5,42,sha256_repo_balanced_v3_1,higher_complexity_half,,,repos/successful/85795396,promoted_before_storage_audit,257,256,remaining240,class_sampling_manifest_final_seed42.csv,2026-07-23T11:07:03+00:00,per_repo_2class_pilot_complexity_half_then_selection_rank_seed42,197,85795396,KerberosConnection,KerberosConnection_RBL4_e0bbdbb3Test,repos/85795396/core/src/main/java/org/apache/calcite/avatica/remote/KerberosConnection.java,repos/85795396/core/src/test/java/org/apache/calcite/avatica/remote/KerberosConnection_RBL4_e0bbdbb3Test.java,core,D:\A_ThucNghiem\compiledrepos\85795396,D:\A_ThucNghiem\compiledrepos\85795396\core\src\main\java\org\apache\calcite\avatica\remote\KerberosConnection.java,core/src/test/java/org/apache/calcite/avatica/remote/KerberosConnection_RBL4_e0bbdbb3Test.java,org.apache.calcite.avatica.remote,1.8,Gradle,"""${REPO_DIR}\gradlew.bat"" --no-daemon --console=plain --stacktrace :core:clean :core:testClasses -x test","""${REPO_DIR}/gradlew"" --no-daemon --console=plain --stacktrace :core:clean :core:testClasses -x test",v3:85795396:gradle:core,1,1,1,0,0,PASS,PASS,PASS,ok,sandbox readiness passed,D:\A_ThucNghiem\scripts_v2\workspaces\20260724_010022_d3f7f7b1__baseline_readiness\197_85795396_e0bbdbb3,61.579,PASS
85795396,https://github.com/apache/calcite-avatica,b8bc167268d0900087a24eecd150e8911a6225c0,85795396:core/src/main/java/org/apache/calcite/avatica/connectionpropertiesimpl.java,ConnectionPropertiesImpl,core/src/main/java/org/apache/calcite/avatica/ConnectionPropertiesImpl.java,1,186,1288,21,18,12,53,2.5238095238095237,gradle,.,core,core,gradle:core,8,8,main,6,680d90d77155cc6d4601fa5a8facfe7da068093d3befb3f8173f9ce181014caf,42,sha256_repo_balanced_v3_1,higher_complexity_half,,,repos/successful/85795396,promoted_before_storage_audit,271,270,remaining240,class_sampling_manifest_final_seed42.csv,2026-07-23T11:07:03+00:00,per_repo_2class_pilot_complexity_half_then_selection_rank_seed42,198,85795396,ConnectionPropertiesImpl,ConnectionPropertiesImpl_RBL4_5c0f04f0Test,repos/85795396/core/src/main/java/org/apache/calcite/avatica/ConnectionPropertiesImpl.java,repos/85795396/core/src/test/java/org/apache/calcite/avatica/ConnectionPropertiesImpl_RBL4_5c0f04f0Test.java,core,D:\A_ThucNghiem\compiledrepos\85795396,D:\A_ThucNghiem\compiledrepos\85795396\core\src\main\java\org\apache\calcite\avatica\ConnectionPropertiesImpl.java,core/src/test/java/org/apache/calcite/avatica/ConnectionPropertiesImpl_RBL4_5c0f04f0Test.java,org.apache.calcite.avatica,1.8,Gradle,"""${REPO_DIR}\gradlew.bat"" --no-daemon --console=plain --stacktrace :core:clean :core:testClasses -x test","""${REPO_DIR}/gradlew"" --no-daemon --console=plain --stacktrace :core:clean :core:testClasses -x test",v3:85795396:gradle:core,1,1,1,0,0,PASS,PASS,PASS,ok,sandbox readiness passed,D:\A_ThucNghiem\scripts_v2\workspaces\20260724_010022_d3f7f7b1__baseline_readiness\198_85795396_5c0f04f0,64.757,PASS
85795396,https://github.com/apache/calcite-avatica,b8bc167268d0900087a24eecd150e8911a6225c0,85795396:core/src/main/java/org/apache/calcite/avatica/querystate.java,QueryState,core/src/main/java/org/apache/calcite/avatica/QueryState.java,25,368,2540,16,11,29,83,5.1875,gradle,.,core,core,gradle:core,8,8,main,4,3517cd5c2c84d973bd3cfb592ea7478bfd0717fb29834613e9682066ca68b909,42,sha256_repo_balanced_v3_1,higher_complexity_half,,,repos/successful/85795396,promoted_before_storage_audit,299,298,remaining240,class_sampling_manifest_final_seed42.csv,2026-07-23T11:07:03+00:00,per_repo_2class_pilot_complexity_half_then_selection_rank_seed42,199,85795396,QueryState,QueryState_RBL4_22b34a0aTest,repos/85795396/core/src/main/java/org/apache/calcite/avatica/QueryState.java,repos/85795396/core/src/test/java/org/apache/calcite/avatica/QueryState_RBL4_22b34a0aTest.java,core,D:\A_ThucNghiem\compiledrepos\85795396,D:\A_ThucNghiem\compiledrepos\85795396\core\src\main\java\org\apache\calcite\avatica\QueryState.java,core/src/test/java/org/apache/calcite/avatica/QueryState_RBL4_22b34a0aTest.java,org.apache.calcite.avatica,1.8,Gradle,"""${REPO_DIR}\gradlew.bat"" --no-daemon --console=plain --stacktrace :core:clean :core:testClasses -x test","""${REPO_DIR}/gradlew"" --no-daemon --console=plain --stacktrace :core:clean :core:testClasses -x test",v3:85795396:gradle:core,1,1,1,0,0,PASS,PASS,PASS,ok,sandbox readiness passed,D:\A_ThucNghiem\scripts_v2\workspaces\20260724_010022_d3f7f7b1__baseline_readiness\199_85795396_22b34a0a,63.364,PASS
95247959,https://github.com/aws/aws-sdk-java-v2,999ce2f6564ba6615a4b428c26fc1116cf85fbdf,95247959:http-clients/netty-nio-client/src/main/java/software/amazon/awssdk/http/nio/netty/internal/http2/http2settingsframehandler.java,Http2SettingsFrameHandler,http-clients/netty-nio-client/src/main/java/software/amazon/awssdk/http/nio/netty/internal/http2/Http2SettingsFrameHandler.java,4,53,448,5,2,2,7,1.4,maven,.,http-clients/netty-nio-client,http-clients/netty-nio-client,maven:http-clients/netty-nio-client,8,8,main,9,4e90e12d1778207e5c51e27b03f3d13390bf2aa603cd872efc56ac9a7b4184d8,42,sha256_repo_balanced_v3_1,lower_complexity_half,,,repos/successful/95247959,promoted_before_storage_audit,64,63,remaining240,class_sampling_manifest_final_seed42.csv,2026-07-23T11:07:03+00:00,per_repo_2class_pilot_complexity_half_then_selection_rank_seed42,200,95247959,Http2SettingsFrameHandler,Http2SettingsFrameHandler_RBL4_27231889Test,repos/95247959/http-clients/netty-nio-client/src/main/java/software/amazon/awssdk/http/nio/netty/internal/http2/Http2SettingsFrameHandler.java,repos/95247959/http-clients/netty-nio-client/src/test/java/software/amazon/awssdk/http/nio/netty/internal/http2/Http2SettingsFrameHandler_RBL4_27231889Test.java,http-clients/netty-nio-client,D:\A_ThucNghiem\compiledrepos\95247959,D:\A_ThucNghiem\compiledrepos\95247959\http-clients\netty-nio-client\src\main\java\software\amazon\awssdk\http\nio\netty\internal\http2\Http2SettingsFrameHandler.java,http-clients/netty-nio-client/src/test/java/software/amazon/awssdk/http/nio/netty/internal/http2/Http2SettingsFrameHandler_RBL4_27231889Test.java,software.amazon.awssdk.http.nio.netty.internal.http2,1.8,Maven,"""${REPO_DIR}\mvnw.cmd"" -B -ntp -DskipTests -DskipITs -f ""${REPO_DIR}\pom.xml"" -pl http-clients/netty-nio-client -am clean test-compile","""${REPO_DIR}/mvnw"" -B -ntp -DskipTests -DskipITs -f ""${REPO_DIR}/pom.xml"" -pl http-clients/netty-nio-client -am clean test-compile",v3:95247959:maven:http-clients/netty-nio-client,1,1,1,0,0,PASS,PASS,PASS,ok,sandbox readiness passed,D:\A_ThucNghiem\scripts_v2\workspaces\20260724_010022_d3f7f7b1__baseline_readiness\200_95247959_27231889,496.919,PASS
95247959,https://github.com/aws/aws-sdk-java-v2,999ce2f6564ba6615a4b428c26fc1116cf85fbdf,95247959:http-clients/netty-nio-client/src/main/java/software/amazon/awssdk/http/nio/netty/internal/sharedsdkeventloopgroup.java,SharedSdkEventLoopGroup,http-clients/netty-nio-client/src/main/java/software/amazon/awssdk/http/nio/netty/internal/SharedSdkEventLoopGroup.java,2,52,343,6,2,2,9,1.5,maven,.,http-clients/netty-nio-client,http-clients/netty-nio-client,maven:http-clients/netty-nio-client,8,8,main,10,4ec55dcd17349d9d19e5ad8888a03c4f0f6738a65ebe1b4265407de6b65be2c8,42,sha256_repo_balanced_v3_1,lower_complexity_half,,,repos/successful/95247959,promoted_before_storage_audit,69,68,remaining240,class_sampling_manifest_final_seed42.csv,2026-07-23T11:07:03+00:00,per_repo_2class_pilot_complexity_half_then_selection_rank_seed42,201,95247959,SharedSdkEventLoopGroup,SharedSdkEventLoopGroup_RBL4_9e42aa37Test,repos/95247959/http-clients/netty-nio-client/src/main/java/software/amazon/awssdk/http/nio/netty/internal/SharedSdkEventLoopGroup.java,repos/95247959/http-clients/netty-nio-client/src/test/java/software/amazon/awssdk/http/nio/netty/internal/SharedSdkEventLoopGroup_RBL4_9e42aa37Test.java,http-clients/netty-nio-client,D:\A_ThucNghiem\compiledrepos\95247959,D:\A_ThucNghiem\compiledrepos\95247959\http-clients\netty-nio-client\src\main\java\software\amazon\awssdk\http\nio\netty\internal\SharedSdkEventLoopGroup.java,http-clients/netty-nio-client/src/test/java/software/amazon/awssdk/http/nio/netty/internal/SharedSdkEventLoopGroup_RBL4_9e42aa37Test.java,software.amazon.awssdk.http.nio.netty.internal,1.8,Maven,"""${REPO_DIR}\mvnw.cmd"" -B -ntp -DskipTests -DskipITs -f ""${REPO_DIR}\pom.xml"" -pl http-clients/netty-nio-client -am clean test-compile","""${REPO_DIR}/mvnw"" -B -ntp -DskipTests -DskipITs -f ""${REPO_DIR}/pom.xml"" -pl http-clients/netty-nio-client -am clean test-compile",v3:95247959:maven:http-clients/netty-nio-client,1,1,1,0,0,PASS,PASS,PASS,ok,sandbox readiness passed,D:\A_ThucNghiem\scripts_v2\workspaces\20260724_010022_d3f7f7b1__baseline_readiness\201_95247959_9e42aa37,336.955,PASS
95247959,https://github.com/aws/aws-sdk-java-v2,999ce2f6564ba6615a4b428c26fc1116cf85fbdf,95247959:http-clients/netty-nio-client/src/main/java/software/amazon/awssdk/http/nio/netty/internal/proxytunnelinithandler.java,ProxyTunnelInitHandler,http-clients/netty-nio-client/src/main/java/software/amazon/awssdk/http/nio/netty/internal/ProxyTunnelInitHandler.java,6,128,1078,12,5,3,21,1.75,maven,.,http-clients/netty-nio-client,http-clients/netty-nio-client,maven:http-clients/netty-nio-client,8,8,main,8,442e19912acc1703c05f2401c5130d35ef13d2dc2dff4b2fd1441318d4c0c9f4,42,sha256_repo_balanced_v3_1,lower_complexity_half,,,repos/successful/95247959,promoted_before_storage_audit,116,115,remaining240,class_sampling_manifest_final_seed42.csv,2026-07-23T11:07:03+00:00,per_repo_2class_pilot_complexity_half_then_selection_rank_seed42,202,95247959,ProxyTunnelInitHandler,ProxyTunnelInitHandler_RBL4_8592520dTest,repos/95247959/http-clients/netty-nio-client/src/main/java/software/amazon/awssdk/http/nio/netty/internal/ProxyTunnelInitHandler.java,repos/95247959/http-clients/netty-nio-client/src/test/java/software/amazon/awssdk/http/nio/netty/internal/ProxyTunnelInitHandler_RBL4_8592520dTest.java,http-clients/netty-nio-client,D:\A_ThucNghiem\compiledrepos\95247959,D:\A_ThucNghiem\compiledrepos\95247959\http-clients\netty-nio-client\src\main\java\software\amazon\awssdk\http\nio\netty\internal\ProxyTunnelInitHandler.java,http-clients/netty-nio-client/src/test/java/software/amazon/awssdk/http/nio/netty/internal/ProxyTunnelInitHandler_RBL4_8592520dTest.java,software.amazon.awssdk.http.nio.netty.internal,1.8,Maven,"""${REPO_DIR}\mvnw.cmd"" -B -ntp -DskipTests -DskipITs -f ""${REPO_DIR}\pom.xml"" -pl http-clients/netty-nio-client -am clean test-compile","""${REPO_DIR}/mvnw"" -B -ntp -DskipTests -DskipITs -f ""${REPO_DIR}/pom.xml"" -pl http-clients/netty-nio-client -am clean test-compile",v3:95247959:maven:http-clients/netty-nio-client,1,1,1,0,0,PASS,PASS,PASS,ok,sandbox readiness passed,D:\A_ThucNghiem\scripts_v2\workspaces\20260724_010022_d3f7f7b1__baseline_readiness\202_95247959_8592520d,369.192,PASS
95247959,https://github.com/aws/aws-sdk-java-v2,999ce2f6564ba6615a4b428c26fc1116cf85fbdf,95247959:http-clients/netty-nio-client/src/main/java/software/amazon/awssdk/http/nio/netty/internal/utils/channelutils.java,ChannelUtils,http-clients/netty-nio-client/src/main/java/software/amazon/awssdk/http/nio/netty/internal/utils/ChannelUtils.java,2,41,269,4,3,4,10,2.5,maven,.,http-clients/netty-nio-client,http-clients/netty-nio-client,maven:http-clients/netty-nio-client,8,8,main,7,378aa98613dfaf515f7b47a22e9632a892728b6e92682d7888bf206f325fb797,42,sha256_repo_balanced_v3_1,lower_complexity_half,,,repos/successful/95247959,promoted_before_storage_audit,136,135,remaining240,class_sampling_manifest_final_seed42.csv,2026-07-23T11:07:03+00:00,per_repo_2class_pilot_complexity_half_then_selection_rank_seed42,203,95247959,ChannelUtils,ChannelUtils_RBL4_6d41ba87Test,repos/95247959/http-clients/netty-nio-client/src/main/java/software/amazon/awssdk/http/nio/netty/internal/utils/ChannelUtils.java,repos/95247959/http-clients/netty-nio-client/src/test/java/software/amazon/awssdk/http/nio/netty/internal/utils/ChannelUtils_RBL4_6d41ba87Test.java,http-clients/netty-nio-client,D:\A_ThucNghiem\compiledrepos\95247959,D:\A_ThucNghiem\compiledrepos\95247959\http-clients\netty-nio-client\src\main\java\software\amazon\awssdk\http\nio\netty\internal\utils\ChannelUtils.java,http-clients/netty-nio-client/src/test/java/software/amazon/awssdk/http/nio/netty/internal/utils/ChannelUtils_RBL4_6d41ba87Test.java,software.amazon.awssdk.http.nio.netty.internal.utils,1.8,Maven,"""${REPO_DIR}\mvnw.cmd"" -B -ntp -DskipTests -DskipITs -f ""${REPO_DIR}\pom.xml"" -pl http-clients/netty-nio-client -am clean test-compile","""${REPO_DIR}/mvnw"" -B -ntp -DskipTests -DskipITs -f ""${REPO_DIR}/pom.xml"" -pl http-clients/netty-nio-client -am clean test-compile",v3:95247959:maven:http-clients/netty-nio-client,1,1,1,0,0,PASS,PASS,PASS,ok,sandbox readiness passed,D:\A_ThucNghiem\scripts_v2\workspaces\20260724_010022_d3f7f7b1__baseline_readiness\203_95247959_6d41ba87,407.584,PASS
95247959,https://github.com/aws/aws-sdk-java-v2,999ce2f6564ba6615a4b428c26fc1116cf85fbdf,95247959:http-clients/netty-nio-client/src/main/java/software/amazon/awssdk/http/nio/netty/internal/http1tunnelconnectionpool.java,Http1TunnelConnectionPool,http-clients/netty-nio-client/src/main/java/software/amazon/awssdk/http/nio/netty/internal/Http1TunnelConnectionPool.java,10,143,1107,11,5,4,17,1.5454545454545454,maven,.,http-clients/netty-nio-client,http-clients/netty-nio-client,maven:http-clients/netty-nio-client,8,8,main,3,20e0219ad63e01e2ccc40700bd20915ce723682fd82c4c157ee6fdaf26e1347d,42,sha256_repo_balanced_v3_1,lower_complexity_half,,,repos/successful/95247959,promoted_before_storage_audit,149,148,remaining240,class_sampling_manifest_final_seed42.csv,2026-07-23T11:07:03+00:00,per_repo_2class_pilot_complexity_half_then_selection_rank_seed42,204,95247959,Http1TunnelConnectionPool,Http1TunnelConnectionPool_RBL4_f157e96cTest,repos/95247959/http-clients/netty-nio-client/src/main/java/software/amazon/awssdk/http/nio/netty/internal/Http1TunnelConnectionPool.java,repos/95247959/http-clients/netty-nio-client/src/test/java/software/amazon/awssdk/http/nio/netty/internal/Http1TunnelConnectionPool_RBL4_f157e96cTest.java,http-clients/netty-nio-client,D:\A_ThucNghiem\compiledrepos\95247959,D:\A_ThucNghiem\compiledrepos\95247959\http-clients\netty-nio-client\src\main\java\software\amazon\awssdk\http\nio\netty\internal\Http1TunnelConnectionPool.java,http-clients/netty-nio-client/src/test/java/software/amazon/awssdk/http/nio/netty/internal/Http1TunnelConnectionPool_RBL4_f157e96cTest.java,software.amazon.awssdk.http.nio.netty.internal,1.8,Maven,"""${REPO_DIR}\mvnw.cmd"" -B -ntp -DskipTests -DskipITs -f ""${REPO_DIR}\pom.xml"" -pl http-clients/netty-nio-client -am clean test-compile","""${REPO_DIR}/mvnw"" -B -ntp -DskipTests -DskipITs -f ""${REPO_DIR}/pom.xml"" -pl http-clients/netty-nio-client -am clean test-compile",v3:95247959:maven:http-clients/netty-nio-client,1,1,1,0,0,PASS,PASS,PASS,ok,sandbox readiness passed,D:\A_ThucNghiem\scripts_v2\workspaces\20260724_010022_d3f7f7b1__baseline_readiness\204_95247959_f157e96c,160.517,PASS
95247959,https://github.com/aws/aws-sdk-java-v2,999ce2f6564ba6615a4b428c26fc1116cf85fbdf,95247959:http-clients/netty-nio-client/src/main/java/software/amazon/awssdk/http/nio/netty/internal/honorcloseonreleasechannelpool.java,HonorCloseOnReleaseChannelPool,http-clients/netty-nio-client/src/main/java/software/amazon/awssdk/http/nio/netty/internal/HonorCloseOnReleaseChannelPool.java,2,48,390,6,5,5,10,1.6666666666666667,maven,.,http-clients/netty-nio-client,http-clients/netty-nio-client,maven:http-clients/netty-nio-client,8,8,main,4,2259cdcbea2c63a68db7394c659481085083351304be456931176927328f9915,42,sha256_repo_balanced_v3_1,higher_complexity_half,,,repos/successful/95247959,promoted_before_storage_audit,179,178,remaining240,class_sampling_manifest_final_seed42.csv,2026-07-23T11:07:03+00:00,per_repo_2class_pilot_complexity_half_then_selection_rank_seed42,205,95247959,HonorCloseOnReleaseChannelPool,HonorCloseOnReleaseChannelPool_RBL4_0c77cc85Test,repos/95247959/http-clients/netty-nio-client/src/main/java/software/amazon/awssdk/http/nio/netty/internal/HonorCloseOnReleaseChannelPool.java,repos/95247959/http-clients/netty-nio-client/src/test/java/software/amazon/awssdk/http/nio/netty/internal/HonorCloseOnReleaseChannelPool_RBL4_0c77cc85Test.java,http-clients/netty-nio-client,D:\A_ThucNghiem\compiledrepos\95247959,D:\A_ThucNghiem\compiledrepos\95247959\http-clients\netty-nio-client\src\main\java\software\amazon\awssdk\http\nio\netty\internal\HonorCloseOnReleaseChannelPool.java,http-clients/netty-nio-client/src/test/java/software/amazon/awssdk/http/nio/netty/internal/HonorCloseOnReleaseChannelPool_RBL4_0c77cc85Test.java,software.amazon.awssdk.http.nio.netty.internal,1.8,Maven,"""${REPO_DIR}\mvnw.cmd"" -B -ntp -DskipTests -DskipITs -f ""${REPO_DIR}\pom.xml"" -pl http-clients/netty-nio-client -am clean test-compile","""${REPO_DIR}/mvnw"" -B -ntp -DskipTests -DskipITs -f ""${REPO_DIR}/pom.xml"" -pl http-clients/netty-nio-client -am clean test-compile",v3:95247959:maven:http-clients/netty-nio-client,1,1,1,0,0,PASS,PASS,PASS,ok,sandbox readiness passed,D:\A_ThucNghiem\scripts_v2\workspaces\20260724_010022_d3f7f7b1__baseline_readiness\205_95247959_0c77cc85,156.947,PASS
95247959,https://github.com/aws/aws-sdk-java-v2,999ce2f6564ba6615a4b428c26fc1116cf85fbdf,95247959:http-clients/netty-nio-client/src/main/java/software/amazon/awssdk/http/nio/netty/internal/utils/betterfixedchannelpool.java,BetterFixedChannelPool,http-clients/netty-nio-client/src/main/java/software/amazon/awssdk/http/nio/netty/internal/utils/BetterFixedChannelPool.java,1,337,2017,27,21,11,64,2.3703703703703702,maven,.,http-clients/netty-nio-client,http-clients/netty-nio-client,maven:http-clients/netty-nio-client,8,8,main,6,2d92318436d738fb0aa5303adf70e3504d72ebe7a0187292e11865d7f84f04f6,42,sha256_repo_balanced_v3_1,higher_complexity_half,,,repos/successful/95247959,promoted_before_storage_audit,267,266,remaining240,class_sampling_manifest_final_seed42.csv,2026-07-23T11:07:03+00:00,per_repo_2class_pilot_complexity_half_then_selection_rank_seed42,206,95247959,BetterFixedChannelPool,BetterFixedChannelPool_RBL4_4477633fTest,repos/95247959/http-clients/netty-nio-client/src/main/java/software/amazon/awssdk/http/nio/netty/internal/utils/BetterFixedChannelPool.java,repos/95247959/http-clients/netty-nio-client/src/test/java/software/amazon/awssdk/http/nio/netty/internal/utils/BetterFixedChannelPool_RBL4_4477633fTest.java,http-clients/netty-nio-client,D:\A_ThucNghiem\compiledrepos\95247959,D:\A_ThucNghiem\compiledrepos\95247959\http-clients\netty-nio-client\src\main\java\software\amazon\awssdk\http\nio\netty\internal\utils\BetterFixedChannelPool.java,http-clients/netty-nio-client/src/test/java/software/amazon/awssdk/http/nio/netty/internal/utils/BetterFixedChannelPool_RBL4_4477633fTest.java,software.amazon.awssdk.http.nio.netty.internal.utils,1.8,Maven,"""${REPO_DIR}\mvnw.cmd"" -B -ntp -DskipTests -DskipITs -f ""${REPO_DIR}\pom.xml"" -pl http-clients/netty-nio-client -am clean test-compile","""${REPO_DIR}/mvnw"" -B -ntp -DskipTests -DskipITs -f ""${REPO_DIR}/pom.xml"" -pl http-clients/netty-nio-client -am clean test-compile",v3:95247959:maven:http-clients/netty-nio-client,1,1,1,0,0,PASS,PASS,PASS,ok,sandbox readiness passed,D:\A_ThucNghiem\scripts_v2\workspaces\20260724_010022_d3f7f7b1__baseline_readiness\206_95247959_4477633f,160.521,PASS
95247959,https://github.com/aws/aws-sdk-java-v2,999ce2f6564ba6615a4b428c26fc1116cf85fbdf,95247959:http-clients/netty-nio-client/src/main/java/software/amazon/awssdk/http/nio/netty/proxyconfiguration.java,ProxyConfiguration,http-clients/netty-nio-client/src/main/java/software/amazon/awssdk/http/nio/netty/ProxyConfiguration.java,2,219,1373,29,21,13,58,2.0,maven,.,http-clients/netty-nio-client,http-clients/netty-nio-client,maven:http-clients/netty-nio-client,8,8,main,5,22cdc2615f6b6e1b16011dc23d2e27a2a7047ce68dc2afb1b238368e6d2f3001,42,sha256_repo_balanced_v3_1,higher_complexity_half,,,repos/successful/95247959,promoted_before_storage_audit,284,283,remaining240,class_sampling_manifest_final_seed42.csv,2026-07-23T11:07:03+00:00,per_repo_2class_pilot_complexity_half_then_selection_rank_seed42,207,95247959,ProxyConfiguration,ProxyConfiguration_RBL4_51b0240dTest,repos/95247959/http-clients/netty-nio-client/src/main/java/software/amazon/awssdk/http/nio/netty/ProxyConfiguration.java,repos/95247959/http-clients/netty-nio-client/src/test/java/software/amazon/awssdk/http/nio/netty/ProxyConfiguration_RBL4_51b0240dTest.java,http-clients/netty-nio-client,D:\A_ThucNghiem\compiledrepos\95247959,D:\A_ThucNghiem\compiledrepos\95247959\http-clients\netty-nio-client\src\main\java\software\amazon\awssdk\http\nio\netty\ProxyConfiguration.java,http-clients/netty-nio-client/src/test/java/software/amazon/awssdk/http/nio/netty/ProxyConfiguration_RBL4_51b0240dTest.java,software.amazon.awssdk.http.nio.netty,1.8,Maven,"""${REPO_DIR}\mvnw.cmd"" -B -ntp -DskipTests -DskipITs -f ""${REPO_DIR}\pom.xml"" -pl http-clients/netty-nio-client -am clean test-compile","""${REPO_DIR}/mvnw"" -B -ntp -DskipTests -DskipITs -f ""${REPO_DIR}/pom.xml"" -pl http-clients/netty-nio-client -am clean test-compile",v3:95247959:maven:http-clients/netty-nio-client,1,1,1,0,0,PASS,PASS,PASS,ok,sandbox readiness passed,D:\A_ThucNghiem\scripts_v2\workspaces\20260724_010022_d3f7f7b1__baseline_readiness\207_95247959_51b0240d,166.232,PASS
9619226,https://github.com/3pillarlabs/spring-data-simpledb,f1e0eb4e48ec4674d3966e8f5bc04c95031f93ae,9619226:spring-data-simpledb-impl/src/main/java/org/springframework/data/simpledb/util/alphanumstringcomparator.java,AlphanumStringComparator,spring-data-simpledb-impl/src/main/java/org/springframework/data/simpledb/util/AlphanumStringComparator.java,1,21,165,1,1,3,3,3.0,maven,.,spring-data-simpledb-impl,spring-data-simpledb-impl,maven:spring-data-simpledb-impl,6,8,main,5,71c0582a52e5b452382bf514e1ae4b501cff19928db70f3bf10d3f80a8254dbc,42,sha256_repo_balanced_v3_1,lower_complexity_half,,,repos/successful/9619226,promoted_before_storage_audit,84,83,remaining240,class_sampling_manifest_final_seed42.csv,2026-07-23T11:07:03+00:00,per_repo_2class_pilot_complexity_half_then_selection_rank_seed42,208,9619226,AlphanumStringComparator,AlphanumStringComparator_RBL4_324510faTest,repos/9619226/spring-data-simpledb-impl/src/main/java/org/springframework/data/simpledb/util/AlphanumStringComparator.java,repos/9619226/spring-data-simpledb-impl/src/test/java/org/springframework/data/simpledb/util/AlphanumStringComparator_RBL4_324510faTest.java,spring-data-simpledb-impl,D:\A_ThucNghiem\compiledrepos\9619226,D:\A_ThucNghiem\compiledrepos\9619226\spring-data-simpledb-impl\src\main\java\org\springframework\data\simpledb\util\AlphanumStringComparator.java,spring-data-simpledb-impl/src/test/java/org/springframework/data/simpledb/util/AlphanumStringComparator_RBL4_324510faTest.java,org.springframework.data.simpledb.util,1.6,Maven,"mvn -B -ntp -DskipTests -DskipITs -f ""${REPO_DIR}\spring-data-simpledb-impl\pom.xml"" clean test-compile","mvn -B -ntp -DskipTests -DskipITs -f ""${REPO_DIR}/spring-data-simpledb-impl/pom.xml"" clean test-compile",v3:9619226:maven:spring-data-simpledb-impl,1,1,1,0,0,PASS,PASS,PASS,ok,sandbox readiness passed,D:\A_ThucNghiem\scripts_v2\workspaces\20260724_010022_d3f7f7b1__baseline_readiness\208_9619226_324510fa,4.877,PASS
9619226,https://github.com/3pillarlabs/spring-data-simpledb,f1e0eb4e48ec4674d3966e8f5bc04c95031f93ae,9619226:spring-data-simpledb-impl/src/main/java/org/springframework/data/simpledb/core/domainitembuilder.java,DomainItemBuilder,spring-data-simpledb-impl/src/main/java/org/springframework/data/simpledb/core/DomainItemBuilder.java,2,41,403,4,2,3,7,1.75,maven,.,spring-data-simpledb-impl,spring-data-simpledb-impl,maven:spring-data-simpledb-impl,6,8,main,2,0ec84c3e75291462cc617d935b2362ef681a044b4f5d617039add1739763e3fc,42,sha256_repo_balanced_v3_1,lower_complexity_half,,,repos/successful/9619226,promoted_before_storage_audit,93,92,remaining240,class_sampling_manifest_final_seed42.csv,2026-07-23T11:07:03+00:00,per_repo_2class_pilot_complexity_half_then_selection_rank_seed42,209,9619226,DomainItemBuilder,DomainItemBuilder_RBL4_fe7e4c72Test,repos/9619226/spring-data-simpledb-impl/src/main/java/org/springframework/data/simpledb/core/DomainItemBuilder.java,repos/9619226/spring-data-simpledb-impl/src/test/java/org/springframework/data/simpledb/core/DomainItemBuilder_RBL4_fe7e4c72Test.java,spring-data-simpledb-impl,D:\A_ThucNghiem\compiledrepos\9619226,D:\A_ThucNghiem\compiledrepos\9619226\spring-data-simpledb-impl\src\main\java\org\springframework\data\simpledb\core\DomainItemBuilder.java,spring-data-simpledb-impl/src/test/java/org/springframework/data/simpledb/core/DomainItemBuilder_RBL4_fe7e4c72Test.java,org.springframework.data.simpledb.core,1.6,Maven,"mvn -B -ntp -DskipTests -DskipITs -f ""${REPO_DIR}\spring-data-simpledb-impl\pom.xml"" clean test-compile","mvn -B -ntp -DskipTests -DskipITs -f ""${REPO_DIR}/spring-data-simpledb-impl/pom.xml"" clean test-compile",v3:9619226:maven:spring-data-simpledb-impl,1,1,1,0,0,PASS,PASS,PASS,ok,sandbox readiness passed,D:\A_ThucNghiem\scripts_v2\workspaces\20260724_010022_d3f7f7b1__baseline_readiness\209_9619226_fe7e4c72,0.293,PASS
9619226,https://github.com/3pillarlabs/spring-data-simpledb,f1e0eb4e48ec4674d3966e8f5bc04c95031f93ae,9619226:spring-data-simpledb-impl/src/main/java/org/springframework/data/simpledb/query/simpledbresultconverter.java,SimpleDbResultConverter,spring-data-simpledb-impl/src/main/java/org/springframework/data/simpledb/query/SimpleDbResultConverter.java,5,37,283,4,3,4,9,2.25,maven,.,spring-data-simpledb-impl,spring-data-simpledb-impl,maven:spring-data-simpledb-impl,6,8,main,10,d2ebd352510cac83257308c647073c4740d8be2b4a3f3708a29af40a6f86129c,42,sha256_repo_balanced_v3_1,lower_complexity_half,,,repos/successful/9619226,promoted_before_storage_audit,133,132,remaining240,class_sampling_manifest_final_seed42.csv,2026-07-23T11:07:03+00:00,per_repo_2class_pilot_complexity_half_then_selection_rank_seed42,210,9619226,SimpleDbResultConverter,SimpleDbResultConverter_RBL4_c6463d40Test,repos/9619226/spring-data-simpledb-impl/src/main/java/org/springframework/data/simpledb/query/SimpleDbResultConverter.java,repos/9619226/spring-data-simpledb-impl/src/test/java/org/springframework/data/simpledb/query/SimpleDbResultConverter_RBL4_c6463d40Test.java,spring-data-simpledb-impl,D:\A_ThucNghiem\compiledrepos\9619226,D:\A_ThucNghiem\compiledrepos\9619226\spring-data-simpledb-impl\src\main\java\org\springframework\data\simpledb\query\SimpleDbResultConverter.java,spring-data-simpledb-impl/src/test/java/org/springframework/data/simpledb/query/SimpleDbResultConverter_RBL4_c6463d40Test.java,org.springframework.data.simpledb.query,1.6,Maven,"mvn -B -ntp -DskipTests -DskipITs -f ""${REPO_DIR}\spring-data-simpledb-impl\pom.xml"" clean test-compile","mvn -B -ntp -DskipTests -DskipITs -f ""${REPO_DIR}/spring-data-simpledb-impl/pom.xml"" clean test-compile",v3:9619226:maven:spring-data-simpledb-impl,1,1,1,0,0,PASS,PASS,PASS,ok,sandbox readiness passed,D:\A_ThucNghiem\scripts_v2\workspaces\20260724_010022_d3f7f7b1__baseline_readiness\210_9619226_c6463d40,0.28,PASS
9619226,https://github.com/3pillarlabs/spring-data-simpledb,f1e0eb4e48ec4674d3966e8f5bc04c95031f93ae,9619226:spring-data-simpledb-impl/src/main/java/org/springframework/data/simpledb/query/simpledbrepositoryquery.java,SimpleDbRepositoryQuery,spring-data-simpledb-impl/src/main/java/org/springframework/data/simpledb/query/SimpleDbRepositoryQuery.java,1,66,488,6,3,4,13,2.1666666666666665,maven,.,spring-data-simpledb-impl,spring-data-simpledb-impl,maven:spring-data-simpledb-impl,6,8,main,3,2d84c6bf37c9b8fd3663995f16249aba9233e0ae9d4857bbd884835ddaf4f30f,42,sha256_repo_balanced_v3_1,lower_complexity_half,,,repos/successful/9619226,promoted_before_storage_audit,143,142,remaining240,class_sampling_manifest_final_seed42.csv,2026-07-23T11:07:03+00:00,per_repo_2class_pilot_complexity_half_then_selection_rank_seed42,211,9619226,SimpleDbRepositoryQuery,SimpleDbRepositoryQuery_RBL4_ec1e9b28Test,repos/9619226/spring-data-simpledb-impl/src/main/java/org/springframework/data/simpledb/query/SimpleDbRepositoryQuery.java,repos/9619226/spring-data-simpledb-impl/src/test/java/org/springframework/data/simpledb/query/SimpleDbRepositoryQuery_RBL4_ec1e9b28Test.java,spring-data-simpledb-impl,D:\A_ThucNghiem\compiledrepos\9619226,D:\A_ThucNghiem\compiledrepos\9619226\spring-data-simpledb-impl\src\main\java\org\springframework\data\simpledb\query\SimpleDbRepositoryQuery.java,spring-data-simpledb-impl/src/test/java/org/springframework/data/simpledb/query/SimpleDbRepositoryQuery_RBL4_ec1e9b28Test.java,org.springframework.data.simpledb.query,1.6,Maven,"mvn -B -ntp -DskipTests -DskipITs -f ""${REPO_DIR}\spring-data-simpledb-impl\pom.xml"" clean test-compile","mvn -B -ntp -DskipTests -DskipITs -f ""${REPO_DIR}/spring-data-simpledb-impl/pom.xml"" clean test-compile",v3:9619226:maven:spring-data-simpledb-impl,1,1,1,0,0,PASS,PASS,PASS,ok,sandbox readiness passed,D:\A_ThucNghiem\scripts_v2\workspaces\20260724_010022_d3f7f7b1__baseline_readiness\211_9619226_ec1e9b28,0.295,PASS
9619226,https://github.com/3pillarlabs/spring-data-simpledb,f1e0eb4e48ec4674d3966e8f5bc04c95031f93ae,9619226:spring-data-simpledb-impl/src/main/java/org/springframework/data/simpledb/util/maputils.java,MapUtils,spring-data-simpledb-impl/src/main/java/org/springframework/data/simpledb/util/MapUtils.java,1,30,276,2,1,5,6,3.0,maven,.,spring-data-simpledb-impl,spring-data-simpledb-impl,maven:spring-data-simpledb-impl,6,8,main,9,c35333f0d51304bcf4da4aad6ee6c3be56869888df30230a39736477a1c610cd,42,sha256_repo_balanced_v3_1,higher_complexity_half,,,repos/successful/9619226,promoted_before_storage_audit,171,170,remaining240,class_sampling_manifest_final_seed42.csv,2026-07-23T11:07:03+00:00,per_repo_2class_pilot_complexity_half_then_selection_rank_seed42,212,9619226,MapUtils,MapUtils_RBL4_d5ece548Test,repos/9619226/spring-data-simpledb-impl/src/main/java/org/springframework/data/simpledb/util/MapUtils.java,repos/9619226/spring-data-simpledb-impl/src/test/java/org/springframework/data/simpledb/util/MapUtils_RBL4_d5ece548Test.java,spring-data-simpledb-impl,D:\A_ThucNghiem\compiledrepos\9619226,D:\A_ThucNghiem\compiledrepos\9619226\spring-data-simpledb-impl\src\main\java\org\springframework\data\simpledb\util\MapUtils.java,spring-data-simpledb-impl/src/test/java/org/springframework/data/simpledb/util/MapUtils_RBL4_d5ece548Test.java,org.springframework.data.simpledb.util,1.6,Maven,"mvn -B -ntp -DskipTests -DskipITs -f ""${REPO_DIR}\spring-data-simpledb-impl\pom.xml"" clean test-compile","mvn -B -ntp -DskipTests -DskipITs -f ""${REPO_DIR}/spring-data-simpledb-impl/pom.xml"" clean test-compile",v3:9619226:maven:spring-data-simpledb-impl,1,1,1,0,0,PASS,PASS,PASS,ok,sandbox readiness passed,D:\A_ThucNghiem\scripts_v2\workspaces\20260724_010022_d3f7f7b1__baseline_readiness\212_9619226_d5ece548,0.303,PASS
9619226,https://github.com/3pillarlabs/spring-data-simpledb,f1e0eb4e48ec4674d3966e8f5bc04c95031f93ae,9619226:spring-data-simpledb-impl/src/main/java/org/springframework/data/simpledb/exception/simpledbexceptiontranslator.java,SimpleDbExceptionTranslator,spring-data-simpledb-impl/src/main/java/org/springframework/data/simpledb/exception/SimpleDbExceptionTranslator.java,10,57,354,4,3,13,18,4.5,maven,.,spring-data-simpledb-impl,spring-data-simpledb-impl,maven:spring-data-simpledb-impl,6,8,main,6,7fdb642e626306043b56482735d9ac3d7cb82ff1e7019d7eb8ac35c1cc2e90aa,42,sha256_repo_balanced_v3_1,higher_complexity_half,,,repos/successful/9619226,promoted_before_storage_audit,276,275,remaining240,class_sampling_manifest_final_seed42.csv,2026-07-23T11:07:03+00:00,per_repo_2class_pilot_complexity_half_then_selection_rank_seed42,213,9619226,SimpleDbExceptionTranslator,SimpleDbExceptionTranslator_RBL4_9f019880Test,repos/9619226/spring-data-simpledb-impl/src/main/java/org/springframework/data/simpledb/exception/SimpleDbExceptionTranslator.java,repos/9619226/spring-data-simpledb-impl/src/test/java/org/springframework/data/simpledb/exception/SimpleDbExceptionTranslator_RBL4_9f019880Test.java,spring-data-simpledb-impl,D:\A_ThucNghiem\compiledrepos\9619226,D:\A_ThucNghiem\compiledrepos\9619226\spring-data-simpledb-impl\src\main\java\org\springframework\data\simpledb\exception\SimpleDbExceptionTranslator.java,spring-data-simpledb-impl/src/test/java/org/springframework/data/simpledb/exception/SimpleDbExceptionTranslator_RBL4_9f019880Test.java,org.springframework.data.simpledb.exception,1.6,Maven,"mvn -B -ntp -DskipTests -DskipITs -f ""${REPO_DIR}\spring-data-simpledb-impl\pom.xml"" clean test-compile","mvn -B -ntp -DskipTests -DskipITs -f ""${REPO_DIR}/spring-data-simpledb-impl/pom.xml"" clean test-compile",v3:9619226:maven:spring-data-simpledb-impl,1,1,1,0,0,PASS,PASS,PASS,ok,sandbox readiness passed,D:\A_ThucNghiem\scripts_v2\workspaces\20260724_010022_d3f7f7b1__baseline_readiness\213_9619226_9f019880,0.282,PASS
9619226,https://github.com/3pillarlabs/spring-data-simpledb,f1e0eb4e48ec4674d3966e8f5bc04c95031f93ae,9619226:spring-data-simpledb-impl/src/main/java/org/springframework/data/simpledb/query/parttreeconverter.java,PartTreeConverter,spring-data-simpledb-impl/src/main/java/org/springframework/data/simpledb/query/PartTreeConverter.java,4,89,453,3,1,13,19,6.333333333333333,maven,.,spring-data-simpledb-impl,spring-data-simpledb-impl,maven:spring-data-simpledb-impl,6,8,main,8,992de13f9b375af1b54e1287d7eed66662474e43a8df01a3161d29a39614260d,42,sha256_repo_balanced_v3_1,higher_complexity_half,,,repos/successful/9619226,promoted_before_storage_audit,277,276,remaining240,class_sampling_manifest_final_seed42.csv,2026-07-23T11:07:03+00:00,per_repo_2class_pilot_complexity_half_then_selection_rank_seed42,214,9619226,PartTreeConverter,PartTreeConverter_RBL4_0742ac9cTest,repos/9619226/spring-data-simpledb-impl/src/main/java/org/springframework/data/simpledb/query/PartTreeConverter.java,repos/9619226/spring-data-simpledb-impl/src/test/java/org/springframework/data/simpledb/query/PartTreeConverter_RBL4_0742ac9cTest.java,spring-data-simpledb-impl,D:\A_ThucNghiem\compiledrepos\9619226,D:\A_ThucNghiem\compiledrepos\9619226\spring-data-simpledb-impl\src\main\java\org\springframework\data\simpledb\query\PartTreeConverter.java,spring-data-simpledb-impl/src/test/java/org/springframework/data/simpledb/query/PartTreeConverter_RBL4_0742ac9cTest.java,org.springframework.data.simpledb.query,1.6,Maven,"mvn -B -ntp -DskipTests -DskipITs -f ""${REPO_DIR}\spring-data-simpledb-impl\pom.xml"" clean test-compile","mvn -B -ntp -DskipTests -DskipITs -f ""${REPO_DIR}/spring-data-simpledb-impl/pom.xml"" clean test-compile",v3:9619226:maven:spring-data-simpledb-impl,1,1,1,0,0,PASS,PASS,PASS,ok,sandbox readiness passed,D:\A_ThucNghiem\scripts_v2\workspaces\20260724_010022_d3f7f7b1__baseline_readiness\214_9619226_0742ac9c,0.295,PASS
9619226,https://github.com/3pillarlabs/spring-data-simpledb,f1e0eb4e48ec4674d3966e8f5bc04c95031f93ae,9619226:spring-data-simpledb-impl/src/main/java/org/springframework/data/simpledb/attributeutil/simpledbattributeconverter.java,SimpleDBAttributeConverter,spring-data-simpledb-impl/src/main/java/org/springframework/data/simpledb/attributeutil/SimpleDBAttributeConverter.java,1,81,747,6,4,13,31,5.166666666666667,maven,.,spring-data-simpledb-impl,spring-data-simpledb-impl,maven:spring-data-simpledb-impl,6,8,main,7,843fc3e66db8c89dafb3da0e9419d12e602a2fc7bf179c6286bb7e1643cc4a78,42,sha256_repo_balanced_v3_1,higher_complexity_half,,,repos/successful/9619226,promoted_before_storage_audit,282,281,remaining240,class_sampling_manifest_final_seed42.csv,2026-07-23T11:07:03+00:00,per_repo_2class_pilot_complexity_half_then_selection_rank_seed42,215,9619226,SimpleDBAttributeConverter,SimpleDBAttributeConverter_RBL4_3b9a0f18Test,repos/9619226/spring-data-simpledb-impl/src/main/java/org/springframework/data/simpledb/attributeutil/SimpleDBAttributeConverter.java,repos/9619226/spring-data-simpledb-impl/src/test/java/org/springframework/data/simpledb/attributeutil/SimpleDBAttributeConverter_RBL4_3b9a0f18Test.java,spring-data-simpledb-impl,D:\A_ThucNghiem\compiledrepos\9619226,D:\A_ThucNghiem\compiledrepos\9619226\spring-data-simpledb-impl\src\main\java\org\springframework\data\simpledb\attributeutil\SimpleDBAttributeConverter.java,spring-data-simpledb-impl/src/test/java/org/springframework/data/simpledb/attributeutil/SimpleDBAttributeConverter_RBL4_3b9a0f18Test.java,org.springframework.data.simpledb.attributeutil,1.6,Maven,"mvn -B -ntp -DskipTests -DskipITs -f ""${REPO_DIR}\spring-data-simpledb-impl\pom.xml"" clean test-compile","mvn -B -ntp -DskipTests -DskipITs -f ""${REPO_DIR}/spring-data-simpledb-impl/pom.xml"" clean test-compile",v3:9619226:maven:spring-data-simpledb-impl,1,1,1,0,0,PASS,PASS,PASS,ok,sandbox readiness passed,D:\A_ThucNghiem\scripts_v2\workspaces\20260724_010022_d3f7f7b1__baseline_readiness\215_9619226_3b9a0f18,0.299,PASS
97822421,https://github.com/pchudzik/springmock,f08a0a13c1dea1ceb35f462ccaaf51e738f64ef8,97822421:infrastructure/src/main/java/com/pchudzik/springmock/infrastructure/definition/registry/doublenameresolver.java,DoubleNameResolver,infrastructure/src/main/java/com/pchudzik/springmock/infrastructure/definition/registry/DoubleNameResolver.java,4,31,248,3,2,1,3,1.0,maven,.,infrastructure,infrastructure,maven:infrastructure,8,8,main,7,6d63a4ba23e2b18e5f8e7df207ed1fc7cb6ad35bf84d8802433a86a725e3e902,42,sha256_repo_balanced_v3_1,lower_complexity_half,,,repos/successful/97822421,promoted_before_storage_audit,22,21,remaining240,class_sampling_manifest_final_seed42.csv,2026-07-23T11:07:03+00:00,per_repo_2class_pilot_complexity_half_then_selection_rank_seed42,216,97822421,DoubleNameResolver,DoubleNameResolver_RBL4_9722645dTest,repos/97822421/infrastructure/src/main/java/com/pchudzik/springmock/infrastructure/definition/registry/DoubleNameResolver.java,repos/97822421/infrastructure/src/test/java/com/pchudzik/springmock/infrastructure/definition/registry/DoubleNameResolver_RBL4_9722645dTest.java,infrastructure,D:\A_ThucNghiem\compiledrepos\97822421,D:\A_ThucNghiem\compiledrepos\97822421\infrastructure\src\main\java\com\pchudzik\springmock\infrastructure\definition\registry\DoubleNameResolver.java,infrastructure/src/test/java/com/pchudzik/springmock/infrastructure/definition/registry/DoubleNameResolver_RBL4_9722645dTest.java,com.pchudzik.springmock.infrastructure.definition.registry,1.8,Maven,"mvn -B -ntp -DskipTests -DskipITs -f ""${REPO_DIR}\infrastructure\pom.xml"" clean test-compile","mvn -B -ntp -DskipTests -DskipITs -f ""${REPO_DIR}/infrastructure/pom.xml"" clean test-compile",v3:97822421:maven:infrastructure,1,1,1,0,0,PASS,PASS,PASS,ok,sandbox readiness passed,D:\A_ThucNghiem\scripts_v2\workspaces\20260724_010022_d3f7f7b1__baseline_readiness\216_97822421_9722645d,6.731,PASS
97822421,https://github.com/pchudzik/springmock,f08a0a13c1dea1ceb35f462ccaaf51e738f64ef8,97822421:infrastructure/src/main/java/com/pchudzik/springmock/infrastructure/annotation/nodoubleclassdefined.java,NoDoubleClassDefined,infrastructure/src/main/java/com/pchudzik/springmock/infrastructure/annotation/NoDoubleClassDefined.java,2,6,42,1,1,2,2,2.0,maven,.,infrastructure,infrastructure,maven:infrastructure,8,8,main,5,5b443880eb5a2d06a3c1dd28560aa1f9f36a229a8be8f3070673e3f846733641,42,sha256_repo_balanced_v3_1,lower_complexity_half,,,repos/successful/97822421,promoted_before_storage_audit,43,42,remaining240,class_sampling_manifest_final_seed42.csv,2026-07-23T11:07:03+00:00,per_repo_2class_pilot_complexity_half_then_selection_rank_seed42,217,97822421,NoDoubleClassDefined,NoDoubleClassDefined_RBL4_f739e0feTest,repos/97822421/infrastructure/src/main/java/com/pchudzik/springmock/infrastructure/annotation/NoDoubleClassDefined.java,repos/97822421/infrastructure/src/test/java/com/pchudzik/springmock/infrastructure/annotation/NoDoubleClassDefined_RBL4_f739e0feTest.java,infrastructure,D:\A_ThucNghiem\compiledrepos\97822421,D:\A_ThucNghiem\compiledrepos\97822421\infrastructure\src\main\java\com\pchudzik\springmock\infrastructure\annotation\NoDoubleClassDefined.java,infrastructure/src/test/java/com/pchudzik/springmock/infrastructure/annotation/NoDoubleClassDefined_RBL4_f739e0feTest.java,com.pchudzik.springmock.infrastructure.annotation,1.8,Maven,"mvn -B -ntp -DskipTests -DskipITs -f ""${REPO_DIR}\infrastructure\pom.xml"" clean test-compile","mvn -B -ntp -DskipTests -DskipITs -f ""${REPO_DIR}/infrastructure/pom.xml"" clean test-compile",v3:97822421:maven:infrastructure,1,1,1,0,0,PASS,PASS,PASS,ok,sandbox readiness passed,D:\A_ThucNghiem\scripts_v2\workspaces\20260724_010022_d3f7f7b1__baseline_readiness\217_97822421_f739e0fe,0.438,PASS
97822421,https://github.com/pchudzik/springmock,f08a0a13c1dea1ceb35f462ccaaf51e738f64ef8,97822421:infrastructure/src/main/java/com/pchudzik/springmock/infrastructure/spring/mockclassresolver.java,MockClassResolver,infrastructure/src/main/java/com/pchudzik/springmock/infrastructure/spring/MockClassResolver.java,2,24,193,2,1,2,3,1.5,maven,.,infrastructure,infrastructure,maven:infrastructure,8,8,main,4,55bf3e7a90a0c868aa031f69b84d191d21adcaa71f958082f3108d0196877130,42,sha256_repo_balanced_v3_1,lower_complexity_half,,,repos/successful/97822421,promoted_before_storage_audit,47,46,remaining240,class_sampling_manifest_final_seed42.csv,2026-07-23T11:07:03+00:00,per_repo_2class_pilot_complexity_half_then_selection_rank_seed42,218,97822421,MockClassResolver,MockClassResolver_RBL4_7e494c92Test,repos/97822421/infrastructure/src/main/java/com/pchudzik/springmock/infrastructure/spring/MockClassResolver.java,repos/97822421/infrastructure/src/test/java/com/pchudzik/springmock/infrastructure/spring/MockClassResolver_RBL4_7e494c92Test.java,infrastructure,D:\A_ThucNghiem\compiledrepos\97822421,D:\A_ThucNghiem\compiledrepos\97822421\infrastructure\src\main\java\com\pchudzik\springmock\infrastructure\spring\MockClassResolver.java,infrastructure/src/test/java/com/pchudzik/springmock/infrastructure/spring/MockClassResolver_RBL4_7e494c92Test.java,com.pchudzik.springmock.infrastructure.spring,1.8,Maven,"mvn -B -ntp -DskipTests -DskipITs -f ""${REPO_DIR}\infrastructure\pom.xml"" clean test-compile","mvn -B -ntp -DskipTests -DskipITs -f ""${REPO_DIR}/infrastructure/pom.xml"" clean test-compile",v3:97822421:maven:infrastructure,1,1,1,0,0,PASS,PASS,PASS,ok,sandbox readiness passed,D:\A_ThucNghiem\scripts_v2\workspaces\20260724_010022_d3f7f7b1__baseline_readiness\218_97822421_7e494c92,0.414,PASS
97822421,https://github.com/pchudzik/springmock,f08a0a13c1dea1ceb35f462ccaaf51e738f64ef8,97822421:infrastructure/src/main/java/com/pchudzik/springmock/infrastructure/definition/registry/doubleconfigurationresolver.java,DoubleConfigurationResolver,infrastructure/src/main/java/com/pchudzik/springmock/infrastructure/definition/registry/DoubleConfigurationResolver.java,6,36,220,4,2,2,5,1.25,maven,.,infrastructure,infrastructure,maven:infrastructure,8,8,main,9,b030bae61648348cf41d1ac807b804413f7a4b0ecaab43207eccbb5236ebd244,42,sha256_repo_balanced_v3_1,lower_complexity_half,,,repos/successful/97822421,promoted_before_storage_audit,58,57,remaining240,class_sampling_manifest_final_seed42.csv,2026-07-23T11:07:03+00:00,per_repo_2class_pilot_complexity_half_then_selection_rank_seed42,219,97822421,DoubleConfigurationResolver,DoubleConfigurationResolver_RBL4_f449ae5fTest,repos/97822421/infrastructure/src/main/java/com/pchudzik/springmock/infrastructure/definition/registry/DoubleConfigurationResolver.java,repos/97822421/infrastructure/src/test/java/com/pchudzik/springmock/infrastructure/definition/registry/DoubleConfigurationResolver_RBL4_f449ae5fTest.java,infrastructure,D:\A_ThucNghiem\compiledrepos\97822421,D:\A_ThucNghiem\compiledrepos\97822421\infrastructure\src\main\java\com\pchudzik\springmock\infrastructure\definition\registry\DoubleConfigurationResolver.java,infrastructure/src/test/java/com/pchudzik/springmock/infrastructure/definition/registry/DoubleConfigurationResolver_RBL4_f449ae5fTest.java,com.pchudzik.springmock.infrastructure.definition.registry,1.8,Maven,"mvn -B -ntp -DskipTests -DskipITs -f ""${REPO_DIR}\infrastructure\pom.xml"" clean test-compile","mvn -B -ntp -DskipTests -DskipITs -f ""${REPO_DIR}/infrastructure/pom.xml"" clean test-compile",v3:97822421:maven:infrastructure,1,1,1,0,0,PASS,PASS,PASS,ok,sandbox readiness passed,D:\A_ThucNghiem\scripts_v2\workspaces\20260724_010022_d3f7f7b1__baseline_readiness\219_97822421_f449ae5f,0.488,PASS
97822421,https://github.com/pchudzik/springmock,f08a0a13c1dea1ceb35f462ccaaf51e738f64ef8,97822421:infrastructure/src/main/java/com/pchudzik/springmock/infrastructure/spring/util/applicationcontextwalker.java,ApplicationContextWalker,infrastructure/src/main/java/com/pchudzik/springmock/infrastructure/spring/util/ApplicationContextWalker.java,5,52,428,6,3,2,7,1.1666666666666667,maven,.,infrastructure,infrastructure,maven:infrastructure,8,8,main,6,6c7883eadd04b13398f3f521be3ba1063dbfd1190f2a3179a120b44945ef67fe,42,sha256_repo_balanced_v3_1,lower_complexity_half,,,repos/successful/97822421,promoted_before_storage_audit,65,64,remaining240,class_sampling_manifest_final_seed42.csv,2026-07-23T11:07:03+00:00,per_repo_2class_pilot_complexity_half_then_selection_rank_seed42,220,97822421,ApplicationContextWalker,ApplicationContextWalker_RBL4_8573e9e6Test,repos/97822421/infrastructure/src/main/java/com/pchudzik/springmock/infrastructure/spring/util/ApplicationContextWalker.java,repos/97822421/infrastructure/src/test/java/com/pchudzik/springmock/infrastructure/spring/util/ApplicationContextWalker_RBL4_8573e9e6Test.java,infrastructure,D:\A_ThucNghiem\compiledrepos\97822421,D:\A_ThucNghiem\compiledrepos\97822421\infrastructure\src\main\java\com\pchudzik\springmock\infrastructure\spring\util\ApplicationContextWalker.java,infrastructure/src/test/java/com/pchudzik/springmock/infrastructure/spring/util/ApplicationContextWalker_RBL4_8573e9e6Test.java,com.pchudzik.springmock.infrastructure.spring.util,1.8,Maven,"mvn -B -ntp -DskipTests -DskipITs -f ""${REPO_DIR}\infrastructure\pom.xml"" clean test-compile","mvn -B -ntp -DskipTests -DskipITs -f ""${REPO_DIR}/infrastructure/pom.xml"" clean test-compile",v3:97822421:maven:infrastructure,1,1,1,0,0,PASS,PASS,PASS,ok,sandbox readiness passed,D:\A_ThucNghiem\scripts_v2\workspaces\20260724_010022_d3f7f7b1__baseline_readiness\220_97822421_8573e9e6,0.611,PASS
97822421,https://github.com/pchudzik/springmock,f08a0a13c1dea1ceb35f462ccaaf51e738f64ef8,97822421:infrastructure/src/main/java/com/pchudzik/springmock/infrastructure/spring/util/beandefinitionfinder.java,BeanDefinitionFinder,infrastructure/src/main/java/com/pchudzik/springmock/infrastructure/spring/util/BeanDefinitionFinder.java,7,48,359,6,3,3,10,1.6666666666666667,maven,.,infrastructure,infrastructure,maven:infrastructure,8,8,main,3,4d608cc5a08bd6883587243f7b12052ca6ae925c004d0d39b3e415a6a08a04f9,42,sha256_repo_balanced_v3_1,lower_complexity_half,,,repos/successful/97822421,promoted_before_storage_audit,103,102,remaining240,class_sampling_manifest_final_seed42.csv,2026-07-23T11:07:03+00:00,per_repo_2class_pilot_complexity_half_then_selection_rank_seed42,221,97822421,BeanDefinitionFinder,BeanDefinitionFinder_RBL4_e4d7c8afTest,repos/97822421/infrastructure/src/main/java/com/pchudzik/springmock/infrastructure/spring/util/BeanDefinitionFinder.java,repos/97822421/infrastructure/src/test/java/com/pchudzik/springmock/infrastructure/spring/util/BeanDefinitionFinder_RBL4_e4d7c8afTest.java,infrastructure,D:\A_ThucNghiem\compiledrepos\97822421,D:\A_ThucNghiem\compiledrepos\97822421\infrastructure\src\main\java\com\pchudzik\springmock\infrastructure\spring\util\BeanDefinitionFinder.java,infrastructure/src/test/java/com/pchudzik/springmock/infrastructure/spring/util/BeanDefinitionFinder_RBL4_e4d7c8afTest.java,com.pchudzik.springmock.infrastructure.spring.util,1.8,Maven,"mvn -B -ntp -DskipTests -DskipITs -f ""${REPO_DIR}\infrastructure\pom.xml"" clean test-compile","mvn -B -ntp -DskipTests -DskipITs -f ""${REPO_DIR}/infrastructure/pom.xml"" clean test-compile",v3:97822421:maven:infrastructure,1,1,1,0,0,PASS,PASS,PASS,ok,sandbox readiness passed,D:\A_ThucNghiem\scripts_v2\workspaces\20260724_010022_d3f7f7b1__baseline_readiness\221_97822421_e4d7c8af,0.399,PASS
97822421,https://github.com/pchudzik/springmock,f08a0a13c1dea1ceb35f462ccaaf51e738f64ef8,97822421:infrastructure/src/main/java/com/pchudzik/springmock/infrastructure/definition/registry/doublesearch.java,DoubleSearch,infrastructure/src/main/java/com/pchudzik/springmock/infrastructure/definition/registry/DoubleSearch.java,7,72,590,15,9,3,17,1.1333333333333333,maven,.,infrastructure,infrastructure,maven:infrastructure,8,8,main,8,860821de2246b9a83b0354d8fe987067fc8b663c5ba2a6db5eca95233c583b85,42,sha256_repo_balanced_v3_1,lower_complexity_half,,,repos/successful/97822421,promoted_before_storage_audit,111,110,remaining240,class_sampling_manifest_final_seed42.csv,2026-07-23T11:07:03+00:00,per_repo_2class_pilot_complexity_half_then_selection_rank_seed42,222,97822421,DoubleSearch,DoubleSearch_RBL4_ffeb6769Test,repos/97822421/infrastructure/src/main/java/com/pchudzik/springmock/infrastructure/definition/registry/DoubleSearch.java,repos/97822421/infrastructure/src/test/java/com/pchudzik/springmock/infrastructure/definition/registry/DoubleSearch_RBL4_ffeb6769Test.java,infrastructure,D:\A_ThucNghiem\compiledrepos\97822421,D:\A_ThucNghiem\compiledrepos\97822421\infrastructure\src\main\java\com\pchudzik\springmock\infrastructure\definition\registry\DoubleSearch.java,infrastructure/src/test/java/com/pchudzik/springmock/infrastructure/definition/registry/DoubleSearch_RBL4_ffeb6769Test.java,com.pchudzik.springmock.infrastructure.definition.registry,1.8,Maven,"mvn -B -ntp -DskipTests -DskipITs -f ""${REPO_DIR}\infrastructure\pom.xml"" clean test-compile","mvn -B -ntp -DskipTests -DskipITs -f ""${REPO_DIR}/infrastructure/pom.xml"" clean test-compile",v3:97822421:maven:infrastructure,1,1,1,0,0,PASS,PASS,PASS,ok,sandbox readiness passed,D:\A_ThucNghiem\scripts_v2\workspaces\20260724_010022_d3f7f7b1__baseline_readiness\222_97822421_ffeb6769,0.555,PASS
97822421,https://github.com/pchudzik/springmock,f08a0a13c1dea1ceb35f462ccaaf51e738f64ef8,97822421:infrastructure/src/main/java/com/pchudzik/springmock/infrastructure/definition/doublename.java,DoubleName,infrastructure/src/main/java/com/pchudzik/springmock/infrastructure/definition/DoubleName.java,2,50,311,7,6,4,11,1.5714285714285714,maven,.,infrastructure,infrastructure,maven:infrastructure,8,8,main,2,46a1ad64f5e74a58d6e685818529bc3a3c5332e5d727fdc17d263f326bd19f34,42,sha256_repo_balanced_v3_1,lower_complexity_half,,,repos/successful/97822421,promoted_before_storage_audit,140,139,remaining240,class_sampling_manifest_final_seed42.csv,2026-07-23T11:07:03+00:00,per_repo_2class_pilot_complexity_half_then_selection_rank_seed42,223,97822421,DoubleName,DoubleName_RBL4_a3466d37Test,repos/97822421/infrastructure/src/main/java/com/pchudzik/springmock/infrastructure/definition/DoubleName.java,repos/97822421/infrastructure/src/test/java/com/pchudzik/springmock/infrastructure/definition/DoubleName_RBL4_a3466d37Test.java,infrastructure,D:\A_ThucNghiem\compiledrepos\97822421,D:\A_ThucNghiem\compiledrepos\97822421\infrastructure\src\main\java\com\pchudzik\springmock\infrastructure\definition\DoubleName.java,infrastructure/src/test/java/com/pchudzik/springmock/infrastructure/definition/DoubleName_RBL4_a3466d37Test.java,com.pchudzik.springmock.infrastructure.definition,1.8,Maven,"mvn -B -ntp -DskipTests -DskipITs -f ""${REPO_DIR}\infrastructure\pom.xml"" clean test-compile","mvn -B -ntp -DskipTests -DskipITs -f ""${REPO_DIR}/infrastructure/pom.xml"" clean test-compile",v3:97822421:maven:infrastructure,1,1,1,0,0,PASS,PASS,PASS,ok,sandbox readiness passed,D:\A_ThucNghiem\scripts_v2\workspaces\20260724_010022_d3f7f7b1__baseline_readiness\223_97822421_a3466d37,0.812,PASS
98410891,https://github.com/Nexmo/comms-router,4e5656db54be4b22481fe3774c2caeba51bac190,98410891:core/src/main/java/com/softavail/commsrouter/eval/rsqlevaluatorfactory.java,RsqlEvaluatorFactory,core/src/main/java/com/softavail/commsrouter/eval/RsqlEvaluatorFactory.java,12,34,245,5,4,2,7,1.4,maven,.,core,core,maven:core,8,8,main,6,3e25e02291e47b863aac18290ce32416ffe8435efdad89365338c2753c867f67,42,sha256_repo_balanced_v3_1,lower_complexity_half,,,repos/successful/98410891,promoted_before_storage_audit,63,62,remaining240,class_sampling_manifest_final_seed42.csv,2026-07-23T11:07:03+00:00,per_repo_2class_pilot_complexity_half_then_selection_rank_seed42,224,98410891,RsqlEvaluatorFactory,RsqlEvaluatorFactory_RBL4_fb92d911Test,repos/98410891/core/src/main/java/com/softavail/commsrouter/eval/RsqlEvaluatorFactory.java,repos/98410891/core/src/test/java/com/softavail/commsrouter/eval/RsqlEvaluatorFactory_RBL4_fb92d911Test.java,core,D:\A_ThucNghiem\compiledrepos\98410891,D:\A_ThucNghiem\compiledrepos\98410891\core\src\main\java\com\softavail\commsrouter\eval\RsqlEvaluatorFactory.java,core/src/test/java/com/softavail/commsrouter/eval/RsqlEvaluatorFactory_RBL4_fb92d911Test.java,com.softavail.commsrouter.eval,1.8,Maven,"mvn -B -ntp -DskipTests -DskipITs -f ""${REPO_DIR}\pom.xml"" -pl core -am clean test-compile","mvn -B -ntp -DskipTests -DskipITs -f ""${REPO_DIR}/pom.xml"" -pl core -am clean test-compile",v3:98410891:maven:core,1,1,1,0,0,PASS,PASS,PASS,ok,sandbox readiness passed,D:\A_ThucNghiem\scripts_v2\workspaces\20260724_010022_d3f7f7b1__baseline_readiness\224_98410891_fb92d911,33.14,PASS
98410891,https://github.com/Nexmo/comms-router,4e5656db54be4b22481fe3774c2caeba51bac190,98410891:core/src/main/java/com/softavail/commsrouter/domain/routerobject.java,RouterObject,core/src/main/java/com/softavail/commsrouter/domain/RouterObject.java,2,43,247,8,5,2,9,1.125,maven,.,core,core,maven:core,8,8,main,5,36687e2c727c389e5dd17a6dec2b651e466277ea57a62b3a1cddb50760c13d8f,42,sha256_repo_balanced_v3_1,lower_complexity_half,,,repos/successful/98410891,promoted_before_storage_audit,68,67,remaining240,class_sampling_manifest_final_seed42.csv,2026-07-23T11:07:03+00:00,per_repo_2class_pilot_complexity_half_then_selection_rank_seed42,225,98410891,RouterObject,RouterObject_RBL4_12e60e04Test,repos/98410891/core/src/main/java/com/softavail/commsrouter/domain/RouterObject.java,repos/98410891/core/src/test/java/com/softavail/commsrouter/domain/RouterObject_RBL4_12e60e04Test.java,core,D:\A_ThucNghiem\compiledrepos\98410891,D:\A_ThucNghiem\compiledrepos\98410891\core\src\main\java\com\softavail\commsrouter\domain\RouterObject.java,core/src/test/java/com/softavail/commsrouter/domain/RouterObject_RBL4_12e60e04Test.java,com.softavail.commsrouter.domain,1.8,Maven,"mvn -B -ntp -DskipTests -DskipITs -f ""${REPO_DIR}\pom.xml"" -pl core -am clean test-compile","mvn -B -ntp -DskipTests -DskipITs -f ""${REPO_DIR}/pom.xml"" -pl core -am clean test-compile",v3:98410891:maven:core,1,1,1,0,0,PASS,PASS,PASS,ok,sandbox readiness passed,D:\A_ThucNghiem\scripts_v2\workspaces\20260724_010022_d3f7f7b1__baseline_readiness\225_98410891_12e60e04,36.068,PASS
98410891,https://github.com/Nexmo/comms-router,4e5656db54be4b22481fe3774c2caeba51bac190,98410891:applications/demo/src/main/java/com/softavail/comms/demo/application/impl/cfg4jconfiguration.java,Cfg4jConfiguration,applications/demo/src/main/java/com/softavail/comms/demo/application/impl/Cfg4jConfiguration.java,4,73,493,11,10,2,12,1.0909090909090908,maven,.,applications/demo,applications/demo,maven:applications/demo,8,8,main,8,646fdd661e24895abb78891441609c61f96678c1425ab01744096916fbe8aa4b,42,sha256_repo_balanced_v3_1,lower_complexity_half,,,repos/successful/98410891,promoted_before_storage_audit,74,73,remaining240,class_sampling_manifest_final_seed42.csv,2026-07-23T11:07:03+00:00,per_repo_2class_pilot_complexity_half_then_selection_rank_seed42,226,98410891,Cfg4jConfiguration,Cfg4jConfiguration_RBL4_4b1af932Test,repos/98410891/applications/demo/src/main/java/com/softavail/comms/demo/application/impl/Cfg4jConfiguration.java,repos/98410891/applications/demo/src/test/java/com/softavail/comms/demo/application/impl/Cfg4jConfiguration_RBL4_4b1af932Test.java,applications/demo,D:\A_ThucNghiem\compiledrepos\98410891,D:\A_ThucNghiem\compiledrepos\98410891\applications\demo\src\main\java\com\softavail\comms\demo\application\impl\Cfg4jConfiguration.java,applications/demo/src/test/java/com/softavail/comms/demo/application/impl/Cfg4jConfiguration_RBL4_4b1af932Test.java,com.softavail.comms.demo.application.impl,1.8,Maven,"mvn -B -ntp -DskipTests -DskipITs -f ""${REPO_DIR}\pom.xml"" -pl applications/demo -am clean test-compile","mvn -B -ntp -DskipTests -DskipITs -f ""${REPO_DIR}/pom.xml"" -pl applications/demo -am clean test-compile",v3:98410891:maven:applications/demo,1,1,1,0,0,PASS,PASS,PASS,ok,sandbox readiness passed,D:\A_ThucNghiem\scripts_v2\workspaces\20260724_010022_d3f7f7b1__baseline_readiness\226_98410891_4b1af932,27.605,PASS
98410891,https://github.com/Nexmo/comms-router,4e5656db54be4b22481fe3774c2caeba51bac190,98410891:applications/demo/src/main/java/com/softavail/comms/demo/application/impl/propertiesconfiguration.java,PropertiesConfiguration,applications/demo/src/main/java/com/softavail/comms/demo/application/impl/PropertiesConfiguration.java,4,81,499,12,10,3,14,1.1666666666666667,maven,.,applications/demo,applications/demo,maven:applications/demo,8,8,main,3,2cd722c9f3bde873c89261c2b59cc94db65e0a557ca068aea09afe3d4f9c8dee,42,sha256_repo_balanced_v3_1,lower_complexity_half,,,repos/successful/98410891,promoted_before_storage_audit,108,107,remaining240,class_sampling_manifest_final_seed42.csv,2026-07-23T11:07:03+00:00,per_repo_2class_pilot_complexity_half_then_selection_rank_seed42,227,98410891,PropertiesConfiguration,PropertiesConfiguration_RBL4_1e12e7ddTest,repos/98410891/applications/demo/src/main/java/com/softavail/comms/demo/application/impl/PropertiesConfiguration.java,repos/98410891/applications/demo/src/test/java/com/softavail/comms/demo/application/impl/PropertiesConfiguration_RBL4_1e12e7ddTest.java,applications/demo,D:\A_ThucNghiem\compiledrepos\98410891,D:\A_ThucNghiem\compiledrepos\98410891\applications\demo\src\main\java\com\softavail\comms\demo\application\impl\PropertiesConfiguration.java,applications/demo/src/test/java/com/softavail/comms/demo/application/impl/PropertiesConfiguration_RBL4_1e12e7ddTest.java,com.softavail.comms.demo.application.impl,1.8,Maven,"mvn -B -ntp -DskipTests -DskipITs -f ""${REPO_DIR}\pom.xml"" -pl applications/demo -am clean test-compile","mvn -B -ntp -DskipTests -DskipITs -f ""${REPO_DIR}/pom.xml"" -pl applications/demo -am clean test-compile",v3:98410891:maven:applications/demo,1,1,1,0,0,PASS,PASS,PASS,ok,sandbox readiness passed,D:\A_ThucNghiem\scripts_v2\workspaces\20260724_010022_d3f7f7b1__baseline_readiness\227_98410891_1e12e7dd,27.154,PASS
98410891,https://github.com/Nexmo/comms-router,4e5656db54be4b22481fe3774c2caeba51bac190,98410891:core-interface/src/main/java/com/softavail/commsrouter/api/dto/model/skill/numberintervalboundary.java,NumberIntervalBoundary,core-interface/src/main/java/com/softavail/commsrouter/api/dto/model/skill/NumberIntervalBoundary.java,14,58,340,12,9,3,17,1.4166666666666667,maven,.,core-interface,core-interface,maven:core-interface,8,8,main,2,082732035b3f9f79caa5e75f487c9938f1df5ea108e0b34f1a5a3324047412ae,42,sha256_repo_balanced_v3_1,lower_complexity_half,,,repos/successful/98410891,promoted_before_storage_audit,109,108,remaining240,class_sampling_manifest_final_seed42.csv,2026-07-23T11:07:03+00:00,per_repo_2class_pilot_complexity_half_then_selection_rank_seed42,228,98410891,NumberIntervalBoundary,NumberIntervalBoundary_RBL4_1b7997e6Test,repos/98410891/core-interface/src/main/java/com/softavail/commsrouter/api/dto/model/skill/NumberIntervalBoundary.java,repos/98410891/core-interface/src/test/java/com/softavail/commsrouter/api/dto/model/skill/NumberIntervalBoundary_RBL4_1b7997e6Test.java,core-interface,D:\A_ThucNghiem\compiledrepos\98410891,D:\A_ThucNghiem\compiledrepos\98410891\core-interface\src\main\java\com\softavail\commsrouter\api\dto\model\skill\NumberIntervalBoundary.java,core-interface/src/test/java/com/softavail/commsrouter/api/dto/model/skill/NumberIntervalBoundary_RBL4_1b7997e6Test.java,com.softavail.commsrouter.api.dto.model.skill,1.8,Maven,"mvn -B -ntp -DskipTests -DskipITs -f ""${REPO_DIR}\pom.xml"" -pl core-interface -am clean test-compile","mvn -B -ntp -DskipTests -DskipITs -f ""${REPO_DIR}/pom.xml"" -pl core-interface -am clean test-compile",v3:98410891:maven:core-interface,1,1,1,0,0,PASS,PASS,PASS,ok,sandbox readiness passed,D:\A_ThucNghiem\scripts_v2\workspaces\20260724_010022_d3f7f7b1__baseline_readiness\228_98410891_1b7997e6,13.689,PASS
98410891,https://github.com/Nexmo/comms-router,4e5656db54be4b22481fe3774c2caeba51bac190,98410891:core-interface/src/main/java/com/softavail/commsrouter/api/dto/model/skill/numberattributedomaindto.java,NumberAttributeDomainDto,core-interface/src/main/java/com/softavail/commsrouter/api/dto/model/skill/NumberAttributeDomainDto.java,8,59,329,10,7,4,16,1.6,maven,.,core-interface,core-interface,maven:core-interface,8,8,main,4,2f9cb83494fa75f68b283073ddafaedd64613406f6cf6dc4c69a98ee2a5ba54f,42,sha256_repo_balanced_v3_1,lower_complexity_half,,,repos/successful/98410891,promoted_before_storage_audit,147,146,remaining240,class_sampling_manifest_final_seed42.csv,2026-07-23T11:07:03+00:00,per_repo_2class_pilot_complexity_half_then_selection_rank_seed42,229,98410891,NumberAttributeDomainDto,NumberAttributeDomainDto_RBL4_a597dd0fTest,repos/98410891/core-interface/src/main/java/com/softavail/commsrouter/api/dto/model/skill/NumberAttributeDomainDto.java,repos/98410891/core-interface/src/test/java/com/softavail/commsrouter/api/dto/model/skill/NumberAttributeDomainDto_RBL4_a597dd0fTest.java,core-interface,D:\A_ThucNghiem\compiledrepos\98410891,D:\A_ThucNghiem\compiledrepos\98410891\core-interface\src\main\java\com\softavail\commsrouter\api\dto\model\skill\NumberAttributeDomainDto.java,core-interface/src/test/java/com/softavail/commsrouter/api/dto/model/skill/NumberAttributeDomainDto_RBL4_a597dd0fTest.java,com.softavail.commsrouter.api.dto.model.skill,1.8,Maven,"mvn -B -ntp -DskipTests -DskipITs -f ""${REPO_DIR}\pom.xml"" -pl core-interface -am clean test-compile","mvn -B -ntp -DskipTests -DskipITs -f ""${REPO_DIR}/pom.xml"" -pl core-interface -am clean test-compile",v3:98410891:maven:core-interface,1,1,1,0,0,PASS,PASS,PASS,ok,sandbox readiness passed,D:\A_ThucNghiem\scripts_v2\workspaces\20260724_010022_d3f7f7b1__baseline_readiness\229_98410891_a597dd0f,27.13,PASS
98410891,https://github.com/Nexmo/comms-router,4e5656db54be4b22481fe3774c2caeba51bac190,98410891:core/src/main/java/com/softavail/commsrouter/api/service/skillvalidator.java,SkillValidator,core/src/main/java/com/softavail/commsrouter/api/service/SkillValidator.java,11,209,1513,25,16,8,53,2.12,maven,.,core,core,maven:core,8,8,main,9,8b238426a74a96aca29169ce3f61df60f2be7dd873bbc9b4cde8379fc4f6e5f5,42,sha256_repo_balanced_v3_1,higher_complexity_half,,,repos/successful/98410891,promoted_before_storage_audit,245,244,remaining240,class_sampling_manifest_final_seed42.csv,2026-07-23T11:07:03+00:00,per_repo_2class_pilot_complexity_half_then_selection_rank_seed42,230,98410891,SkillValidator,SkillValidator_RBL4_cb7f3212Test,repos/98410891/core/src/main/java/com/softavail/commsrouter/api/service/SkillValidator.java,repos/98410891/core/src/test/java/com/softavail/commsrouter/api/service/SkillValidator_RBL4_cb7f3212Test.java,core,D:\A_ThucNghiem\compiledrepos\98410891,D:\A_ThucNghiem\compiledrepos\98410891\core\src\main\java\com\softavail\commsrouter\api\service\SkillValidator.java,core/src/test/java/com/softavail/commsrouter/api/service/SkillValidator_RBL4_cb7f3212Test.java,com.softavail.commsrouter.api.service,1.8,Maven,"mvn -B -ntp -DskipTests -DskipITs -f ""${REPO_DIR}\pom.xml"" -pl core -am clean test-compile","mvn -B -ntp -DskipTests -DskipITs -f ""${REPO_DIR}/pom.xml"" -pl core -am clean test-compile",v3:98410891:maven:core,1,1,1,0,0,PASS,PASS,PASS,ok,sandbox readiness passed,D:\A_ThucNghiem\scripts_v2\workspaces\20260724_010022_d3f7f7b1__baseline_readiness\230_98410891_cb7f3212,24.549,PASS
98410891,https://github.com/Nexmo/comms-router,4e5656db54be4b22481fe3774c2caeba51bac190,98410891:core/src/main/java/com/softavail/commsrouter/domain/dto/mappers/attributedomainmapper.java,AttributeDomainMapper,core/src/main/java/com/softavail/commsrouter/domain/dto/mappers/AttributeDomainMapper.java,1,127,941,11,6,9,29,2.6363636363636362,maven,.,core,core,maven:core,8,8,main,10,9144097b45b9e7459bed56dc553e6df3f498c9d759e2c605489960abe154a463,42,sha256_repo_balanced_v3_1,higher_complexity_half,,,repos/successful/98410891,promoted_before_storage_audit,254,253,remaining240,class_sampling_manifest_final_seed42.csv,2026-07-23T11:07:03+00:00,per_repo_2class_pilot_complexity_half_then_selection_rank_seed42,231,98410891,AttributeDomainMapper,AttributeDomainMapper_RBL4_8e2f6551Test,repos/98410891/core/src/main/java/com/softavail/commsrouter/domain/dto/mappers/AttributeDomainMapper.java,repos/98410891/core/src/test/java/com/softavail/commsrouter/domain/dto/mappers/AttributeDomainMapper_RBL4_8e2f6551Test.java,core,D:\A_ThucNghiem\compiledrepos\98410891,D:\A_ThucNghiem\compiledrepos\98410891\core\src\main\java\com\softavail\commsrouter\domain\dto\mappers\AttributeDomainMapper.java,core/src/test/java/com/softavail/commsrouter/domain/dto/mappers/AttributeDomainMapper_RBL4_8e2f6551Test.java,com.softavail.commsrouter.domain.dto.mappers,1.8,Maven,"mvn -B -ntp -DskipTests -DskipITs -f ""${REPO_DIR}\pom.xml"" -pl core -am clean test-compile","mvn -B -ntp -DskipTests -DskipITs -f ""${REPO_DIR}/pom.xml"" -pl core -am clean test-compile",v3:98410891:maven:core,1,1,1,0,0,PASS,PASS,PASS,ok,sandbox readiness passed,D:\A_ThucNghiem\scripts_v2\workspaces\20260724_010022_d3f7f7b1__baseline_readiness\231_98410891_8e2f6551,36.997,PASS
9884445,https://github.com/minnal/minnal,50989185555e0d8969319bb20ae8e596db4ff545,9884445:minnal-jaxrs/minnal-instrumentation-jaxrs/src/main/java/org/minnal/instrument/entity/metadata/handler/manytomanyannotationhandler.java,ManyToManyAnnotationHandler,minnal-jaxrs/minnal-instrumentation-jaxrs/src/main/java/org/minnal/instrument/entity/metadata/handler/ManyToManyAnnotationHandler.java,1,8,42,1,1,1,1,1.0,maven,.,minnal-jaxrs/minnal-instrumentation-jaxrs,minnal-jaxrs/minnal-instrumentation-jaxrs,maven:minnal-jaxrs/minnal-instrumentation-jaxrs,7,8,main,6,3ad05ca7ea41204b475acb729d1f8ef4a008e6670b727cfa075974ff20e7e9d6,42,sha256_repo_balanced_v3_1,lower_complexity_half,,,repos/successful/9884445,promoted_before_storage_audit,3,2,remaining240,class_sampling_manifest_final_seed42.csv,2026-07-23T11:07:03+00:00,per_repo_2class_pilot_complexity_half_then_selection_rank_seed42,232,9884445,ManyToManyAnnotationHandler,ManyToManyAnnotationHandler_RBL4_a6306c47Test,repos/9884445/minnal-jaxrs/minnal-instrumentation-jaxrs/src/main/java/org/minnal/instrument/entity/metadata/handler/ManyToManyAnnotationHandler.java,repos/9884445/minnal-jaxrs/minnal-instrumentation-jaxrs/src/test/java/org/minnal/instrument/entity/metadata/handler/ManyToManyAnnotationHandler_RBL4_a6306c47Test.java,minnal-jaxrs/minnal-instrumentation-jaxrs,D:\A_ThucNghiem\compiledrepos\9884445,D:\A_ThucNghiem\compiledrepos\9884445\minnal-jaxrs\minnal-instrumentation-jaxrs\src\main\java\org\minnal\instrument\entity\metadata\handler\ManyToManyAnnotationHandler.java,minnal-jaxrs/minnal-instrumentation-jaxrs/src/test/java/org/minnal/instrument/entity/metadata/handler/ManyToManyAnnotationHandler_RBL4_a6306c47Test.java,org.minnal.instrument.entity.metadata.handler,1.7,Maven,"mvn -B -ntp -DskipTests -DskipITs -f ""${REPO_DIR}\pom.xml"" -pl minnal-jaxrs/minnal-instrumentation-jaxrs -am clean test-compile","mvn -B -ntp -DskipTests -DskipITs -f ""${REPO_DIR}/pom.xml"" -pl minnal-jaxrs/minnal-instrumentation-jaxrs -am clean test-compile",v3:9884445:maven:minnal-jaxrs/minnal-instrumentation-jaxrs,1,1,1,0,0,PASS,PASS,PASS,ok,sandbox readiness passed,D:\A_ThucNghiem\scripts_v2\workspaces\20260724_010022_d3f7f7b1__baseline_readiness\232_9884445_a6306c47,25.816,PASS
9884445,https://github.com/minnal/minnal,50989185555e0d8969319bb20ae8e596db4ff545,9884445:minnal-jaxrs/minnal-instrumentation-jaxrs/src/main/java/org/minnal/instrument/entity/metadata/handler/securemultipleannotationhandler.java,SecureMultipleAnnotationHandler,minnal-jaxrs/minnal-instrumentation-jaxrs/src/main/java/org/minnal/instrument/entity/metadata/handler/SecureMultipleAnnotationHandler.java,1,12,103,1,1,2,2,2.0,maven,.,minnal-jaxrs/minnal-instrumentation-jaxrs,minnal-jaxrs/minnal-instrumentation-jaxrs,maven:minnal-jaxrs/minnal-instrumentation-jaxrs,7,8,main,3,1f6240208640f24577b4a3a9ff3476a9474750eb48b59a8a97996283148a08a6,42,sha256_repo_balanced_v3_1,lower_complexity_half,,,repos/successful/9884445,promoted_before_storage_audit,41,40,remaining240,class_sampling_manifest_final_seed42.csv,2026-07-23T11:07:03+00:00,per_repo_2class_pilot_complexity_half_then_selection_rank_seed42,233,9884445,SecureMultipleAnnotationHandler,SecureMultipleAnnotationHandler_RBL4_3b15123aTest,repos/9884445/minnal-jaxrs/minnal-instrumentation-jaxrs/src/main/java/org/minnal/instrument/entity/metadata/handler/SecureMultipleAnnotationHandler.java,repos/9884445/minnal-jaxrs/minnal-instrumentation-jaxrs/src/test/java/org/minnal/instrument/entity/metadata/handler/SecureMultipleAnnotationHandler_RBL4_3b15123aTest.java,minnal-jaxrs/minnal-instrumentation-jaxrs,D:\A_ThucNghiem\compiledrepos\9884445,D:\A_ThucNghiem\compiledrepos\9884445\minnal-jaxrs\minnal-instrumentation-jaxrs\src\main\java\org\minnal\instrument\entity\metadata\handler\SecureMultipleAnnotationHandler.java,minnal-jaxrs/minnal-instrumentation-jaxrs/src/test/java/org/minnal/instrument/entity/metadata/handler/SecureMultipleAnnotationHandler_RBL4_3b15123aTest.java,org.minnal.instrument.entity.metadata.handler,1.7,Maven,"mvn -B -ntp -DskipTests -DskipITs -f ""${REPO_DIR}\pom.xml"" -pl minnal-jaxrs/minnal-instrumentation-jaxrs -am clean test-compile","mvn -B -ntp -DskipTests -DskipITs -f ""${REPO_DIR}/pom.xml"" -pl minnal-jaxrs/minnal-instrumentation-jaxrs -am clean test-compile",v3:9884445:maven:minnal-jaxrs/minnal-instrumentation-jaxrs,1,1,1,0,0,PASS,PASS,PASS,ok,sandbox readiness passed,D:\A_ThucNghiem\scripts_v2\workspaces\20260724_010022_d3f7f7b1__baseline_readiness\233_9884445_3b15123a,28.926,PASS
9884445,https://github.com/minnal/minnal,50989185555e0d8969319bb20ae8e596db4ff545,9884445:minnal-jaxrs/minnal-instrumentation-jaxrs/src/main/java/org/minnal/instrument/entity/metadata/handler/elementcollectionannotationhandler.java,ElementCollectionAnnotationHandler,minnal-jaxrs/minnal-instrumentation-jaxrs/src/main/java/org/minnal/instrument/entity/metadata/handler/ElementCollectionAnnotationHandler.java,3,38,305,3,3,2,5,1.6666666666666667,maven,.,minnal-jaxrs/minnal-instrumentation-jaxrs,minnal-jaxrs/minnal-instrumentation-jaxrs,maven:minnal-jaxrs/minnal-instrumentation-jaxrs,7,8,main,8,4f3085fe247e987c25773364746e81e5c16b1403b68e80d45b54f999922290e3,42,sha256_repo_balanced_v3_1,lower_complexity_half,,,repos/successful/9884445,promoted_before_storage_audit,54,53,remaining240,class_sampling_manifest_final_seed42.csv,2026-07-23T11:07:03+00:00,per_repo_2class_pilot_complexity_half_then_selection_rank_seed42,234,9884445,ElementCollectionAnnotationHandler,ElementCollectionAnnotationHandler_RBL4_7e40a186Test,repos/9884445/minnal-jaxrs/minnal-instrumentation-jaxrs/src/main/java/org/minnal/instrument/entity/metadata/handler/ElementCollectionAnnotationHandler.java,repos/9884445/minnal-jaxrs/minnal-instrumentation-jaxrs/src/test/java/org/minnal/instrument/entity/metadata/handler/ElementCollectionAnnotationHandler_RBL4_7e40a186Test.java,minnal-jaxrs/minnal-instrumentation-jaxrs,D:\A_ThucNghiem\compiledrepos\9884445,D:\A_ThucNghiem\compiledrepos\9884445\minnal-jaxrs\minnal-instrumentation-jaxrs\src\main\java\org\minnal\instrument\entity\metadata\handler\ElementCollectionAnnotationHandler.java,minnal-jaxrs/minnal-instrumentation-jaxrs/src/test/java/org/minnal/instrument/entity/metadata/handler/ElementCollectionAnnotationHandler_RBL4_7e40a186Test.java,org.minnal.instrument.entity.metadata.handler,1.7,Maven,"mvn -B -ntp -DskipTests -DskipITs -f ""${REPO_DIR}\pom.xml"" -pl minnal-jaxrs/minnal-instrumentation-jaxrs -am clean test-compile","mvn -B -ntp -DskipTests -DskipITs -f ""${REPO_DIR}/pom.xml"" -pl minnal-jaxrs/minnal-instrumentation-jaxrs -am clean test-compile",v3:9884445:maven:minnal-jaxrs/minnal-instrumentation-jaxrs,1,1,1,0,0,PASS,PASS,PASS,ok,sandbox readiness passed,D:\A_ThucNghiem\scripts_v2\workspaces\20260724_010022_d3f7f7b1__baseline_readiness\234_9884445_7e40a186,29.677,PASS
9884445,https://github.com/minnal/minnal,50989185555e0d8969319bb20ae8e596db4ff545,9884445:minnal-jaxrs/minnal-instrumentation-jaxrs/src/main/java/org/minnal/instrument/resource/metadata/resourcemetadatabuilder.java,ResourceMetaDataBuilder,minnal-jaxrs/minnal-instrumentation-jaxrs/src/main/java/org/minnal/instrument/resource/metadata/ResourceMetaDataBuilder.java,2,26,182,4,1,2,5,1.25,maven,.,minnal-jaxrs/minnal-instrumentation-jaxrs,minnal-jaxrs/minnal-instrumentation-jaxrs,maven:minnal-jaxrs/minnal-instrumentation-jaxrs,7,8,main,9,57631ae5414cf3ba33e32812c2800d8e68e39d5b72e0f8463e7bb02ec1692183,42,sha256_repo_balanced_v3_1,lower_complexity_half,,,repos/successful/9884445,promoted_before_storage_audit,55,54,remaining240,class_sampling_manifest_final_seed42.csv,2026-07-23T11:07:03+00:00,per_repo_2class_pilot_complexity_half_then_selection_rank_seed42,235,9884445,ResourceMetaDataBuilder,ResourceMetaDataBuilder_RBL4_c1478021Test,repos/9884445/minnal-jaxrs/minnal-instrumentation-jaxrs/src/main/java/org/minnal/instrument/resource/metadata/ResourceMetaDataBuilder.java,repos/9884445/minnal-jaxrs/minnal-instrumentation-jaxrs/src/test/java/org/minnal/instrument/resource/metadata/ResourceMetaDataBuilder_RBL4_c1478021Test.java,minnal-jaxrs/minnal-instrumentation-jaxrs,D:\A_ThucNghiem\compiledrepos\9884445,D:\A_ThucNghiem\compiledrepos\9884445\minnal-jaxrs\minnal-instrumentation-jaxrs\src\main\java\org\minnal\instrument\resource\metadata\ResourceMetaDataBuilder.java,minnal-jaxrs/minnal-instrumentation-jaxrs/src/test/java/org/minnal/instrument/resource/metadata/ResourceMetaDataBuilder_RBL4_c1478021Test.java,org.minnal.instrument.resource.metadata,1.7,Maven,"mvn -B -ntp -DskipTests -DskipITs -f ""${REPO_DIR}\pom.xml"" -pl minnal-jaxrs/minnal-instrumentation-jaxrs -am clean test-compile","mvn -B -ntp -DskipTests -DskipITs -f ""${REPO_DIR}/pom.xml"" -pl minnal-jaxrs/minnal-instrumentation-jaxrs -am clean test-compile",v3:9884445:maven:minnal-jaxrs/minnal-instrumentation-jaxrs,1,1,1,0,0,PASS,PASS,PASS,ok,sandbox readiness passed,D:\A_ThucNghiem\scripts_v2\workspaces\20260724_010022_d3f7f7b1__baseline_readiness\235_9884445_c1478021,33.454,PASS
9884445,https://github.com/minnal/minnal,50989185555e0d8969319bb20ae8e596db4ff545,9884445:minnal-jaxrs/minnal-instrumentation-jaxrs/src/main/java/org/minnal/instrument/entity/metadata/handler/searchableannotationhandler.java,SearchableAnnotationHandler,minnal-jaxrs/minnal-instrumentation-jaxrs/src/main/java/org/minnal/instrument/entity/metadata/handler/SearchableAnnotationHandler.java,5,30,261,3,3,2,5,1.6666666666666667,maven,.,minnal-jaxrs/minnal-instrumentation-jaxrs,minnal-jaxrs/minnal-instrumentation-jaxrs,maven:minnal-jaxrs/minnal-instrumentation-jaxrs,7,8,main,10,7d31ffbffb8031ef78a26f21d1a56c48bb98b7f08bc0a501340d3286c0726da5,42,sha256_repo_balanced_v3_1,lower_complexity_half,,,repos/successful/9884445,promoted_before_storage_audit,56,55,remaining240,class_sampling_manifest_final_seed42.csv,2026-07-23T11:07:03+00:00,per_repo_2class_pilot_complexity_half_then_selection_rank_seed42,236,9884445,SearchableAnnotationHandler,SearchableAnnotationHandler_RBL4_19519df8Test,repos/9884445/minnal-jaxrs/minnal-instrumentation-jaxrs/src/main/java/org/minnal/instrument/entity/metadata/handler/SearchableAnnotationHandler.java,repos/9884445/minnal-jaxrs/minnal-instrumentation-jaxrs/src/test/java/org/minnal/instrument/entity/metadata/handler/SearchableAnnotationHandler_RBL4_19519df8Test.java,minnal-jaxrs/minnal-instrumentation-jaxrs,D:\A_ThucNghiem\compiledrepos\9884445,D:\A_ThucNghiem\compiledrepos\9884445\minnal-jaxrs\minnal-instrumentation-jaxrs\src\main\java\org\minnal\instrument\entity\metadata\handler\SearchableAnnotationHandler.java,minnal-jaxrs/minnal-instrumentation-jaxrs/src/test/java/org/minnal/instrument/entity/metadata/handler/SearchableAnnotationHandler_RBL4_19519df8Test.java,org.minnal.instrument.entity.metadata.handler,1.7,Maven,"mvn -B -ntp -DskipTests -DskipITs -f ""${REPO_DIR}\pom.xml"" -pl minnal-jaxrs/minnal-instrumentation-jaxrs -am clean test-compile","mvn -B -ntp -DskipTests -DskipITs -f ""${REPO_DIR}/pom.xml"" -pl minnal-jaxrs/minnal-instrumentation-jaxrs -am clean test-compile",v3:9884445:maven:minnal-jaxrs/minnal-instrumentation-jaxrs,1,1,1,0,0,PASS,PASS,PASS,ok,sandbox readiness passed,D:\A_ThucNghiem\scripts_v2\workspaces\20260724_010022_d3f7f7b1__baseline_readiness\236_9884445_19519df8,39.132,PASS
9884445,https://github.com/minnal/minnal,50989185555e0d8969319bb20ae8e596db4ff545,9884445:minnal-jaxrs/minnal-instrumentation-jaxrs/src/main/java/org/minnal/instrument/applicationenhancer.java,ApplicationEnhancer,minnal-jaxrs/minnal-instrumentation-jaxrs/src/main/java/org/minnal/instrument/ApplicationEnhancer.java,1,72,574,8,2,5,12,1.5,maven,.,minnal-jaxrs/minnal-instrumentation-jaxrs,minnal-jaxrs/minnal-instrumentation-jaxrs,maven:minnal-jaxrs/minnal-instrumentation-jaxrs,7,8,main,4,2f47adcab51a47e6b750293b4fc6969068b5811d5e1d97e18fd23536096e4d95,42,sha256_repo_balanced_v3_1,higher_complexity_half,,,repos/successful/9884445,promoted_before_storage_audit,183,182,remaining240,class_sampling_manifest_final_seed42.csv,2026-07-23T11:07:03+00:00,per_repo_2class_pilot_complexity_half_then_selection_rank_seed42,237,9884445,ApplicationEnhancer,ApplicationEnhancer_RBL4_7bd3161bTest,repos/9884445/minnal-jaxrs/minnal-instrumentation-jaxrs/src/main/java/org/minnal/instrument/ApplicationEnhancer.java,repos/9884445/minnal-jaxrs/minnal-instrumentation-jaxrs/src/test/java/org/minnal/instrument/ApplicationEnhancer_RBL4_7bd3161bTest.java,minnal-jaxrs/minnal-instrumentation-jaxrs,D:\A_ThucNghiem\compiledrepos\9884445,D:\A_ThucNghiem\compiledrepos\9884445\minnal-jaxrs\minnal-instrumentation-jaxrs\src\main\java\org\minnal\instrument\ApplicationEnhancer.java,minnal-jaxrs/minnal-instrumentation-jaxrs/src/test/java/org/minnal/instrument/ApplicationEnhancer_RBL4_7bd3161bTest.java,org.minnal.instrument,1.7,Maven,"mvn -B -ntp -DskipTests -DskipITs -f ""${REPO_DIR}\pom.xml"" -pl minnal-jaxrs/minnal-instrumentation-jaxrs -am clean test-compile","mvn -B -ntp -DskipTests -DskipITs -f ""${REPO_DIR}/pom.xml"" -pl minnal-jaxrs/minnal-instrumentation-jaxrs -am clean test-compile",v3:9884445:maven:minnal-jaxrs/minnal-instrumentation-jaxrs,1,1,1,0,0,PASS,PASS,PASS,ok,sandbox readiness passed,D:\A_ThucNghiem\scripts_v2\workspaces\20260724_010022_d3f7f7b1__baseline_readiness\237_9884445_7bd3161b,41.77,PASS
9884445,https://github.com/minnal/minnal,50989185555e0d8969319bb20ae8e596db4ff545,9884445:minnal-jaxrs/minnal-instrumentation-jaxrs/src/main/java/org/minnal/instrument/resource/resourceutil.java,ResourceUtil,minnal-jaxrs/minnal-instrumentation-jaxrs/src/main/java/org/minnal/instrument/resource/ResourceUtil.java,11,127,1331,9,8,5,24,2.6666666666666665,maven,.,minnal-jaxrs/minnal-instrumentation-jaxrs,minnal-jaxrs/minnal-instrumentation-jaxrs,maven:minnal-jaxrs/minnal-instrumentation-jaxrs,7,8,main,7,403bcfd50ec6ba864601ab089b0c1420cc26d53646aa4e2b185720ad912b5362,42,sha256_repo_balanced_v3_1,higher_complexity_half,,,repos/successful/9884445,promoted_before_storage_audit,187,186,remaining240,class_sampling_manifest_final_seed42.csv,2026-07-23T11:07:03+00:00,per_repo_2class_pilot_complexity_half_then_selection_rank_seed42,238,9884445,ResourceUtil,ResourceUtil_RBL4_be372e05Test,repos/9884445/minnal-jaxrs/minnal-instrumentation-jaxrs/src/main/java/org/minnal/instrument/resource/ResourceUtil.java,repos/9884445/minnal-jaxrs/minnal-instrumentation-jaxrs/src/test/java/org/minnal/instrument/resource/ResourceUtil_RBL4_be372e05Test.java,minnal-jaxrs/minnal-instrumentation-jaxrs,D:\A_ThucNghiem\compiledrepos\9884445,D:\A_ThucNghiem\compiledrepos\9884445\minnal-jaxrs\minnal-instrumentation-jaxrs\src\main\java\org\minnal\instrument\resource\ResourceUtil.java,minnal-jaxrs/minnal-instrumentation-jaxrs/src/test/java/org/minnal/instrument/resource/ResourceUtil_RBL4_be372e05Test.java,org.minnal.instrument.resource,1.7,Maven,"mvn -B -ntp -DskipTests -DskipITs -f ""${REPO_DIR}\pom.xml"" -pl minnal-jaxrs/minnal-instrumentation-jaxrs -am clean test-compile","mvn -B -ntp -DskipTests -DskipITs -f ""${REPO_DIR}/pom.xml"" -pl minnal-jaxrs/minnal-instrumentation-jaxrs -am clean test-compile",v3:9884445:maven:minnal-jaxrs/minnal-instrumentation-jaxrs,1,1,1,0,0,PASS,PASS,PASS,ok,sandbox readiness passed,D:\A_ThucNghiem\scripts_v2\workspaces\20260724_010022_d3f7f7b1__baseline_readiness\238_9884445_be372e05,41.632,PASS
9884445,https://github.com/minnal/minnal,50989185555e0d8969319bb20ae8e596db4ff545,9884445:minnal-jaxrs/minnal-instrumentation-jaxrs/src/main/java/org/minnal/instrument/entity/metadata/actionmetadata.java,ActionMetaData,minnal-jaxrs/minnal-instrumentation-jaxrs/src/main/java/org/minnal/instrument/entity/metadata/ActionMetaData.java,2,64,424,7,6,13,22,3.142857142857143,maven,.,minnal-jaxrs/minnal-instrumentation-jaxrs,minnal-jaxrs/minnal-instrumentation-jaxrs,maven:minnal-jaxrs/minnal-instrumentation-jaxrs,7,8,main,5,383e513761de737c5d1a4fe1b9b8ed3ffec10177a434cc83a09d6a372491f111,42,sha256_repo_balanced_v3_1,higher_complexity_half,,,repos/successful/9884445,promoted_before_storage_audit,278,277,remaining240,class_sampling_manifest_final_seed42.csv,2026-07-23T11:07:03+00:00,per_repo_2class_pilot_complexity_half_then_selection_rank_seed42,239,9884445,ActionMetaData,ActionMetaData_RBL4_8bc4b0feTest,repos/9884445/minnal-jaxrs/minnal-instrumentation-jaxrs/src/main/java/org/minnal/instrument/entity/metadata/ActionMetaData.java,repos/9884445/minnal-jaxrs/minnal-instrumentation-jaxrs/src/test/java/org/minnal/instrument/entity/metadata/ActionMetaData_RBL4_8bc4b0feTest.java,minnal-jaxrs/minnal-instrumentation-jaxrs,D:\A_ThucNghiem\compiledrepos\9884445,D:\A_ThucNghiem\compiledrepos\9884445\minnal-jaxrs\minnal-instrumentation-jaxrs\src\main\java\org\minnal\instrument\entity\metadata\ActionMetaData.java,minnal-jaxrs/minnal-instrumentation-jaxrs/src/test/java/org/minnal/instrument/entity/metadata/ActionMetaData_RBL4_8bc4b0feTest.java,org.minnal.instrument.entity.metadata,1.7,Maven,"mvn -B -ntp -DskipTests -DskipITs -f ""${REPO_DIR}\pom.xml"" -pl minnal-jaxrs/minnal-instrumentation-jaxrs -am clean test-compile","mvn -B -ntp -DskipTests -DskipITs -f ""${REPO_DIR}/pom.xml"" -pl minnal-jaxrs/minnal-instrumentation-jaxrs -am clean test-compile",v3:9884445:maven:minnal-jaxrs/minnal-instrumentation-jaxrs,1,1,1,0,0,PASS,PASS,PASS,ok,sandbox readiness passed,D:\A_ThucNghiem\scripts_v2\workspaces\20260724_010022_d3f7f7b1__baseline_readiness\239_9884445_8bc4b0fe,41.628,PASS
