sample_index,class_key,project,repo_id,module,scope_key,build_tool,focal_class,test_class,status,fail_stage,duration_sec,sandbox_path,detail,source_run_id,source_run_sample_index
0,64487983:bridge/src/main/java/com/iluwatar/bridge/app.java,64487983,64487983,bridge,maven:bridge,Maven,App,App_RBL4Test_58f65afc,PASS,ok,33.831,D:\A_ThucNghiem\scripts_v2\workspaces\20260723_215359_ccfee980__baseline_readiness\034_64487983_App_58f65afc,sandbox readiness passed,pilot60_resume_20260724_083102,34
1,74999474:parsec-clients/src/main/java/com/yahoo/parsec/clients/parsecasynccompletionhandlerbase.java,74999474,74999474,parsec-clients,gradle:parsec-clients,Gradle,ParsecAsyncCompletionHandlerBase,ParsecAsyncCompletionHandlerBase_RBL4Test_d0018ed9,PASS,ok,12.759,D:\A_ThucNghiem\scripts_v2\workspaces\20260723_215359_ccfee980__baseline_readiness\040_74999474_ParsecAsyncCompletionHandlerBase_d0018ed9,sandbox readiness passed,pilot60_resume_20260724_083102,40
2,9884445:minnal-jaxrs/minnal-instrumentation-jaxrs/src/main/java/org/minnal/instrument/entity/metadata/handler/manytomanyannotationhandler.java,9884445,9884445,minnal-jaxrs/minnal-instrumentation-jaxrs,maven:minnal-jaxrs/minnal-instrumentation-jaxrs,Maven,ManyToManyAnnotationHandler,ManyToManyAnnotationHandler_RBL4_a6306c47Test,PASS,ok,25.816,D:\A_ThucNghiem\scripts_v2\workspaces\20260724_010022_d3f7f7b1__baseline_readiness\232_9884445_a6306c47,sandbox readiness passed,20260724_022225_resume240,232
3,41627638:leetcode/battleships-in-a-board/src/main/java/com/github/singlenumber/solution.java,41627638,41627638,leetcode/battleships-in-a-board,gradle:leetcode/battleships-in-a-board,Gradle,Solution,Solution_RBL4_899cbe08Test,PASS,ok,30.529,D:\A_ThucNghiem\scripts_v2\workspaces\20260724_010022_d3f7f7b1__baseline_readiness\032_41627638_899cbe08,sandbox readiness passed,20260724_022225_resume240,32
4,64487983:dependency-injection/src/main/java/com/iluwatar/dependency/injection/app.java,64487983,64487983,dependency-injection,maven:dependency-injection,Maven,App,App_RBL4_f077e771Test,PASS,ok,30.043,D:\A_ThucNghiem\scripts_v2\workspaces\20260724_010022_d3f7f7b1__baseline_readiness\136_64487983_f077e771,sandbox readiness passed,20260724_022225_resume240,136
5,39195736:sonar-jproperties-plugin/src/main/java/org/sonar/plugins/jproperties/javapropertiesplugin.java,39195736,39195736,sonar-jproperties-plugin,maven:sonar-jproperties-plugin,Maven,JavaPropertiesPlugin,JavaPropertiesPlugin_RBL4_f9bc17aaTest,PASS,ok,25.814,D:\A_ThucNghiem\scripts_v2\workspaces\20260724_010022_d3f7f7b1__baseline_readiness\016_39195736_f9bc17aa,sandbox readiness passed,20260724_022225_resume240,16
6,74999474:parsec-clients/src/main/java/com/yahoo/parsec/clients/randomnameresolver.java,74999474,74999474,parsec-clients,gradle:parsec-clients,Gradle,RandomNameResolver,RandomNameResolver_RBL4_835787fdTest,PASS,ok,20.317,D:\A_ThucNghiem\scripts_v2\workspaces\20260724_010022_d3f7f7b1__baseline_readiness\160_74999474_835787fd,sandbox readiness passed,20260724_022225_resume240,160
7,9884445:minnal-jaxrs/minnal-instrumentation-jaxrs/src/main/java/org/minnal/instrument/entity/metadata/handler/secureannotationhandler.java,9884445,9884445,minnal-jaxrs/minnal-instrumentation-jaxrs,maven:minnal-jaxrs/minnal-instrumentation-jaxrs,Maven,SecureAnnotationHandler,SecureAnnotationHandler_RBL4Test_cedbf5e7,PASS,ok,25.996,D:\A_ThucNghiem\scripts_v2\workspaces\20260723_215359_ccfee980__baseline_readiness\058_9884445_SecureAnnotationHandler_cedbf5e7,sandbox readiness passed,pilot60_resume_20260724_083102,58
8,3713233:core/src/main/java/org/junithelper/core/file/filesearcherfactory.java,3713233,3713233,core,maven:core,Maven,FileSearcherFactory,FileSearcherFactory_RBL4Test_5e446228,PASS,ok,6.662,D:\A_ThucNghiem\scripts_v2\workspaces\20260723_215359_ccfee980__baseline_readiness\000_3713233_FileSearcherFactory_5e446228,sandbox readiness passed,pilot60_resume_20260724_083102,0
9,77481567:core/src/main/java/de/voidnode/trading4j/functionality/timeframeconversion/discretetimeframeconvertingindicator.java,77481567,77481567,core,maven:core,Maven,DiscreteTimeFrameConvertingIndicator,DiscreteTimeFrameConvertingIndicator_RBL4_e0da87f5Test,PASS,ok,7.986,D:\A_ThucNghiem\scripts_v2\workspaces\20260724_010022_d3f7f7b1__baseline_readiness\168_77481567_e0da87f5,sandbox readiness passed,20260724_022225_resume240,168
10,48046454:hazelcast-jet-core/src/main/java/com/hazelcast/jet/core/resettablesingletontraverser.java,48046454,48046454,hazelcast-jet-core,maven:hazelcast-jet-core,Maven,ResettableSingletonTraverser,ResettableSingletonTraverser_RBL4_c7d874e7Test,PASS,ok,86.044,D:\A_ThucNghiem\scripts_v2\workspaces\20260724_010022_d3f7f7b1__baseline_readiness\080_48046454_c7d874e7,sandbox readiness passed,20260724_022225_resume240,80
11,81384608:integrations/spark/spark-catalog/spark-catalog-core/src/main/java/com/thinkbiganalytics/kylo/catalog/spark/sources/spark/flaggingvisitor.java,81384608,81384608,integrations/spark/spark-catalog/spark-catalog-core,maven:integrations/spark/spark-catalog/spark-catalog-core,Maven,FlaggingVisitor,FlaggingVisitor_RBL4Test_80a61f46,PASS,ok,39.066,D:\A_ThucNghiem\scripts_v2\workspaces\20260723_215359_ccfee980__baseline_readiness\046_81384608_FlaggingVisitor_80a61f46,sandbox readiness passed,pilot60_resume_20260724_083102,46
12,60578004:elastic-jobx-core/src/main/java/com/dangdang/ddframe/job/internal/statistics/processcountjob.java,60578004,60578004,elastic-jobx-core,maven:elastic-jobx-core,Maven,ProcessCountJob,ProcessCountJob_RBL4_fc02f3bfTest,PASS,ok,13.495,D:\A_ThucNghiem\scripts_v2\workspaces\20260724_010022_d3f7f7b1__baseline_readiness\104_60578004_fc02f3bf,sandbox readiness passed,20260724_022225_resume240,104
13,64487983:dependency-injection/src/main/java/com/iluwatar/dependency/injection/guicewizard.java,64487983,64487983,dependency-injection,maven:dependency-injection,Maven,GuiceWizard,GuiceWizard_RBL4_f36a1968Test,PASS,ok,28.627,D:\A_ThucNghiem\scripts_v2\workspaces\20260724_010022_d3f7f7b1__baseline_readiness\137_64487983_f36a1968,sandbox readiness passed,20260724_022225_resume240,137
14,85795396:metrics-dropwizardmetrics/src/main/java/org/apache/calcite/avatica/metrics/dropwizard/dropwizardgauge.java,85795396,85795396,metrics-dropwizardmetrics,gradle:metrics-dropwizardmetrics,Gradle,DropwizardGauge,DropwizardGauge_RBL4_3f1ba9c7Test,PASS,ok,41.119,D:\A_ThucNghiem\scripts_v2\workspaces\20260724_010022_d3f7f7b1__baseline_readiness\192_85795396_3f1ba9c7,sandbox readiness passed,20260724_022225_resume240,192
15,81384608:integrations/spark/spark-catalog/spark-catalog-core/src/main/java/com/thinkbiganalytics/kylo/catalog/spark/sources/jdbc/jdbchighwatermarkvisitor.java,81384608,81384608,integrations/spark/spark-catalog/spark-catalog-core,maven:integrations/spark/spark-catalog/spark-catalog-core,Maven,JdbcHighWaterMarkVisitor,JdbcHighWaterMarkVisitor_RBL4_347735f5Test,PASS,ok,316.008,D:\A_ThucNghiem\scripts_v2\workspaces\20260724_010022_d3f7f7b1__baseline_readiness\184_81384608_347735f5,sandbox readiness passed,20260724_022225_resume240,184
16,39195736:jproperties-checks/src/main/java/org/sonar/jproperties/checks/generic/missingtranslationscheck.java,39195736,39195736,jproperties-checks,maven:jproperties-checks,Maven,MissingTranslationsCheck,MissingTranslationsCheck_RBL4Test_be7ec32e,PASS,ok,18.967,D:\A_ThucNghiem\scripts_v2\workspaces\20260723_215359_ccfee980__baseline_readiness\004_39195736_MissingTranslationsCheck_be7ec32e,sandbox readiness passed,pilot60_resume_20260724_083102,4
17,3713233:core/src/main/java/org/junithelper/core/util/stderr.java,3713233,3713233,core,maven:core,Maven,Stderr,Stderr_RBL4_7234130bTest,PASS,ok,6.045,D:\A_ThucNghiem\scripts_v2\workspaces\20260724_010022_d3f7f7b1__baseline_readiness\000_3713233_7234130b,sandbox readiness passed,20260724_022225_resume240,0
18,46450575:flo-workflow/src/main/java/com/spotify/flo/evalcontextwithtask.java,46450575,46450575,flo-workflow,maven:flo-workflow,Maven,EvalContextWithTask,EvalContextWithTask_RBL4_ef73684bTest,PASS,ok,29.175,D:\A_ThucNghiem\scripts_v2\workspaces\20260724_010022_d3f7f7b1__baseline_readiness\072_46450575_ef73684b,sandbox readiness passed,20260724_022225_resume240,72
19,74999474:parsec-clients/src/main/java/com/yahoo/parsec/clients/delegatenameresolver.java,74999474,74999474,parsec-clients,gradle:parsec-clients,Gradle,DelegateNameResolver,DelegateNameResolver_RBL4_ab7abb98Test,PASS,ok,15.58,D:\A_ThucNghiem\scripts_v2\workspaces\20260724_010022_d3f7f7b1__baseline_readiness\161_74999474_ab7abb98,sandbox readiness passed,20260724_022225_resume240,161
20,85795396:metrics-dropwizardmetrics/src/main/java/org/apache/calcite/avatica/metrics/dropwizard/dropwizardhistogram.java,85795396,85795396,metrics-dropwizardmetrics,gradle:metrics-dropwizardmetrics,Gradle,DropwizardHistogram,DropwizardHistogram_RBL4_0b144c66Test,PASS,ok,25.866,D:\A_ThucNghiem\scripts_v2\workspaces\20260724_010022_d3f7f7b1__baseline_readiness\193_85795396_0b144c66,sandbox readiness passed,20260724_022225_resume240,193
21,97822421:infrastructure/src/main/java/com/pchudzik/springmock/infrastructure/definition/registry/doublenameresolver.java,97822421,97822421,infrastructure,maven:infrastructure,Maven,DoubleNameResolver,DoubleNameResolver_RBL4_9722645dTest,PASS,ok,6.731,D:\A_ThucNghiem\scripts_v2\workspaces\20260724_010022_d3f7f7b1__baseline_readiness\216_97822421_9722645d,sandbox readiness passed,20260724_022225_resume240,216
22,81384608:integrations/spark/spark-catalog/spark-catalog-core/src/main/java/com/thinkbiganalytics/kylo/catalog/spark/sources/jdbc/jdbchighwatermarkaccumulableparam.java,81384608,81384608,integrations/spark/spark-catalog/spark-catalog-core,maven:integrations/spark/spark-catalog/spark-catalog-core,Maven,JdbcHighWaterMarkAccumulableParam,JdbcHighWaterMarkAccumulableParam_RBL4_1975b3e4Test,PASS,ok,292.38,D:\A_ThucNghiem\scripts_v2\workspaces\20260724_010022_d3f7f7b1__baseline_readiness\185_81384608_1975b3e4,sandbox readiness passed,20260724_022225_resume240,185
23,85795396:core/src/main/java/org/apache/calcite/avatica/remote/protobufhandler.java,85795396,85795396,core,gradle:core,Gradle,ProtobufHandler,ProtobufHandler_RBL4_d33c3262Test,PASS,ok,51.889,D:\A_ThucNghiem\scripts_v2\workspaces\20260724_010022_d3f7f7b1__baseline_readiness\194_85795396_d33c3262,sandbox readiness passed,20260724_022225_resume240,194
24,6437134:enav-model/src/main/java/dk/dma/enav/safety/safetyzones.java,6437134,6437134,enav-model,maven:enav-model,Maven,SafetyZones,SafetyZones_RBL4Test_d088ee82,PASS,ok,10.232,D:\A_ThucNghiem\scripts_v2\workspaces\20260723_215359_ccfee980__baseline_readiness\032_6437134_SafetyZones_d088ee82,sandbox readiness passed,pilot60_resume_20260724_083102,32
25,66303306:event/src/main/java/com/bazaarvoice/emodb/event/eventstoremodule.java,66303306,66303306,event,maven:event,Maven,EventStoreModule,EventStoreModule_RBL4_40681041Test,PASS,ok,101.37,D:\A_ThucNghiem\scripts_v2\workspaces\20260724_010022_d3f7f7b1__baseline_readiness\144_66303306_40681041,sandbox readiness passed,20260724_022225_resume240,144
26,46450575:contrib/flo-styx/src/main/java/com/spotify/flo/contrib/styx/structuredlogging.java,46450575,46450575,contrib/flo-styx,maven:contrib/flo-styx,Maven,StructuredLogging,StructuredLogging_RBL4_4178ab2dTest,PASS,ok,27.441,D:\A_ThucNghiem\scripts_v2\workspaces\20260724_010022_d3f7f7b1__baseline_readiness\073_46450575_4178ab2d,sandbox readiness passed,20260724_022225_resume240,73
27,64487983:bridge/src/main/java/com/iluwatar/bridge/souleatingmagicweapon.java,64487983,64487983,bridge,maven:bridge,Maven,SoulEatingMagicWeapon,SoulEatingMagicWeapon_RBL4_e5ac9b33Test,PASS,ok,20.434,D:\A_ThucNghiem\scripts_v2\workspaces\20260724_010022_d3f7f7b1__baseline_readiness\138_64487983_e5ac9b33,sandbox readiness passed,20260724_022225_resume240,138
28,46450575:flo-workflow/src/main/java/com/spotify/flo/context/asynccontext.java,46450575,46450575,flo-workflow,maven:flo-workflow,Maven,AsyncContext,AsyncContext_RBL4Test_acb5f0dc,PASS,ok,19.041,D:\A_ThucNghiem\scripts_v2\workspaces\20260723_215359_ccfee980__baseline_readiness\018_46450575_AsyncContext_acb5f0dc,sandbox readiness passed,pilot60_resume_20260724_083102,18
29,64487983:bridge/src/main/java/com/iluwatar/bridge/blindingmagicweapon.java,64487983,64487983,bridge,maven:bridge,Maven,BlindingMagicWeapon,BlindingMagicWeapon_RBL4_0f46d2c5Test,PASS,ok,12.597,D:\A_ThucNghiem\scripts_v2\workspaces\20260724_010022_d3f7f7b1__baseline_readiness\139_64487983_0f46d2c5,sandbox readiness passed,20260724_022225_resume240,139
30,85795396:metrics-dropwizardmetrics/src/main/java/org/apache/calcite/avatica/metrics/dropwizard/dropwizardmetricssystem.java,85795396,85795396,metrics-dropwizardmetrics,gradle:metrics-dropwizardmetrics,Gradle,DropwizardMetricsSystem,DropwizardMetricsSystem_RBL4_b6cb9e18Test,PASS,ok,38.262,D:\A_ThucNghiem\scripts_v2\workspaces\20260724_010022_d3f7f7b1__baseline_readiness\195_85795396_b6cb9e18,sandbox readiness passed,20260724_022225_resume240,195
31,64487983:bridge/src/main/java/com/iluwatar/bridge/flyingmagicweapon.java,64487983,64487983,bridge,maven:bridge,Maven,FlyingMagicWeapon,FlyingMagicWeapon_RBL4_65b25ee1Test,PASS,ok,3.912,D:\A_ThucNghiem\scripts_v2\workspaces\20260724_010022_d3f7f7b1__baseline_readiness\140_64487983_65b25ee1,sandbox readiness passed,20260724_022225_resume240,140
32,46450575:flo-workflow/src/main/java/com/spotify/flo/context/forwardingevalcontext.java,46450575,46450575,flo-workflow,maven:flo-workflow,Maven,ForwardingEvalContext,ForwardingEvalContext_RBL4_07864a44Test,PASS,ok,28.871,D:\A_ThucNghiem\scripts_v2\workspaces\20260724_010022_d3f7f7b1__baseline_readiness\074_46450575_07864a44,sandbox readiness passed,20260724_022225_resume240,74
33,43105609:weixin-mp/src/main/java/com/riversoft/weixin/mp/user/blacklists.java,43105609,43105609,weixin-mp,maven:weixin-mp,Maven,BlackLists,BlackLists_RBL4_840860a6Test,PASS,ok,50.17,D:\A_ThucNghiem\scripts_v2\workspaces\20260724_010022_d3f7f7b1__baseline_readiness\040_43105609_840860a6,sandbox readiness passed,20260724_022225_resume240,40
34,60578004:elastic-jobx-core/src/main/java/com/dangdang/ddframe/job/internal/config/configurationnode.java,60578004,60578004,elastic-jobx-core,maven:elastic-jobx-core,Maven,ConfigurationNode,ConfigurationNode_RBL4_5ed65ca9Test,PASS,ok,11.205,D:\A_ThucNghiem\scripts_v2\workspaces\20260724_010022_d3f7f7b1__baseline_readiness\105_60578004_5ed65ca9,sandbox readiness passed,20260724_022225_resume240,105
35,558963:httpcache4j-api/src/main/java/org/codehaus/httpcache4j/payload/formdatapayload.java,558963,558963,httpcache4j-api,maven:httpcache4j-api,Maven,FormDataPayload,FormDataPayload_RBL4_fff81761Test,PASS,ok,5.157,D:\A_ThucNghiem\scripts_v2\workspaces\20260724_010022_d3f7f7b1__baseline_readiness\096_558963_fff81761,sandbox readiness passed,20260724_022225_resume240,96
36,41547678:turin-compiler/src/main/java/me/tomassetti/turin/typesystem/voidtypeusage.java,41547678,41547678,turin-compiler,maven:turin-compiler,Maven,VoidTypeUsage,VoidTypeUsage_RBL4_cbda56d1Test,PASS,ok,22.712,D:\A_ThucNghiem\scripts_v2\workspaces\20260724_010022_d3f7f7b1__baseline_readiness\024_41547678_cbda56d1,sandbox readiness passed,20260724_022225_resume240,24
37,45997449:webrex/src/main/java/com/ebayopensource/webrex/resource/resourcewrapper.java,45997449,45997449,WebRex,maven:WebRex,Maven,ResourceWrapper,ResourceWrapper_RBL4Test_5b1f1ebf,PASS,ok,9.905,D:\A_ThucNghiem\scripts_v2\workspaces\20260723_215359_ccfee980__baseline_readiness\014_45997449_ResourceWrapper_5b1f1ebf,sandbox readiness passed,pilot60_resume_20260724_083102,14
38,77481567:core/src/main/java/de/voidnode/trading4j/indicators/adx/truerange.java,77481567,77481567,core,maven:core,Maven,TrueRange,TrueRange_RBL4_8c7aa6c3Test,PASS,ok,7.763,D:\A_ThucNghiem\scripts_v2\workspaces\20260724_010022_d3f7f7b1__baseline_readiness\169_77481567_8c7aa6c3,sandbox readiness passed,20260724_022225_resume240,169
39,41627638:leetcode/battleships-in-a-board/src/main/java/com/github/invertbinarytree/solution.java,41627638,41627638,leetcode/battleships-in-a-board,gradle:leetcode/battleships-in-a-board,Gradle,Solution,Solution_RBL4_900e296fTest,PASS,ok,17.603,D:\A_ThucNghiem\scripts_v2\workspaces\20260724_010022_d3f7f7b1__baseline_readiness\033_41627638_900e296f,sandbox readiness passed,20260724_022225_resume240,33
40,9884445:minnal-jaxrs/minnal-instrumentation-jaxrs/src/main/java/org/minnal/instrument/entity/metadata/handler/securemultipleannotationhandler.java,9884445,9884445,minnal-jaxrs/minnal-instrumentation-jaxrs,maven:minnal-jaxrs/minnal-instrumentation-jaxrs,Maven,SecureMultipleAnnotationHandler,SecureMultipleAnnotationHandler_RBL4_3b15123aTest,PASS,ok,28.926,D:\A_ThucNghiem\scripts_v2\workspaces\20260724_010022_d3f7f7b1__baseline_readiness\233_9884445_3b15123a,sandbox readiness passed,20260724_022225_resume240,233
41,78444970:examples/graph/src/main/java/graph/algorithm/color/welshpowell.java,78444970,78444970,examples/graph,maven:examples/graph,Maven,WelshPowell,WelshPowell_RBL4_a5bc6a77Test,PASS,ok,21.397,D:\A_ThucNghiem\scripts_v2\workspaces\20260724_010022_d3f7f7b1__baseline_readiness\176_78444970_a5bc6a77,sandbox readiness passed,20260724_022225_resume240,176
42,97822421:infrastructure/src/main/java/com/pchudzik/springmock/infrastructure/annotation/nodoubleclassdefined.java,97822421,97822421,infrastructure,maven:infrastructure,Maven,NoDoubleClassDefined,NoDoubleClassDefined_RBL4_f739e0feTest,PASS,ok,0.438,D:\A_ThucNghiem\scripts_v2\workspaces\20260724_010022_d3f7f7b1__baseline_readiness\217_97822421_f739e0fe,sandbox readiness passed,20260724_022225_resume240,217
43,95247959:http-clients/netty-nio-client/src/main/java/software/amazon/awssdk/http/nio/netty/internal/http2/http2goawayeventlistener.java,95247959,95247959,http-clients/netty-nio-client,maven:http-clients/netty-nio-client,Maven,Http2GoAwayEventListener,Http2GoAwayEventListener_RBL4Test_729d1168,PASS,ok,354.838,D:\A_ThucNghiem\scripts_v2\workspaces\20260723_215359_ccfee980__baseline_readiness\050_95247959_Http2GoAwayEventListener_729d1168,sandbox readiness passed,pilot60_resume_20260724_083102,50
44,41627638:leetcode/battleships-in-a-board/src/main/java/com/github/maximumdepthofbinarytree/solution.java,41627638,41627638,leetcode/battleships-in-a-board,gradle:leetcode/battleships-in-a-board,Gradle,Solution,Solution_RBL4_194905a6Test,PASS,ok,34.16,D:\A_ThucNghiem\scripts_v2\workspaces\20260724_010022_d3f7f7b1__baseline_readiness\034_41627638_194905a6,sandbox readiness passed,20260724_022225_resume240,34
45,3713233:core/src/main/java/org/junithelper/core/util/threadutil.java,3713233,3713233,core,maven:core,Maven,ThreadUtil,ThreadUtil_RBL4_f790382eTest,PASS,ok,6.042,D:\A_ThucNghiem\scripts_v2\workspaces\20260724_010022_d3f7f7b1__baseline_readiness\001_3713233_f790382e,sandbox readiness passed,20260724_022225_resume240,1
46,97822421:infrastructure/src/main/java/com/pchudzik/springmock/infrastructure/spring/mockclassresolver.java,97822421,97822421,infrastructure,maven:infrastructure,Maven,MockClassResolver,MockClassResolver_RBL4_7e494c92Test,PASS,ok,0.414,D:\A_ThucNghiem\scripts_v2\workspaces\20260724_010022_d3f7f7b1__baseline_readiness\218_97822421_7e494c92,sandbox readiness passed,20260724_022225_resume240,218
47,44308560:src/robotframeworkcore/org.robotframework.ide.core-functions/src/main/java/org/rf/ide/core/execution/server/response/terminateexecution.java,44308560,44308560,src/RobotFrameworkCore/org.robotframework.ide.core-functions,maven:src/RobotFrameworkCore/org.robotframework.ide.core-functions,Maven,TerminateExecution,TerminateExecution_RBL4_2bc9cc41Test,PASS,ok,120.575,D:\A_ThucNghiem\scripts_v2\workspaces\20260724_010022_d3f7f7b1__baseline_readiness\048_44308560_2bc9cc41,sandbox readiness passed,20260724_022225_resume240,48
48,44308560:src/robotframeworkcore/org.robotframework.ide.core-functions/src/main/java/org/rf/ide/core/execution/server/response/evaluatecondition.java,44308560,44308560,src/RobotFrameworkCore/org.robotframework.ide.core-functions,maven:src/RobotFrameworkCore/org.robotframework.ide.core-functions,Maven,EvaluateCondition,EvaluateCondition_RBL4_00edbe66Test,PASS,ok,112.136,D:\A_ThucNghiem\scripts_v2\workspaces\20260724_010022_d3f7f7b1__baseline_readiness\049_44308560_00edbe66,sandbox readiness passed,20260724_022225_resume240,49
49,77481567:core/src/main/java/de/voidnode/trading4j/functionality/timeframeconversion/timeframeconvertingtradeguard.java,77481567,77481567,core,maven:core,Maven,TimeFrameConvertingTradeGuard,TimeFrameConvertingTradeGuard_RBL4_5d305145Test,PASS,ok,6.708,D:\A_ThucNghiem\scripts_v2\workspaces\20260724_010022_d3f7f7b1__baseline_readiness\170_77481567_5d305145,sandbox readiness passed,20260724_022225_resume240,170
50,64487983:hexagonal/src/main/java/com/iluwatar/hexagonal/app.java,64487983,64487983,hexagonal,maven:hexagonal,Maven,App,App_RBL4_735c5bfeTest,PASS,ok,3.927,D:\A_ThucNghiem\scripts_v2\workspaces\20260724_010022_d3f7f7b1__baseline_readiness\141_64487983_735c5bfe,sandbox readiness passed,20260724_022225_resume240,141
51,39195736:jproperties-checks/src/main/java/org/sonar/jproperties/checks/generic/toomanykeyscheck.java,39195736,39195736,jproperties-checks,maven:jproperties-checks,Maven,TooManyKeysCheck,TooManyKeysCheck_RBL4_3d24a470Test,PASS,ok,16.397,D:\A_ThucNghiem\scripts_v2\workspaces\20260724_010022_d3f7f7b1__baseline_readiness\017_39195736_3d24a470,sandbox readiness passed,20260724_022225_resume240,17
52,46396068:hbase0.98/hbase-manager-0.98/src/main/java/com/kakao/hbase/manager/command/assign.java,46396068,46396068,hbase0.98/hbase-manager-0.98,maven:hbase0.98/hbase-manager-0.98,Maven,Assign,Assign_RBL4_9ed5bed6Test,PASS,ok,39.21,D:\A_ThucNghiem\scripts_v2\workspaces\20260724_010022_d3f7f7b1__baseline_readiness\064_46396068_9ed5bed6,sandbox readiness passed,20260724_022225_resume240,64
53,9884445:minnal-jaxrs/minnal-instrumentation-jaxrs/src/main/java/org/minnal/instrument/entity/metadata/handler/elementcollectionannotationhandler.java,9884445,9884445,minnal-jaxrs/minnal-instrumentation-jaxrs,maven:minnal-jaxrs/minnal-instrumentation-jaxrs,Maven,ElementCollectionAnnotationHandler,ElementCollectionAnnotationHandler_RBL4_7e40a186Test,PASS,ok,29.677,D:\A_ThucNghiem\scripts_v2\workspaces\20260724_010022_d3f7f7b1__baseline_readiness\234_9884445_7e40a186,sandbox readiness passed,20260724_022225_resume240,234
54,9884445:minnal-jaxrs/minnal-instrumentation-jaxrs/src/main/java/org/minnal/instrument/resource/metadata/resourcemetadatabuilder.java,9884445,9884445,minnal-jaxrs/minnal-instrumentation-jaxrs,maven:minnal-jaxrs/minnal-instrumentation-jaxrs,Maven,ResourceMetaDataBuilder,ResourceMetaDataBuilder_RBL4_c1478021Test,PASS,ok,33.454,D:\A_ThucNghiem\scripts_v2\workspaces\20260724_010022_d3f7f7b1__baseline_readiness\235_9884445_c1478021,sandbox readiness passed,20260724_022225_resume240,235
55,9884445:minnal-jaxrs/minnal-instrumentation-jaxrs/src/main/java/org/minnal/instrument/entity/metadata/handler/searchableannotationhandler.java,9884445,9884445,minnal-jaxrs/minnal-instrumentation-jaxrs,maven:minnal-jaxrs/minnal-instrumentation-jaxrs,Maven,SearchableAnnotationHandler,SearchableAnnotationHandler_RBL4_19519df8Test,PASS,ok,39.132,D:\A_ThucNghiem\scripts_v2\workspaces\20260724_010022_d3f7f7b1__baseline_readiness\236_9884445_19519df8,sandbox readiness passed,20260724_022225_resume240,236
56,49384652:niubi-job-framework/niubi-job-core/src/main/java/com/zuoxiaolong/niubi/job/core/helper/jsonhelper.java,49384652,49384652,niubi-job-framework/niubi-job-core,maven:niubi-job-framework/niubi-job-core,Maven,JsonHelper,JsonHelper_RBL4_c3d480dcTest,PASS,ok,24.013,D:\A_ThucNghiem\scripts_v2\workspaces\20260724_010022_d3f7f7b1__baseline_readiness\088_49384652_c3d480dc,sandbox readiness passed,20260724_022225_resume240,88
57,97822421:infrastructure/src/main/java/com/pchudzik/springmock/infrastructure/definition/registry/doubleconfigurationresolver.java,97822421,97822421,infrastructure,maven:infrastructure,Maven,DoubleConfigurationResolver,DoubleConfigurationResolver_RBL4_f449ae5fTest,PASS,ok,0.488,D:\A_ThucNghiem\scripts_v2\workspaces\20260724_010022_d3f7f7b1__baseline_readiness\219_97822421_f449ae5f,sandbox readiness passed,20260724_022225_resume240,219
58,41547678:turin-standard-library/src/main/java/turin/context/context.java,41547678,41547678,turin-standard-library,maven:turin-standard-library,Maven,Context,Context_RBL4Test_34266f79,PASS,ok,8.687,D:\A_ThucNghiem\scripts_v2\workspaces\20260723_215359_ccfee980__baseline_readiness\006_41547678_Context_34266f79,sandbox readiness passed,pilot60_resume_20260724_083102,6
59,39195736:jproperties-checks/src/main/java/org/sonar/jproperties/checks/generic/keynamingconventioncheck.java,39195736,39195736,jproperties-checks,maven:jproperties-checks,Maven,KeyNamingConventionCheck,KeyNamingConventionCheck_RBL4_e39f864dTest,PASS,ok,18.978,D:\A_ThucNghiem\scripts_v2\workspaces\20260724_010022_d3f7f7b1__baseline_readiness\018_39195736_e39f864d,sandbox readiness passed,20260724_022225_resume240,18
60,46450575:contrib/flo-bigquery/src/main/java/com/spotify/flo/contrib/bigquery/bigqueryoperator.java,46450575,46450575,contrib/flo-bigquery,maven:contrib/flo-bigquery,Maven,BigQueryOperator,BigQueryOperator_RBL4_6f1aba76Test,PASS,ok,23.238,D:\A_ThucNghiem\scripts_v2\workspaces\20260724_010022_d3f7f7b1__baseline_readiness\075_46450575_6f1aba76,sandbox readiness passed,20260724_022225_resume240,75
61,78444970:examples/structures/src/main/java/ds/stack/arraystack.java,78444970,78444970,examples/structures,maven:examples/structures,Maven,ArrayStack,ArrayStack_RBL4_b8276d51Test,PASS,ok,21.376,D:\A_ThucNghiem\scripts_v2\workspaces\20260724_010022_d3f7f7b1__baseline_readiness\177_78444970_b8276d51,sandbox readiness passed,20260724_022225_resume240,177
62,98410891:core/src/main/java/com/softavail/commsrouter/eval/rsqlevaluatorfactory.java,98410891,98410891,core,maven:core,Maven,RsqlEvaluatorFactory,RsqlEvaluatorFactory_RBL4_fb92d911Test,PASS,ok,33.14,D:\A_ThucNghiem\scripts_v2\workspaces\20260724_010022_d3f7f7b1__baseline_readiness\224_98410891_fb92d911,sandbox readiness passed,20260724_022225_resume240,224
63,95247959:http-clients/netty-nio-client/src/main/java/software/amazon/awssdk/http/nio/netty/internal/http2/http2settingsframehandler.java,95247959,95247959,http-clients/netty-nio-client,maven:http-clients/netty-nio-client,Maven,Http2SettingsFrameHandler,Http2SettingsFrameHandler_RBL4_27231889Test,PASS,ok,496.919,D:\A_ThucNghiem\scripts_v2\workspaces\20260724_010022_d3f7f7b1__baseline_readiness\200_95247959_27231889,sandbox readiness passed,20260724_022225_resume240,200
64,97822421:infrastructure/src/main/java/com/pchudzik/springmock/infrastructure/spring/util/applicationcontextwalker.java,97822421,97822421,infrastructure,maven:infrastructure,Maven,ApplicationContextWalker,ApplicationContextWalker_RBL4_8573e9e6Test,PASS,ok,0.611,D:\A_ThucNghiem\scripts_v2\workspaces\20260724_010022_d3f7f7b1__baseline_readiness\220_97822421_8573e9e6,sandbox readiness passed,20260724_022225_resume240,220
65,61565876:injector/src/main/java/ch/jalu/injector/context/resolutioncontext.java,61565876,61565876,injector,maven:injector,Maven,ResolutionContext,ResolutionContext_RBL4_f0244fa3Test,PASS,ok,4.636,D:\A_ThucNghiem\scripts_v2\workspaces\20260724_010022_d3f7f7b1__baseline_readiness\112_61565876_f0244fa3,sandbox readiness passed,20260724_022225_resume240,112
66,77481567:core/src/main/java/de/voidnode/trading4j/moneymanagement/standard/defaultmoneymanagement.java,77481567,77481567,core,maven:core,Maven,DefaultMoneyManagement,DefaultMoneyManagement_RBL4_047e84e6Test,PASS,ok,6.692,D:\A_ThucNghiem\scripts_v2\workspaces\20260724_010022_d3f7f7b1__baseline_readiness\171_77481567_047e84e6,sandbox readiness passed,20260724_022225_resume240,171
67,98410891:core/src/main/java/com/softavail/commsrouter/domain/routerobject.java,98410891,98410891,core,maven:core,Maven,RouterObject,RouterObject_RBL4_12e60e04Test,PASS,ok,36.068,D:\A_ThucNghiem\scripts_v2\workspaces\20260724_010022_d3f7f7b1__baseline_readiness\225_98410891_12e60e04,sandbox readiness passed,20260724_022225_resume240,225
68,95247959:http-clients/netty-nio-client/src/main/java/software/amazon/awssdk/http/nio/netty/internal/sharedsdkeventloopgroup.java,95247959,95247959,http-clients/netty-nio-client,maven:http-clients/netty-nio-client,Maven,SharedSdkEventLoopGroup,SharedSdkEventLoopGroup_RBL4_9e42aa37Test,PASS,ok,336.955,D:\A_ThucNghiem\scripts_v2\workspaces\20260724_010022_d3f7f7b1__baseline_readiness\201_95247959_9e42aa37,sandbox readiness passed,20260724_022225_resume240,201
69,6437134:enav-util/src/main/java/dk/dma/enav/util/coordinateconverter.java,6437134,6437134,enav-util,maven:enav-util,Maven,CoordinateConverter,CoordinateConverter_RBL4_8d23156cTest,PASS,ok,2.413,D:\A_ThucNghiem\scripts_v2\workspaces\20260724_010022_d3f7f7b1__baseline_readiness\128_6437134_8d23156c,sandbox readiness passed,20260724_022225_resume240,128
70,9619226:spring-data-simpledb-impl/src/main/java/org/springframework/data/simpledb/query/simpledbqueryrunner.java,9619226,9619226,spring-data-simpledb-impl,maven:spring-data-simpledb-impl,Maven,SimpleDbQueryRunner,SimpleDbQueryRunner_RBL4Test_6778b5de,PASS,ok,5.679,D:\A_ThucNghiem\scripts_v2\workspaces\20260723_215359_ccfee980__baseline_readiness\052_9619226_SimpleDbQueryRunner_6778b5de,sandbox readiness passed,pilot60_resume_20260724_083102,52
71,6293402:server/src/main/java/com/vaadin/data/provider/listdataprovider.java,6293402,6293402,server,maven:server,Maven,ListDataProvider,ListDataProvider_RBL4Test_d31191e9,PASS,ok,232.714,D:\A_ThucNghiem\scripts_v2\workspaces\20260723_215359_ccfee980__baseline_readiness\030_6293402_ListDataProvider_d31191e9,sandbox readiness passed,pilot60_resume_20260724_083102,30
72,558963:httpcache4j-api/src/main/java/org/codehaus/httpcache4j/directives.java,558963,558963,httpcache4j-api,maven:httpcache4j-api,Maven,Directives,Directives_RBL4_38f5b07cTest,PASS,ok,0.255,D:\A_ThucNghiem\scripts_v2\workspaces\20260724_010022_d3f7f7b1__baseline_readiness\097_558963_38f5b07c,sandbox readiness passed,20260724_022225_resume240,97
73,98410891:applications/demo/src/main/java/com/softavail/comms/demo/application/impl/cfg4jconfiguration.java,98410891,98410891,applications/demo,maven:applications/demo,Maven,Cfg4jConfiguration,Cfg4jConfiguration_RBL4_4b1af932Test,PASS,ok,27.605,D:\A_ThucNghiem\scripts_v2\workspaces\20260724_010022_d3f7f7b1__baseline_readiness\226_98410891_4b1af932,sandbox readiness passed,20260724_022225_resume240,226
74,48046454:hazelcast-jet-core/src/main/java/com/hazelcast/jet/core/slidingwindowpolicy.java,48046454,48046454,hazelcast-jet-core,maven:hazelcast-jet-core,Maven,SlidingWindowPolicy,SlidingWindowPolicy_RBL4_0ca1a5feTest,PASS,ok,69.009,D:\A_ThucNghiem\scripts_v2\workspaces\20260724_010022_d3f7f7b1__baseline_readiness\081_48046454_0ca1a5fe,sandbox readiness passed,20260724_022225_resume240,81
75,46450575:flo-workflow/src/main/java/com/spotify/flo/serialization.java,46450575,46450575,flo-workflow,maven:flo-workflow,Maven,Serialization,Serialization_RBL4_0293e98eTest,PASS,ok,25.944,D:\A_ThucNghiem\scripts_v2\workspaces\20260724_010022_d3f7f7b1__baseline_readiness\076_46450575_0293e98e,sandbox readiness passed,20260724_022225_resume240,76
76,48046454:hazelcast-jet-core/src/main/java/com/hazelcast/jet/impl/jetclientinstanceimpl.java,48046454,48046454,hazelcast-jet-core,maven:hazelcast-jet-core,Maven,JetClientInstanceImpl,JetClientInstanceImpl_RBL4Test_5e8ad51c,PASS,ok,73.027,D:\A_ThucNghiem\scripts_v2\workspaces\20260723_215359_ccfee980__baseline_readiness\020_48046454_JetClientInstanceImpl_5e8ad51c,sandbox readiness passed,pilot60_resume_20260724_083102,20
77,46396068:hbase0.98/hbase-table-stat-0.98/src/main/java/com/kakao/hbase/stat/print/formatter.java,46396068,46396068,hbase0.98/hbase-table-stat-0.98,maven:hbase0.98/hbase-table-stat-0.98,Maven,Formatter,Formatter_RBL4_598cee20Test,PASS,ok,30.786,D:\A_ThucNghiem\scripts_v2\workspaces\20260724_010022_d3f7f7b1__baseline_readiness\065_46396068_598cee20,sandbox readiness passed,20260724_022225_resume240,65
78,46450575:contrib/flo-bigquery/src/main/java/com/spotify/flo/contrib/bigquery/bigqueryoutput.java,46450575,46450575,contrib/flo-bigquery,maven:contrib/flo-bigquery,Maven,BigQueryOutput,BigQueryOutput_RBL4_ea016342Test,PASS,ok,33.024,D:\A_ThucNghiem\scripts_v2\workspaces\20260724_010022_d3f7f7b1__baseline_readiness\077_46450575_ea016342,sandbox readiness passed,20260724_022225_resume240,77
79,85795396:core/src/main/java/org/apache/calcite/avatica/remote/protobufservice.java,85795396,85795396,core,gradle:core,Gradle,ProtobufService,ProtobufService_RBL4_33f17a9fTest,PASS,ok,58.14,D:\A_ThucNghiem\scripts_v2\workspaces\20260724_010022_d3f7f7b1__baseline_readiness\196_85795396_33f17a9f,sandbox readiness passed,20260724_022225_resume240,196
80,85795396:metrics-dropwizardmetrics/src/main/java/org/apache/calcite/avatica/metrics/dropwizard/dropwizardmetricssystemfactory.java,85795396,85795396,metrics-dropwizardmetrics,gradle:metrics-dropwizardmetrics,Gradle,DropwizardMetricsSystemFactory,DropwizardMetricsSystemFactory_RBL4Test_33421196,PASS,ok,39.906,D:\A_ThucNghiem\scripts_v2\workspaces\20260723_215359_ccfee980__baseline_readiness\048_85795396_DropwizardMetricsSystemFactory_33421196,sandbox readiness passed,pilot60_resume_20260724_083102,48
81,61565876:injector/src/main/java/ch/jalu/injector/handlers/dependency/typesafeannotationhandler.java,61565876,61565876,injector,maven:injector,Maven,TypeSafeAnnotationHandler,TypeSafeAnnotationHandler_RBL4Test_35218d3d,PASS,ok,5.015,D:\A_ThucNghiem\scripts_v2\workspaces\20260723_215359_ccfee980__baseline_readiness\028_61565876_TypeSafeAnnotationHandler_35218d3d,sandbox readiness passed,pilot60_resume_20260724_083102,28
82,78444970:examples/graph/src/main/java/graph/algorithm/traversal/dfs.java,78444970,78444970,examples/graph,maven:examples/graph,Maven,Dfs,Dfs_RBL4_4340daa1Test,PASS,ok,21.356,D:\A_ThucNghiem\scripts_v2\workspaces\20260724_010022_d3f7f7b1__baseline_readiness\178_78444970_4340daa1,sandbox readiness passed,20260724_022225_resume240,178
83,9619226:spring-data-simpledb-impl/src/main/java/org/springframework/data/simpledb/util/alphanumstringcomparator.java,9619226,9619226,spring-data-simpledb-impl,maven:spring-data-simpledb-impl,Maven,AlphanumStringComparator,AlphanumStringComparator_RBL4_324510faTest,PASS,ok,4.877,D:\A_ThucNghiem\scripts_v2\workspaces\20260724_010022_d3f7f7b1__baseline_readiness\208_9619226_324510fa,sandbox readiness passed,20260724_022225_resume240,208
84,46450575:contrib/flo-styx/src/main/java/com/spotify/flo/contrib/styx/terminationlogging.java,46450575,46450575,contrib/flo-styx,maven:contrib/flo-styx,Maven,TerminationLogging,TerminationLogging_RBL4_bd50ba45Test,PASS,ok,26.504,D:\A_ThucNghiem\scripts_v2\workspaces\20260724_010022_d3f7f7b1__baseline_readiness\078_46450575_bd50ba45,sandbox readiness passed,20260724_022225_resume240,78
85,77481567:core/src/main/java/de/voidnode/trading4j/moneymanagement/standard/riskmoneyprovider.java,77481567,77481567,core,maven:core,Maven,RiskMoneyProvider,RiskMoneyProvider_RBL4Test_040b3628,PASS,ok,2.955,D:\A_ThucNghiem\scripts_v2\workspaces\20260723_215359_ccfee980__baseline_readiness\042_77481567_RiskMoneyProvider_040b3628,sandbox readiness passed,pilot60_resume_20260724_083102,42
86,77481567:core/src/main/java/de/voidnode/trading4j/domain/timeframe/m15.java,77481567,77481567,core,maven:core,Maven,M15,M15_RBL4_84dc3de1Test,PASS,ok,1.0,D:\A_ThucNghiem\scripts_v2\workspaces\20260724_010022_d3f7f7b1__baseline_readiness\172_77481567_84dc3de1,sandbox readiness passed,20260724_022225_resume240,172
87,60578004:elastic-jobx-core/src/main/java/com/dangdang/ddframe/job/api/jobexecutionmultipleshardingcontext.java,60578004,60578004,elastic-jobx-core,maven:elastic-jobx-core,Maven,JobExecutionMultipleShardingContext,JobExecutionMultipleShardingContext_RBL4Test_c6723af1,PASS,ok,14.795,D:\A_ThucNghiem\scripts_v2\workspaces\20260723_215359_ccfee980__baseline_readiness\026_60578004_JobExecutionMultipleShardingContext_c6723af1,sandbox readiness passed,pilot60_resume_20260724_083102,26
88,77481567:core/src/main/java/de/voidnode/trading4j/functionality/smoothers/simplemovingaverageratio.java,77481567,77481567,core,maven:core,Maven,SimpleMovingAverageRatio,SimpleMovingAverageRatio_RBL4_3960d3dfTest,PASS,ok,0.954,D:\A_ThucNghiem\scripts_v2\workspaces\20260724_010022_d3f7f7b1__baseline_readiness\173_77481567_3960d3df,sandbox readiness passed,20260724_022225_resume240,173
89,81384608:integrations/spark/spark-catalog/spark-catalog-core/src/main/java/com/thinkbiganalytics/kylo/catalog/spark/sources/datasetutil.java,81384608,81384608,integrations/spark/spark-catalog/spark-catalog-core,maven:integrations/spark/spark-catalog/spark-catalog-core,Maven,DataSetUtil,DataSetUtil_RBL4_79e5be4dTest,PASS,ok,363.931,D:\A_ThucNghiem\scripts_v2\workspaces\20260724_010022_d3f7f7b1__baseline_readiness\186_81384608_79e5be4d,sandbox readiness passed,20260724_022225_resume240,186
90,46450575:flo-workflow/src/main/java/com/spotify/flo/context/memoizingcontext.java,46450575,46450575,flo-workflow,maven:flo-workflow,Maven,MemoizingContext,MemoizingContext_RBL4_c253e1f9Test,PASS,ok,19.93,D:\A_ThucNghiem\scripts_v2\workspaces\20260724_010022_d3f7f7b1__baseline_readiness\079_46450575_c253e1f9,sandbox readiness passed,20260724_022225_resume240,79
91,98410891:core/src/main/java/com/softavail/commsrouter/eval/jevalevaluator.java,98410891,98410891,core,maven:core,Maven,JEvalEvaluator,JEvalEvaluator_RBL4Test_306ef4d3,PASS,ok,34.384,D:\A_ThucNghiem\scripts_v2\workspaces\20260723_215359_ccfee980__baseline_readiness\056_98410891_JEvalEvaluator_306ef4d3,sandbox readiness passed,pilot60_resume_20260724_083102,56
92,9619226:spring-data-simpledb-impl/src/main/java/org/springframework/data/simpledb/core/domainitembuilder.java,9619226,9619226,spring-data-simpledb-impl,maven:spring-data-simpledb-impl,Maven,DomainItemBuilder,DomainItemBuilder_RBL4_fe7e4c72Test,PASS,ok,0.293,D:\A_ThucNghiem\scripts_v2\workspaces\20260724_010022_d3f7f7b1__baseline_readiness\209_9619226_fe7e4c72,sandbox readiness passed,20260724_022225_resume240,209
93,60578004:elastic-jobx-core/src/main/java/com/dangdang/ddframe/job/plugin/sharding/strategy/averageallocationjobshardingstrategy.java,60578004,60578004,elastic-jobx-core,maven:elastic-jobx-core,Maven,AverageAllocationJobShardingStrategy,AverageAllocationJobShardingStrategy_RBL4_bd05f034Test,PASS,ok,0.89,D:\A_ThucNghiem\scripts_v2\workspaces\20260724_010022_d3f7f7b1__baseline_readiness\106_60578004_bd05f034,sandbox readiness passed,20260724_022225_resume240,106
94,49384652:niubi-job-framework/niubi-job-service/src/main/java/com/zuoxiaolong/niubi/job/service/impl/masterslavejobsummaryserviceimpl.java,49384652,49384652,niubi-job-framework/niubi-job-service,maven:niubi-job-framework/niubi-job-service,Maven,MasterSlaveJobSummaryServiceImpl,MasterSlaveJobSummaryServiceImpl_RBL4_7f5ca105Test,PASS,ok,50.393,D:\A_ThucNghiem\scripts_v2\workspaces\20260724_010022_d3f7f7b1__baseline_readiness\089_49384652_7f5ca105,sandbox readiness passed,20260724_022225_resume240,89
95,49384652:niubi-job-framework/niubi-job-service/src/main/java/com/zuoxiaolong/niubi/job/service/impl/standbyjobsummaryserviceimpl.java,49384652,49384652,niubi-job-framework/niubi-job-service,maven:niubi-job-framework/niubi-job-service,Maven,StandbyJobSummaryServiceImpl,StandbyJobSummaryServiceImpl_RBL4_28ebbe05Test,PASS,ok,68.541,D:\A_ThucNghiem\scripts_v2\workspaces\20260724_010022_d3f7f7b1__baseline_readiness\090_49384652_28ebbe05,sandbox readiness passed,20260724_022225_resume240,90
96,74999474:parsec-clients/src/main/java/com/yahoo/parsec/clients/parseccompletablefuture.java,74999474,74999474,parsec-clients,gradle:parsec-clients,Gradle,ParsecCompletableFuture,ParsecCompletableFuture_RBL4_fd9ad981Test,PASS,ok,16.179,D:\A_ThucNghiem\scripts_v2\workspaces\20260724_010022_d3f7f7b1__baseline_readiness\162_74999474_fd9ad981,sandbox readiness passed,20260724_022225_resume240,162
97,6944525:d2/src/main/java/com/linkedin/d2/balancer/zkfs/zkfsutil.java,6944525,6944525,d2,gradle:d2,Gradle,ZKFSUtil,ZKFSUtil_RBL4Test_ba0e160d,PASS,ok,212.863,D:\A_ThucNghiem\scripts_v2\workspaces\20260723_215359_ccfee980__baseline_readiness\038_6944525_ZKFSUtil_ba0e160d,sandbox readiness passed,pilot60_resume_20260724_083102,38
98,48046454:hazelcast-jet-core/src/main/java/com/hazelcast/jet/impl/processor/insertwatermarksp.java,48046454,48046454,hazelcast-jet-core,maven:hazelcast-jet-core,Maven,InsertWatermarksP,InsertWatermarksP_RBL4_c320ce76Test,PASS,ok,68.801,D:\A_ThucNghiem\scripts_v2\workspaces\20260724_010022_d3f7f7b1__baseline_readiness\082_48046454_c320ce76,sandbox readiness passed,20260724_022225_resume240,82
99,61565876:injector/src/main/java/ch/jalu/injector/handlers/dependency/singletonstoredependencyhandler.java,61565876,61565876,injector,maven:injector,Maven,SingletonStoreDependencyHandler,SingletonStoreDependencyHandler_RBL4_b36dd89fTest,PASS,ok,4.626,D:\A_ThucNghiem\scripts_v2\workspaces\20260724_010022_d3f7f7b1__baseline_readiness\113_61565876_b36dd89f,sandbox readiness passed,20260724_022225_resume240,113
100,6437134:enav-util/src/main/java/dk/dma/enav/util/compass/compassutils.java,6437134,6437134,enav-util,maven:enav-util,Maven,CompassUtils,CompassUtils_RBL4_262d6b6cTest,PASS,ok,2.407,D:\A_ThucNghiem\scripts_v2\workspaces\20260724_010022_d3f7f7b1__baseline_readiness\129_6437134_262d6b6c,sandbox readiness passed,20260724_022225_resume240,129
101,97822421:infrastructure/src/main/java/com/pchudzik/springmock/infrastructure/spring/doubledefinitionsregistrationcontext.java,97822421,97822421,infrastructure,maven:infrastructure,Maven,DoubleDefinitionsRegistrationContext,DoubleDefinitionsRegistrationContext_RBL4Test_a7437094,PASS,ok,8.722,D:\A_ThucNghiem\scripts_v2\workspaces\20260723_215359_ccfee980__baseline_readiness\054_97822421_DoubleDefinitionsRegistrationContext_a7437094,sandbox readiness passed,pilot60_resume_20260724_083102,54
102,97822421:infrastructure/src/main/java/com/pchudzik/springmock/infrastructure/spring/util/beandefinitionfinder.java,97822421,97822421,infrastructure,maven:infrastructure,Maven,BeanDefinitionFinder,BeanDefinitionFinder_RBL4_e4d7c8afTest,PASS,ok,0.399,D:\A_ThucNghiem\scripts_v2\workspaces\20260724_010022_d3f7f7b1__baseline_readiness\221_97822421_e4d7c8af,sandbox readiness passed,20260724_022225_resume240,221
103,61565876:injector/src/main/java/ch/jalu/injector/handlers/instantiation/standardinjection.java,61565876,61565876,injector,maven:injector,Maven,StandardInjection,StandardInjection_RBL4_3a4b44fbTest,PASS,ok,0.318,D:\A_ThucNghiem\scripts_v2\workspaces\20260724_010022_d3f7f7b1__baseline_readiness\114_61565876_3a4b44fb,sandbox readiness passed,20260724_022225_resume240,114
104,66303306:event/src/main/java/com/bazaarvoice/emodb/event/api/dedupeventstorechannels.java,66303306,66303306,event,maven:event,Maven,DedupEventStoreChannels,DedupEventStoreChannels_RBL4_1ac113bfTest,PASS,ok,118.421,D:\A_ThucNghiem\scripts_v2\workspaces\20260724_010022_d3f7f7b1__baseline_readiness\145_66303306_1ac113bf,sandbox readiness passed,20260724_022225_resume240,145
105,74999474:parsec-clients/src/main/java/com/yahoo/parsec/clients/parsechttputil.java,74999474,74999474,parsec-clients,gradle:parsec-clients,Gradle,ParsecHttpUtil,ParsecHttpUtil_RBL4_603d73bfTest,PASS,ok,15.731,D:\A_ThucNghiem\scripts_v2\workspaces\20260724_010022_d3f7f7b1__baseline_readiness\163_74999474_603d73bf,sandbox readiness passed,20260724_022225_resume240,163
106,45997449:webrex/src/main/java/com/ebayopensource/webrex/resource/resourcefactory.java,45997449,45997449,WebRex,maven:WebRex,Maven,ResourceFactory,ResourceFactory_RBL4_d6d7f2bdTest,PASS,ok,9.404,D:\A_ThucNghiem\scripts_v2\workspaces\20260724_010022_d3f7f7b1__baseline_readiness\056_45997449_d6d7f2bd,sandbox readiness passed,20260724_022225_resume240,56
107,98410891:applications/demo/src/main/java/com/softavail/comms/demo/application/impl/propertiesconfiguration.java,98410891,98410891,applications/demo,maven:applications/demo,Maven,PropertiesConfiguration,PropertiesConfiguration_RBL4_1e12e7ddTest,PASS,ok,27.154,D:\A_ThucNghiem\scripts_v2\workspaces\20260724_010022_d3f7f7b1__baseline_readiness\227_98410891_1e12e7dd,sandbox readiness passed,20260724_022225_resume240,227
108,98410891:core-interface/src/main/java/com/softavail/commsrouter/api/dto/model/skill/numberintervalboundary.java,98410891,98410891,core-interface,maven:core-interface,Maven,NumberIntervalBoundary,NumberIntervalBoundary_RBL4_1b7997e6Test,PASS,ok,13.689,D:\A_ThucNghiem\scripts_v2\workspaces\20260724_010022_d3f7f7b1__baseline_readiness\228_98410891_1b7997e6,sandbox readiness passed,20260724_022225_resume240,228
109,6944525:d2/src/main/java/com/linkedin/d2/discovery/stores/zk/zookeeperconnectionawarestore.java,6944525,6944525,d2,gradle:d2,Gradle,ZooKeeperConnectionAwareStore,ZooKeeperConnectionAwareStore_RBL4_0e47558fTest,PASS,ok,250.231,D:\A_ThucNghiem\scripts_v2\workspaces\20260724_010022_d3f7f7b1__baseline_readiness\152_6944525_0e47558f,sandbox readiness passed,20260724_022225_resume240,152
110,97822421:infrastructure/src/main/java/com/pchudzik/springmock/infrastructure/definition/registry/doublesearch.java,97822421,97822421,infrastructure,maven:infrastructure,Maven,DoubleSearch,DoubleSearch_RBL4_ffeb6769Test,PASS,ok,0.555,D:\A_ThucNghiem\scripts_v2\workspaces\20260724_010022_d3f7f7b1__baseline_readiness\222_97822421_ffeb6769,sandbox readiness passed,20260724_022225_resume240,222
111,6293402:server/src/main/java/com/vaadin/data/provider/treedataprovider.java,6293402,6293402,server,maven:server,Maven,TreeDataProvider,TreeDataProvider_RBL4_73451966Test,PASS,ok,277.369,D:\A_ThucNghiem\scripts_v2\workspaces\20260724_010022_d3f7f7b1__baseline_readiness\120_6293402_73451966,sandbox readiness passed,20260724_022225_resume240,120
112,43105609:weixin-mp/src/main/java/com/riversoft/weixin/mp/user/users.java,43105609,43105609,weixin-mp,maven:weixin-mp,Maven,Users,Users_RBL4_95026f6cTest,PASS,ok,22.322,D:\A_ThucNghiem\scripts_v2\workspaces\20260724_010022_d3f7f7b1__baseline_readiness\041_43105609_95026f6c,sandbox readiness passed,20260724_022225_resume240,41
113,46396068:hbase0.98/hbase-common-0.98/src/main/java/com/kakao/hbase/common/util/decimalstringsplit.java,46396068,46396068,hbase0.98/hbase-common-0.98,maven:hbase0.98/hbase-common-0.98,Maven,DecimalStringSplit,DecimalStringSplit_RBL4_3a04c22aTest,PASS,ok,6.461,D:\A_ThucNghiem\scripts_v2\workspaces\20260724_010022_d3f7f7b1__baseline_readiness\066_46396068_3a04c22a,sandbox readiness passed,20260724_022225_resume240,66
114,43105609:weixin-mp/src/main/java/com/riversoft/weixin/mp/menu/menus.java,43105609,43105609,weixin-mp,maven:weixin-mp,Maven,Menus,Menus_RBL4_2abcc2c1Test,PASS,ok,30.017,D:\A_ThucNghiem\scripts_v2\workspaces\20260724_010022_d3f7f7b1__baseline_readiness\042_43105609_2abcc2c1,sandbox readiness passed,20260724_022225_resume240,42
115,95247959:http-clients/netty-nio-client/src/main/java/software/amazon/awssdk/http/nio/netty/internal/proxytunnelinithandler.java,95247959,95247959,http-clients/netty-nio-client,maven:http-clients/netty-nio-client,Maven,ProxyTunnelInitHandler,ProxyTunnelInitHandler_RBL4_8592520dTest,PASS,ok,369.192,D:\A_ThucNghiem\scripts_v2\workspaces\20260724_010022_d3f7f7b1__baseline_readiness\202_95247959_8592520d,sandbox readiness passed,20260724_022225_resume240,202
116,43105609:weixin-mp/src/main/java/com/riversoft/weixin/mp/user/tags.java,43105609,43105609,weixin-mp,maven:weixin-mp,Maven,Tags,Tags_RBL4_07837a1cTest,PASS,ok,36.308,D:\A_ThucNghiem\scripts_v2\workspaces\20260724_010022_d3f7f7b1__baseline_readiness\043_43105609_07837a1c,sandbox readiness passed,20260724_022225_resume240,43
117,43105609:weixin-mp/src/main/java/com/riversoft/weixin/mp/care/caremessages.java,43105609,43105609,weixin-mp,maven:weixin-mp,Maven,CareMessages,CareMessages_RBL4Test_737b9436,PASS,ok,22.747,D:\A_ThucNghiem\scripts_v2\workspaces\20260723_215359_ccfee980__baseline_readiness\010_43105609_CareMessages_737b9436,sandbox readiness passed,pilot60_resume_20260724_083102,10
118,6293402:server/src/main/java/com/vaadin/server/vaadinportletrequest.java,6293402,6293402,server,maven:server,Maven,VaadinPortletRequest,VaadinPortletRequest_RBL4_5e6ec39eTest,PASS,ok,277.089,D:\A_ThucNghiem\scripts_v2\workspaces\20260724_010022_d3f7f7b1__baseline_readiness\121_6293402_5e6ec39e,sandbox readiness passed,20260724_022225_resume240,121
119,3713233:core/src/main/java/org/junithelper/core/meta/returntypemeta.java,3713233,3713233,core,maven:core,Maven,ReturnTypeMeta,ReturnTypeMeta_RBL4_d95af645Test,PASS,ok,6.054,D:\A_ThucNghiem\scripts_v2\workspaces\20260724_010022_d3f7f7b1__baseline_readiness\002_3713233_d95af645,sandbox readiness passed,20260724_022225_resume240,2
120,49384652:niubi-job-framework/niubi-job-service/src/main/java/com/zuoxiaolong/niubi/job/service/impl/standbynodeserviceimpl.java,49384652,49384652,niubi-job-framework/niubi-job-service,maven:niubi-job-framework/niubi-job-service,Maven,StandbyNodeServiceImpl,StandbyNodeServiceImpl_RBL4_b0b0f02aTest,PASS,ok,33.241,D:\A_ThucNghiem\scripts_v2\workspaces\20260724_010022_d3f7f7b1__baseline_readiness\091_49384652_b0b0f02a,sandbox readiness passed,20260724_022225_resume240,91
121,78444970:examples/graph/src/main/java/graph/algorithm/mst/boruvkakruskal.java,78444970,78444970,examples/graph,maven:examples/graph,Maven,BoruvkaKruskal,BoruvkaKruskal_RBL4Test_9edb2ce5,PASS,ok,16.023,D:\A_ThucNghiem\scripts_v2\workspaces\20260723_215359_ccfee980__baseline_readiness\044_78444970_BoruvkaKruskal_9edb2ce5,sandbox readiness passed,pilot60_resume_20260724_083102,44
122,3713233:core/src/main/java/org/junithelper/core/meta/argtypemeta.java,3713233,3713233,core,maven:core,Maven,ArgTypeMeta,ArgTypeMeta_RBL4_5cccf4b4Test,PASS,ok,6.04,D:\A_ThucNghiem\scripts_v2\workspaces\20260724_010022_d3f7f7b1__baseline_readiness\003_3713233_5cccf4b4,sandbox readiness passed,20260724_022225_resume240,3
123,46396068:hbase0.98/hbase-common-0.98/src/main/java/com/kakao/hbase/common/util/alertsender.java,46396068,46396068,hbase0.98/hbase-common-0.98,maven:hbase0.98/hbase-common-0.98,Maven,AlertSender,AlertSender_RBL4Test_ed64392c,PASS,ok,6.642,D:\A_ThucNghiem\scripts_v2\workspaces\20260723_215359_ccfee980__baseline_readiness\016_46396068_AlertSender_ed64392c,sandbox readiness passed,pilot60_resume_20260724_083102,16
124,49384652:niubi-job-framework/niubi-job-core/src/main/java/com/zuoxiaolong/niubi/job/core/helper/objecthelper.java,49384652,49384652,niubi-job-framework/niubi-job-core,maven:niubi-job-framework/niubi-job-core,Maven,ObjectHelper,ObjectHelper_RBL4Test_3f333538,PASS,ok,24.236,D:\A_ThucNghiem\scripts_v2\workspaces\20260723_215359_ccfee980__baseline_readiness\022_49384652_ObjectHelper_3f333538,sandbox readiness passed,pilot60_resume_20260724_083102,22
125,81384608:integrations/spark/spark-catalog/spark-catalog-core/src/main/java/com/thinkbiganalytics/kylo/catalog/spark/sources/jdbc/jdbcrelationprovider.java,81384608,81384608,integrations/spark/spark-catalog/spark-catalog-core,maven:integrations/spark/spark-catalog/spark-catalog-core,Maven,JdbcRelationProvider,JdbcRelationProvider_RBL4_901bfaa9Test,PASS,ok,339.998,D:\A_ThucNghiem\scripts_v2\workspaces\20260724_010022_d3f7f7b1__baseline_readiness\187_81384608_901bfaa9,sandbox readiness passed,20260724_022225_resume240,187
126,78444970:examples/graph/src/main/java/graph/algorithm/path/dijkstra.java,78444970,78444970,examples/graph,maven:examples/graph,Maven,Dijkstra,Dijkstra_RBL4_6d96978aTest,PASS,ok,21.349,D:\A_ThucNghiem\scripts_v2\workspaces\20260724_010022_d3f7f7b1__baseline_readiness\179_78444970_6d96978a,sandbox readiness passed,20260724_022225_resume240,179
127,44308560:src/robotframeworkcore/org.robotframework.ide.core-functions/src/main/java/org/rf/ide/core/execution/server/agentserverversionschecker.java,44308560,44308560,src/RobotFrameworkCore/org.robotframework.ide.core-functions,maven:src/RobotFrameworkCore/org.robotframework.ide.core-functions,Maven,AgentServerVersionsChecker,AgentServerVersionsChecker_RBL4_17a13120Test,PASS,ok,103.745,D:\A_ThucNghiem\scripts_v2\workspaces\20260724_010022_d3f7f7b1__baseline_readiness\050_44308560_17a13120,sandbox readiness passed,20260724_022225_resume240,50
128,41627638:leetcode/battleships-in-a-board/src/main/java/com/github/battleship/solution.java,41627638,41627638,leetcode/battleships-in-a-board,gradle:leetcode/battleships-in-a-board,Gradle,Solution,Solution_RBL4Test_d71b298e,PASS,ok,30.911,D:\A_ThucNghiem\scripts_v2\workspaces\20260723_215359_ccfee980__baseline_readiness\008_41627638_Solution_d71b298e,sandbox readiness passed,pilot60_resume_20260724_083102,8
129,61565876:injector/src/main/java/ch/jalu/injector/context/objectidentifier.java,61565876,61565876,injector,maven:injector,Maven,ObjectIdentifier,ObjectIdentifier_RBL4_7460272fTest,PASS,ok,0.529,D:\A_ThucNghiem\scripts_v2\workspaces\20260724_010022_d3f7f7b1__baseline_readiness\115_61565876_7460272f,sandbox readiness passed,20260724_022225_resume240,115
130,45997449:webrex/src/main/java/com/ebayopensource/webrex/util/xmls.java,45997449,45997449,WebRex,maven:WebRex,Maven,Xmls,Xmls_RBL4_522a42d1Test,PASS,ok,9.396,D:\A_ThucNghiem\scripts_v2\workspaces\20260724_010022_d3f7f7b1__baseline_readiness\057_45997449_522a42d1,sandbox readiness passed,20260724_022225_resume240,57
131,39195736:jproperties-checks/src/main/java/org/sonar/jproperties/checks/generic/linelengthcheck.java,39195736,39195736,jproperties-checks,maven:jproperties-checks,Maven,LineLengthCheck,LineLengthCheck_RBL4_9e0529baTest,PASS,ok,27.311,D:\A_ThucNghiem\scripts_v2\workspaces\20260724_010022_d3f7f7b1__baseline_readiness\019_39195736_9e0529ba,sandbox readiness passed,20260724_022225_resume240,19
132,9619226:spring-data-simpledb-impl/src/main/java/org/springframework/data/simpledb/query/simpledbresultconverter.java,9619226,9619226,spring-data-simpledb-impl,maven:spring-data-simpledb-impl,Maven,SimpleDbResultConverter,SimpleDbResultConverter_RBL4_c6463d40Test,PASS,ok,0.28,D:\A_ThucNghiem\scripts_v2\workspaces\20260724_010022_d3f7f7b1__baseline_readiness\210_9619226_c6463d40,sandbox readiness passed,20260724_022225_resume240,210
133,74999474:parsec-clients/src/main/java/com/yahoo/parsec/clients/defaultasynccompletionhandler.java,74999474,74999474,parsec-clients,gradle:parsec-clients,Gradle,DefaultAsyncCompletionHandler,DefaultAsyncCompletionHandler_RBL4_e521567fTest,PASS,ok,15.088,D:\A_ThucNghiem\scripts_v2\workspaces\20260724_010022_d3f7f7b1__baseline_readiness\164_74999474_e521567f,sandbox readiness passed,20260724_022225_resume240,164
134,41627638:leetcode/battleships-in-a-board/src/main/java/com/github/battleship/parser.java,41627638,41627638,leetcode/battleships-in-a-board,gradle:leetcode/battleships-in-a-board,Gradle,Parser,Parser_RBL4_6bf65714Test,PASS,ok,31.779,D:\A_ThucNghiem\scripts_v2\workspaces\20260724_010022_d3f7f7b1__baseline_readiness\035_41627638_6bf65714,sandbox readiness passed,20260724_022225_resume240,35
135,95247959:http-clients/netty-nio-client/src/main/java/software/amazon/awssdk/http/nio/netty/internal/utils/channelutils.java,95247959,95247959,http-clients/netty-nio-client,maven:http-clients/netty-nio-client,Maven,ChannelUtils,ChannelUtils_RBL4_6d41ba87Test,PASS,ok,407.584,D:\A_ThucNghiem\scripts_v2\workspaces\20260724_010022_d3f7f7b1__baseline_readiness\203_95247959_6d41ba87,sandbox readiness passed,20260724_022225_resume240,203
136,39195736:jproperties-checks/src/main/java/org/sonar/jproperties/checks/generic/commentconventioncheck.java,39195736,39195736,jproperties-checks,maven:jproperties-checks,Maven,CommentConventionCheck,CommentConventionCheck_RBL4_9bdc6cb7Test,PASS,ok,39.355,D:\A_ThucNghiem\scripts_v2\workspaces\20260724_010022_d3f7f7b1__baseline_readiness\020_39195736_9bdc6cb7,sandbox readiness passed,20260724_022225_resume240,20
137,44308560:src/robotframeworkcore/org.robotframework.ide.core-functions/src/main/java/org/rf/ide/core/execution/agent/event/resourceimportevent.java,44308560,44308560,src/RobotFrameworkCore/org.robotframework.ide.core-functions,maven:src/RobotFrameworkCore/org.robotframework.ide.core-functions,Maven,ResourceImportEvent,ResourceImportEvent_RBL4_fa900415Test,PASS,ok,95.28,D:\A_ThucNghiem\scripts_v2\workspaces\20260724_010022_d3f7f7b1__baseline_readiness\051_44308560_fa900415,sandbox readiness passed,20260724_022225_resume240,51
138,558963:httpcache4j-api/src/main/java/org/codehaus/httpcache4j/header.java,558963,558963,httpcache4j-api,maven:httpcache4j-api,Maven,Header,Header_RBL4Test_81a76271,PASS,ok,6.383,D:\A_ThucNghiem\scripts_v2\workspaces\20260723_215359_ccfee980__baseline_readiness\024_558963_Header_81a76271,sandbox readiness passed,pilot60_resume_20260724_083102,24
139,97822421:infrastructure/src/main/java/com/pchudzik/springmock/infrastructure/definition/doublename.java,97822421,97822421,infrastructure,maven:infrastructure,Maven,DoubleName,DoubleName_RBL4_a3466d37Test,PASS,ok,0.812,D:\A_ThucNghiem\scripts_v2\workspaces\20260724_010022_d3f7f7b1__baseline_readiness\223_97822421_a3466d37,sandbox readiness passed,20260724_022225_resume240,223
140,66303306:event/src/main/java/com/bazaarvoice/emodb/event/db/astyanax/channelallocationstate.java,66303306,66303306,event,maven:event,Maven,ChannelAllocationState,ChannelAllocationState_RBL4_031689bdTest,PASS,ok,84.407,D:\A_ThucNghiem\scripts_v2\workspaces\20260724_010022_d3f7f7b1__baseline_readiness\146_66303306_031689bd,sandbox readiness passed,20260724_022225_resume240,146
141,60578004:elastic-jobx-core/src/main/java/com/dangdang/ddframe/job/internal/election/leaderelectionservice.java,60578004,60578004,elastic-jobx-core,maven:elastic-jobx-core,Maven,LeaderElectionService,LeaderElectionService_RBL4_04265ecaTest,PASS,ok,0.887,D:\A_ThucNghiem\scripts_v2\workspaces\20260724_010022_d3f7f7b1__baseline_readiness\107_60578004_04265eca,sandbox readiness passed,20260724_022225_resume240,107
142,9619226:spring-data-simpledb-impl/src/main/java/org/springframework/data/simpledb/query/simpledbrepositoryquery.java,9619226,9619226,spring-data-simpledb-impl,maven:spring-data-simpledb-impl,Maven,SimpleDbRepositoryQuery,SimpleDbRepositoryQuery_RBL4_ec1e9b28Test,PASS,ok,0.295,D:\A_ThucNghiem\scripts_v2\workspaces\20260724_010022_d3f7f7b1__baseline_readiness\211_9619226_ec1e9b28,sandbox readiness passed,20260724_022225_resume240,211
143,41547678:turin-standard-library/src/main/java/turin/relations/onetomanyrelation.java,41547678,41547678,turin-standard-library,maven:turin-standard-library,Maven,OneToManyRelation,OneToManyRelation_RBL4_0ba40af0Test,PASS,ok,0.285,D:\A_ThucNghiem\scripts_v2\workspaces\20260724_010022_d3f7f7b1__baseline_readiness\025_41547678_0ba40af0,sandbox readiness passed,20260724_022225_resume240,25
144,44308560:src/robotframeworkcore/org.robotframework.ide.core-functions/src/main/java/org/rf/ide/core/environment/pythonversion.java,44308560,44308560,src/RobotFrameworkCore/org.robotframework.ide.core-functions,maven:src/RobotFrameworkCore/org.robotframework.ide.core-functions,Maven,PythonVersion,PythonVersion_RBL4_7d08f477Test,PASS,ok,6.425,D:\A_ThucNghiem\scripts_v2\workspaces\20260724_010022_d3f7f7b1__baseline_readiness\052_44308560_7d08f477,sandbox readiness passed,20260724_022225_resume240,52
145,66303306:event/src/main/java/com/bazaarvoice/emodb/event/db/astyanax/defaultslaballocator.java,66303306,66303306,event,maven:event,Maven,DefaultSlabAllocator,DefaultSlabAllocator_RBL4Test_b8c57976,PASS,ok,66.834,D:\A_ThucNghiem\scripts_v2\workspaces\20260723_215359_ccfee980__baseline_readiness\036_66303306_DefaultSlabAllocator_b8c57976,sandbox readiness passed,pilot60_resume_20260724_083102,36
146,98410891:core-interface/src/main/java/com/softavail/commsrouter/api/dto/model/skill/numberattributedomaindto.java,98410891,98410891,core-interface,maven:core-interface,Maven,NumberAttributeDomainDto,NumberAttributeDomainDto_RBL4_a597dd0fTest,PASS,ok,27.13,D:\A_ThucNghiem\scripts_v2\workspaces\20260724_010022_d3f7f7b1__baseline_readiness\229_98410891_a597dd0f,sandbox readiness passed,20260724_022225_resume240,229
147,44308560:src/robotframeworkcore/org.robotframework.ide.core-functions/src/main/java/org/rf/ide/core/execution/argumentsfile.java,44308560,44308560,src/RobotFrameworkCore/org.robotframework.ide.core-functions,maven:src/RobotFrameworkCore/org.robotframework.ide.core-functions,Maven,ArgumentsFile,ArgumentsFile_RBL4Test_19fe2f02,PASS,ok,111.679,D:\A_ThucNghiem\scripts_v2\workspaces\20260723_215359_ccfee980__baseline_readiness\012_44308560_ArgumentsFile_19fe2f02,sandbox readiness passed,pilot60_resume_20260724_083102,12
148,95247959:http-clients/netty-nio-client/src/main/java/software/amazon/awssdk/http/nio/netty/internal/http1tunnelconnectionpool.java,95247959,95247959,http-clients/netty-nio-client,maven:http-clients/netty-nio-client,Maven,Http1TunnelConnectionPool,Http1TunnelConnectionPool_RBL4_f157e96cTest,PASS,ok,160.517,D:\A_ThucNghiem\scripts_v2\workspaces\20260724_010022_d3f7f7b1__baseline_readiness\204_95247959_f157e96c,sandbox readiness passed,20260724_022225_resume240,204
149,39195736:jproperties-checks/src/main/java/org/sonar/jproperties/checks/generic/duplicatedvaluescheck.java,39195736,39195736,jproperties-checks,maven:jproperties-checks,Maven,DuplicatedValuesCheck,DuplicatedValuesCheck_RBL4_5ebd9ad4Test,PASS,ok,40.142,D:\A_ThucNghiem\scripts_v2\workspaces\20260724_010022_d3f7f7b1__baseline_readiness\021_39195736_5ebd9ad4,sandbox readiness passed,20260724_022225_resume240,21
150,66303306:web/src/main/java/com/bazaarvoice/emodb/web/settings/settingsmanager.java,66303306,66303306,web,maven:web,Maven,SettingsManager,SettingsManager_RBL4Test_92b68acb,PASS,ok,104.824,D:\A_ThucNghiem\scripts_v2\workspaces\20260723_215359_ccfee980__baseline_readiness\037_66303306_SettingsManager_92b68acb,sandbox readiness passed,pilot60_resume_20260724_083102,37
151,66303306:web/src/main/java/com/bazaarvoice/emodb/web/partition/partitionawareservicefactory.java,66303306,66303306,web,maven:web,Maven,PartitionAwareServiceFactory,PartitionAwareServiceFactory_RBL4_e6c37a47Test,PASS,ok,154.727,D:\A_ThucNghiem\scripts_v2\workspaces\20260724_010022_d3f7f7b1__baseline_readiness\147_66303306_e6c37a47,sandbox readiness passed,20260724_022225_resume240,147
152,6437134:enav-model/src/main/java/dk/dma/enav/model/geometry/positiontime.java,6437134,6437134,enav-model,maven:enav-model,Maven,PositionTime,PositionTime_RBL4Test_e9d79346,PASS,ok,7.076,D:\A_ThucNghiem\scripts_v2\workspaces\20260723_215359_ccfee980__baseline_readiness\033_6437134_PositionTime_e9d79346,sandbox readiness passed,pilot60_resume_20260724_083102,33
153,61565876:injector/src/main/java/ch/jalu/injector/utils/injectorutils.java,61565876,61565876,injector,maven:injector,Maven,InjectorUtils,InjectorUtils_RBL4Test_32d528d0,PASS,ok,0.378,D:\A_ThucNghiem\scripts_v2\workspaces\20260723_215359_ccfee980__baseline_readiness\029_61565876_InjectorUtils_32d528d0,sandbox readiness passed,pilot60_resume_20260724_083102,29
154,60578004:elastic-jobx-core/src/main/java/com/dangdang/ddframe/job/internal/sharding/shardingservice.java,60578004,60578004,elastic-jobx-core,maven:elastic-jobx-core,Maven,ShardingService,ShardingService_RBL4_724aba58Test,PASS,ok,0.957,D:\A_ThucNghiem\scripts_v2\workspaces\20260724_010022_d3f7f7b1__baseline_readiness\108_60578004_724aba58,sandbox readiness passed,20260724_022225_resume240,108
155,41627638:leetcode/battleships-in-a-board/src/main/java/com/github/wordladder/solution.java,41627638,41627638,leetcode/battleships-in-a-board,gradle:leetcode/battleships-in-a-board,Gradle,Solution,Solution_RBL4_5af78817Test,PASS,ok,23.855,D:\A_ThucNghiem\scripts_v2\workspaces\20260724_010022_d3f7f7b1__baseline_readiness\036_41627638_5af78817,sandbox readiness passed,20260724_022225_resume240,36
156,48046454:hazelcast-jet-core/src/main/java/com/hazelcast/jet/impl/util/skewreductionpolicy.java,48046454,48046454,hazelcast-jet-core,maven:hazelcast-jet-core,Maven,SkewReductionPolicy,SkewReductionPolicy_RBL4Test_80a96ca0,PASS,ok,62.93,D:\A_ThucNghiem\scripts_v2\workspaces\20260723_215359_ccfee980__baseline_readiness\021_48046454_SkewReductionPolicy_80a96ca0,sandbox readiness passed,pilot60_resume_20260724_083102,21
157,6437134:enav-model/src/main/java/dk/dma/enav/model/geometry/ellipse.java,6437134,6437134,enav-model,maven:enav-model,Maven,Ellipse,Ellipse_RBL4_2da8caedTest,PASS,ok,21.147,D:\A_ThucNghiem\scripts_v2\workspaces\20260724_010022_d3f7f7b1__baseline_readiness\130_6437134_2da8caed,sandbox readiness passed,20260724_022225_resume240,130
158,60578004:elastic-jobx-core/src/main/java/com/dangdang/ddframe/job/internal/server/serverservice.java,60578004,60578004,elastic-jobx-core,maven:elastic-jobx-core,Maven,ServerService,ServerService_RBL4Test_c34449d1,PASS,ok,5.075,D:\A_ThucNghiem\scripts_v2\workspaces\20260723_215359_ccfee980__baseline_readiness\027_60578004_ServerService_c34449d1,sandbox readiness passed,pilot60_resume_20260724_083102,27
159,39195736:sonar-jproperties-plugin/src/main/java/org/sonar/plugins/jproperties/javapropertiessquidsensor.java,39195736,39195736,sonar-jproperties-plugin,maven:sonar-jproperties-plugin,Maven,JavaPropertiesSquidSensor,JavaPropertiesSquidSensor_RBL4_4233fc4aTest,PASS,ok,16.499,D:\A_ThucNghiem\scripts_v2\workspaces\20260724_010022_d3f7f7b1__baseline_readiness\022_39195736_4233fc4a,sandbox readiness passed,20260724_022225_resume240,22
160,6944525:d2/src/main/java/com/linkedin/d2/balancer/util/loadbalancerutil.java,6944525,6944525,d2,gradle:d2,Gradle,LoadBalancerUtil,LoadBalancerUtil_RBL4Test_fa60eb27,PASS,ok,205.692,D:\A_ThucNghiem\scripts_v2\workspaces\20260723_215359_ccfee980__baseline_readiness\039_6944525_LoadBalancerUtil_fa60eb27,sandbox readiness passed,pilot60_resume_20260724_083102,39
161,60578004:elastic-jobx-core/src/main/java/com/dangdang/ddframe/job/internal/storage/jobnodestorage.java,60578004,60578004,elastic-jobx-core,maven:elastic-jobx-core,Maven,JobNodeStorage,JobNodeStorage_RBL4_c67ff505Test,PASS,ok,0.957,D:\A_ThucNghiem\scripts_v2\workspaces\20260724_010022_d3f7f7b1__baseline_readiness\109_60578004_c67ff505,sandbox readiness passed,20260724_022225_resume240,109
162,6293402:server/src/main/java/com/vaadin/ui/abstractsingleselect.java,6293402,6293402,server,maven:server,Maven,AbstractSingleSelect,AbstractSingleSelect_RBL4_76a24253Test,PASS,ok,277.093,D:\A_ThucNghiem\scripts_v2\workspaces\20260724_010022_d3f7f7b1__baseline_readiness\122_6293402_76a24253,sandbox readiness passed,20260724_022225_resume240,122
163,43105609:weixin-mp/src/main/java/com/riversoft/weixin/mp/media/materials.java,43105609,43105609,weixin-mp,maven:weixin-mp,Maven,Materials,Materials_RBL4Test_a90c8766,PASS,ok,8.823,D:\A_ThucNghiem\scripts_v2\workspaces\20260723_215359_ccfee980__baseline_readiness\011_43105609_Materials_a90c8766,sandbox readiness passed,pilot60_resume_20260724_083102,11
164,74999474:parsec-clients/src/main/java/com/yahoo/parsec/clients/parsecasynchttpclient.java,74999474,74999474,parsec-clients,gradle:parsec-clients,Gradle,ParsecAsyncHttpClient,ParsecAsyncHttpClient_RBL4Test_b68a888f,PASS,ok,10.105,D:\A_ThucNghiem\scripts_v2\workspaces\20260723_215359_ccfee980__baseline_readiness\041_74999474_ParsecAsyncHttpClient_b68a888f,sandbox readiness passed,pilot60_resume_20260724_083102,41
165,558963:httpcache4j-api/src/main/java/org/codehaus/httpcache4j/headers.java,558963,558963,httpcache4j-api,maven:httpcache4j-api,Maven,Headers,Headers_RBL4_341e479eTest,PASS,ok,0.147,D:\A_ThucNghiem\scripts_v2\workspaces\20260724_010022_d3f7f7b1__baseline_readiness\098_558963_341e479e,sandbox readiness passed,20260724_022225_resume240,98
166,78444970:examples/random/src/main/java/random/reservoirsamplingmultipleitems.java,78444970,78444970,examples/random,maven:examples/random,Maven,ReservoirSamplingMultipleItems,ReservoirSamplingMultipleItems_RBL4Test_01a0a377,PASS,ok,1.133,D:\A_ThucNghiem\scripts_v2\workspaces\20260723_215359_ccfee980__baseline_readiness\045_78444970_ReservoirSamplingMultipleItems_01a0a377,sandbox readiness passed,pilot60_resume_20260724_083102,45
167,49384652:niubi-job-framework/niubi-job-service/src/main/java/com/zuoxiaolong/niubi/job/service/impl/masterslavenodeserviceimpl.java,49384652,49384652,niubi-job-framework/niubi-job-service,maven:niubi-job-framework/niubi-job-service,Maven,MasterSlaveNodeServiceImpl,MasterSlaveNodeServiceImpl_RBL4_a80bae5fTest,PASS,ok,64.504,D:\A_ThucNghiem\scripts_v2\workspaces\20260724_010022_d3f7f7b1__baseline_readiness\092_49384652_a80bae5f,sandbox readiness passed,20260724_022225_resume240,92
168,41627638:leetcode/battleships-in-a-board/src/main/java/com/github/movezeroes/solution.java,41627638,41627638,leetcode/battleships-in-a-board,gradle:leetcode/battleships-in-a-board,Gradle,Solution,Solution_RBL4_2857f9c6Test,PASS,ok,34.957,D:\A_ThucNghiem\scripts_v2\workspaces\20260724_010022_d3f7f7b1__baseline_readiness\037_41627638_2857f9c6,sandbox readiness passed,20260724_022225_resume240,37
169,41627638:leetcode/battleships-in-a-board/src/main/java/com/github/reverselinkedlist/solution.java,41627638,41627638,leetcode/battleships-in-a-board,gradle:leetcode/battleships-in-a-board,Gradle,Solution,Solution_RBL4_9f4d73afTest,PASS,ok,37.838,D:\A_ThucNghiem\scripts_v2\workspaces\20260724_010022_d3f7f7b1__baseline_readiness\038_41627638_9f4d73af,sandbox readiness passed,20260724_022225_resume240,38
170,9619226:spring-data-simpledb-impl/src/main/java/org/springframework/data/simpledb/util/maputils.java,9619226,9619226,spring-data-simpledb-impl,maven:spring-data-simpledb-impl,Maven,MapUtils,MapUtils_RBL4_d5ece548Test,PASS,ok,0.303,D:\A_ThucNghiem\scripts_v2\workspaces\20260724_010022_d3f7f7b1__baseline_readiness\212_9619226_d5ece548,sandbox readiness passed,20260724_022225_resume240,212
171,78444970:examples/graph/src/main/java/graph/algorithm/path/astar.java,78444970,78444970,examples/graph,maven:examples/graph,Maven,AStar,AStar_RBL4_caed66ebTest,PASS,ok,2.636,D:\A_ThucNghiem\scripts_v2\workspaces\20260724_010022_d3f7f7b1__baseline_readiness\180_78444970_caed66eb,sandbox readiness passed,20260724_022225_resume240,180
172,6293402:server/src/main/java/com/vaadin/util/encodeutil.java,6293402,6293402,server,maven:server,Maven,EncodeUtil,EncodeUtil_RBL4_b4ce0ae0Test,PASS,ok,259.525,D:\A_ThucNghiem\scripts_v2\workspaces\20260724_010022_d3f7f7b1__baseline_readiness\123_6293402_b4ce0ae0,sandbox readiness passed,20260724_022225_resume240,123
173,77481567:core/src/main/java/de/voidnode/trading4j/domain/monetary/accurateprice.java,77481567,77481567,core,maven:core,Maven,AccuratePrice,AccuratePrice_RBL4_ed9b3a40Test,PASS,ok,1.0,D:\A_ThucNghiem\scripts_v2\workspaces\20260724_010022_d3f7f7b1__baseline_readiness\174_77481567_ed9b3a40,sandbox readiness passed,20260724_022225_resume240,174
174,74999474:parsec-clients/src/main/java/com/yahoo/parsec/clients/parsecclientprofilinglogutil.java,74999474,74999474,parsec-clients,gradle:parsec-clients,Gradle,ParsecClientProfilingLogUtil,ParsecClientProfilingLogUtil_RBL4_05c2f6b5Test,PASS,ok,14.755,D:\A_ThucNghiem\scripts_v2\workspaces\20260724_010022_d3f7f7b1__baseline_readiness\165_74999474_05c2f6b5,sandbox readiness passed,20260724_022225_resume240,165
175,61565876:injector/src/main/java/ch/jalu/injector/handlers/instantiation/defaultinjectionprovider.java,61565876,61565876,injector,maven:injector,Maven,DefaultInjectionProvider,DefaultInjectionProvider_RBL4_b7272345Test,PASS,ok,0.524,D:\A_ThucNghiem\scripts_v2\workspaces\20260724_010022_d3f7f7b1__baseline_readiness\116_61565876_b7272345,sandbox readiness passed,20260724_022225_resume240,116
176,49384652:niubi-job-framework/niubi-job-service/src/main/java/com/zuoxiaolong/niubi/job/service/impl/standbyjobserviceimpl.java,49384652,49384652,niubi-job-framework/niubi-job-service,maven:niubi-job-framework/niubi-job-service,Maven,StandbyJobServiceImpl,StandbyJobServiceImpl_RBL4Test_06be1a5a,PASS,ok,22.292,D:\A_ThucNghiem\scripts_v2\workspaces\20260723_215359_ccfee980__baseline_readiness\023_49384652_StandbyJobServiceImpl_06be1a5a,sandbox readiness passed,pilot60_resume_20260724_083102,23
177,77481567:core/src/main/java/de/voidnode/trading4j/domain/volume.java,77481567,77481567,core,maven:core,Maven,Volume,Volume_RBL4_743939aeTest,PASS,ok,0.998,D:\A_ThucNghiem\scripts_v2\workspaces\20260724_010022_d3f7f7b1__baseline_readiness\175_77481567_743939ae,sandbox readiness passed,20260724_022225_resume240,175
178,95247959:http-clients/netty-nio-client/src/main/java/software/amazon/awssdk/http/nio/netty/internal/honorcloseonreleasechannelpool.java,95247959,95247959,http-clients/netty-nio-client,maven:http-clients/netty-nio-client,Maven,HonorCloseOnReleaseChannelPool,HonorCloseOnReleaseChannelPool_RBL4_0c77cc85Test,PASS,ok,156.947,D:\A_ThucNghiem\scripts_v2\workspaces\20260724_010022_d3f7f7b1__baseline_readiness\205_95247959_0c77cc85,sandbox readiness passed,20260724_022225_resume240,205
179,60578004:elastic-jobx-core/src/main/java/com/dangdang/ddframe/job/internal/execution/executioncontextservice.java,60578004,60578004,elastic-jobx-core,maven:elastic-jobx-core,Maven,ExecutionContextService,ExecutionContextService_RBL4_ba1be17bTest,PASS,ok,0.93,D:\A_ThucNghiem\scripts_v2\workspaces\20260724_010022_d3f7f7b1__baseline_readiness\110_60578004_ba1be17b,sandbox readiness passed,20260724_022225_resume240,110
180,49384652:niubi-job-framework/niubi-job-service/src/main/java/com/zuoxiaolong/niubi/job/service/impl/masterslavejobserviceimpl.java,49384652,49384652,niubi-job-framework/niubi-job-service,maven:niubi-job-framework/niubi-job-service,Maven,MasterSlaveJobServiceImpl,MasterSlaveJobServiceImpl_RBL4_d070942aTest,PASS,ok,73.482,D:\A_ThucNghiem\scripts_v2\workspaces\20260724_010022_d3f7f7b1__baseline_readiness\093_49384652_d070942a,sandbox readiness passed,20260724_022225_resume240,93
181,46450575:flo-workflow/src/main/java/com/spotify/flo/taskids.java,46450575,46450575,flo-workflow,maven:flo-workflow,Maven,TaskIds,TaskIds_RBL4Test_b7d06a10,PASS,ok,12.226,D:\A_ThucNghiem\scripts_v2\workspaces\20260723_215359_ccfee980__baseline_readiness\019_46450575_TaskIds_b7d06a10,sandbox readiness passed,pilot60_resume_20260724_083102,19
182,9884445:minnal-jaxrs/minnal-instrumentation-jaxrs/src/main/java/org/minnal/instrument/applicationenhancer.java,9884445,9884445,minnal-jaxrs/minnal-instrumentation-jaxrs,maven:minnal-jaxrs/minnal-instrumentation-jaxrs,Maven,ApplicationEnhancer,ApplicationEnhancer_RBL4_7bd3161bTest,PASS,ok,41.77,D:\A_ThucNghiem\scripts_v2\workspaces\20260724_010022_d3f7f7b1__baseline_readiness\237_9884445_7bd3161b,sandbox readiness passed,20260724_022225_resume240,237
183,41627638:leetcode/battleships-in-a-board/src/main/java/com/github/islandperimeter/solution.java,41627638,41627638,leetcode/battleships-in-a-board,gradle:leetcode/battleships-in-a-board,Gradle,Solution,Solution_RBL4_562560bfTest,PASS,ok,26.416,D:\A_ThucNghiem\scripts_v2\workspaces\20260724_010022_d3f7f7b1__baseline_readiness\039_41627638_562560bf,sandbox readiness passed,20260724_022225_resume240,39
184,9619226:spring-data-simpledb-impl/src/main/java/org/springframework/data/simpledb/attributeutil/simpledbattributevaluesplitter.java,9619226,9619226,spring-data-simpledb-impl,maven:spring-data-simpledb-impl,Maven,SimpleDbAttributeValueSplitter,SimpleDbAttributeValueSplitter_RBL4Test_6248ee60,PASS,ok,0.292,D:\A_ThucNghiem\scripts_v2\workspaces\20260723_215359_ccfee980__baseline_readiness\053_9619226_SimpleDbAttributeValueSplitter_6248ee60,sandbox readiness passed,pilot60_resume_20260724_083102,53
185,45997449:webrex/src/main/java/com/ebayopensource/webrex/resource/expression/resourceelevaluator.java,45997449,45997449,WebRex,maven:WebRex,Maven,ResourceELEvaluator,ResourceELEvaluator_RBL4Test_44ed24a7,PASS,ok,0.472,D:\A_ThucNghiem\scripts_v2\workspaces\20260723_215359_ccfee980__baseline_readiness\015_45997449_ResourceELEvaluator_44ed24a7,sandbox readiness passed,pilot60_resume_20260724_083102,15
186,9884445:minnal-jaxrs/minnal-instrumentation-jaxrs/src/main/java/org/minnal/instrument/resource/resourceutil.java,9884445,9884445,minnal-jaxrs/minnal-instrumentation-jaxrs,maven:minnal-jaxrs/minnal-instrumentation-jaxrs,Maven,ResourceUtil,ResourceUtil_RBL4_be372e05Test,PASS,ok,41.632,D:\A_ThucNghiem\scripts_v2\workspaces\20260724_010022_d3f7f7b1__baseline_readiness\238_9884445_be372e05,sandbox readiness passed,20260724_022225_resume240,238
187,41547678:turin-compiler/src/main/java/me/tomassetti/turin/typesystem/arraytypeusage.java,41547678,41547678,turin-compiler,maven:turin-compiler,Maven,ArrayTypeUsage,ArrayTypeUsage_RBL4_cf9a0032Test,PASS,ok,28.257,D:\A_ThucNghiem\scripts_v2\workspaces\20260724_010022_d3f7f7b1__baseline_readiness\026_41547678_cf9a0032,sandbox readiness passed,20260724_022225_resume240,26
188,61565876:injector/src/main/java/ch/jalu/injector/utils/reflectionutils.java,61565876,61565876,injector,maven:injector,Maven,ReflectionUtils,ReflectionUtils_RBL4_00880516Test,PASS,ok,0.539,D:\A_ThucNghiem\scripts_v2\workspaces\20260724_010022_d3f7f7b1__baseline_readiness\117_61565876_00880516,sandbox readiness passed,20260724_022225_resume240,117
189,60578004:elastic-jobx-core/src/main/java/com/dangdang/ddframe/job/internal/config/configurationservice.java,60578004,60578004,elastic-jobx-core,maven:elastic-jobx-core,Maven,ConfigurationService,ConfigurationService_RBL4_cf2e998cTest,PASS,ok,0.916,D:\A_ThucNghiem\scripts_v2\workspaces\20260724_010022_d3f7f7b1__baseline_readiness\111_60578004_cf2e998c,sandbox readiness passed,20260724_022225_resume240,111
190,95247959:http-clients/netty-nio-client/src/main/java/software/amazon/awssdk/http/nio/netty/internal/http2/httporhttp2channelpool.java,95247959,95247959,http-clients/netty-nio-client,maven:http-clients/netty-nio-client,Maven,HttpOrHttp2ChannelPool,HttpOrHttp2ChannelPool_RBL4Test_7d118b37,PASS,ok,354.614,D:\A_ThucNghiem\scripts_v2\workspaces\20260723_215359_ccfee980__baseline_readiness\051_95247959_HttpOrHttp2ChannelPool_7d118b37,sandbox readiness passed,pilot60_resume_20260724_083102,51
191,43105609:weixin-mp/src/main/java/com/riversoft/weixin/mp/card/cards.java,43105609,43105609,weixin-mp,maven:weixin-mp,Maven,Cards,Cards_RBL4_1f16a0efTest,PASS,ok,32.916,D:\A_ThucNghiem\scripts_v2\workspaces\20260724_010022_d3f7f7b1__baseline_readiness\044_43105609_1f16a0ef,sandbox readiness passed,20260724_022225_resume240,44
192,45997449:webrex/src/main/java/com/ebayopensource/webrex/util/reflects.java,45997449,45997449,WebRex,maven:WebRex,Maven,Reflects,Reflects_RBL4_ebe207aeTest,PASS,ok,9.384,D:\A_ThucNghiem\scripts_v2\workspaces\20260724_010022_d3f7f7b1__baseline_readiness\058_45997449_ebe207ae,sandbox readiness passed,20260724_022225_resume240,58
193,85795396:core/src/main/java/org/apache/calcite/avatica/connectionconfigimpl.java,85795396,85795396,core,gradle:core,Gradle,ConnectionConfigImpl,ConnectionConfigImpl_RBL4Test_625c2e75,PASS,ok,42.133,D:\A_ThucNghiem\scripts_v2\workspaces\20260723_215359_ccfee980__baseline_readiness\049_85795396_ConnectionConfigImpl_625c2e75,sandbox readiness passed,pilot60_resume_20260724_083102,49
194,49384652:niubi-job-framework/niubi-job-service/src/main/java/com/zuoxiaolong/niubi/job/service/impl/standbyjoblogserviceimpl.java,49384652,49384652,niubi-job-framework/niubi-job-service,maven:niubi-job-framework/niubi-job-service,Maven,StandbyJobLogServiceImpl,StandbyJobLogServiceImpl_RBL4_c897b221Test,PASS,ok,75.084,D:\A_ThucNghiem\scripts_v2\workspaces\20260724_010022_d3f7f7b1__baseline_readiness\094_49384652_c897b221,sandbox readiness passed,20260724_022225_resume240,94
195,97822421:infrastructure/src/main/java/com/pchudzik/springmock/infrastructure/spring/tospyreplacingprocessor.java,97822421,97822421,infrastructure,maven:infrastructure,Maven,ToSpyReplacingProcessor,ToSpyReplacingProcessor_RBL4Test_252c76a1,PASS,ok,0.433,D:\A_ThucNghiem\scripts_v2\workspaces\20260723_215359_ccfee980__baseline_readiness\055_97822421_ToSpyReplacingProcessor_252c76a1,sandbox readiness passed,pilot60_resume_20260724_083102,55
196,41627638:leetcode/battleships-in-a-board/src/main/java/com/github/maxpointonline/plainloop/solution.java,41627638,41627638,leetcode/battleships-in-a-board,gradle:leetcode/battleships-in-a-board,Gradle,Solution,Solution_RBL4Test_5e962fc1,PASS,ok,8.163,D:\A_ThucNghiem\scripts_v2\workspaces\20260723_215359_ccfee980__baseline_readiness\009_41627638_Solution_5e962fc1,sandbox readiness passed,pilot60_resume_20260724_083102,9
197,44308560:src/robotframeworkcore/org.robotframework.ide.core-functions/src/main/java/org/rf/ide/core/execution/agent/event/suiteendedevent.java,44308560,44308560,src/RobotFrameworkCore/org.robotframework.ide.core-functions,maven:src/RobotFrameworkCore/org.robotframework.ide.core-functions,Maven,SuiteEndedEvent,SuiteEndedEvent_RBL4_7aed3afcTest,PASS,ok,6.493,D:\A_ThucNghiem\scripts_v2\workspaces\20260724_010022_d3f7f7b1__baseline_readiness\053_44308560_7aed3afc,sandbox readiness passed,20260724_022225_resume240,53
198,6944525:d2/src/main/java/com/linkedin/d2/discovery/event/propertyeventbusrequeststhrottler.java,6944525,6944525,d2,gradle:d2,Gradle,PropertyEventBusRequestsThrottler,PropertyEventBusRequestsThrottler_RBL4_41aae381Test,PASS,ok,248.567,D:\A_ThucNghiem\scripts_v2\workspaces\20260724_010022_d3f7f7b1__baseline_readiness\153_6944525_41aae381,sandbox readiness passed,20260724_022225_resume240,153
199,81384608:integrations/spark/spark-catalog/spark-catalog-core/src/main/java/com/thinkbiganalytics/kylo/catalog/spark/sources/jdbc/jdbchighwatermark.java,81384608,81384608,integrations/spark/spark-catalog/spark-catalog-core,maven:integrations/spark/spark-catalog/spark-catalog-core,Maven,JdbcHighWaterMark,JdbcHighWaterMark_RBL4_0b3aff22Test,PASS,ok,94.971,D:\A_ThucNghiem\scripts_v2\workspaces\20260724_010022_d3f7f7b1__baseline_readiness\188_81384608_0b3aff22,sandbox readiness passed,20260724_022225_resume240,188
200,81384608:integrations/spark/spark-catalog/spark-catalog-core/src/main/java/com/thinkbiganalytics/kylo/catalog/spark/abstractdatasetoptionsaccess.java,81384608,81384608,integrations/spark/spark-catalog/spark-catalog-core,maven:integrations/spark/spark-catalog/spark-catalog-core,Maven,AbstractDataSetOptionsAccess,AbstractDataSetOptionsAccess_RBL4_da844f5aTest,PASS,ok,95.096,D:\A_ThucNghiem\scripts_v2\workspaces\20260724_010022_d3f7f7b1__baseline_readiness\189_81384608_da844f5a,sandbox readiness passed,20260724_022225_resume240,189
201,44308560:src/robotframeworkcore/org.robotframework.ide.core-functions/src/main/java/org/rf/ide/core/execution/debug/contexts/executablecallcontext.java,44308560,44308560,src/RobotFrameworkCore/org.robotframework.ide.core-functions,maven:src/RobotFrameworkCore/org.robotframework.ide.core-functions,Maven,ExecutableCallContext,ExecutableCallContext_RBL4_4fbd413bTest,PASS,ok,6.398,D:\A_ThucNghiem\scripts_v2\workspaces\20260724_010022_d3f7f7b1__baseline_readiness\054_44308560_4fbd413b,sandbox readiness passed,20260724_022225_resume240,54
202,78444970:examples/structures/src/main/java/ds/heap/arrayheap.java,78444970,78444970,examples/structures,maven:examples/structures,Maven,ArrayHeap,ArrayHeap_RBL4_cc0b81f1Test,PASS,ok,2.634,D:\A_ThucNghiem\scripts_v2\workspaces\20260724_010022_d3f7f7b1__baseline_readiness\181_78444970_cc0b81f1,sandbox readiness passed,20260724_022225_resume240,181
203,558963:httpcache4j-api/src/main/java/org/codehaus/httpcache4j/httpmethod.java,558963,558963,httpcache4j-api,maven:httpcache4j-api,Maven,HTTPMethod,HTTPMethod_RBL4_383f035cTest,PASS,ok,0.223,D:\A_ThucNghiem\scripts_v2\workspaces\20260724_010022_d3f7f7b1__baseline_readiness\099_558963_383f035c,sandbox readiness passed,20260724_022225_resume240,99
204,41547678:turin-compiler/src/main/java/me/tomassetti/turin/typesystem/invokablereferencetypeusage.java,41547678,41547678,turin-compiler,maven:turin-compiler,Maven,InvokableReferenceTypeUsage,InvokableReferenceTypeUsage_RBL4_9b774e58Test,PASS,ok,26.722,D:\A_ThucNghiem\scripts_v2\workspaces\20260724_010022_d3f7f7b1__baseline_readiness\027_41547678_9b774e58,sandbox readiness passed,20260724_022225_resume240,27
205,49384652:niubi-job-framework/niubi-job-core/src/main/java/com/zuoxiaolong/niubi/job/core/helper/loggerhelper.java,49384652,49384652,niubi-job-framework/niubi-job-core,maven:niubi-job-framework/niubi-job-core,Maven,LoggerHelper,LoggerHelper_RBL4_5d49c4feTest,PASS,ok,10.641,D:\A_ThucNghiem\scripts_v2\workspaces\20260724_010022_d3f7f7b1__baseline_readiness\095_49384652_5d49c4fe,sandbox readiness passed,20260724_022225_resume240,95
206,6944525:d2/src/main/java/com/linkedin/d2/balancer/util/hashing/ringbasedurimapper.java,6944525,6944525,d2,gradle:d2,Gradle,RingBasedUriMapper,RingBasedUriMapper_RBL4_077b6da2Test,PASS,ok,185.184,D:\A_ThucNghiem\scripts_v2\workspaces\20260724_010022_d3f7f7b1__baseline_readiness\154_6944525_077b6da2,sandbox readiness passed,20260724_022225_resume240,154
207,46396068:hbase0.98/hbase-manager-0.98/src/main/java/com/kakao/hbase/manager/manager.java,46396068,46396068,hbase0.98/hbase-manager-0.98,maven:hbase0.98/hbase-manager-0.98,Maven,Manager,Manager_RBL4_cc963dd8Test,PASS,ok,75.465,D:\A_ThucNghiem\scripts_v2\workspaces\20260724_010022_d3f7f7b1__baseline_readiness\067_46396068_cc963dd8,sandbox readiness passed,20260724_022225_resume240,67
208,3847504:modules/weblounge-common/src/main/java/ch/entwine/weblounge/common/impl/language/localizablecontent.java,3847504,3847504,modules/weblounge-common,maven:modules/weblounge-common,Maven,LocalizableContent,LocalizableContent_RBL4_9f4346c7Test,PASS,ok,183.694,D:\A_ThucNghiem\scripts_v2\workspaces\20260724_010022_d3f7f7b1__baseline_readiness\008_3847504_9f4346c7,sandbox readiness passed,20260724_022225_resume240,8
209,66303306:web/src/main/java/com/bazaarvoice/emodb/web/scanner/scanuploader.java,66303306,66303306,web,maven:web,Maven,ScanUploader,ScanUploader_RBL4_0559e9a5Test,PASS,ok,134.277,D:\A_ThucNghiem\scripts_v2\workspaces\20260724_010022_d3f7f7b1__baseline_readiness\148_66303306_0559e9a5,sandbox readiness passed,20260724_022225_resume240,148
210,6293402:server/src/main/java/com/vaadin/util/currentinstance.java,6293402,6293402,server,maven:server,Maven,CurrentInstance,CurrentInstance_RBL4Test_2f6a5671,PASS,ok,232.71,D:\A_ThucNghiem\scripts_v2\workspaces\20260723_215359_ccfee980__baseline_readiness\031_6293402_CurrentInstance_2f6a5671,sandbox readiness passed,pilot60_resume_20260724_083102,31
211,6437134:enav-model/src/main/java/dk/dma/enav/model/geometry/boundingbox.java,6437134,6437134,enav-model,maven:enav-model,Maven,BoundingBox,BoundingBox_RBL4_1f61159dTest,PASS,ok,8.134,D:\A_ThucNghiem\scripts_v2\workspaces\20260724_022225_resume240__baseline_repair\131_6437134_1f61159d,sandbox readiness passed,20260724_022225_resume240,131
212,41547678:turin-compiler/src/main/java/me/tomassetti/turin/typesystem/primitivetypeusage.java,41547678,41547678,turin-compiler,maven:turin-compiler,Maven,PrimitiveTypeUsage,PrimitiveTypeUsage_RBL4_d8ff3e11Test,PASS,ok,38.839,D:\A_ThucNghiem\scripts_v2\workspaces\20260724_010022_d3f7f7b1__baseline_readiness\028_41547678_d8ff3e11,sandbox readiness passed,20260724_022225_resume240,28
213,66303306:event/src/main/java/com/bazaarvoice/emodb/event/core/defaulteventstore.java,66303306,66303306,event,maven:event,Maven,DefaultEventStore,DefaultEventStore_RBL4_cf4261e0Test,PASS,ok,33.223,D:\A_ThucNghiem\scripts_v2\workspaces\20260724_010022_d3f7f7b1__baseline_readiness\149_66303306_cf4261e0,sandbox readiness passed,20260724_022225_resume240,149
214,74999474:parsec-clients/src/main/java/com/yahoo/parsec/clients/parsecasyncprogresstimer.java,74999474,74999474,parsec-clients,gradle:parsec-clients,Gradle,ParsecAsyncProgressTimer,ParsecAsyncProgressTimer_RBL4_9551429bTest,PASS,ok,14.768,D:\A_ThucNghiem\scripts_v2\workspaces\20260724_010022_d3f7f7b1__baseline_readiness\166_74999474_9551429b,sandbox readiness passed,20260724_022225_resume240,166
215,3713233:core/src/main/java/org/junithelper/core/generator/linebreakprovider.java,3713233,3713233,core,maven:core,Maven,LineBreakProvider,LineBreakProvider_RBL4_dcf587c0Test,PASS,ok,1.919,D:\A_ThucNghiem\scripts_v2\workspaces\20260724_010022_d3f7f7b1__baseline_readiness\004_3713233_dcf587c0,sandbox readiness passed,20260724_022225_resume240,4
216,45997449:webrex/src/main/java/com/ebayopensource/webrex/resource/resourceargumentsurn.java,45997449,45997449,WebRex,maven:WebRex,Maven,ResourceArgumentsUrn,ResourceArgumentsUrn_RBL4_4484f2f5Test,PASS,ok,9.302,D:\A_ThucNghiem\scripts_v2\workspaces\20260724_010022_d3f7f7b1__baseline_readiness\059_45997449_4484f2f5,sandbox readiness passed,20260724_022225_resume240,59
217,77481567:core/src/main/java/de/voidnode/trading4j/api/failed.java,77481567,77481567,core,maven:core,Maven,Failed,Failed_RBL4Test_3e31fae6,PASS,ok,0.443,D:\A_ThucNghiem\scripts_v2\workspaces\20260723_215359_ccfee980__baseline_readiness\043_77481567_Failed_3e31fae6,sandbox readiness passed,pilot60_resume_20260724_083102,43
218,61565876:injector/src/main/java/ch/jalu/injector/handlers/postconstruct/postconstructmethodinvoker.java,61565876,61565876,injector,maven:injector,Maven,PostConstructMethodInvoker,PostConstructMethodInvoker_RBL4_68accc5aTest,PASS,ok,0.276,D:\A_ThucNghiem\scripts_v2\workspaces\20260724_010022_d3f7f7b1__baseline_readiness\118_61565876_68accc5a,sandbox readiness passed,20260724_022225_resume240,118
219,6293402:server/src/main/java/com/vaadin/server/localeservice.java,6293402,6293402,server,maven:server,Maven,LocaleService,LocaleService_RBL4_e764fd86Test,PASS,ok,15.138,D:\A_ThucNghiem\scripts_v2\workspaces\20260724_010022_d3f7f7b1__baseline_readiness\124_6293402_e764fd86,sandbox readiness passed,20260724_022225_resume240,124
220,41547678:turin-compiler/src/main/java/me/tomassetti/turin/compiler/paramutils.java,41547678,41547678,turin-compiler,maven:turin-compiler,Maven,ParamUtils,ParamUtils_RBL4_6e5d9f86Test,PASS,ok,40.674,D:\A_ThucNghiem\scripts_v2\workspaces\20260724_010022_d3f7f7b1__baseline_readiness\029_41547678_6e5d9f86,sandbox readiness passed,20260724_022225_resume240,29
221,64487983:hexagonal/src/main/java/com/iluwatar/hexagonal/domain/lotterynumbers.java,64487983,64487983,hexagonal,maven:hexagonal,Maven,LotteryNumbers,LotteryNumbers_RBL4_eef37d9aTest,PASS,ok,3.938,D:\A_ThucNghiem\scripts_v2\workspaces\20260724_010022_d3f7f7b1__baseline_readiness\142_64487983_eef37d9a,sandbox readiness passed,20260724_022225_resume240,142
222,41547678:turin-compiler/src/main/java/me/tomassetti/turin/resolvers/srcsymbolresolver.java,41547678,41547678,turin-compiler,maven:turin-compiler,Maven,SrcSymbolResolver,SrcSymbolResolver_RBL4Test_8fe4f5a7,PASS,ok,15.959,D:\A_ThucNghiem\scripts_v2\workspaces\20260723_215359_ccfee980__baseline_readiness\007_41547678_SrcSymbolResolver_8fe4f5a7,sandbox readiness passed,pilot60_resume_20260724_083102,7
223,44308560:src/robotframeworkcore/org.robotframework.ide.core-functions/src/main/java/org/rf/ide/core/execution/agent/event/versionsevent.java,44308560,44308560,src/RobotFrameworkCore/org.robotframework.ide.core-functions,maven:src/RobotFrameworkCore/org.robotframework.ide.core-functions,Maven,VersionsEvent,VersionsEvent_RBL4_b783240eTest,PASS,ok,6.389,D:\A_ThucNghiem\scripts_v2\workspaces\20260724_010022_d3f7f7b1__baseline_readiness\055_44308560_b783240e,sandbox readiness passed,20260724_022225_resume240,55
224,6437134:enav-serialization/src/main/java/dk/dma/enav/serialization/routerouteparser.java,6437134,6437134,enav-serialization,maven:enav-serialization,Maven,RouteRouteParser,RouteRouteParser_RBL4_6c97342fTest,PASS,ok,10.975,D:\A_ThucNghiem\scripts_v2\workspaces\20260724_010022_d3f7f7b1__baseline_readiness\132_6437134_6c97342f,sandbox readiness passed,20260724_022225_resume240,132
225,48046454:hazelcast-jet-core/src/main/java/com/hazelcast/jet/impl/serialization/delegatingserializationservice.java,48046454,48046454,hazelcast-jet-core,maven:hazelcast-jet-core,Maven,DelegatingSerializationService,DelegatingSerializationService_RBL4_7ac59f01Test,PASS,ok,66.597,D:\A_ThucNghiem\scripts_v2\workspaces\20260724_010022_d3f7f7b1__baseline_readiness\083_48046454_7ac59f01,sandbox readiness passed,20260724_022225_resume240,83
226,6944525:d2/src/main/java/com/linkedin/d2/balancer/servers/zookeeperconnectionmanager.java,6944525,6944525,d2,gradle:d2,Gradle,ZooKeeperConnectionManager,ZooKeeperConnectionManager_RBL4_3804399dTest,PASS,ok,122.729,D:\A_ThucNghiem\scripts_v2\workspaces\20260724_010022_d3f7f7b1__baseline_readiness\155_6944525_3804399d,sandbox readiness passed,20260724_022225_resume240,155
227,41547678:turin-compiler/src/main/java/me/tomassetti/turin/parser/ast/qualifiedname.java,41547678,41547678,turin-compiler,maven:turin-compiler,Maven,QualifiedName,QualifiedName_RBL4_3bf6f68aTest,PASS,ok,79.459,D:\A_ThucNghiem\scripts_v2\workspaces\20260724_010022_d3f7f7b1__baseline_readiness\030_41547678_3bf6f68a,sandbox readiness passed,20260724_022225_resume240,30
228,558963:httpcache4j-api/src/main/java/org/codehaus/httpcache4j/status.java,558963,558963,httpcache4j-api,maven:httpcache4j-api,Maven,Status,Status_RBL4Test_095adb46,PASS,ok,0.293,D:\A_ThucNghiem\scripts_v2\workspaces\20260723_215359_ccfee980__baseline_readiness\025_558963_Status_095adb46,sandbox readiness passed,pilot60_resume_20260724_083102,25
229,45997449:webrex/src/main/java/com/ebayopensource/webrex/util/splitters.java,45997449,45997449,WebRex,maven:WebRex,Maven,Splitters,Splitters_RBL4_4e640540Test,PASS,ok,0.447,D:\A_ThucNghiem\scripts_v2\workspaces\20260724_010022_d3f7f7b1__baseline_readiness\060_45997449_4e640540,sandbox readiness passed,20260724_022225_resume240,60
230,46396068:hbase0.98/hbase-manager-0.98/src/main/java/com/kakao/hbase/manager/command/balance.java,46396068,46396068,hbase0.98/hbase-manager-0.98,maven:hbase0.98/hbase-manager-0.98,Maven,Balance,Balance_RBL4_d86eb020Test,PASS,ok,113.668,D:\A_ThucNghiem\scripts_v2\workspaces\20260724_010022_d3f7f7b1__baseline_readiness\068_46396068_d86eb020,sandbox readiness passed,20260724_022225_resume240,68
231,48046454:hazelcast-jet-core/src/main/java/com/hazelcast/jet/impl/util/reflectionutils.java,48046454,48046454,hazelcast-jet-core,maven:hazelcast-jet-core,Maven,ReflectionUtils,ReflectionUtils_RBL4_4f424f3bTest,PASS,ok,4.833,D:\A_ThucNghiem\scripts_v2\workspaces\20260724_010022_d3f7f7b1__baseline_readiness\084_48046454_4f424f3b,sandbox readiness passed,20260724_022225_resume240,84
232,3847504:modules/weblounge-common/src/main/java/ch/entwine/weblounge/common/impl/url/urlimpl.java,3847504,3847504,modules/weblounge-common,maven:modules/weblounge-common,Maven,UrlImpl,UrlImpl_RBL4_8ce169b0Test,PASS,ok,196.019,D:\A_ThucNghiem\scripts_v2\workspaces\20260724_010022_d3f7f7b1__baseline_readiness\009_3847504_8ce169b0,sandbox readiness passed,20260724_022225_resume240,9
233,3847504:modules/weblounge-common/src/main/java/ch/entwine/weblounge/common/impl/content/page/scriptimpl.java,3847504,3847504,modules/weblounge-common,maven:modules/weblounge-common,Maven,ScriptImpl,ScriptImpl_RBL4_1794d49eTest,PASS,ok,208.644,D:\A_ThucNghiem\scripts_v2\workspaces\20260724_010022_d3f7f7b1__baseline_readiness\010_3847504_1794d49e,sandbox readiness passed,20260724_022225_resume240,10
234,43105609:weixin-mp/src/main/java/com/riversoft/weixin/mp/message/mpmessages.java,43105609,43105609,weixin-mp,maven:weixin-mp,Maven,MpMessages,MpMessages_RBL4_bb977cfcTest,PASS,ok,33.474,D:\A_ThucNghiem\scripts_v2\workspaces\20260724_010022_d3f7f7b1__baseline_readiness\045_43105609_bb977cfc,sandbox readiness passed,20260724_022225_resume240,45
235,81384608:integrations/spark/spark-catalog/spark-catalog-core/src/main/java/com/thinkbiganalytics/kylo/catalog/spark/sources/spark/highwatermarkinputformat.java,81384608,81384608,integrations/spark/spark-catalog/spark-catalog-core,maven:integrations/spark/spark-catalog/spark-catalog-core,Maven,HighWaterMarkInputFormat,HighWaterMarkInputFormat_RBL4_5fd49e1fTest,PASS,ok,99.395,D:\A_ThucNghiem\scripts_v2\workspaces\20260724_010022_d3f7f7b1__baseline_readiness\190_81384608_5fd49e1f,sandbox readiness passed,20260724_022225_resume240,190
236,45997449:webrex/src/main/java/com/ebayopensource/webrex/util/joiners.java,45997449,45997449,WebRex,maven:WebRex,Maven,Joiners,Joiners_RBL4_dbe644b5Test,PASS,ok,0.454,D:\A_ThucNghiem\scripts_v2\workspaces\20260724_010022_d3f7f7b1__baseline_readiness\061_45997449_dbe644b5,sandbox readiness passed,20260724_022225_resume240,61
237,3847504:modules/weblounge-common/src/main/java/ch/entwine/weblounge/common/impl/content/page/pageleturiimpl.java,3847504,3847504,modules/weblounge-common,maven:modules/weblounge-common,Maven,PageletURIImpl,PageletURIImpl_RBL4_a30ec522Test,PASS,ok,170.812,D:\A_ThucNghiem\scripts_v2\workspaces\20260724_010022_d3f7f7b1__baseline_readiness\011_3847504_a30ec522,sandbox readiness passed,20260724_022225_resume240,11
238,44308560:src/robotframeworkcore/org.robotframework.ide.core-functions/src/main/java/org/rf/ide/core/execution/debug/stackframevariables.java,44308560,44308560,src/RobotFrameworkCore/org.robotframework.ide.core-functions,maven:src/RobotFrameworkCore/org.robotframework.ide.core-functions,Maven,StackFrameVariables,StackFrameVariables_RBL4Test_996db0ed,PASS,ok,111.664,D:\A_ThucNghiem\scripts_v2\workspaces\20260723_215359_ccfee980__baseline_readiness\013_44308560_StackFrameVariables_996db0ed,sandbox readiness passed,pilot60_resume_20260724_083102,13
239,558963:httpcache4j-api/src/main/java/org/codehaus/httpcache4j/mimetype.java,558963,558963,httpcache4j-api,maven:httpcache4j-api,Maven,MIMEType,MIMEType_RBL4_d908a814Test,PASS,ok,0.287,D:\A_ThucNghiem\scripts_v2\workspaces\20260724_010022_d3f7f7b1__baseline_readiness\100_558963_d908a814,sandbox readiness passed,20260724_022225_resume240,100
240,6944525:d2/src/main/java/com/linkedin/d2/balancer/util/warmuploadbalancer.java,6944525,6944525,d2,gradle:d2,Gradle,WarmUpLoadBalancer,WarmUpLoadBalancer_RBL4_7142b9faTest,PASS,ok,122.309,D:\A_ThucNghiem\scripts_v2\workspaces\20260724_010022_d3f7f7b1__baseline_readiness\156_6944525_7142b9fa,sandbox readiness passed,20260724_022225_resume240,156
241,66303306:web/src/main/java/com/bazaarvoice/emodb/web/scanner/scanstatus/datastorescanstatusdao.java,66303306,66303306,web,maven:web,Maven,DataStoreScanStatusDAO,DataStoreScanStatusDAO_RBL4_09996397Test,PASS,ok,163.834,D:\A_ThucNghiem\scripts_v2\workspaces\20260724_010022_d3f7f7b1__baseline_readiness\150_66303306_09996397,sandbox readiness passed,20260724_022225_resume240,150
242,46396068:hbase0.98/hbase-table-stat-0.98/src/main/java/com/kakao/hbase/stat/load/loadio.java,46396068,46396068,hbase0.98/hbase-table-stat-0.98,maven:hbase0.98/hbase-table-stat-0.98,Maven,LoadIO,LoadIO_RBL4_2ca68fd5Test,PASS,ok,27.459,D:\A_ThucNghiem\scripts_v2\workspaces\20260724_010022_d3f7f7b1__baseline_readiness\069_46396068_2ca68fd5,sandbox readiness passed,20260724_022225_resume240,69
243,61565876:injector/src/main/java/ch/jalu/injector/injectorimpl.java,61565876,61565876,injector,maven:injector,Maven,InjectorImpl,InjectorImpl_RBL4_0d84927dTest,PASS,ok,0.277,D:\A_ThucNghiem\scripts_v2\workspaces\20260724_010022_d3f7f7b1__baseline_readiness\119_61565876_0d84927d,sandbox readiness passed,20260724_022225_resume240,119
244,98410891:core/src/main/java/com/softavail/commsrouter/api/service/skillvalidator.java,98410891,98410891,core,maven:core,Maven,SkillValidator,SkillValidator_RBL4_cb7f3212Test,PASS,ok,24.549,D:\A_ThucNghiem\scripts_v2\workspaces\20260724_010022_d3f7f7b1__baseline_readiness\230_98410891_cb7f3212,sandbox readiness passed,20260724_022225_resume240,230
245,9884445:minnal-jaxrs/minnal-instrumentation-jaxrs/src/main/java/org/minnal/instrument/entity/entitynode.java,9884445,9884445,minnal-jaxrs/minnal-instrumentation-jaxrs,maven:minnal-jaxrs/minnal-instrumentation-jaxrs,Maven,EntityNode,EntityNode_RBL4Test_58c2959b,PASS,ok,11.712,D:\A_ThucNghiem\scripts_v2\workspaces\20260723_215359_ccfee980__baseline_readiness\059_9884445_EntityNode_58c2959b,sandbox readiness passed,pilot60_resume_20260724_083102,59
246,46396068:hbase0.98/hbase-common-0.98/src/main/java/com/kakao/hbase/common/util/util.java,46396068,46396068,hbase0.98/hbase-common-0.98,maven:hbase0.98/hbase-common-0.98,Maven,Util,Util_RBL4_ac867cd2Test,PASS,ok,0.3,D:\A_ThucNghiem\scripts_v2\workspaces\20260724_010022_d3f7f7b1__baseline_readiness\070_46396068_ac867cd2,sandbox readiness passed,20260724_022225_resume240,70
247,78444970:examples/graph/src/main/java/graph/algorithm/mst/jarnikprim.java,78444970,78444970,examples/graph,maven:examples/graph,Maven,JarnikPrim,JarnikPrim_RBL4_9f5bd54aTest,PASS,ok,2.66,D:\A_ThucNghiem\scripts_v2\workspaces\20260724_010022_d3f7f7b1__baseline_readiness\182_78444970_9f5bd54a,sandbox readiness passed,20260724_022225_resume240,182
248,3713233:core/src/main/java/org/junithelper/command/forcejunitversion3command.java,3713233,3713233,core,maven:core,Maven,ForceJUnitVersion3Command,ForceJUnitVersion3Command_RBL4_87a370f3Test,PASS,ok,1.657,D:\A_ThucNghiem\scripts_v2\workspaces\20260724_010022_d3f7f7b1__baseline_readiness\005_3713233_87a370f3,sandbox readiness passed,20260724_022225_resume240,5
249,39195736:jproperties-checks/src/main/java/org/sonar/jproperties/checks/generic/separatorconventioncheck.java,39195736,39195736,jproperties-checks,maven:jproperties-checks,Maven,SeparatorConventionCheck,SeparatorConventionCheck_RBL4Test_f2dcb8d8,PASS,ok,12.634,D:\A_ThucNghiem\scripts_v2\workspaces\20260723_215359_ccfee980__baseline_readiness\005_39195736_SeparatorConventionCheck_f2dcb8d8,sandbox readiness passed,pilot60_resume_20260724_083102,5
250,6944525:d2/src/main/java/com/linkedin/d2/balancer/strategies/relative/clientselector.java,6944525,6944525,d2,gradle:d2,Gradle,ClientSelector,ClientSelector_RBL4_2a9168baTest,PASS,ok,117.318,D:\A_ThucNghiem\scripts_v2\workspaces\20260724_010022_d3f7f7b1__baseline_readiness\157_6944525_2a9168ba,sandbox readiness passed,20260724_022225_resume240,157
251,558963:httpcache4j-api/src/main/java/org/codehaus/httpcache4j/auth/defaultauthenticator.java,558963,558963,httpcache4j-api,maven:httpcache4j-api,Maven,DefaultAuthenticator,DefaultAuthenticator_RBL4_64672f9fTest,PASS,ok,0.25,D:\A_ThucNghiem\scripts_v2\workspaces\20260724_010022_d3f7f7b1__baseline_readiness\101_558963_64672f9f,sandbox readiness passed,20260724_022225_resume240,101
252,45997449:webrex/src/main/java/com/ebayopensource/webrex/resource/cache/resourcecache.java,45997449,45997449,WebRex,maven:WebRex,Maven,ResourceCache,ResourceCache_RBL4_57adf17bTest,PASS,ok,0.437,D:\A_ThucNghiem\scripts_v2\workspaces\20260724_010022_d3f7f7b1__baseline_readiness\062_45997449_57adf17b,sandbox readiness passed,20260724_022225_resume240,62
253,98410891:core/src/main/java/com/softavail/commsrouter/domain/dto/mappers/attributedomainmapper.java,98410891,98410891,core,maven:core,Maven,AttributeDomainMapper,AttributeDomainMapper_RBL4_8e2f6551Test,PASS,ok,36.997,D:\A_ThucNghiem\scripts_v2\workspaces\20260724_010022_d3f7f7b1__baseline_readiness\231_98410891_8e2f6551,sandbox readiness passed,20260724_022225_resume240,231
254,558963:httpcache4j-api/src/main/java/org/codehaus/httpcache4j/httpresponse.java,558963,558963,httpcache4j-api,maven:httpcache4j-api,Maven,HTTPResponse,HTTPResponse_RBL4_589cc16fTest,PASS,ok,0.386,D:\A_ThucNghiem\scripts_v2\workspaces\20260724_010022_d3f7f7b1__baseline_readiness\102_558963_589cc16f,sandbox readiness passed,20260724_022225_resume240,102
255,3847504:modules/weblounge-common/src/main/java/ch/entwine/weblounge/common/impl/scheduler/periodicjobtrigger.java,3847504,3847504,modules/weblounge-common,maven:modules/weblounge-common,Maven,PeriodicJobTrigger,PeriodicJobTrigger_RBL4_4c73c73cTest,PASS,ok,52.532,D:\A_ThucNghiem\scripts_v2\workspaces\20260724_010022_d3f7f7b1__baseline_readiness\012_3847504_4c73c73c,sandbox readiness passed,20260724_022225_resume240,12
256,85795396:core/src/main/java/org/apache/calcite/avatica/remote/kerberosconnection.java,85795396,85795396,core,gradle:core,Gradle,KerberosConnection,KerberosConnection_RBL4_e0bbdbb3Test,PASS,ok,61.579,D:\A_ThucNghiem\scripts_v2\workspaces\20260724_010022_d3f7f7b1__baseline_readiness\197_85795396_e0bbdbb3,sandbox readiness passed,20260724_022225_resume240,197
257,3847504:modules/weblounge-common/src/main/java/ch/entwine/weblounge/common/impl/scheduler/quartzjob.java,3847504,3847504,modules/weblounge-common,maven:modules/weblounge-common,Maven,QuartzJob,QuartzJob_RBL4Test_b84fb44f,PASS,ok,128.878,D:\A_ThucNghiem\scripts_v2\workspaces\20260723_215359_ccfee980__baseline_readiness\002_3847504_QuartzJob_b84fb44f,sandbox readiness passed,pilot60_resume_20260724_083102,2
258,48046454:hazelcast-jet-core/src/main/java/com/hazelcast/jet/impl/connector/writefilep.java,48046454,48046454,hazelcast-jet-core,maven:hazelcast-jet-core,Maven,WriteFileP,WriteFileP_RBL4_85ca0ba5Test,PASS,ok,4.911,D:\A_ThucNghiem\scripts_v2\workspaces\20260724_010022_d3f7f7b1__baseline_readiness\085_48046454_85ca0ba5,sandbox readiness passed,20260724_022225_resume240,85
259,41547678:turin-compiler/src/main/java/me/tomassetti/turin/parser/ast/turintypedefinition.java,41547678,41547678,turin-compiler,maven:turin-compiler,Maven,TurinTypeDefinition,TurinTypeDefinition_RBL4_09c89a18Test,PASS,ok,115.795,D:\A_ThucNghiem\scripts_v2\workspaces\20260724_010022_d3f7f7b1__baseline_readiness\031_41547678_09c89a18,sandbox readiness passed,20260724_022225_resume240,31
260,39195736:jproperties-checks/src/main/java/org/sonar/jproperties/checks/generic/hardcodedcredentialscheck.java,39195736,39195736,jproperties-checks,maven:jproperties-checks,Maven,HardCodedCredentialsCheck,HardCodedCredentialsCheck_RBL4_931043c2Test,PASS,ok,40.995,D:\A_ThucNghiem\scripts_v2\workspaces\20260724_010022_d3f7f7b1__baseline_readiness\023_39195736_931043c2,sandbox readiness passed,20260724_022225_resume240,23
261,64487983:hexagonal/src/main/java/com/iluwatar/hexagonal/domain/lotteryticket.java,64487983,64487983,hexagonal,maven:hexagonal,Maven,LotteryTicket,LotteryTicket_RBL4Test_81d1374a,PASS,ok,2.263,D:\A_ThucNghiem\scripts_v2\workspaces\20260723_215359_ccfee980__baseline_readiness\035_64487983_LotteryTicket_81d1374a,sandbox readiness passed,pilot60_resume_20260724_083102,35
262,81384608:integrations/spark/spark-catalog/spark-catalog-core/src/main/java/com/thinkbiganalytics/kylo/catalog/spark/sources/spark/sparkdatasetcontext.java,81384608,81384608,integrations/spark/spark-catalog/spark-catalog-core,maven:integrations/spark/spark-catalog/spark-catalog-core,Maven,SparkDataSetContext,SparkDataSetContext_RBL4_7e6fcfeeTest,PASS,ok,118.703,D:\A_ThucNghiem\scripts_v2\workspaces\20260724_010022_d3f7f7b1__baseline_readiness\191_81384608_7e6fcfee,sandbox readiness passed,20260724_022225_resume240,191
263,6944525:d2/src/main/java/com/linkedin/d2/backuprequests/trackingbackuprequestsstrategy.java,6944525,6944525,d2,gradle:d2,Gradle,TrackingBackupRequestsStrategy,TrackingBackupRequestsStrategy_RBL4_f80fcb7aTest,PASS,ok,122.006,D:\A_ThucNghiem\scripts_v2\workspaces\20260724_010022_d3f7f7b1__baseline_readiness\158_6944525_f80fcb7a,sandbox readiness passed,20260724_022225_resume240,158
264,3713233:core/src/main/java/org/junithelper/core/util/primitivetypeutil.java,3713233,3713233,core,maven:core,Maven,PrimitiveTypeUtil,PrimitiveTypeUtil_RBL4_0aa8a201Test,PASS,ok,1.854,D:\A_ThucNghiem\scripts_v2\workspaces\20260724_010022_d3f7f7b1__baseline_readiness\006_3713233_0aa8a201,sandbox readiness passed,20260724_022225_resume240,6
265,81384608:integrations/spark/spark-catalog/spark-catalog-core/src/main/java/com/thinkbiganalytics/kylo/catalog/spark/sources/abstractjdbcdatasetprovider.java,81384608,81384608,integrations/spark/spark-catalog/spark-catalog-core,maven:integrations/spark/spark-catalog/spark-catalog-core,Maven,AbstractJdbcDataSetProvider,AbstractJdbcDataSetProvider_RBL4Test_afd5506e,PASS,ok,45.114,D:\A_ThucNghiem\scripts_v2\workspaces\20260723_215359_ccfee980__baseline_readiness\047_81384608_AbstractJdbcDataSetProvider_afd5506e,sandbox readiness passed,pilot60_resume_20260724_083102,47
266,95247959:http-clients/netty-nio-client/src/main/java/software/amazon/awssdk/http/nio/netty/internal/utils/betterfixedchannelpool.java,95247959,95247959,http-clients/netty-nio-client,maven:http-clients/netty-nio-client,Maven,BetterFixedChannelPool,BetterFixedChannelPool_RBL4_4477633fTest,PASS,ok,160.521,D:\A_ThucNghiem\scripts_v2\workspaces\20260724_010022_d3f7f7b1__baseline_readiness\206_95247959_4477633f,sandbox readiness passed,20260724_022225_resume240,206
267,6944525:d2/src/main/java/com/linkedin/d2/balancer/strategies/relative/stateupdater.java,6944525,6944525,d2,gradle:d2,Gradle,StateUpdater,StateUpdater_RBL4_c1262f90Test,PASS,ok,122.449,D:\A_ThucNghiem\scripts_v2\workspaces\20260724_010022_d3f7f7b1__baseline_readiness\159_6944525_c1262f90,sandbox readiness passed,20260724_022225_resume240,159
268,6293402:server/src/main/java/com/vaadin/data/provider/datacommunicator.java,6293402,6293402,server,maven:server,Maven,DataCommunicator,DataCommunicator_RBL4_9bb6c751Test,PASS,ok,15.077,D:\A_ThucNghiem\scripts_v2\workspaces\20260724_010022_d3f7f7b1__baseline_readiness\125_6293402_9bb6c751,sandbox readiness passed,20260724_022225_resume240,125
269,3847504:modules/weblounge-common/src/main/java/ch/entwine/weblounge/common/impl/security/siteadminimpl.java,3847504,3847504,modules/weblounge-common,maven:modules/weblounge-common,Maven,SiteAdminImpl,SiteAdminImpl_RBL4_17e4fcfbTest,PASS,ok,54.566,D:\A_ThucNghiem\scripts_v2\workspaces\20260724_010022_d3f7f7b1__baseline_readiness\013_3847504_17e4fcfb,sandbox readiness passed,20260724_022225_resume240,13
270,85795396:core/src/main/java/org/apache/calcite/avatica/connectionpropertiesimpl.java,85795396,85795396,core,gradle:core,Gradle,ConnectionPropertiesImpl,ConnectionPropertiesImpl_RBL4_5c0f04f0Test,PASS,ok,64.757,D:\A_ThucNghiem\scripts_v2\workspaces\20260724_010022_d3f7f7b1__baseline_readiness\198_85795396_5c0f04f0,sandbox readiness passed,20260724_022225_resume240,198
271,46396068:hbase0.98/hbase-manager-0.98/src/main/java/com/kakao/hbase/manager/command/mc.java,46396068,46396068,hbase0.98/hbase-manager-0.98,maven:hbase0.98/hbase-manager-0.98,Maven,MC,MC_RBL4Test_d7f89729,PASS,ok,48.609,D:\A_ThucNghiem\scripts_v2\workspaces\20260723_215359_ccfee980__baseline_readiness\017_46396068_MC_d7f89729,sandbox readiness passed,pilot60_resume_20260724_083102,17
272,46396068:hbase0.98/hbase-snapshot-0.98/src/main/java/com/kakao/hbase/snapshot/snapshot.java,46396068,46396068,hbase0.98/hbase-snapshot-0.98,maven:hbase0.98/hbase-snapshot-0.98,Maven,Snapshot,Snapshot_RBL4_46effb3eTest,PASS,ok,26.757,D:\A_ThucNghiem\scripts_v2\workspaces\20260724_010022_d3f7f7b1__baseline_readiness\071_46396068_46effb3e,sandbox readiness passed,20260724_022225_resume240,71
273,74999474:parsec-clients/src/main/java/com/yahoo/parsec/clients/parsecasynchttprequest.java,74999474,74999474,parsec-clients,gradle:parsec-clients,Gradle,ParsecAsyncHttpRequest,ParsecAsyncHttpRequest_RBL4_4328525aTest,PASS,ok,14.739,D:\A_ThucNghiem\scripts_v2\workspaces\20260724_010022_d3f7f7b1__baseline_readiness\167_74999474_4328525a,sandbox readiness passed,20260724_022225_resume240,167
274,6293402:server/src/main/java/com/vaadin/server/communication/metadatawriter.java,6293402,6293402,server,maven:server,Maven,MetadataWriter,MetadataWriter_RBL4_7f52707cTest,PASS,ok,15.162,D:\A_ThucNghiem\scripts_v2\workspaces\20260724_010022_d3f7f7b1__baseline_readiness\126_6293402_7f52707c,sandbox readiness passed,20260724_022225_resume240,126
275,9619226:spring-data-simpledb-impl/src/main/java/org/springframework/data/simpledb/exception/simpledbexceptiontranslator.java,9619226,9619226,spring-data-simpledb-impl,maven:spring-data-simpledb-impl,Maven,SimpleDbExceptionTranslator,SimpleDbExceptionTranslator_RBL4_9f019880Test,PASS,ok,0.282,D:\A_ThucNghiem\scripts_v2\workspaces\20260724_010022_d3f7f7b1__baseline_readiness\213_9619226_9f019880,sandbox readiness passed,20260724_022225_resume240,213
276,9619226:spring-data-simpledb-impl/src/main/java/org/springframework/data/simpledb/query/parttreeconverter.java,9619226,9619226,spring-data-simpledb-impl,maven:spring-data-simpledb-impl,Maven,PartTreeConverter,PartTreeConverter_RBL4_0742ac9cTest,PASS,ok,0.295,D:\A_ThucNghiem\scripts_v2\workspaces\20260724_010022_d3f7f7b1__baseline_readiness\214_9619226_0742ac9c,sandbox readiness passed,20260724_022225_resume240,214
277,9884445:minnal-jaxrs/minnal-instrumentation-jaxrs/src/main/java/org/minnal/instrument/entity/metadata/actionmetadata.java,9884445,9884445,minnal-jaxrs/minnal-instrumentation-jaxrs,maven:minnal-jaxrs/minnal-instrumentation-jaxrs,Maven,ActionMetaData,ActionMetaData_RBL4_8bc4b0feTest,PASS,ok,41.628,D:\A_ThucNghiem\scripts_v2\workspaces\20260724_010022_d3f7f7b1__baseline_readiness\239_9884445_8bc4b0fe,sandbox readiness passed,20260724_022225_resume240,239
278,64487983:hexagonal/src/main/java/com/iluwatar/hexagonal/domain/playerdetails.java,64487983,64487983,hexagonal,maven:hexagonal,Maven,PlayerDetails,PlayerDetails_RBL4_77b9df0eTest,PASS,ok,3.931,D:\A_ThucNghiem\scripts_v2\workspaces\20260724_010022_d3f7f7b1__baseline_readiness\143_64487983_77b9df0e,sandbox readiness passed,20260724_022225_resume240,143
279,3713233:core/src/main/java/org/junithelper/core/extractor/constructormetaextractor.java,3713233,3713233,core,maven:core,Maven,ConstructorMetaExtractor,ConstructorMetaExtractor_RBL4Test_aefe9473,PASS,ok,6.664,D:\A_ThucNghiem\scripts_v2\workspaces\20260723_215359_ccfee980__baseline_readiness\001_3713233_ConstructorMetaExtractor_aefe9473,sandbox readiness passed,pilot60_resume_20260724_083102,1
280,45997449:webrex/src/main/java/com/ebayopensource/webrex/resource/resourceurn.java,45997449,45997449,WebRex,maven:WebRex,Maven,ResourceUrn,ResourceUrn_RBL4_ef2a07abTest,PASS,ok,0.441,D:\A_ThucNghiem\scripts_v2\workspaces\20260724_010022_d3f7f7b1__baseline_readiness\063_45997449_ef2a07ab,sandbox readiness passed,20260724_022225_resume240,63
281,9619226:spring-data-simpledb-impl/src/main/java/org/springframework/data/simpledb/attributeutil/simpledbattributeconverter.java,9619226,9619226,spring-data-simpledb-impl,maven:spring-data-simpledb-impl,Maven,SimpleDBAttributeConverter,SimpleDBAttributeConverter_RBL4_3b9a0f18Test,PASS,ok,0.299,D:\A_ThucNghiem\scripts_v2\workspaces\20260724_010022_d3f7f7b1__baseline_readiness\215_9619226_3b9a0f18,sandbox readiness passed,20260724_022225_resume240,215
282,558963:httpcache4j-api/src/main/java/org/codehaus/httpcache4j/httprequest.java,558963,558963,httpcache4j-api,maven:httpcache4j-api,Maven,HTTPRequest,HTTPRequest_RBL4_a04d55a6Test,PASS,ok,0.264,D:\A_ThucNghiem\scripts_v2\workspaces\20260724_010022_d3f7f7b1__baseline_readiness\103_558963_a04d55a6,sandbox readiness passed,20260724_022225_resume240,103
283,95247959:http-clients/netty-nio-client/src/main/java/software/amazon/awssdk/http/nio/netty/proxyconfiguration.java,95247959,95247959,http-clients/netty-nio-client,maven:http-clients/netty-nio-client,Maven,ProxyConfiguration,ProxyConfiguration_RBL4_51b0240dTest,PASS,ok,166.232,D:\A_ThucNghiem\scripts_v2\workspaces\20260724_010022_d3f7f7b1__baseline_readiness\207_95247959_51b0240d,sandbox readiness passed,20260724_022225_resume240,207
284,6437134:enav-serialization/src/main/java/dk/dma/enav/serialization/rourouteparser.java,6437134,6437134,enav-serialization,maven:enav-serialization,Maven,RouRouteParser,RouRouteParser_RBL4_4b2ecd0dTest,PASS,ok,20.207,D:\A_ThucNghiem\scripts_v2\workspaces\20260724_010022_d3f7f7b1__baseline_readiness\133_6437134_4b2ecd0d,sandbox readiness passed,20260724_022225_resume240,133
285,43105609:weixin-mp/src/main/java/com/riversoft/weixin/mp/jsapi/jsapis.java,43105609,43105609,weixin-mp,maven:weixin-mp,Maven,JsAPIs,JsAPIs_RBL4_b72d8019Test,PASS,ok,33.55,D:\A_ThucNghiem\scripts_v2\workspaces\20260724_010022_d3f7f7b1__baseline_readiness\046_43105609_b72d8019,sandbox readiness passed,20260724_022225_resume240,46
286,48046454:hazelcast-jet-core/src/main/java/com/hazelcast/jet/impl/connector/streamfilesp.java,48046454,48046454,hazelcast-jet-core,maven:hazelcast-jet-core,Maven,StreamFilesP,StreamFilesP_RBL4_cc4c3bc7Test,PASS,ok,4.895,D:\A_ThucNghiem\scripts_v2\workspaces\20260724_010022_d3f7f7b1__baseline_readiness\086_48046454_cc4c3bc7,sandbox readiness passed,20260724_022225_resume240,86
287,66303306:event/src/main/java/com/bazaarvoice/emodb/event/db/astyanax/astyanaxeventreaderdao.java,66303306,66303306,event,maven:event,Maven,AstyanaxEventReaderDAO,AstyanaxEventReaderDAO_RBL4_e916fda0Test,PASS,ok,21.093,D:\A_ThucNghiem\scripts_v2\workspaces\20260724_010022_d3f7f7b1__baseline_readiness\151_66303306_e916fda0,sandbox readiness passed,20260724_022225_resume240,151
288,48046454:hazelcast-jet-core/src/main/java/com/hazelcast/jet/config/jobconfig.java,48046454,48046454,hazelcast-jet-core,maven:hazelcast-jet-core,Maven,JobConfig,JobConfig_RBL4_3a062b6cTest,PASS,ok,4.853,D:\A_ThucNghiem\scripts_v2\workspaces\20260724_010022_d3f7f7b1__baseline_readiness\087_48046454_3a062b6c,sandbox readiness passed,20260724_022225_resume240,87
289,98410891:core-interface/src/main/java/com/softavail/commsrouter/api/dto/model/skill/numberinterval.java,98410891,98410891,core-interface,maven:core-interface,Maven,NumberInterval,NumberInterval_RBL4Test_e3efc426,PASS,ok,9.054,D:\A_ThucNghiem\scripts_v2\workspaces\20260723_215359_ccfee980__baseline_readiness\057_98410891_NumberInterval_e3efc426,sandbox readiness passed,pilot60_resume_20260724_083102,57
290,3847504:modules/weblounge-common/src/main/java/ch/entwine/weblounge/common/impl/content/page/pageimpl.java,3847504,3847504,modules/weblounge-common,maven:modules/weblounge-common,Maven,PageImpl,PageImpl_RBL4Test_f985aed1,PASS,ok,122.205,D:\A_ThucNghiem\scripts_v2\workspaces\20260723_215359_ccfee980__baseline_readiness\003_3847504_PageImpl_f985aed1,sandbox readiness passed,pilot60_resume_20260724_083102,3
291,6437134:enav-serialization/src/main/java/dk/dma/enav/serialization/simplerouteparser.java,6437134,6437134,enav-serialization,maven:enav-serialization,Maven,SimpleRouteParser,SimpleRouteParser_RBL4_3ed00afbTest,PASS,ok,18.247,D:\A_ThucNghiem\scripts_v2\workspaces\20260724_010022_d3f7f7b1__baseline_readiness\134_6437134_3ed00afb,sandbox readiness passed,20260724_022225_resume240,134
292,78444970:examples/graph/src/main/java/graph/algorithm/path/floydwarshall.java,78444970,78444970,examples/graph,maven:examples/graph,Maven,FloydWarshall,FloydWarshall_RBL4_592f2b06Test,PASS,ok,2.636,D:\A_ThucNghiem\scripts_v2\workspaces\20260724_010022_d3f7f7b1__baseline_readiness\183_78444970_592f2b06,sandbox readiness passed,20260724_022225_resume240,183
293,6293402:server/src/main/java/com/vaadin/server/communication/serverrpchandler.java,6293402,6293402,server,maven:server,Maven,ServerRpcHandler,ServerRpcHandler_RBL4_1a82f048Test,PASS,ok,15.059,D:\A_ThucNghiem\scripts_v2\workspaces\20260724_010022_d3f7f7b1__baseline_readiness\127_6293402_1a82f048,sandbox readiness passed,20260724_022225_resume240,127
294,43105609:weixin-mp/src/main/java/com/riversoft/weixin/mp/message/mpxmlmessages.java,43105609,43105609,weixin-mp,maven:weixin-mp,Maven,MpXmlMessages,MpXmlMessages_RBL4_368a2ac2Test,PASS,ok,33.83,D:\A_ThucNghiem\scripts_v2\workspaces\20260724_010022_d3f7f7b1__baseline_readiness\047_43105609_368a2ac2,sandbox readiness passed,20260724_022225_resume240,47
295,3847504:modules/weblounge-common/src/main/java/ch/entwine/weblounge/common/impl/content/page/pageletrendererimpl.java,3847504,3847504,modules/weblounge-common,maven:modules/weblounge-common,Maven,PageletRendererImpl,PageletRendererImpl_RBL4_a6858dc4Test,PASS,ok,58.489,D:\A_ThucNghiem\scripts_v2\workspaces\20260724_010022_d3f7f7b1__baseline_readiness\014_3847504_a6858dc4,sandbox readiness passed,20260724_022225_resume240,14
296,3847504:modules/weblounge-common/src/main/java/ch/entwine/weblounge/common/impl/url/weburlimpl.java,3847504,3847504,modules/weblounge-common,maven:modules/weblounge-common,Maven,WebUrlImpl,WebUrlImpl_RBL4_0a423268Test,PASS,ok,60.05,D:\A_ThucNghiem\scripts_v2\workspaces\20260724_010022_d3f7f7b1__baseline_readiness\015_3847504_0a423268,sandbox readiness passed,20260724_022225_resume240,15
297,6437134:enav-serialization/src/main/java/dk/dma/enav/serialization/rt3routeparser.java,6437134,6437134,enav-serialization,maven:enav-serialization,Maven,Rt3RouteParser,Rt3RouteParser_RBL4_b2fce36cTest,PASS,ok,25.268,D:\A_ThucNghiem\scripts_v2\workspaces\20260724_010022_d3f7f7b1__baseline_readiness\135_6437134_b2fce36c,sandbox readiness passed,20260724_022225_resume240,135
298,85795396:core/src/main/java/org/apache/calcite/avatica/querystate.java,85795396,85795396,core,gradle:core,Gradle,QueryState,QueryState_RBL4_22b34a0aTest,PASS,ok,63.364,D:\A_ThucNghiem\scripts_v2\workspaces\20260724_010022_d3f7f7b1__baseline_readiness\199_85795396_22b34a0a,sandbox readiness passed,20260724_022225_resume240,199
299,3713233:core/src/main/java/org/junithelper/core/filter/impl/triminsideofbracefilter.java,3713233,3713233,core,maven:core,Maven,TrimInsideOfBraceFilter,TrimInsideOfBraceFilter_RBL4_4b7d40a8Test,PASS,ok,1.915,D:\A_ThucNghiem\scripts_v2\workspaces\20260724_010022_d3f7f7b1__baseline_readiness\007_3713233_4b7d40a8,sandbox readiness passed,20260724_022225_resume240,7
