timestamp_utc,phase,project,module,arm,sample_index,class_key,focal_class,test_class,status,duration_sec,detail
2026-07-23T13:02:36+00:00,baseline_scope_build,3713233,core,,,,,,PASS,5.864,"normalized missing POM D:\A_ThucNghiem\compiledrepos\3713233\pom.xml -> D:\A_ThucNghiem\compiledrepos\3713233\core\pom.xml
[INFO] Scanning for projects...
[WARNING] 
[WARNING] Some problems were encountered while building the effective model for org.junithelper:junithelper-core:jar:1.12
[WARNING] 'build.plugins.plugin.version' for org.apache.maven.plugins:maven-gpg-plugin is missing. @ line 58, column 21
[WARNING] 'build.plugins.plugin.version' for org.apache.maven.plugins:maven-compiler-plugin is missing. @ line 85, column 21
[WARNING] 'build.plugins.plugin.version' for org.junithelper:maven-junithelper-plugin is missing. @ line 132, column 21
[WARNING] 'build.plugins.plugin.version' for org.apache.maven.plugins:maven-jar-plugin is missing. @ line 76, column 21
[WARNING] 'build.plugins.plugin.version' for org.apache.maven.plugins:maven-source-plugin is missing. @ line 93, column 21
[WARNING] 'build.plugins.plugin.version' for org.apache.maven.plugins:maven-javadoc-plugin is missing. @ line 111, column 21
[WARNING] 'build.plugins.plugin.version' for org.apache.maven.plugins:maven-resources-plugin is missing. @ line 105, column 21
[WARNING] 
[WARNING] It is highly recommended to fix these problems because they threaten the stability of your build.
[WARNING] 
[WARNING] For this reason, future Maven versions might no longer support building such malformed projects.
[WARNING] 
[INFO] 
[INFO] ------------------< org.junithelper:junithelper-core >------------------
[INFO] Building junithelper-core 1.12
[INFO]   from pom.xml
[INFO] --------------------------------[ jar ]---------------------------------
[WARNING] Ignoring incompatible plugin version 4.0.0-beta-1: 
The plugin org.apache.maven.plugins:maven-source-plugin:4.0.0-beta-1 has unmet prerequisites: 
	Required Java version 17 is not met by current version: 1.8.0_172
	Required Maven version 4.0.0-beta-3 is not met by current version 3.9.16
[INFO] Latest version of plugin org.apache.maven.plugins:maven-source-plugin failed compatibility check
[INFO] Looking for compatible RELEASE version of plugin org.apache.maven.plugins:maven-source-plugin
[INFO] Selected plugin org.apache.maven.plugins:maven-source-plugin:3.4.0
[INFO] 
[INFO] --- clean:3.2.0:clean (default-clean) @ junithelper-core ---
[INFO] Deleting D:\A_ThucNghiem\compiledrepos\3713233\core\target
[INFO] 
[INFO] --- enforcer:1.0:enforce (enforce-maven) @ junithelper-core ---
[INFO] 
[INFO] --- resources:3.4.0:resources (default-resources) @ junithelper-core ---
[INFO] Copying 3 resources from src\main\resources to target\classes
[INFO] The encoding used to copy filtered properties files has not been set. This means that the same encoding will be used to copy filtered properties files as when copying other filtered resources. This might not be what you want! Run your build with --debug to see which files might be affected. Read more at https://maven.apache.org/plugins/maven-resources-plugin/examples/filtering-properties-files.html
[INFO] 
[INFO] --- compiler:3.15.0:compile (default-compile) @ junithelper-core ---
[INFO] Recompiling the module because of changed source code.
[INFO] Compiling 84 source files with javac [debug target 1.6] to target\classes
[WARNING] bootstrap class path not set in conjunction with -source 1.6
[INFO] 
[INFO] --- resources:3.4.0:testResources (default-testResources) @ junithelper-core ---
[INFO] Copying 29 resources from src\test\resources to target\test-classes
[INFO] 
[INFO] --- compiler:3.15.0:testCompile (default-testCompile) @ junithelper-core ---
[INFO] Recompiling the module because of changed dependency.
[INFO] Compiling 77 source files with javac [debug target 1.6] to target\test-classes
[WARNING] bootstrap class path not set in conjunction with -source 1.6
[INFO] ------------------------------------------------------------------------
[INFO] BUILD SUCCESS
[INFO] ------------------------------------------------------------------------
[INFO] Total time:  2.893 s
[INFO] Finished at: 2026"
2026-07-23T13:02:46+00:00,baseline_scope_build,3847504,modules/weblounge-common,,,,,,PASS,9.347,"------------------------------------------------
[INFO] Reactor Build Order:
[INFO] 
[INFO] Weblounge                                                          [pom]
[INFO] Weblounge Common API                                            [bundle]
[INFO] Weblounge Common                                                [bundle]
[INFO] 
[INFO] ----------------< ch.entwine.weblounge:weblounge-base >-----------------
[INFO] Building Weblounge 4.0.0-SNAPSHOT                                  [1/3]
[INFO]   from pom.xml
[INFO] --------------------------------[ pom ]---------------------------------
[INFO] 
[INFO] --- clean:2.5:clean (default-clean) @ weblounge-base ---
[INFO] 
[INFO] -------------< ch.entwine.weblounge:weblounge-common-api >--------------
[INFO] Building Weblounge Common API 4.0.0-SNAPSHOT                       [2/3]
[INFO]   from modules\weblounge-common-api\pom.xml
[INFO] -------------------------------[ bundle ]-------------------------------
[INFO] 
[INFO] --- clean:2.5:clean (default-clean) @ weblounge-common-api ---
[INFO] Deleting D:\A_ThucNghiem\compiledrepos\3847504\modules\weblounge-common-api\target
[INFO] 
[INFO] --- resources:2.6:resources (default-resources) @ weblounge-common-api ---
[INFO] Using 'UTF-8' encoding to copy filtered resources.
[INFO] Copying 1 resource
[INFO] 
[INFO] --- compiler:3.1:compile (default-compile) @ weblounge-common-api ---
[INFO] Changes detected - recompiling the module!
[INFO] Compiling 147 source files to D:\A_ThucNghiem\compiledrepos\3847504\modules\weblounge-common-api\target\classes
[INFO] 
[INFO] --- resources:2.6:testResources (default-testResources) @ weblounge-common-api ---
[INFO] Using 'UTF-8' encoding to copy filtered resources.
[INFO] Copying 1 resource
[INFO] skip non existing resourceDirectory D:\A_ThucNghiem\compiledrepos\3847504\modules\weblounge-common-api\src\test\resources
[INFO] 
[INFO] --- compiler:3.1:testCompile (default-testCompile) @ weblounge-common-api ---
[INFO] Changes detected - recompiling the module!
[INFO] Compiling 1 source file to D:\A_ThucNghiem\compiledrepos\3847504\modules\weblounge-common-api\target\test-classes
[INFO] 
[INFO] ---------------< ch.entwine.weblounge:weblounge-common >----------------
[INFO] Building Weblounge Common 4.0.0-SNAPSHOT                           [3/3]
[INFO]   from modules\weblounge-common\pom.xml
[INFO] -------------------------------[ bundle ]-------------------------------
[INFO] 
[INFO] --- clean:2.5:clean (default-clean) @ weblounge-common ---
[INFO] Deleting D:\A_ThucNghiem\compiledrepos\3847504\modules\weblounge-common\target
[INFO] 
[INFO] --- resources:2.6:resources (default-resources) @ weblounge-common ---
[INFO] Using 'UTF-8' encoding to copy filtered resources.
[INFO] Copying 6 resources
[INFO] 
[INFO] --- compiler:3.1:compile (default-compile) @ weblounge-common ---
[INFO] Changes detected - recompiling the module!
[INFO] Compiling 185 source files to D:\A_ThucNghiem\compiledrepos\3847504\modules\weblounge-common\target\classes
[WARNING] /D:/A_ThucNghiem/compiledrepos/3847504/modules/weblounge-common/src/main/java/ch/entwine/weblounge/common/impl/testing/MockHttpSession.java: Some input files use or override a deprecated API.
[WARNING] /D:/A_ThucNghiem/compiledrepos/3847504/modules/weblounge-common/src/main/java/ch/entwine/weblounge/common/impl/testing/MockHttpSession.java: Recompile with -Xlint:deprecation for details.
[WARNING] /D:/A_ThucNghiem/compiledrepos/3847504/modules/weblounge-common/src/main/java/ch/entwine/weblounge/common/impl/content/page/PageTemplateImpl.java: Some input files use unchecked or unsafe operations.
[WARNING] /D:/A_ThucNghiem/compiledrepos/3847504/modules/weblounge-common/src/main/java/ch/entwine/weblounge/common/impl/content/page/PageTemplateImpl.java: Recompile with -Xlint:unchecked for details.
[INFO] 
[INFO] --- resources:2.6:testResources (default-testResources) @ weblounge-common ---
[INFO] Using 'UTF-8' encoding to copy filtered resources.
[INFO] Copying 1 resource
["
2026-07-23T13:02:58+00:00,baseline_scope_build,39195736,jproperties-checks,,,,,,PASS,12.221,"--
[INFO] Deleting D:\A_ThucNghiem\compiledrepos\39195736\jproperties-checks-testkit\target
[INFO] 
[INFO] --- buildnumber:1.4:create (default) @ jproperties-checks-testkit ---
[INFO] 
[INFO] --- enforcer:3.0.0-M1:enforce (enforce) @ jproperties-checks-testkit ---
[INFO] 
[INFO] --- license:3.0:check (enforce-license-headers) @ jproperties-checks-testkit ---
[INFO] Checking licenses...
[INFO] 
[INFO] --- jacoco:0.7.9:prepare-agent (agent) @ jproperties-checks-testkit ---
[INFO] argLine set to -javaagent:C:\\Users\\admin\\.m2\\repository\\org\\jacoco\\org.jacoco.agent\\0.7.9\\org.jacoco.agent-0.7.9-runtime.jar=destfile=D:\\A_ThucNghiem\\compiledrepos\\39195736\\jproperties-checks-testkit\\..\\target\\jacoco.exec,append=true
[INFO] 
[INFO] --- bsh:1.4:run (compute-artifact-display-version) @ jproperties-checks-testkit ---
[INFO] Executing Script
[INFO] file class java.lang.Object
[INFO] script class java.lang.String
[INFO] evaluating script if (! ""2.7-SNAPSHOT"".endsWith(""-SNAPSHOT"")) { [+ 15 omitted line(s)]
[INFO] 
[INFO] --- resources:3.0.2:resources (default-resources) @ jproperties-checks-testkit ---
[INFO] Using 'UTF-8' encoding to copy filtered resources.
[INFO] skip non existing resourceDirectory D:\A_ThucNghiem\compiledrepos\39195736\jproperties-checks-testkit\src\main\resources
[INFO] 
[INFO] --- compiler:3.7.0:compile (default-compile) @ jproperties-checks-testkit ---
[INFO] Changes detected - recompiling the module!
[INFO] Compiling 4 source files to D:\A_ThucNghiem\compiledrepos\39195736\jproperties-checks-testkit\target\classes
[INFO] 
[INFO] --- resources:3.0.2:testResources (default-testResources) @ jproperties-checks-testkit ---
[INFO] Using 'UTF-8' encoding to copy filtered resources.
[INFO] skip non existing resourceDirectory D:\A_ThucNghiem\compiledrepos\39195736\jproperties-checks-testkit\src\test\resources
[INFO] 
[INFO] --- compiler:3.7.0:testCompile (default-testCompile) @ jproperties-checks-testkit ---
[INFO] No sources to compile
[INFO] 
[INFO] -----< org.codehaus.sonar-plugins.jproperties:jproperties-checks >------
[INFO] Building SonarQube Java Properties Analyzer :: Checks 2.7-SNAPSHOT [4/4]
[INFO]   from jproperties-checks\pom.xml
[INFO] --------------------------------[ jar ]---------------------------------
[INFO] 
[INFO] --- clean:3.0.0:clean (default-clean) @ jproperties-checks ---
[INFO] Deleting D:\A_ThucNghiem\compiledrepos\39195736\jproperties-checks\target
[INFO] 
[INFO] --- buildnumber:1.4:create (default) @ jproperties-checks ---
[INFO] 
[INFO] --- enforcer:3.0.0-M1:enforce (enforce) @ jproperties-checks ---
[INFO] 
[INFO] --- license:3.0:check (enforce-license-headers) @ jproperties-checks ---
[INFO] Checking licenses...
[INFO] 
[INFO] --- jacoco:0.7.9:prepare-agent (agent) @ jproperties-checks ---
[INFO] argLine set to -javaagent:C:\\Users\\admin\\.m2\\repository\\org\\jacoco\\org.jacoco.agent\\0.7.9\\org.jacoco.agent-0.7.9-runtime.jar=destfile=D:\\A_ThucNghiem\\compiledrepos\\39195736\\jproperties-checks\\..\\target\\jacoco.exec,append=true
[INFO] 
[INFO] --- bsh:1.4:run (compute-artifact-display-version) @ jproperties-checks ---
[INFO] Executing Script
[INFO] file class java.lang.Object
[INFO] script class java.lang.String
[INFO] evaluating script if (! ""2.7-SNAPSHOT"".endsWith(""-SNAPSHOT"")) { [+ 15 omitted line(s)]
[INFO] 
[INFO] --- resources:3.0.2:resources (default-resources) @ jproperties-checks ---
[INFO] Using 'UTF-8' encoding to copy filtered resources.
[INFO] Copying 27 resources
[INFO] 
[INFO] --- compiler:3.7.0:compile (default-compile) @ jproperties-checks ---
[INFO] Changes detected - recompiling the module!
[INFO] Compiling 35 source files to D:\A_ThucNghiem\compiledrepos\39195736\jproperties-checks\target\classes
[INFO] 
[INFO] --- resources:3.0.2:testResources (default-testResources) @ jproperties-checks ---
[INFO] Using 'UTF-8' encoding to copy filtered resources.
[INFO] Copying 71 resources
[INFO] 
[INFO] --- compiler:3.7.0:testCompile (default-testCompile) @ jproperti"
2026-07-23T13:03:10+00:00,baseline_scope_build,41547678,turin-compiler,,,,,,PASS,12.338,"src/main/java/turin/relations/ManyToManyRelation.java: Some input files use unchecked or unsafe operations.
[WARNING] /D:/A_ThucNghiem/compiledrepos/41547678/turin-standard-library/src/main/java/turin/relations/ManyToManyRelation.java: Recompile with -Xlint:unchecked for details.
[INFO] 
[INFO] --- resources:3.4.0:testResources (default-testResources) @ turin-standard-library ---
[INFO] skip non existing resourceDirectory D:\A_ThucNghiem\compiledrepos\41547678\turin-standard-library\src\test\resources
[INFO] 
[INFO] --- compiler:3.0:testCompile (default-testCompile) @ turin-standard-library ---
[INFO] Changes detected - recompiling the module!
[INFO] Compiling 5 source files to D:\A_ThucNghiem\compiledrepos\41547678\turin-standard-library\target\test-classes
[WARNING] /D:/A_ThucNghiem/compiledrepos/41547678/turin-standard-library/src/test/java/turin/relations/Teaching.java: D:\A_ThucNghiem\compiledrepos\41547678\turin-standard-library\src\test\java\turin\relations\Teaching.java uses unchecked or unsafe operations.
[WARNING] /D:/A_ThucNghiem/compiledrepos/41547678/turin-standard-library/src/test/java/turin/relations/Teaching.java: Recompile with -Xlint:unchecked for details.
[INFO] 
[INFO] --------------------< me.tomassetti:turin-compiler >--------------------
[INFO] Building turin-compiler 0.0.3-SNAPSHOT                             [5/5]
[INFO]   from turin-compiler\pom.xml
[INFO] --------------------------------[ jar ]---------------------------------
[INFO] 
[INFO] --- clean:2.5:clean (default-clean) @ turin-compiler ---
[INFO] Deleting D:\A_ThucNghiem\compiledrepos\41547678\turin-compiler\target
[INFO] 
[INFO] --- enforcer:1.0:enforce (enforce-maven) @ turin-compiler ---
[INFO] 
[INFO] --- jacoco:0.7.5.201505241946:prepare-agent (default-prepare-agent) @ turin-compiler ---
[INFO] argLine set to -javaagent:C:\\Users\\admin\\.m2\\repository\\org\\jacoco\\org.jacoco.agent\\0.7.5.201505241946\\org.jacoco.agent-0.7.5.201505241946-runtime.jar=destfile=D:\\A_ThucNghiem\\compiledrepos\\41547678\\turin-compiler\\target\\jacoco.exec
[INFO] 
[INFO] --- resources:3.4.0:resources (default-resources) @ turin-compiler ---
[INFO] skip non existing resourceDirectory D:\A_ThucNghiem\compiledrepos\41547678\turin-compiler\src\main\resources
[INFO] 
[INFO] --- compiler:3.0:compile (default-compile) @ turin-compiler ---
[INFO] Changes detected - recompiling the module!
[INFO] Compiling 157 source files to D:\A_ThucNghiem\compiledrepos\41547678\turin-compiler\target\classes
[WARNING] /D:/A_ThucNghiem/compiledrepos/41547678/turin-compiler/src/main/java/me/tomassetti/turin/compiler/Compilation.java: D:\A_ThucNghiem\compiledrepos\41547678\turin-compiler\src\main\java\me\tomassetti\turin\compiler\Compilation.java uses or overrides a deprecated API.
[WARNING] /D:/A_ThucNghiem/compiledrepos/41547678/turin-compiler/src/main/java/me/tomassetti/turin/compiler/Compilation.java: Recompile with -Xlint:deprecation for details.
[WARNING] /D:/A_ThucNghiem/compiledrepos/41547678/turin-compiler/src/main/java/me/tomassetti/turin/util/Either.java: D:\A_ThucNghiem\compiledrepos\41547678\turin-compiler\src\main\java\me\tomassetti\turin\util\Either.java uses unchecked or unsafe operations.
[WARNING] /D:/A_ThucNghiem/compiledrepos/41547678/turin-compiler/src/main/java/me/tomassetti/turin/util/Either.java: Recompile with -Xlint:unchecked for details.
[INFO] 
[INFO] --- resources:3.4.0:testResources (default-testResources) @ turin-compiler ---
[INFO] Copying 89 resources from src\test\resources to target\test-classes
[INFO] 
[INFO] --- compiler:3.0:testCompile (default-testCompile) @ turin-compiler ---
[INFO] Changes detected - recompiling the module!
[INFO] Compiling 50 source files to D:\A_ThucNghiem\compiledrepos\41547678\turin-compiler\target\test-classes
[WARNING] /D:/A_ThucNghiem/compiledrepos/41547678/turin-compiler/src/test/java/me/tomassetti/turin/compiler/AbstractCompilerTest.java: Some input files use unchecked or unsafe operations.
[WARNING] /D:/A_ThucNghiem"
2026-07-23T13:03:15+00:00,baseline_scope_build,41547678,turin-standard-library,,,,,,PASS,4.795,"[INFO] Scanning for projects...
[INFO] 
[INFO] ----------------< me.tomassetti:turin-standard-library >----------------
[INFO] Building turin-standard-library 0.0.3-SNAPSHOT
[INFO]   from pom.xml
[INFO] --------------------------------[ jar ]---------------------------------
[INFO] 
[INFO] --- clean:2.5:clean (default-clean) @ turin-standard-library ---
[INFO] Deleting D:\A_ThucNghiem\compiledrepos\41547678\turin-standard-library\target
[INFO] 
[INFO] --- enforcer:1.0:enforce (enforce-maven) @ turin-standard-library ---
[INFO] 
[INFO] --- resources:3.4.0:resources (default-resources) @ turin-standard-library ---
[INFO] skip non existing resourceDirectory D:\A_ThucNghiem\compiledrepos\41547678\turin-standard-library\src\main\resources
[INFO] 
[INFO] --- compiler:3.0:compile (default-compile) @ turin-standard-library ---
[INFO] Changes detected - recompiling the module!
[INFO] Compiling 9 source files to D:\A_ThucNghiem\compiledrepos\41547678\turin-standard-library\target\classes
[WARNING] /D:/A_ThucNghiem/compiledrepos/41547678/turin-standard-library/src/main/java/turin/relations/ManyToManyRelation.java: Some input files use unchecked or unsafe operations.
[WARNING] /D:/A_ThucNghiem/compiledrepos/41547678/turin-standard-library/src/main/java/turin/relations/ManyToManyRelation.java: Recompile with -Xlint:unchecked for details.
[INFO] 
[INFO] --- resources:3.4.0:testResources (default-testResources) @ turin-standard-library ---
[INFO] skip non existing resourceDirectory D:\A_ThucNghiem\compiledrepos\41547678\turin-standard-library\src\test\resources
[INFO] 
[INFO] --- compiler:3.0:testCompile (default-testCompile) @ turin-standard-library ---
[INFO] Changes detected - recompiling the module!
[INFO] Compiling 5 source files to D:\A_ThucNghiem\compiledrepos\41547678\turin-standard-library\target\test-classes
[WARNING] /D:/A_ThucNghiem/compiledrepos/41547678/turin-standard-library/src/test/java/turin/relations/Teaching.java: D:\A_ThucNghiem\compiledrepos\41547678\turin-standard-library\src\test\java\turin\relations\Teaching.java uses unchecked or unsafe operations.
[WARNING] /D:/A_ThucNghiem/compiledrepos/41547678/turin-standard-library/src/test/java/turin/relations/Teaching.java: Recompile with -Xlint:unchecked for details.
[INFO] ------------------------------------------------------------------------
[INFO] BUILD SUCCESS
[INFO] ------------------------------------------------------------------------
[INFO] Total time:  1.724 s
[INFO] Finished at: 2026-07-23T20:03:15+07:00
[INFO] ------------------------------------------------------------------------"
2026-07-23T13:03:22+00:00,baseline_scope_build,41627638,leetcode/battleships-in-a-board,,,,,,PASS,7.077,"normalized Gradle wrapper D:\A_ThucNghiem\compiledrepos\41627638\gradlew.bat -> D:\A_ThucNghiem\compiledrepos\41627638\leetcode\battleships-in-a-board\gradlew.bat; baseline cwd D:\A_ThucNghiem\compiledrepos\41627638 -> D:\A_ThucNghiem\compiledrepos\41627638\leetcode\battleships-in-a-board
:clean
:compileJava
:processResources UP-TO-DATE
:classes
:compileTestJava
:processTestResources
:testClasses

BUILD SUCCESSFUL

Total time: 4.864 secs"
2026-07-23T13:03:28+00:00,baseline_scope_build,43105609,weixin-mp,,,,,,PASS,6.472,"-------
[INFO] 
[INFO] --- clean:3.2.0:clean (default-clean) @ weixin-parent ---
[INFO] 
[INFO] -------------------< cn.com.riversoft:weixin-common >-------------------
[INFO] Building weixin sdk common 0.9.9-SNAPSHOT                          [3/4]
[INFO]   from weixin-common\pom.xml
[INFO] --------------------------------[ jar ]---------------------------------
[INFO] 
[INFO] --- clean:3.2.0:clean (default-clean) @ weixin-common ---
[INFO] Deleting D:\A_ThucNghiem\compiledrepos\43105609\weixin-common\target
[INFO] 
[INFO] --- resources:3.4.0:resources (default-resources) @ weixin-common ---
[INFO] skip non existing resourceDirectory D:\A_ThucNghiem\compiledrepos\43105609\weixin-common\src\main\resources
[INFO] 
[INFO] --- compiler:3.0:compile (default-compile) @ weixin-common ---
[INFO] Changes detected - recompiling the module!
[INFO] Compiling 69 source files to D:\A_ThucNghiem\compiledrepos\43105609\weixin-common\target\classes
[WARNING] bootstrap class path not set in conjunction with -source 1.7
[WARNING] /D:/A_ThucNghiem/compiledrepos/43105609/weixin-common/src/main/java/com/riversoft/weixin/common/util/JsonMapper.java: D:\A_ThucNghiem\compiledrepos\43105609\weixin-common\src\main\java\com\riversoft\weixin\common\util\JsonMapper.java uses or overrides a deprecated API.
[WARNING] /D:/A_ThucNghiem/compiledrepos/43105609/weixin-common/src/main/java/com/riversoft/weixin/common/util/JsonMapper.java: Recompile with -Xlint:deprecation for details.
[WARNING] /D:/A_ThucNghiem/compiledrepos/43105609/weixin-common/src/main/java/com/riversoft/weixin/common/util/JsonMapper.java: D:\A_ThucNghiem\compiledrepos\43105609\weixin-common\src\main\java\com\riversoft\weixin\common\util\JsonMapper.java uses unchecked or unsafe operations.
[WARNING] /D:/A_ThucNghiem/compiledrepos/43105609/weixin-common/src/main/java/com/riversoft/weixin/common/util/JsonMapper.java: Recompile with -Xlint:unchecked for details.
[INFO] 
[INFO] --- resources:3.4.0:testResources (default-testResources) @ weixin-common ---
[INFO] skip non existing resourceDirectory D:\A_ThucNghiem\compiledrepos\43105609\weixin-common\src\test\resources
[INFO] 
[INFO] --- compiler:3.0:testCompile (default-testCompile) @ weixin-common ---
[INFO] Changes detected - recompiling the module!
[INFO] Compiling 1 source file to D:\A_ThucNghiem\compiledrepos\43105609\weixin-common\target\test-classes
[WARNING] bootstrap class path not set in conjunction with -source 1.7
[INFO] 
[INFO] ---------------------< cn.com.riversoft:weixin-mp >---------------------
[INFO] Building weixin sdk mp 0.9.9-SNAPSHOT                              [4/4]
[INFO]   from weixin-mp\pom.xml
[INFO] --------------------------------[ jar ]---------------------------------
[INFO] 
[INFO] --- clean:3.2.0:clean (default-clean) @ weixin-mp ---
[INFO] Deleting D:\A_ThucNghiem\compiledrepos\43105609\weixin-mp\target
[INFO] 
[INFO] --- resources:3.4.0:resources (default-resources) @ weixin-mp ---
[INFO] Copying 1 resource from src\main\resources to target\classes
[INFO] 
[INFO] --- compiler:3.0:compile (default-compile) @ weixin-mp ---
[INFO] Changes detected - recompiling the module!
[INFO] Compiling 78 source files to D:\A_ThucNghiem\compiledrepos\43105609\weixin-mp\target\classes
[WARNING] bootstrap class path not set in conjunction with -source 1.7
[WARNING] /D:/A_ThucNghiem/compiledrepos/43105609/weixin-mp/src/main/java/com/riversoft/weixin/mp/card/Cards.java: D:\A_ThucNghiem\compiledrepos\43105609\weixin-mp\src\main\java\com\riversoft\weixin\mp\card\Cards.java uses unchecked or unsafe operations.
[WARNING] /D:/A_ThucNghiem/compiledrepos/43105609/weixin-mp/src/main/java/com/riversoft/weixin/mp/card/Cards.java: Recompile with -Xlint:unchecked for details.
[INFO] 
[INFO] --- resources:3.4.0:testResources (default-testResources) @ weixin-mp ---
[INFO] Copying 24 resources from src\test\resources to target\test-classes
[INFO] 
[INFO] --- compiler:3.0:testCompile (default-testCompile) @ weixin-mp ---
[INFO] Changes detected - "
2026-07-23T13:04:03+00:00,baseline_scope_build,44308560,src/RobotFrameworkCore/org.robotframework.ide.core-functions,,,,,,PASS,34.468,"normalized missing POM D:\A_ThucNghiem\compiledrepos\44308560\pom.xml -> D:\A_ThucNghiem\compiledrepos\44308560\src\RobotFrameworkCore\org.robotframework.ide.core-functions\pom.xml
[INFO] Scanning for projects...
[INFO] 
[INFO] ----< org.robotframework.ide:org.robotframework.ide.core-functions >----
[INFO] Building Robotframework IDE Core Functions 0.0.1-SNAPSHOT
[INFO]   from pom.xml
[INFO] --------------------------------[ jar ]---------------------------------
[INFO] 
[INFO] --- clean:3.2.0:clean (default-clean) @ org.robotframework.ide.core-functions ---
[INFO] Deleting D:\A_ThucNghiem\compiledrepos\44308560\src\RobotFrameworkCore\org.robotframework.ide.core-functions\target
[INFO] 
[INFO] --- dependency:3.1.1:copy (default) @ org.robotframework.ide.core-functions ---
[INFO] 
[INFO] --- jacoco:0.8.5:prepare-agent (jacoco-initialize) @ org.robotframework.ide.core-functions ---
[INFO] argLine set to -javaagent:C:\\Users\\admin\\.m2\\repository\\org\\jacoco\\org.jacoco.agent\\0.8.5\\org.jacoco.agent-0.8.5-runtime.jar=destfile=D:\\A_ThucNghiem\\compiledrepos\\44308560\\src\\RobotFrameworkCore\\org.robotframework.ide.core-functions\\target\\coverage-reports\\jacoco-unit.exec
[INFO] 
[INFO] --- resources:3.1.0:resources (default-resources) @ org.robotframework.ide.core-functions ---
[INFO] Using 'UTF-8' encoding to copy filtered resources.
[INFO] Copying 0 resource
[INFO] Copying 1 resource
[INFO] Copying 21 resources
[INFO] 
[INFO] --- compiler:3.8.0:compile (default-compile) @ org.robotframework.ide.core-functions ---
[WARNING]  Parameter 'compilerArguments' is deprecated: use {@link #compilerArgs} instead.
[INFO] Changes detected - recompiling the module!
[INFO] Compiling 604 source files to D:\A_ThucNghiem\compiledrepos\44308560\src\RobotFrameworkCore\org.robotframework.ide.core-functions\target\classes
[INFO] /D:/A_ThucNghiem/compiledrepos/44308560/src/RobotFrameworkCore/org.robotframework.ide.core-functions/src/main/java/org/rf/ide/core/testdata/model/table/LocalSetting.java: Some input files use unchecked or unsafe operations.
[INFO] /D:/A_ThucNghiem/compiledrepos/44308560/src/RobotFrameworkCore/org.robotframework.ide.core-functions/src/main/java/org/rf/ide/core/testdata/model/table/LocalSetting.java: Recompile with -Xlint:unchecked for details.
[INFO] 
[INFO] --- resources:3.1.0:copy-resources (copy-resources) @ org.robotframework.ide.core-functions ---
[INFO] Using 'UTF-8' encoding to copy filtered resources.
[INFO] Copying 21 resources
[INFO] Copying 99 resources
[INFO] 
[INFO] --- resources:3.1.0:testResources (default-testResources) @ org.robotframework.ide.core-functions ---
[INFO] Using 'UTF-8' encoding to copy filtered resources.
[INFO] Copying 780 resources
[INFO] 
[INFO] --- compiler:3.8.0:testCompile (default-testCompile) @ org.robotframework.ide.core-functions ---
[WARNING]  Parameter 'compilerArguments' is deprecated: use {@link #compilerArgs} instead.
[INFO] Changes detected - recompiling the module!
[INFO] Compiling 332 source files to D:\A_ThucNghiem\compiledrepos\44308560\src\RobotFrameworkCore\org.robotframework.ide.core-functions\target\test-classes
[INFO] /D:/A_ThucNghiem/compiledrepos/44308560/src/RobotFrameworkCore/org.robotframework.ide.core-functions/src/test/java/org/rf/ide/core/testdata/text/write/tables/keywords/creation/CreationOfKeywordExecutableOneStepTest.java: Some input files use unchecked or unsafe operations.
[INFO] /D:/A_ThucNghiem/compiledrepos/44308560/src/RobotFrameworkCore/org.robotframework.ide.core-functions/src/test/java/org/rf/ide/core/testdata/text/write/tables/keywords/creation/CreationOfKeywordExecutableOneStepTest.java: Recompile with -Xlint:unchecked for details.
[INFO] ------------------------------------------------------------------------
[INFO] BUILD SUCCESS
[INFO] ------------------------------------------------------------------------
[INFO] Total time:  31.306 s
[INFO] Finished at: 2026-07-23T20:04:03+07:00
[INFO] -----------------------------------------------------"
2026-07-23T13:04:10+00:00,baseline_scope_build,45997449,WebRex,,,,,,PASS,6.887,"[INFO] Scanning for projects...
[INFO] 
[INFO] ---------------------< com.ebayopensource:WebRex >----------------------
[INFO] Building WebRex 1.0.0-SNAPSHOT
[INFO]   from pom.xml
[INFO] --------------------------------[ jar ]---------------------------------
[INFO] 
[INFO] --- clean:3.2.0:clean (default-clean) @ WebRex ---
[INFO] Deleting D:\A_ThucNghiem\compiledrepos\45997449\WebRex\target
[INFO] 
[INFO] --- resources:3.4.0:resources (default-resources) @ WebRex ---
[WARNING] Using platform encoding (Cp1252 actually) to copy filtered resources, i.e. build is platform dependent!
[INFO] Copying 3 resources from src\main\resources to target\classes
[INFO] 
[INFO] --- compiler:3.0:compile (default-compile) @ WebRex ---
[INFO] Changes detected - recompiling the module!
[WARNING] File encoding has not been set, using platform encoding Cp1252, i.e. build is platform dependent!
[INFO] Compiling 143 source files to D:\A_ThucNghiem\compiledrepos\45997449\WebRex\target\classes
[INFO] 
[INFO] --- resources:3.4.0:testResources (default-testResources) @ WebRex ---
[WARNING] Using platform encoding (Cp1252 actually) to copy filtered resources, i.e. build is platform dependent!
[INFO] Copying 34 resources from src\test\resources to target\test-classes
[INFO] 
[INFO] --- compiler:3.0:testCompile (default-testCompile) @ WebRex ---
[INFO] Changes detected - recompiling the module!
[WARNING] File encoding has not been set, using platform encoding Cp1252, i.e. build is platform dependent!
[INFO] Compiling 54 source files to D:\A_ThucNghiem\compiledrepos\45997449\WebRex\target\test-classes
[WARNING] /D:/A_ThucNghiem/compiledrepos/45997449/WebRex/src/test/java/com/ebayopensource/webrex/resource/expression/UnifiedELResolverHelperTest.java: D:\A_ThucNghiem\compiledrepos\45997449\WebRex\src\test\java\com\ebayopensource\webrex\resource\expression\UnifiedELResolverHelperTest.java uses or overrides a deprecated API.
[WARNING] /D:/A_ThucNghiem/compiledrepos/45997449/WebRex/src/test/java/com/ebayopensource/webrex/resource/expression/UnifiedELResolverHelperTest.java: Recompile with -Xlint:deprecation for details.
[WARNING] /D:/A_ThucNghiem/compiledrepos/45997449/WebRex/src/test/java/com/ebayopensource/webrex/resource/impl/DefaultResourceHandlerTest.java: D:\A_ThucNghiem\compiledrepos\45997449\WebRex\src\test\java\com\ebayopensource\webrex\resource\impl\DefaultResourceHandlerTest.java uses unchecked or unsafe operations.
[WARNING] /D:/A_ThucNghiem/compiledrepos/45997449/WebRex/src/test/java/com/ebayopensource/webrex/resource/impl/DefaultResourceHandlerTest.java: Recompile with -Xlint:unchecked for details.
[INFO] ------------------------------------------------------------------------
[INFO] BUILD SUCCESS
[INFO] ------------------------------------------------------------------------
[INFO] Total time:  4.059 s
[INFO] Finished at: 2026-07-23T20:04:10+07:00
[INFO] ------------------------------------------------------------------------"
2026-07-23T13:04:16+00:00,baseline_scope_build,46396068,hbase0.98/hbase-common-0.98,,,,,,PASS,6.331,"normalized missing POM D:\A_ThucNghiem\compiledrepos\46396068\hbase-common-0.98\pom.xml -> D:\A_ThucNghiem\compiledrepos\46396068\hbase0.98\hbase-common-0.98\pom.xml
[INFO] Scanning for projects...
[WARNING] 
[WARNING] Some problems were encountered while building the effective model for com.kakao.hbase:hbase-common-0.98:jar:1.6.0
[WARNING] 'version' contains an expression but should be a constant. @ com.kakao.hbase:hbase-tools-0.98:${version.unified}, D:\A_ThucNghiem\compiledrepos\46396068\hbase0.98\pom.xml, line 25, column 14
[WARNING] 
[WARNING] It is highly recommended to fix these problems because they threaten the stability of your build.
[WARNING] 
[WARNING] For this reason, future Maven versions might no longer support building such malformed projects.
[WARNING] 
[INFO] 
[INFO] -----------------< com.kakao.hbase:hbase-common-0.98 >------------------
[INFO] Building hbase-common-0.98 1.6.0
[INFO]   from pom.xml
[INFO] --------------------------------[ jar ]---------------------------------
[INFO] 
[INFO] --- clean:3.2.0:clean (default-clean) @ hbase-common-0.98 ---
[INFO] Deleting D:\A_ThucNghiem\compiledrepos\46396068\hbase0.98\hbase-common-0.98\target
[INFO] 
[INFO] --- resources:3.4.0:resources (default-resources) @ hbase-common-0.98 ---
[INFO] skip non existing resourceDirectory D:\A_ThucNghiem\compiledrepos\46396068\hbase0.98\hbase-common-0.98\src\main\resources
[INFO] 
[INFO] --- compiler:3.2:compile (default-compile) @ hbase-common-0.98 ---
[INFO] Changes detected - recompiling the module!
[INFO] Compiling 16 source files to D:\A_ThucNghiem\compiledrepos\46396068\hbase0.98\hbase-common-0.98\target\classes
[WARNING] /D:/A_ThucNghiem/compiledrepos/46396068/hbase0.98/hbase-common-0.98/src/main/java/com/kakao/hbase/common/HBaseClient.java:[29,25] sun.security.krb5.Config is internal proprietary API and may be removed in a future release
[WARNING] /D:/A_ThucNghiem/compiledrepos/46396068/hbase0.98/hbase-common-0.98/src/main/java/com/kakao/hbase/common/HBaseClient.java:[181,9] sun.security.krb5.Config is internal proprietary API and may be removed in a future release
[WARNING] /D:/A_ThucNghiem/compiledrepos/46396068/hbase0.98/hbase-common-0.98/src/main/java/com/kakao/hbase/common/HBaseClient.java:[181,28] sun.security.krb5.Config is internal proprietary API and may be removed in a future release
[WARNING] /D:/A_ThucNghiem/compiledrepos/46396068/hbase0.98/hbase-common-0.98/src/main/java/com/kakao/hbase/common/HBaseClient.java:[187,13] sun.security.krb5.Config is internal proprietary API and may be removed in a future release
[INFO] 
[INFO] --- resources:3.4.0:testResources (default-testResources) @ hbase-common-0.98 ---
[INFO] Copying 2 resources from src\test\resources to target\test-classes
[INFO] 
[INFO] --- compiler:3.2:testCompile (default-testCompile) @ hbase-common-0.98 ---
[INFO] Changes detected - recompiling the module!
[INFO] Compiling 11 source files to D:\A_ThucNghiem\compiledrepos\46396068\hbase0.98\hbase-common-0.98\target\test-classes
[INFO] /D:/A_ThucNghiem/compiledrepos/46396068/hbase0.98/hbase-common-0.98/src/test/java/com/kakao/hbase/specific/HBaseAdminWrapperListTableTest.java: D:\A_ThucNghiem\compiledrepos\46396068\hbase0.98\hbase-common-0.98\src\test\java\com\kakao\hbase\specific\HBaseAdminWrapperListTableTest.java uses unchecked or unsafe operations.
[INFO] /D:/A_ThucNghiem/compiledrepos/46396068/hbase0.98/hbase-common-0.98/src/test/java/com/kakao/hbase/specific/HBaseAdminWrapperListTableTest.java: Recompile with -Xlint:unchecked for details.
[INFO] ------------------------------------------------------------------------
[INFO] BUILD SUCCESS
[INFO] ------------------------------------------------------------------------
[INFO] Total time:  3.728 s
[INFO] Finished at: 2026-07-23T20:04:16+07:00
[INFO] ------------------------------------------------------------------------"
2026-07-23T13:04:25+00:00,baseline_scope_build,46396068,hbase0.98/hbase-manager-0.98,,,,,,PASS,8.934,"drepos/46396068/hbase0.98/hbase-common-0.98/src/main/java/com/kakao/hbase/common/HBaseClient.java:[181,28] sun.security.krb5.Config is internal proprietary API and may be removed in a future release
[WARNING] /D:/A_ThucNghiem/compiledrepos/46396068/hbase0.98/hbase-common-0.98/src/main/java/com/kakao/hbase/common/HBaseClient.java:[187,13] sun.security.krb5.Config is internal proprietary API and may be removed in a future release
[INFO] 
[INFO] --- resources:3.4.0:testResources (default-testResources) @ hbase-common-0.98 ---
[INFO] Copying 2 resources from src\test\resources to target\test-classes
[INFO] 
[INFO] --- compiler:3.2:testCompile (default-testCompile) @ hbase-common-0.98 ---
[INFO] Changes detected - recompiling the module!
[INFO] Compiling 11 source files to D:\A_ThucNghiem\compiledrepos\46396068\hbase0.98\hbase-common-0.98\target\test-classes
[INFO] /D:/A_ThucNghiem/compiledrepos/46396068/hbase0.98/hbase-common-0.98/src/test/java/com/kakao/hbase/specific/HBaseAdminWrapperListTableTest.java: D:\A_ThucNghiem\compiledrepos\46396068\hbase0.98\hbase-common-0.98\src\test\java\com\kakao\hbase\specific\HBaseAdminWrapperListTableTest.java uses unchecked or unsafe operations.
[INFO] /D:/A_ThucNghiem/compiledrepos/46396068/hbase0.98/hbase-common-0.98/src/test/java/com/kakao/hbase/specific/HBaseAdminWrapperListTableTest.java: Recompile with -Xlint:unchecked for details.
[INFO] 
[INFO] ---------------< com.kakao.hbase:hbase-table-stat-0.98 >----------------
[INFO] Building hbase-table-stat-0.98 1.6.0                               [3/4]
[INFO]   from hbase-table-stat-0.98\pom.xml
[INFO] --------------------------------[ jar ]---------------------------------
[INFO] 
[INFO] --- clean:3.2.0:clean (default-clean) @ hbase-table-stat-0.98 ---
[INFO] Deleting D:\A_ThucNghiem\compiledrepos\46396068\hbase0.98\hbase-table-stat-0.98\target
[INFO] 
[INFO] --- resources:3.4.0:resources (default-resources) @ hbase-table-stat-0.98 ---
[INFO] Copying 2 resources from src\main\resources to target\classes
[INFO] 
[INFO] --- compiler:3.2:compile (default-compile) @ hbase-table-stat-0.98 ---
[INFO] Changes detected - recompiling the module!
[INFO] Compiling 20 source files to D:\A_ThucNghiem\compiledrepos\46396068\hbase0.98\hbase-table-stat-0.98\target\classes
[INFO] 
[INFO] --- resources:3.4.0:testResources (default-testResources) @ hbase-table-stat-0.98 ---
[INFO] skip non existing resourceDirectory D:\A_ThucNghiem\compiledrepos\46396068\hbase0.98\hbase-table-stat-0.98\src\test\resources
[INFO] 
[INFO] --- compiler:3.2:testCompile (default-testCompile) @ hbase-table-stat-0.98 ---
[INFO] Changes detected - recompiling the module!
[INFO] Compiling 13 source files to D:\A_ThucNghiem\compiledrepos\46396068\hbase0.98\hbase-table-stat-0.98\target\test-classes
[INFO] 
[INFO] -----------------< com.kakao.hbase:hbase-manager-0.98 >-----------------
[INFO] Building hbase-manager-0.98 1.6.0                                  [4/4]
[INFO]   from hbase-manager-0.98\pom.xml
[INFO] --------------------------------[ jar ]---------------------------------
[INFO] 
[INFO] --- clean:3.2.0:clean (default-clean) @ hbase-manager-0.98 ---
[INFO] Deleting D:\A_ThucNghiem\compiledrepos\46396068\hbase0.98\hbase-manager-0.98\target
[INFO] 
[INFO] --- resources:3.4.0:resources (default-resources) @ hbase-manager-0.98 ---
[INFO] skip non existing resourceDirectory D:\A_ThucNghiem\compiledrepos\46396068\hbase0.98\hbase-manager-0.98\src\main\resources
[INFO] 
[INFO] --- compiler:3.2:compile (default-compile) @ hbase-manager-0.98 ---
[INFO] Changes detected - recompiling the module!
[INFO] Compiling 13 source files to D:\A_ThucNghiem\compiledrepos\46396068\hbase0.98\hbase-manager-0.98\target\classes
[INFO] 
[INFO] --- resources:3.4.0:testResources (default-testResources) @ hbase-manager-0.98 ---
[INFO] skip non existing resourceDirectory D:\A_ThucNghiem\compiledrepos\46396068\hbase0.98\hbase-manager-0.98\src\test\resources
[INFO] 
[INFO] --- compiler:3.2:testCompile (default-testC"
2026-07-23T13:04:35+00:00,baseline_scope_build,46450575,flo-workflow,,,,,,PASS,9.438,"from root D:\A_ThucNghiem\compiledrepos\46450575\flo-workflow\src\main\java
[INFO] Will search files to update from root D:\A_ThucNghiem\compiledrepos\46450575\flo-workflow\src\test\java
[INFO] Scan 61 files header done in 137.422ms.
[INFO] All files are up-to-date.
[INFO] 
[INFO] --- resources:3.4.0:resources (default-resources) @ flo-workflow ---
[INFO] skip non existing resourceDirectory D:\A_ThucNghiem\compiledrepos\46450575\flo-workflow\src\main\resources
[INFO] 
[INFO] --- compiler:3.5.1:compile (default-compile) @ flo-workflow ---
[INFO] Changes detected - recompiling the module!
[INFO] Compiling 37 source files to D:\A_ThucNghiem\compiledrepos\46450575\flo-workflow\target\classes
[INFO] 
[INFO] --- resources:3.4.0:testResources (default-testResources) @ flo-workflow ---
[INFO] skip non existing resourceDirectory D:\A_ThucNghiem\compiledrepos\46450575\flo-workflow\src\test\resources
[INFO] 
[INFO] --- compiler:3.5.1:testCompile (default-testCompile) @ flo-workflow ---
[INFO] Changes detected - recompiling the module!
[INFO] Compiling 24 source files to D:\A_ThucNghiem\compiledrepos\46450575\flo-workflow\target\test-classes
20:04:33.945 [main] DEBUG org.trimou.engine.resolver.ReflectionResolver - Initialized [memberCacheMaxSize: 10000]
20:04:33.948 [main] INFO org.trimou.engine.locator.PathTemplateLocator - ClassPathTemplateLocator initialized [virtualPathSeparator: /, defaultFileEncoding: UTF-8]
20:04:33.950 [main] INFO org.trimou.engine.MustacheEngineBuilder - Engine built 2.0.1.Final (2016-05-19)
20:04:33.951 [main] DEBUG org.trimou.engine.MustacheEngineBuilder - Engine configuration: 
[Template locators]
org.trimou.engine.locator.ClassPathTemplateLocator [priority: 1, suffix: mustache, rootPath: null]
----------
[Resolvers]
org.trimou.engine.resolver.MapResolver [priority: 17]
org.trimou.engine.resolver.ReflectionResolver [priority: 11]
----------
[Properties]
org.trimou.engine.config.templateRecursiveInvocationLimit=10
org.trimou.engine.config.templateCacheExpirationTimeout=0
org.trimou.engine.config.removeStandaloneLines=true
org.trimou.engine.config.resolverHintsEnabled=true
org.trimou.engine.config.startDelimiter={{
org.trimou.engine.locator.PathTemplateLocator.virtualPathSeparator=/
org.trimou.engine.config.skipValueEscaping=false
org.trimou.engine.config.endDelimiter=}}
org.trimou.engine.config.cacheSectionLiteralBlock=false
org.trimou.engine.config.defaultFileEncoding=UTF-8
org.trimou.engine.config.reuseLineSeparatorSegments=true
org.trimou.engine.config.removeUnnecessarySegments=true
org.trimou.engine.config.noValueIndicatesProblem=false
org.trimou.engine.config.nestedTemplateSupportEnabled=true
org.trimou.engine.config.templateCacheEnabled=true
org.trimou.engine.resolver.ReflectionResolver.memberCacheMaxSize=10000
org.trimou.engine.config.precompileAllTemplates=false
org.trimou.engine.config.debugMode=false
org.trimou.engine.config.handlebarsSupportEnabled=true
org.trimou.engine.config.iterationMetadataAlias=iter
----------
[WARNING] /D:/A_ThucNghiem/compiledrepos/46450575/flo-workflow/src/test/java/com/spotify/flo/context/ForwardingEvalContextTest.java:[26,26] org.mockito.Matchers in org.mockito has been deprecated
[WARNING] /D:/A_ThucNghiem/compiledrepos/46450575/flo-workflow/src/test/java/com/spotify/flo/context/ForwardingEvalContextTest.java:[26,26] org.mockito.Matchers in org.mockito has been deprecated
[WARNING] /D:/A_ThucNghiem/compiledrepos/46450575/flo-workflow/src/test/java/com/spotify/flo/context/ForwardingEvalContextTest.java:[26,26] org.mockito.Matchers in org.mockito has been deprecated
[WARNING] /D:/A_ThucNghiem/compiledrepos/46450575/flo-workflow/src/test/java/com/spotify/flo/context/ForwardingEvalContextTest.java:[26,26] org.mockito.Matchers in org.mockito has been deprecated
[WARNING] /D:/A_ThucNghiem/compiledrepos/46450575/flo-workflow/src/test/java/com/spotify/flo/ControlledBlockingContext.java:[165,73] unchecked cast
  required: com.spotify.flo.ControlledBlockingContext.Interceptor<T>
  "
2026-07-23T13:05:53+00:00,baseline_scope_build,48046454,hazelcast-jet-core,,,,,,PASS,78.303,"----------------< com.hazelcast.jet:hazelcast-jet-core >----------------
[INFO] Building hazelcast-jet-core 4.6-SNAPSHOT
[INFO] --------------------------------[ jar ]---------------------------------
[INFO] 
[INFO] --- maven-clean-plugin:2.5:clean (default-clean) @ hazelcast-jet-core ---
[INFO] Deleting D:\A_ThucNghiem\compiledrepos\48046454\hazelcast-jet-core\target
[INFO] 
[INFO] --- maven-enforcer-plugin:3.0.0-M3:enforce (enforce-maven) @ hazelcast-jet-core ---
[INFO] 
[INFO] --- maven-checkstyle-plugin:3.1.0:checkstyle (default) @ hazelcast-jet-core ---
[INFO] Starting audit...
Audit done.
[INFO] 
[INFO] --- git-commit-id-plugin:2.1.10:revision (default) @ hazelcast-jet-core ---
[INFO] 
[INFO] --- maven-resources-plugin:3.2.0:resources (default-resources) @ hazelcast-jet-core ---
[INFO] Using 'UTF-8' encoding to copy filtered resources.
[INFO] Using 'UTF-8' encoding to copy filtered properties files.
[INFO] Copying 21 resources
[INFO] Copying 1 resource
[INFO] The encoding used to copy filtered properties files have not been set. This means that the same encoding will be used to copy filtered properties files as when copying other filtered resources. This might not be what you want! Run your build with --debug to see which files might be affected. Read more at https://maven.apache.org/plugins/maven-resources-plugin/examples/filtering-properties-files.html
[INFO] 
[INFO] --- maven-compiler-plugin:3.7.0:compile (default-compile) @ hazelcast-jet-core ---
[INFO] Changes detected - recompiling the module!
[INFO] Compiling 475 source files to D:\A_ThucNghiem\compiledrepos\48046454\hazelcast-jet-core\target\classes
[INFO] /D:/A_ThucNghiem/compiledrepos/48046454/hazelcast-jet-core/src/main/java/com/hazelcast/jet/impl/JobRepository.java: Some input files use or override a deprecated API.
[INFO] /D:/A_ThucNghiem/compiledrepos/48046454/hazelcast-jet-core/src/main/java/com/hazelcast/jet/impl/JobRepository.java: Recompile with -Xlint:deprecation for details.
[INFO] /D:/A_ThucNghiem/compiledrepos/48046454/hazelcast-jet-core/src/main/java/com/hazelcast/jet/impl/util/ImdgUtil.java: Some input files use unchecked or unsafe operations.
[INFO] /D:/A_ThucNghiem/compiledrepos/48046454/hazelcast-jet-core/src/main/java/com/hazelcast/jet/impl/util/ImdgUtil.java: Recompile with -Xlint:unchecked for details.
[INFO] 
[INFO] >>> spotbugs-maven-plugin:4.1.3:check (default) > :spotbugs @ hazelcast-jet-core >>>
[INFO] 
[INFO] --- spotbugs-maven-plugin:4.1.3:spotbugs (spotbugs) @ hazelcast-jet-core ---
[INFO] Fork Value is true
[INFO] Done SpotBugs Analysis....
[INFO] 
[INFO] <<< spotbugs-maven-plugin:4.1.3:check (default) < :spotbugs @ hazelcast-jet-core <<<
[INFO] 
[INFO] 
[INFO] --- spotbugs-maven-plugin:4.1.3:check (default) @ hazelcast-jet-core ---
[INFO] BugInstance size is 0
[INFO] Error size is 0
[INFO] No errors/warnings found
[INFO] 
[INFO] --- maven-resources-plugin:3.2.0:testResources (default-testResources) @ hazelcast-jet-core ---
[INFO] Using 'UTF-8' encoding to copy filtered resources.
[INFO] Using 'UTF-8' encoding to copy filtered properties files.
[INFO] Copying 38 resources
[INFO] 
[INFO] --- maven-compiler-plugin:3.7.0:testCompile (default-testCompile) @ hazelcast-jet-core ---
[INFO] Changes detected - recompiling the module!
[INFO] Compiling 281 source files to D:\A_ThucNghiem\compiledrepos\48046454\hazelcast-jet-core\target\test-classes
[INFO] /D:/A_ThucNghiem/compiledrepos/48046454/hazelcast-jet-core/src/test/java/com/hazelcast/jet/pipeline/StreamSourceStageTestBase.java: Some input files use or override a deprecated API.
[INFO] /D:/A_ThucNghiem/compiledrepos/48046454/hazelcast-jet-core/src/test/java/com/hazelcast/jet/pipeline/StreamSourceStageTestBase.java: Recompile with -Xlint:deprecation for details.
[INFO] /D:/A_ThucNghiem/compiledrepos/48046454/hazelcast-jet-core/src/test/java/com/hazelcast/jet/core/TestUtil.java: Some input files use unchecked or unsafe operations.
[INFO] /D:/A_ThucNghiem/compiledrepos/48046454/hazelcast-je"
2026-07-23T13:05:59+00:00,baseline_scope_build,49384652,niubi-job-framework/niubi-job-core,,,,,,PASS,6.537,"[INFO] Scanning for projects...
[INFO] ------------------------------------------------------------------------
[INFO] Reactor Build Order:
[INFO] 
[INFO] com.zuoxiaolong:niubi-job                                          [pom]
[INFO] com.zuoxiaolong:niubi-job-test                                     [jar]
[INFO] com.zuoxiaolong:niubi-job-framework                                [pom]
[INFO] com.zuoxiaolong:niubi-job-core                                     [jar]
[INFO] 
[INFO] ---------------------< com.zuoxiaolong:niubi-job >----------------------
[INFO] Building com.zuoxiaolong:niubi-job 0.9.6.1-SNAPSHOT                [1/4]
[INFO]   from pom.xml
[INFO] --------------------------------[ pom ]---------------------------------
[INFO] 
[INFO] --- clean:3.2.0:clean (default-clean) @ niubi-job ---
[INFO] 
[INFO] -------------------< com.zuoxiaolong:niubi-job-test >-------------------
[INFO] Building com.zuoxiaolong:niubi-job-test 0.9.6.1-SNAPSHOT           [2/4]
[INFO]   from niubi-job-test\pom.xml
[INFO] --------------------------------[ jar ]---------------------------------
[INFO] 
[INFO] --- clean:3.2.0:clean (default-clean) @ niubi-job-test ---
[INFO] Deleting D:\A_ThucNghiem\compiledrepos\49384652\niubi-job-test\target
[INFO] 
[INFO] --- resources:3.4.0:resources (default-resources) @ niubi-job-test ---
[INFO] skip non existing resourceDirectory D:\A_ThucNghiem\compiledrepos\49384652\niubi-job-test\src\main\resources
[INFO] 
[INFO] --- compiler:3.3:compile (default-compile) @ niubi-job-test ---
[INFO] Changes detected - recompiling the module!
[INFO] Compiling 4 source files to D:\A_ThucNghiem\compiledrepos\49384652\niubi-job-test\target\classes
[INFO] 
[INFO] --- resources:3.4.0:testResources (default-testResources) @ niubi-job-test ---
[INFO] skip non existing resourceDirectory D:\A_ThucNghiem\compiledrepos\49384652\niubi-job-test\src\test\resources
[INFO] 
[INFO] --- compiler:3.3:testCompile (default-testCompile) @ niubi-job-test ---
[INFO] No sources to compile
[INFO] 
[INFO] ----------------< com.zuoxiaolong:niubi-job-framework >-----------------
[INFO] Building com.zuoxiaolong:niubi-job-framework 0.9.6.1-SNAPSHOT      [3/4]
[INFO]   from niubi-job-framework\pom.xml
[INFO] --------------------------------[ pom ]---------------------------------
[INFO] 
[INFO] --- clean:3.2.0:clean (default-clean) @ niubi-job-framework ---
[INFO] 
[INFO] -------------------< com.zuoxiaolong:niubi-job-core >-------------------
[INFO] Building com.zuoxiaolong:niubi-job-core 0.9.6.1-SNAPSHOT           [4/4]
[INFO]   from niubi-job-framework\niubi-job-core\pom.xml
[INFO] --------------------------------[ jar ]---------------------------------
[INFO] 
[INFO] --- clean:3.2.0:clean (default-clean) @ niubi-job-core ---
[INFO] Deleting D:\A_ThucNghiem\compiledrepos\49384652\niubi-job-framework\niubi-job-core\target
[INFO] 
[INFO] --- resources:3.4.0:resources (default-resources) @ niubi-job-core ---
[INFO] skip non existing resourceDirectory D:\A_ThucNghiem\compiledrepos\49384652\niubi-job-framework\niubi-job-core\src\main\resources
[INFO] 
[INFO] --- compiler:3.3:compile (default-compile) @ niubi-job-core ---
[INFO] Changes detected - recompiling the module!
[INFO] Compiling 16 source files to D:\A_ThucNghiem\compiledrepos\49384652\niubi-job-framework\niubi-job-core\target\classes
[INFO] 
[INFO] --- resources:3.4.0:testResources (default-testResources) @ niubi-job-core ---
[INFO] skip non existing resourceDirectory D:\A_ThucNghiem\compiledrepos\49384652\niubi-job-framework\niubi-job-core\src\test\resources
[INFO] 
[INFO] --- compiler:3.3:testCompile (default-testCompile) @ niubi-job-core ---
[INFO] Changes detected - recompiling the module!
[INFO] Compiling 13 source files to D:\A_ThucNghiem\compiledrepos\49384652\niubi-job-framework\niubi-job-core\target\test-classes
[INFO] ------------------------------------------------------------------------
[INFO] Reactor Summary for com.zuoxiaolong:niubi-job 0.9.6.1-SNAPSHOT:
[INFO] 
[INFO] com.zuoxiaol"
2026-07-23T13:06:14+00:00,baseline_scope_build,49384652,niubi-job-framework/niubi-job-service,,,,,,PASS,14.907,":3.2.0:clean (default-clean) @ niubi-job-scanner ---
[INFO] Deleting D:\A_ThucNghiem\compiledrepos\49384652\niubi-job-framework\niubi-job-scanner\target
[INFO] 
[INFO] --- resources:3.4.0:resources (default-resources) @ niubi-job-scanner ---
[INFO] skip non existing resourceDirectory D:\A_ThucNghiem\compiledrepos\49384652\niubi-job-framework\niubi-job-scanner\src\main\resources
[INFO] 
[INFO] --- compiler:3.3:compile (default-compile) @ niubi-job-scanner ---
[INFO] Changes detected - recompiling the module!
[INFO] Compiling 13 source files to D:\A_ThucNghiem\compiledrepos\49384652\niubi-job-framework\niubi-job-scanner\target\classes
[INFO] 
[INFO] --- resources:3.4.0:testResources (default-testResources) @ niubi-job-scanner ---
[INFO] skip non existing resourceDirectory D:\A_ThucNghiem\compiledrepos\49384652\niubi-job-framework\niubi-job-scanner\src\test\resources
[INFO] 
[INFO] --- compiler:3.3:testCompile (default-testCompile) @ niubi-job-scanner ---
[INFO] Changes detected - recompiling the module!
[INFO] Compiling 1 source file to D:\A_ThucNghiem\compiledrepos\49384652\niubi-job-framework\niubi-job-scanner\target\test-classes
[INFO] 
[INFO] ----------------< com.zuoxiaolong:niubi-job-persistent >----------------
[INFO] Building com.zuoxiaolong:niubi-job-persistent 0.9.6.1-SNAPSHOT     [7/8]
[INFO]   from niubi-job-framework\niubi-job-persistent\pom.xml
[INFO] --------------------------------[ jar ]---------------------------------
[INFO] 
[INFO] --- clean:3.2.0:clean (default-clean) @ niubi-job-persistent ---
[INFO] Deleting D:\A_ThucNghiem\compiledrepos\49384652\niubi-job-framework\niubi-job-persistent\target
[INFO] 
[INFO] --- resources:3.4.0:resources (default-resources) @ niubi-job-persistent ---
[INFO] Copying 1 resource from src\main\resources to target\classes
[INFO] 
[INFO] --- compiler:3.3:compile (default-compile) @ niubi-job-persistent ---
[INFO] Changes detected - recompiling the module!
[INFO] Compiling 20 source files to D:\A_ThucNghiem\compiledrepos\49384652\niubi-job-framework\niubi-job-persistent\target\classes
[INFO] 
[INFO] --- resources:3.4.0:testResources (default-testResources) @ niubi-job-persistent ---
[INFO] Copying 3 resources from src\test\resources to target\test-classes
[INFO] 
[INFO] --- compiler:3.3:testCompile (default-testCompile) @ niubi-job-persistent ---
[INFO] Changes detected - recompiling the module!
[INFO] Compiling 3 source files to D:\A_ThucNghiem\compiledrepos\49384652\niubi-job-framework\niubi-job-persistent\target\test-classes
[INFO] 
[INFO] -----------------< com.zuoxiaolong:niubi-job-service >------------------
[INFO] Building com.zuoxiaolong:niubi-job-service 0.9.6.1-SNAPSHOT        [8/8]
[INFO]   from niubi-job-framework\niubi-job-service\pom.xml
[INFO] --------------------------------[ jar ]---------------------------------
[INFO] 
[INFO] --- clean:3.2.0:clean (default-clean) @ niubi-job-service ---
[INFO] Deleting D:\A_ThucNghiem\compiledrepos\49384652\niubi-job-framework\niubi-job-service\target
[INFO] 
[INFO] --- resources:3.4.0:resources (default-resources) @ niubi-job-service ---
[INFO] Copying 2 resources from src\main\resources to target\classes
[INFO] 
[INFO] --- compiler:3.3:compile (default-compile) @ niubi-job-service ---
[INFO] Changes detected - recompiling the module!
[INFO] Compiling 29 source files to D:\A_ThucNghiem\compiledrepos\49384652\niubi-job-framework\niubi-job-service\target\classes
[INFO] 
[INFO] --- resources:3.4.0:testResources (default-testResources) @ niubi-job-service ---
[INFO] Copying 4 resources from src\test\resources to target\test-classes
[INFO] 
[INFO] --- compiler:3.3:testCompile (default-testCompile) @ niubi-job-service ---
[INFO] Changes detected - recompiling the module!
[INFO] Compiling 9 source files to D:\A_ThucNghiem\compiledrepos\49384652\niubi-job-framework\niubi-job-service\target\test-classes
[INFO] ------------------------------------------------------------------------
[INFO] Reactor Summary for com.zuoxiaolong:niubi-job 0"
2026-07-23T13:06:20+00:00,baseline_scope_build,558963,httpcache4j-api,,,,,,PASS,6.089,"[INFO] Scanning for projects...
[INFO] 
[INFO] --------------< org.codehaus.httpcache4j:httpcache4j-api >--------------
[INFO] Building Java HTTP cache :: API 5.2.0-SNAPSHOT
[INFO]   from pom.xml
[INFO] --------------------------------[ jar ]---------------------------------
[INFO] 
[INFO] --- clean:3.2.0:clean (default-clean) @ httpcache4j-api ---
[INFO] Deleting D:\A_ThucNghiem\compiledrepos\558963\httpcache4j-api\target
[INFO] 
[INFO] --- resources:3.1.0:resources (default-resources) @ httpcache4j-api ---
[INFO] Using 'UTF-8' encoding to copy filtered resources.
[INFO] Copying 2 resources
[INFO] 
[INFO] --- compiler:3.8.0:compile (default-compile) @ httpcache4j-api ---
[INFO] Changes detected - recompiling the module!
[INFO] Compiling 92 source files to D:\A_ThucNghiem\compiledrepos\558963\httpcache4j-api\target\classes
[INFO] 
[INFO] --- resources:3.1.0:testResources (default-testResources) @ httpcache4j-api ---
[INFO] Using 'UTF-8' encoding to copy filtered resources.
[INFO] Copying 1 resource
[INFO] 
[INFO] --- compiler:3.8.0:testCompile (default-testCompile) @ httpcache4j-api ---
[INFO] Changes detected - recompiling the module!
[INFO] Compiling 23 source files to D:\A_ThucNghiem\compiledrepos\558963\httpcache4j-api\target\test-classes
[INFO] /D:/A_ThucNghiem/compiledrepos/558963/httpcache4j-api/src/test/java/org/codehaus/httpcache4j/auth/DefaultAuthenticatorTest.java: Some input files use or override a deprecated API.
[INFO] /D:/A_ThucNghiem/compiledrepos/558963/httpcache4j-api/src/test/java/org/codehaus/httpcache4j/auth/DefaultAuthenticatorTest.java: Recompile with -Xlint:deprecation for details.
[INFO] ------------------------------------------------------------------------
[INFO] BUILD SUCCESS
[INFO] ------------------------------------------------------------------------
[INFO] Total time:  2.887 s
[INFO] Finished at: 2026-07-23T20:06:20+07:00
[INFO] ------------------------------------------------------------------------"
2026-07-23T13:06:30+00:00,baseline_scope_build,60578004,elastic-jobx-core,,,,,,PASS,9.115,"[INFO] Scanning for projects...
[INFO] 
[INFO] -------------------< com.dangdang:elastic-jobx-core >-------------------
[INFO] Building elastic-jobx-core 1.0.2
[INFO]   from pom.xml
[INFO] --------------------------------[ jar ]---------------------------------
[INFO] 
[INFO] --- clean:3.2.0:clean (default-clean) @ elastic-jobx-core ---
[INFO] Deleting D:\A_ThucNghiem\compiledrepos\60578004\elastic-jobx-core\target
[INFO] 
[INFO] --- enforcer:1.4:enforce (enforce-banned-dependencies) @ elastic-jobx-core ---
[INFO] 
[INFO] --- resources:2.7:resources (default-resources) @ elastic-jobx-core ---
[INFO] Using 'UTF-8' encoding to copy filtered resources.
[INFO] skip non existing resourceDirectory D:\A_ThucNghiem\compiledrepos\60578004\elastic-jobx-core\src\main\resources
[INFO] 
[INFO] --- compiler:3.3:compile (default-compile) @ elastic-jobx-core ---
[INFO] Changes detected - recompiling the module!
[INFO] Compiling 106 source files to D:\A_ThucNghiem\compiledrepos\60578004\elastic-jobx-core\target\classes
[INFO] 
[INFO] --- resources:2.7:testResources (default-testResources) @ elastic-jobx-core ---
[INFO] Using 'UTF-8' encoding to copy filtered resources.
[INFO] Copying 3 resources
[INFO] 
[INFO] --- compiler:3.3:testCompile (default-testCompile) @ elastic-jobx-core ---
[INFO] Changes detected - recompiling the module!
[INFO] Compiling 127 source files to D:\A_ThucNghiem\compiledrepos\60578004\elastic-jobx-core\target\test-classes
[INFO] ------------------------------------------------------------------------
[INFO] BUILD SUCCESS
[INFO] ------------------------------------------------------------------------
[INFO] Total time:  6.177 s
[INFO] Finished at: 2026-07-23T20:06:29+07:00
[INFO] ------------------------------------------------------------------------"
2026-07-23T13:06:36+00:00,baseline_scope_build,61565876,injector,,,,,,PASS,6.242,"[INFO] Scanning for projects...
[INFO] 
[INFO] --------------------------< ch.jalu:injector >--------------------------
[INFO] Building injector 1.1-SNAPSHOT
[INFO]   from pom.xml
[INFO] --------------------------------[ jar ]---------------------------------
[INFO] 
[INFO] --- clean:3.2.0:clean (default-clean) @ injector ---
[INFO] Deleting D:\A_ThucNghiem\compiledrepos\61565876\injector\target
[INFO] 
[INFO] --- jacoco:0.8.14:prepare-agent (prepare-agent) @ injector ---
[INFO] argLine set to -javaagent:C:\\Users\\admin\\.m2\\repository\\org\\jacoco\\org.jacoco.agent\\0.8.14\\org.jacoco.agent-0.8.14-runtime.jar=destfile=D:\\A_ThucNghiem\\compiledrepos\\61565876\\injector\\target\\jacoco.exec
[INFO] 
[INFO] --- resources:3.4.0:resources (default-resources) @ injector ---
[INFO] skip non existing resourceDirectory D:\A_ThucNghiem\compiledrepos\61565876\injector\src\main\resources
[INFO] 
[INFO] --- compiler:3.14.1:compile (default-compile) @ injector ---
[INFO] Recompiling the module because of changed source code.
[INFO] Compiling 46 source files with javac [debug target 1.8] to target\classes
[INFO] /D:/A_ThucNghiem/compiledrepos/61565876/injector/src/main/java/ch/jalu/injector/testing/DelayedInjectionExtension.java: Some input files use or override a deprecated API.
[INFO] /D:/A_ThucNghiem/compiledrepos/61565876/injector/src/main/java/ch/jalu/injector/testing/DelayedInjectionExtension.java: Recompile with -Xlint:deprecation for details.
[INFO] /D:/A_ThucNghiem/compiledrepos/61565876/injector/src/main/java/ch/jalu/injector/InjectorImpl.java: Some input files use unchecked or unsafe operations.
[INFO] /D:/A_ThucNghiem/compiledrepos/61565876/injector/src/main/java/ch/jalu/injector/InjectorImpl.java: Recompile with -Xlint:unchecked for details.
[INFO] 
[INFO] --- resources:3.4.0:testResources (default-testResources) @ injector ---
[INFO] skip non existing resourceDirectory D:\A_ThucNghiem\compiledrepos\61565876\injector\src\test\resources
[INFO] 
[INFO] --- compiler:3.14.1:testCompile (default-testCompile) @ injector ---
[INFO] Recompiling the module because of changed dependency.
[INFO] Compiling 91 source files with javac [debug target 1.8] to target\test-classes
[WARNING] /D:/A_ThucNghiem/compiledrepos/61565876/injector/src/test/java/ch/jalu/injector/utils/InjectorUtilsTest.java:[159,59] non-varargs call of varargs method with inexact argument type for last parameter;
  cast to java.lang.Object for a varargs call
  cast to java.lang.Object[] for a non-varargs call and to suppress this warning
[WARNING] /D:/A_ThucNghiem/compiledrepos/61565876/injector/src/test/java/ch/jalu/injector/utils/InjectorUtilsTest.java:[160,59] non-varargs call of varargs method with inexact argument type for last parameter;
  cast to java.lang.Object for a varargs call
  cast to java.lang.Object[] for a non-varargs call and to suppress this warning
[WARNING] /D:/A_ThucNghiem/compiledrepos/61565876/injector/src/test/java/ch/jalu/injector/utils/InjectorUtilsTest.java:[161,59] non-varargs call of varargs method with inexact argument type for last parameter;
  cast to java.lang.Object for a varargs call
  cast to java.lang.Object[] for a non-varargs call and to suppress this warning
[INFO] /D:/A_ThucNghiem/compiledrepos/61565876/injector/src/test/java/ch/jalu/injector/testing/runner/MockDependencyHandlerTest.java: Some input files use or override a deprecated API.
[INFO] /D:/A_ThucNghiem/compiledrepos/61565876/injector/src/test/java/ch/jalu/injector/testing/runner/MockDependencyHandlerTest.java: Recompile with -Xlint:deprecation for details.
[INFO] /D:/A_ThucNghiem/compiledrepos/61565876/injector/src/test/java/ch/jalu/injector/InjectorImplTest.java: Some input files use unchecked or unsafe operations.
[INFO] /D:/A_ThucNghiem/compiledrepos/61565876/injector/src/test/java/ch/jalu/injector/InjectorImplTest.java: Recompile with -Xlint:unchecked for details.
[INFO] ------------------------------------------------------------------------
[INFO] BUILD SUCCESS
[I"
2026-07-23T13:07:11+00:00,baseline_scope_build,6293402,server,,,,,,PASS,34.822,"[INFO] Scanning for projects...
[INFO] 
[INFO] ----------------------< com.vaadin:vaadin-server >----------------------
[INFO] Building vaadin-server 8.14-SNAPSHOT
[INFO]   from pom.xml
[INFO] --------------------------------[ jar ]---------------------------------
[WARNING] Parameter 'overWrite' is unknown for plugin 'maven-dependency-plugin:3.0.1:unpack-dependencies (copy-font-icons)'
[INFO] 
[INFO] --- clean:3.0.0:clean (default-clean) @ vaadin-server ---
[INFO] Deleting D:\A_ThucNghiem\compiledrepos\6293402\server\target
[INFO] 
[INFO] --- flatten:1.4.1:clean (flatten-clean) @ vaadin-server ---
[INFO] Deleting D:\A_ThucNghiem\compiledrepos\6293402\server\.flattened-pom.xml
[INFO] 
[INFO] --- build-helper:1.10:parse-version (parse-version) @ vaadin-server ---
[INFO] 
[INFO] --- dependency:3.0.1:unpack-dependencies (copy-font-icons) @ vaadin-server ---
[INFO] Unpacking C:\Users\admin\.m2\repository\com\vaadin\vaadin-icons\3.0.2\vaadin-icons-3.0.2.jar to D:\A_ThucNghiem\compiledrepos\6293402\server\target\vaadin-icons with includes ""com/vaadin/icons/VaadinIcons.java"" and excludes """"
[INFO] 
[INFO] --- build-helper:1.10:add-source (add-source) @ vaadin-server ---
[INFO] Source directory: D:\A_ThucNghiem\compiledrepos\6293402\server\target\vaadin-icons added.
[INFO] 
[INFO] --- checkstyle:2.17:checkstyle (default) @ vaadin-server ---
[INFO] 
[INFO] --- build-helper:1.10:add-resource (add-dependency-resources) @ vaadin-server ---
[INFO] 
[INFO] --- resources:2.6:resources (default-resources) @ vaadin-server ---
[INFO] Using 'UTF-8' encoding to copy filtered resources.
[INFO] Copying 4 resources
[INFO] skip non existing resourceDirectory D:\A_ThucNghiem\compiledrepos\6293402\server\target\dependency-unpack
[INFO] 
[INFO] --- flatten:1.4.1:flatten (flatten) @ vaadin-server ---
[INFO] Generating flattened POM of project com.vaadin:vaadin-server:jar:8.14-SNAPSHOT...
[INFO] 
[INFO] --- resources:2.6:copy-resources (copy-sources) @ vaadin-server ---
[INFO] Using 'UTF-8' encoding to copy filtered resources.
[INFO] Copying 4 resources
[INFO] Copying 554 resources
[INFO] Copying 1 resource
[INFO] 
[INFO] --- compiler:3.5.1:compile (default-compile) @ vaadin-server ---
[INFO] Changes detected - recompiling the module!
[INFO] Compiling 555 source files to D:\A_ThucNghiem\compiledrepos\6293402\server\target\classes
[INFO] /D:/A_ThucNghiem/compiledrepos/6293402/server/src/main/java/com/vaadin/ui/Component.java: Some input files use or override a deprecated API.
[INFO] /D:/A_ThucNghiem/compiledrepos/6293402/server/src/main/java/com/vaadin/ui/Component.java: Recompile with -Xlint:deprecation for details.
[INFO] /D:/A_ThucNghiem/compiledrepos/6293402/server/src/main/java/com/vaadin/server/AbstractClientConnector.java: Some input files use unchecked or unsafe operations.
[INFO] /D:/A_ThucNghiem/compiledrepos/6293402/server/src/main/java/com/vaadin/server/AbstractClientConnector.java: Recompile with -Xlint:unchecked for details.
[INFO] 
[INFO] --- bnd:3.5.0:bnd-process (default) @ vaadin-server ---
[WARNING] D:\A_ThucNghiem\compiledrepos\6293402\server\bnd.bnd [0:0]: Invalid package name: 'com.vaadin.ui.doc-files'
[INFO] 
[INFO] --- resources:2.6:testResources (default-testResources) @ vaadin-server ---
[INFO] Using 'UTF-8' encoding to copy filtered resources.
[INFO] Copying 14 resources
[INFO] 
[INFO] --- compiler:3.5.1:testCompile (default-testCompile) @ vaadin-server ---
[INFO] Changes detected - recompiling the module!
[INFO] Compiling 406 source files to D:\A_ThucNghiem\compiledrepos\6293402\server\target\test-classes
[INFO] /D:/A_ThucNghiem/compiledrepos/6293402/server/src/test/java/com/vaadin/tests/design/DeclarativeTestBase.java: Some input files use or override a deprecated API.
[INFO] /D:/A_ThucNghiem/compiledrepos/6293402/server/src/test/java/com/vaadin/tests/design/DeclarativeTestBase.java: Recompile with -Xlint:deprecation for details.
[INFO] /D:/A_ThucNghiem/compiledrepos/6293402/server/src/test/java/com/vaadin/tests/design/Declarat"
2026-07-23T13:07:16+00:00,baseline_scope_build,6437134,enav-model,,,,,,PASS,5.555,"[INFO] Scanning for projects...
[INFO] ------------------------------------------------------------------------
[INFO] Reactor Build Order:
[INFO] 
[INFO] eNav Parent                                                        [pom]
[INFO] eNav Util                                                          [jar]
[INFO] eNav Model                                                         [jar]
[INFO] 
[INFO] ----------------------< dk.dma.enav:enav-parent >-----------------------
[INFO] Building eNav Parent 0.6-SNAPSHOT                                  [1/3]
[INFO]   from pom.xml
[INFO] --------------------------------[ pom ]---------------------------------
[INFO] 
[INFO] --- clean:2.5:clean (default-clean) @ enav-parent ---
[INFO] 
[INFO] --- enforcer:3.0.0-M2:enforce (enforce-maven) @ enav-parent ---
[INFO] 
[INFO] -----------------------< dk.dma.enav:enav-util >------------------------
[INFO] Building eNav Util 0.6-SNAPSHOT                                    [2/3]
[INFO]   from enav-util\pom.xml
[INFO] --------------------------------[ jar ]---------------------------------
[INFO] 
[INFO] --- clean:2.5:clean (default-clean) @ enav-util ---
[INFO] Deleting D:\A_ThucNghiem\compiledrepos\6437134\enav-util\target
[INFO] 
[INFO] --- enforcer:3.0.0-M2:enforce (enforce-maven) @ enav-util ---
[INFO] 
[INFO] --- resources:3.4.0:resources (default-resources) @ enav-util ---
[INFO] skip non existing resourceDirectory D:\A_ThucNghiem\compiledrepos\6437134\enav-util\src\main\resources
[INFO] 
[INFO] --- compiler:3.1:compile (default-compile) @ enav-util ---
[INFO] Changes detected - recompiling the module!
[INFO] Compiling 8 source files to D:\A_ThucNghiem\compiledrepos\6437134\enav-util\target\classes
[INFO] 
[INFO] --- resources:3.4.0:testResources (default-testResources) @ enav-util ---
[INFO] skip non existing resourceDirectory D:\A_ThucNghiem\compiledrepos\6437134\enav-util\src\test\resources
[INFO] 
[INFO] --- compiler:3.1:testCompile (default-testCompile) @ enav-util ---
[INFO] Changes detected - recompiling the module!
[INFO] Compiling 3 source files to D:\A_ThucNghiem\compiledrepos\6437134\enav-util\target\test-classes
[INFO] 
[INFO] -----------------------< dk.dma.enav:enav-model >-----------------------
[INFO] Building eNav Model 0.6-SNAPSHOT                                   [3/3]
[INFO]   from enav-model\pom.xml
[INFO] --------------------------------[ jar ]---------------------------------
[INFO] 
[INFO] --- clean:2.5:clean (default-clean) @ enav-model ---
[INFO] Deleting D:\A_ThucNghiem\compiledrepos\6437134\enav-model\target
[INFO] 
[INFO] --- enforcer:3.0.0-M2:enforce (enforce-maven) @ enav-model ---
[INFO] 
[INFO] --- resources:3.4.0:resources (default-resources) @ enav-model ---
[INFO] Copying 1 resource from src\main\resources to target\classes
[INFO] 
[INFO] --- compiler:3.1:compile (default-compile) @ enav-model ---
[INFO] Changes detected - recompiling the module!
[INFO] Compiling 64 source files to D:\A_ThucNghiem\compiledrepos\6437134\enav-model\target\classes
[INFO] 
[INFO] --- resources:3.4.0:testResources (default-testResources) @ enav-model ---
[INFO] skip non existing resourceDirectory D:\A_ThucNghiem\compiledrepos\6437134\enav-model\src\test\resources
[INFO] 
[INFO] --- compiler:3.1:testCompile (default-testCompile) @ enav-model ---
[INFO] Changes detected - recompiling the module!
[INFO] Compiling 6 source files to D:\A_ThucNghiem\compiledrepos\6437134\enav-model\target\test-classes
[INFO] ------------------------------------------------------------------------
[INFO] Reactor Summary for eNav Parent 0.6-SNAPSHOT:
[INFO] 
[INFO] eNav Parent ........................................ SUCCESS [  0.550 s]
[INFO] eNav Util .......................................... SUCCESS [  1.022 s]
[INFO] eNav Model ......................................... SUCCESS [  0.788 s]
[INFO] ------------------------------------------------------------------------
[INFO] BUILD SUCCESS
[INFO] ---------------------------------------------------"
2026-07-23T13:07:24+00:00,baseline_scope_build,64487983,bridge,,,,,,PASS,8.198,"[INFO] Scanning for projects...
[WARNING] 
[WARNING] Some problems were encountered while building the effective model for com.iluwatar:bridge:jar:1.12.0-SNAPSHOT
[WARNING] 'build.plugins.plugin.(groupId:artifactId)' must be unique but found duplicate declaration of plugin org.jacoco:jacoco-maven-plugin @ com.iluwatar:java-design-patterns:1.12.0-SNAPSHOT, D:\A_ThucNghiem\compiledrepos\64487983\pom.xml, line 338, column 12
[WARNING] 
[WARNING] It is highly recommended to fix these problems because they threaten the stability of your build.
[WARNING] 
[WARNING] For this reason, future Maven versions might no longer support building such malformed projects.
[WARNING] 
[INFO] 
[INFO] ------------------------< com.iluwatar:bridge >-------------------------
[INFO] Building bridge 1.12.0-SNAPSHOT
[INFO]   from pom.xml
[INFO] --------------------------------[ jar ]---------------------------------
[INFO] 
[INFO] --- clean:3.2.0:clean (default-clean) @ bridge ---
[INFO] Deleting D:\A_ThucNghiem\compiledrepos\64487983\bridge\target
[INFO] 
[INFO] --- checkstyle:2.17:check (validate) @ bridge ---
[INFO] Starting audit...
Audit done.
[INFO] 
[INFO] --- jacoco:0.7.5.201505241946:prepare-agent (prepare-agent) @ bridge ---
[INFO] argLine set to -javaagent:C:\\Users\\admin\\.m2\\repository\\org\\jacoco\\org.jacoco.agent\\0.7.5.201505241946\\org.jacoco.agent-0.7.5.201505241946-runtime.jar=destfile=D:\\A_ThucNghiem\\compiledrepos\\64487983\\bridge\\target\\jacoco.exec,excludes=domainapp/dom/modules/simple/QSimpleObject.class
[INFO] 
[INFO] --- jacoco:0.7.5.201505241946:prepare-agent (default) @ bridge ---
[INFO] argLine set to -javaagent:C:\\Users\\admin\\.m2\\repository\\org\\jacoco\\org.jacoco.agent\\0.7.5.201505241946\\org.jacoco.agent-0.7.5.201505241946-runtime.jar=destfile=D:\\A_ThucNghiem\\compiledrepos\\64487983\\bridge\\target\\jacoco.exec,excludes=domainapp/dom/modules/simple/QSimpleObject.class
[INFO] 
[INFO] --- resources:3.4.0:resources (default-resources) @ bridge ---
[INFO] skip non existing resourceDirectory D:\A_ThucNghiem\compiledrepos\64487983\bridge\src\main\resources
[INFO] 
[INFO] --- compiler:3.0:compile (default-compile) @ bridge ---
[INFO] Changes detected - recompiling the module!
[INFO] Compiling 12 source files to D:\A_ThucNghiem\compiledrepos\64487983\bridge\target\classes
[INFO] 
[INFO] --- resources:3.4.0:testResources (default-testResources) @ bridge ---
[INFO] skip non existing resourceDirectory D:\A_ThucNghiem\compiledrepos\64487983\bridge\src\test\resources
[INFO] 
[INFO] --- compiler:3.0:testCompile (default-testCompile) @ bridge ---
[INFO] Changes detected - recompiling the module!
[INFO] Compiling 5 source files to D:\A_ThucNghiem\compiledrepos\64487983\bridge\target\test-classes
[INFO] ------------------------------------------------------------------------
[INFO] BUILD SUCCESS
[INFO] ------------------------------------------------------------------------
[INFO] Total time:  5.531 s
[INFO] Finished at: 2026-07-23T20:07:24+07:00
[INFO] ------------------------------------------------------------------------"
2026-07-23T13:07:33+00:00,baseline_scope_build,64487983,hexagonal,,,,,,PASS,8.882,"[INFO] Scanning for projects...
[WARNING] 
[WARNING] Some problems were encountered while building the effective model for com.iluwatar:hexagonal:jar:1.12.0-SNAPSHOT
[WARNING] 'build.plugins.plugin.(groupId:artifactId)' must be unique but found duplicate declaration of plugin org.jacoco:jacoco-maven-plugin @ com.iluwatar:java-design-patterns:1.12.0-SNAPSHOT, D:\A_ThucNghiem\compiledrepos\64487983\pom.xml, line 338, column 12
[WARNING] 
[WARNING] It is highly recommended to fix these problems because they threaten the stability of your build.
[WARNING] 
[WARNING] For this reason, future Maven versions might no longer support building such malformed projects.
[WARNING] 
[INFO] 
[INFO] -----------------------< com.iluwatar:hexagonal >-----------------------
[INFO] Building hexagonal 1.12.0-SNAPSHOT
[INFO]   from pom.xml
[INFO] --------------------------------[ jar ]---------------------------------
[INFO] 
[INFO] --- clean:3.2.0:clean (default-clean) @ hexagonal ---
[INFO] Deleting D:\A_ThucNghiem\compiledrepos\64487983\hexagonal\target
[INFO] 
[INFO] --- checkstyle:2.17:check (validate) @ hexagonal ---
[INFO] Starting audit...
Audit done.
[INFO] 
[INFO] --- jacoco:0.7.5.201505241946:prepare-agent (prepare-agent) @ hexagonal ---
[INFO] argLine set to -javaagent:C:\\Users\\admin\\.m2\\repository\\org\\jacoco\\org.jacoco.agent\\0.7.5.201505241946\\org.jacoco.agent-0.7.5.201505241946-runtime.jar=destfile=D:\\A_ThucNghiem\\compiledrepos\\64487983\\hexagonal\\target\\jacoco.exec,excludes=domainapp/dom/modules/simple/QSimpleObject.class
[INFO] 
[INFO] --- jacoco:0.7.5.201505241946:prepare-agent (default) @ hexagonal ---
[INFO] argLine set to -javaagent:C:\\Users\\admin\\.m2\\repository\\org\\jacoco\\org.jacoco.agent\\0.7.5.201505241946\\org.jacoco.agent-0.7.5.201505241946-runtime.jar=destfile=D:\\A_ThucNghiem\\compiledrepos\\64487983\\hexagonal\\target\\jacoco.exec,excludes=domainapp/dom/modules/simple/QSimpleObject.class
[INFO] 
[INFO] --- resources:3.4.0:resources (default-resources) @ hexagonal ---
[INFO] skip non existing resourceDirectory D:\A_ThucNghiem\compiledrepos\64487983\hexagonal\src\main\resources
[INFO] 
[INFO] --- compiler:3.0:compile (default-compile) @ hexagonal ---
[INFO] Changes detected - recompiling the module!
[INFO] Compiling 17 source files to D:\A_ThucNghiem\compiledrepos\64487983\hexagonal\target\classes
[INFO] 
[INFO] --- resources:3.4.0:testResources (default-testResources) @ hexagonal ---
[INFO] skip non existing resourceDirectory D:\A_ThucNghiem\compiledrepos\64487983\hexagonal\src\test\resources
[INFO] 
[INFO] --- compiler:3.0:testCompile (default-testCompile) @ hexagonal ---
[INFO] Changes detected - recompiling the module!
[INFO] Compiling 9 source files to D:\A_ThucNghiem\compiledrepos\64487983\hexagonal\target\test-classes
[INFO] ------------------------------------------------------------------------
[INFO] BUILD SUCCESS
[INFO] ------------------------------------------------------------------------
[INFO] Total time:  5.772 s
[INFO] Finished at: 2026-07-23T20:07:33+07:00
[INFO] ------------------------------------------------------------------------"
2026-07-23T13:07:47+00:00,baseline_scope_build,66303306,event,,,,,,PASS,13.904,"ner/OstrichOwnerGroup.java:[165,50] unchecked cast
  required: T
  found:    com.google.common.util.concurrent.Service
[WARNING] /D:/A_ThucNghiem/compiledrepos/66303306/event/src/main/java/com/bazaarvoice/emodb/event/core/ClosedClaimSetException.java:[3,8] serializable class com.bazaarvoice.emodb.event.core.ClosedClaimSetException has no definition of serialVersionUID
[WARNING] /D:/A_ThucNghiem/compiledrepos/66303306/event/src/main/java/com/bazaarvoice/emodb/event/db/astyanax/AstyanaxManifestPersister.java:[131,29] propagate(java.lang.Throwable) in com.google.common.base.Throwables has been deprecated
[WARNING] /D:/A_ThucNghiem/compiledrepos/66303306/event/src/main/java/com/bazaarvoice/emodb/event/db/astyanax/BatchUpdate.java:[87,29] propagate(java.lang.Throwable) in com.google.common.base.Throwables has been deprecated
[WARNING] /D:/A_ThucNghiem/compiledrepos/66303306/event/src/main/java/com/bazaarvoice/emodb/sortedq/db/astyanax/AstyanaxQueueDAO.java:[233,29] propagate(java.lang.Throwable) in com.google.common.base.Throwables has been deprecated
[WARNING] /D:/A_ThucNghiem/compiledrepos/66303306/event/src/main/java/com/bazaarvoice/emodb/sortedq/core/PersistentSortedQueue.java:[290,29] propagate(java.lang.Throwable) in com.google.common.base.Throwables has been deprecated
[WARNING] /D:/A_ThucNghiem/compiledrepos/66303306/event/src/main/java/com/bazaarvoice/emodb/sortedq/core/PersistentSortedQueue.java:[626,74] serializable class <anonymous com.bazaarvoice.emodb.sortedq.core.PersistentSortedQueue$3> has no definition of serialVersionUID
[WARNING] /D:/A_ThucNghiem/compiledrepos/66303306/event/src/main/java/com/bazaarvoice/emodb/sortedq/core/Segment.java:[92,29] propagate(java.lang.Throwable) in com.google.common.base.Throwables has been deprecated
[WARNING] /D:/A_ThucNghiem/compiledrepos/66303306/event/src/main/java/com/bazaarvoice/emodb/sortedq/core/Segment.java:[119,29] propagate(java.lang.Throwable) in com.google.common.base.Throwables has been deprecated
[INFO] 
[INFO] --- resources:3.2.0:testResources (default-testResources) @ emodb-event ---
[INFO] Using 'UTF-8' encoding to copy filtered resources.
[INFO] Using 'UTF-8' encoding to copy filtered properties files.
[INFO] Copying 0 resource
[INFO] skip non existing resourceDirectory D:\A_ThucNghiem\compiledrepos\66303306\event\src\test\resources
[INFO] 
[INFO] --- compiler:3.10.1:testCompile (default-testCompile) @ emodb-event ---
[INFO] Changes detected - recompiling the module!
[INFO] Compiling 15 source files to D:\A_ThucNghiem\compiledrepos\66303306\event\target\test-classes
[WARNING] /D:/A_ThucNghiem/compiledrepos/66303306/event/src/test/java/com/bazaarvoice/emodb/sortedq/core/SegmentSnapshotJsonTest.java:[103,46] unchecked conversion
  required: com.bazaarvoice.emodb.sortedq.core.SplitQueue<com.bazaarvoice.emodb.sortedq.core.Segment>
  found:    com.bazaarvoice.emodb.sortedq.core.SplitQueue
[WARNING] /D:/A_ThucNghiem/compiledrepos/66303306/event/src/test/java/com/bazaarvoice/emodb/event/core/DedupQueueTest.java:[82,87] found raw type: org.mockito.stubbing.Answer
  missing type arguments for generic class org.mockito.stubbing.Answer<T>
[WARNING] /D:/A_ThucNghiem/compiledrepos/66303306/event/src/test/java/com/bazaarvoice/emodb/sortedq/core/PersistentSortedQueueWithRetry.java:[158,33] propagate(java.lang.Throwable) in com.google.common.base.Throwables has been deprecated
[WARNING] /D:/A_ThucNghiem/compiledrepos/66303306/event/src/test/java/com/bazaarvoice/emodb/sortedq/core/PersistentSortedQueueTest.java:[752,29] propagate(java.lang.Throwable) in com.google.common.base.Throwables has been deprecated
[WARNING] /D:/A_ThucNghiem/compiledrepos/66303306/event/src/test/java/com/bazaarvoice/emodb/sortedq/core/SimulatedFailureException.java:[3,1] serializable class com.bazaarvoice.emodb.sortedq.core.SimulatedFailureException has no definition of serialVersionUID
[INFO] ------------------------------------------------------------------------
[INFO] Reactor Summary for EmoDB Parent 6"
2026-07-23T13:09:09+00:00,baseline_scope_build,66303306,web,,,,,,PASS,81.869,"c class com.bazaarvoice.emodb.job.api.JobIdentifier<Q,R>
[WARNING] /D:/A_ThucNghiem/compiledrepos/66303306/web/src/test/java/com/bazaarvoice/emodb/web/settings/SettingsManagerTest.java:[39,57] unchecked conversion
  required: com.google.common.cache.Cache<java.lang.String,?>
  found:    com.google.common.cache.Cache
[WARNING] /D:/A_ThucNghiem/compiledrepos/66303306/web/src/test/java/com/bazaarvoice/emodb/web/settings/SettingsManagerTest.java:[87,24] found raw type: com.google.common.cache.Cache
  missing type arguments for generic class com.google.common.cache.Cache<K,V>
[WARNING] /D:/A_ThucNghiem/compiledrepos/66303306/web/src/test/java/com/bazaarvoice/emodb/web/settings/SettingsManagerTest.java:[88,71] unchecked conversion
  required: com.google.common.cache.Cache<java.lang.String,?>
  found:    com.google.common.cache.Cache
[WARNING] /D:/A_ThucNghiem/compiledrepos/66303306/web/src/test/java/com/bazaarvoice/emodb/auth/apikey/ApiKeyRealmTest.java:[159,90] unchecked generic array creation for varargs parameter of type java.util.Set<org.apache.shiro.authz.Permission>[]
[INFO] ------------------------------------------------------------------------
[INFO] Reactor Summary for EmoDB 6.5.215-SNAPSHOT:
[INFO] 
[INFO] EmoDB Parent ....................................... SUCCESS [  0.821 s]
[INFO] EmoDB Common API Classes ........................... SUCCESS [  1.296 s]
[INFO] EmoDB Json Utilities ............................... SUCCESS [  0.727 s]
[INFO] EmoDB ZooKeeper Utilities .......................... SUCCESS [  0.591 s]
[INFO] EmoDB Dropwizard Utilities ......................... SUCCESS [  0.881 s]
[INFO] EmoDB Cassandra Astyanax Utilities ................. SUCCESS [  1.399 s]
[INFO] EmoDB UUID Utilities ............................... SUCCESS [  0.180 s]
[INFO] EmoDB Stash Utilities .............................. SUCCESS [  1.000 s]
[INFO] EmoDB Generic Client Classes ....................... SUCCESS [  0.458 s]
[INFO] EmoDB Dropwizard Jersey Client Classes ............. SUCCESS [  0.399 s]
[INFO] EmoDB Authentication Client ........................ SUCCESS [  0.150 s]
[INFO] EmoDB User Access Control API ...................... SUCCESS [  0.302 s]
[INFO] EmoDB System of Record API ......................... SUCCESS [  2.253 s]
[INFO] EmoDB Data Center Abstraction ...................... SUCCESS [  1.024 s]
[INFO] EmoDB In-Memory Cache Manager ...................... SUCCESS [  1.659 s]
[INFO] EmoDB Authentication ............................... SUCCESS [  1.569 s]
[INFO] EmoDB Authentication Storage ....................... SUCCESS [  0.853 s]
[INFO] EmoDB .............................................. SUCCESS [  0.033 s]
[INFO] EmoDB Authentication Util .......................... SUCCESS [  0.177 s]
[INFO] EmoDB Queue Service API ............................ SUCCESS [  0.429 s]
[INFO] EmoDB Databus API .................................. SUCCESS [  0.675 s]
[INFO] EmoDB Blob Store API ............................... SUCCESS [  0.607 s]
[INFO] EmoDB Job API ...................................... SUCCESS [  0.205 s]
[INFO] EmoDB Event Store .................................. SUCCESS [  3.219 s]
[INFO] EmoDB Table Abstraction ............................ SUCCESS [  4.329 s]
[INFO] EmoDB Queue Client Common .......................... SUCCESS [  0.837 s]
[INFO] EmoDB Queue HTTP Client ............................ SUCCESS [  1.973 s]
[INFO] EmoDB Queue Service ................................ SUCCESS [  3.053 s]
[INFO] EmoDB Jobs ......................................... SUCCESS [  1.713 s]
[INFO] EmoDB System of Record Client Common ............... SUCCESS [  1.446 s]
[INFO] EmoDB System of Record HTTP Client ................. SUCCESS [  1.912 s]
[INFO] EmoDB System of Record ............................. SUCCESS [  7.169 s]
[INFO] EmoDB Databus Client Common ........................ SUCCESS [  0.784 s]
[INFO] EmoDB Databus HTTP Client .......................... SUCCESS [  1.168 s]
[INFO] EmoDB Databus ..................................."
2026-07-23T13:10:19+00:00,baseline_scope_build,6944525,d2,,,,,,PASS,70.481,": warning: [unchecked] unchecked cast
      SuccessCallback<List<String>> callback = (SuccessCallback<List<String>>) invocation.getArguments()[3];
                                                                                                        ^
  required: com.linkedin.common.callback.SuccessCallback<java.util.List<java.lang.String>>
  found:    java.lang.Object
D:\A_ThucNghiem\compiledrepos\6944525\d2\src\test\java\com\linkedin\d2\balancer\util\downstreams\TestIndisBasedDownstreamServicesFetcher.java:344: warning: [unchecked] unchecked conversion
    SuccessCallback<List<String>> callback = mock(SuccessCallback.class);
                                                 ^
  required: com.linkedin.common.callback.SuccessCallback<java.util.List<java.lang.String>>
  found:    com.linkedin.common.callback.SuccessCallback
D:\A_ThucNghiem\compiledrepos\6944525\d2\src\test\java\com\linkedin\d2\discovery\stores\zk\SharedZkConnectionProviderTest.java:187: warning: [deprecation] ZooKeeperAnnouncer(com.linkedin.d2.balancer.servers.ZooKeeperServer,boolean) in com.linkedin.d2.balancer.servers.ZooKeeperAnnouncer has been deprecated
      ZooKeeperAnnouncer announcer = new ZooKeeperAnnouncer(server, true);
                                     ^
D:\A_ThucNghiem\compiledrepos\6944525\d2\src\test\java\com\linkedin\d2\discovery\stores\zk\SharedZkConnectionProviderTest.java:282: warning: [deprecation] com.linkedin.d2.balancer.LastSeenBalancerWithFacilitiesFactory in com.linkedin.d2.balancer has been deprecated
        .setLoadBalancerWithFacilitiesFactory(new LastSeenBalancerWithFacilitiesFactory())
                                                  ^
D:\A_ThucNghiem\compiledrepos\6944525\d2\src\test\java\com\linkedin\d2\discovery\stores\zk\SharedZkConnectionProviderTest.java:279: warning: [deprecation] setZkHosts(java.lang.String) in com.linkedin.d2.balancer.D2ClientBuilder has been deprecated
    d2ClientBuilder.setZkHosts(""localhost:"" + ZK_PORT)
                   ^
D:\A_ThucNghiem\compiledrepos\6944525\d2\src\test\java\com\linkedin\d2\discovery\stores\zk\SharedZkConnectionProviderTest.java:280: warning: [deprecation] setZkSessionTimeout(long,java.util.concurrent.TimeUnit) in com.linkedin.d2.balancer.D2ClientBuilder has been deprecated
        .setZkSessionTimeout(ZK_TIMEOUT, TimeUnit.MILLISECONDS)
        ^
D:\A_ThucNghiem\compiledrepos\6944525\d2\src\test\java\com\linkedin\d2\discovery\stores\zk\SharedZkConnectionProviderTest.java:281: warning: [deprecation] setZKConnectionForloadBalancer(com.linkedin.d2.discovery.stores.zk.ZKPersistentConnection) in com.linkedin.d2.balancer.D2ClientBuilder has been deprecated
        .setZKConnectionForloadBalancer(zkConnectionToUse)
        ^
D:\A_ThucNghiem\compiledrepos\6944525\d2\src\test\java\com\linkedin\d2\discovery\util\TestD2Utils.java:59: warning: [unchecked] unchecked conversion
    Map<String, String> env = mock(Map.class);
                                  ^
  required: java.util.Map<java.lang.String,java.lang.String>
  found:    java.util.Map
D:\A_ThucNghiem\compiledrepos\6944525\d2\src\test\java\com\linkedin\d2\jmx\D2LoadBalancerJmxTest.java:60: warning: [deprecation] com.linkedin.d2.balancer.LastSeenBalancerWithFacilitiesFactory in com.linkedin.d2.balancer has been deprecated
    return new Object[][]{{new LastSeenBalancerWithFacilitiesFactory()}, {new ZKFSLoadBalancerWithFacilitiesFactory()}};
                               ^
D:\A_ThucNghiem\compiledrepos\6944525\d2\src\test\java\com\linkedin\d2\jmx\D2LoadBalancerJmxTest.java:60: warning: [deprecation] com.linkedin.d2.balancer.ZKFSLoadBalancerWithFacilitiesFactory in com.linkedin.d2.balancer has been deprecated
    return new Object[][]{{new LastSeenBalancerWithFacilitiesFactory()}, {new ZKFSLoadBalancerWithFacilitiesFactory()}};
                                                                              ^
D:\A_ThucNghiem\compiledrepos\6944525\d2\src\test\java\com\linkedin\d2\jmx\D2LoadBalancerJmxTest.java:102: warning: [deprecation]"
2026-07-23T13:10:30+00:00,baseline_scope_build,74999474,parsec-clients,,,,,,PASS,10.435,"To honour the JVM settings for this build a new JVM will be forked. Please consider using the daemon: https://docs.gradle.org/5.2.1/userguide/gradle_daemon.html.
Daemon will be stopped at the end of the build stopping after processing
> Task :parsec-clients:clean

> Task :parsec-clients:compileJava

> Task :parsec-clients:processResources NO-SOURCE
> Task :parsec-clients:classes

> Task :parsec-clients:compileTestJava

> Task :parsec-clients:processTestResources
> Task :parsec-clients:testClasses

BUILD SUCCESSFUL in 7s
4 actionable tasks: 4 executed

Note: D:\A_ThucNghiem\compiledrepos\74999474\parsec-clients\src\main\java\com\yahoo\parsec\clients\ParsecAsyncHttpClient.java uses or overrides a deprecated API.
Note: Recompile with -Xlint:deprecation for details.
Note: Some input files use unchecked or unsafe operations.
Note: Recompile with -Xlint:unchecked for details.
Note: Some input files use unchecked or unsafe operations.
Note: Recompile with -Xlint:unchecked for details."
2026-07-23T13:10:37+00:00,baseline_scope_build,77481567,core,,,,,,PASS,7.166,"[INFO] Scanning for projects...
[INFO] 
[INFO] ---------------------< de.voidnode.trading4j:core >---------------------
[INFO] Building Trading4j - core 0.2-SNAPSHOT
[INFO]   from pom.xml
[INFO] --------------------------------[ jar ]---------------------------------
[INFO] 
[INFO] --- clean:3.2.0:clean (default-clean) @ core ---
[INFO] Deleting D:\A_ThucNghiem\compiledrepos\77481567\core\target
[INFO] 
[INFO] --- resources:3.4.0:resources (default-resources) @ core ---
[INFO] skip non existing resourceDirectory D:\A_ThucNghiem\compiledrepos\77481567\core\src\main\resources
[INFO] 
[INFO] --- compiler:3.1:compile (default-compile) @ core ---
[WARNING]  Parameter 'compilerArguments' is deprecated: use {@link #compilerArgs} instead.
[INFO] Changes detected - recompiling the module!
[INFO] Compiling 120 source files to D:\A_ThucNghiem\compiledrepos\77481567\core\target\classes
[INFO] 
[INFO] --- resources:3.4.0:testResources (default-testResources) @ core ---
[INFO] Copying 2 resources from src\test\resources to target\test-classes
[INFO] 
[INFO] --- compiler:3.1:testCompile (default-testCompile) @ core ---
[WARNING]  Parameter 'compilerArguments' is deprecated: use {@link #compilerArgs} instead.
[INFO] Changes detected - recompiling the module!
[INFO] Compiling 83 source files to D:\A_ThucNghiem\compiledrepos\77481567\core\target\test-classes
[WARNING] /D:/A_ThucNghiem/compiledrepos/77481567/core/src/test/java/de/voidnode/trading4j/functionality/broker/OrderFilteringBrokerTest.java: D:\A_ThucNghiem\compiledrepos\77481567\core\src\test\java\de\voidnode\trading4j\functionality\broker\OrderFilteringBrokerTest.java uses unchecked or unsafe operations.
[WARNING] /D:/A_ThucNghiem/compiledrepos/77481567/core/src/test/java/de/voidnode/trading4j/functionality/broker/OrderFilteringBrokerTest.java: Recompile with -Xlint:unchecked for details.
[INFO] ------------------------------------------------------------------------
[INFO] BUILD SUCCESS
[INFO] ------------------------------------------------------------------------
[INFO] Total time:  4.085 s
[INFO] Finished at: 2026-07-23T20:10:37+07:00
[INFO] ------------------------------------------------------------------------"
2026-07-23T13:10:42+00:00,baseline_scope_build,78444970,examples/graph,,,,,,PASS,4.891,"[INFO] Scanning for projects...
[INFO] 
[INFO] -----------------------< cz.voho.examples:graph >-----------------------
[INFO] Building graph 1.0-SNAPSHOT
[INFO]   from pom.xml
[INFO] --------------------------------[ jar ]---------------------------------
[INFO] 
[INFO] --- clean:3.2.0:clean (default-clean) @ graph ---
[INFO] Deleting D:\A_ThucNghiem\compiledrepos\78444970\examples\graph\target
[INFO] 
[INFO] --- resources:3.4.0:resources (default-resources) @ graph ---
[INFO] skip non existing resourceDirectory D:\A_ThucNghiem\compiledrepos\78444970\examples\graph\src\main\resources
[INFO] 
[INFO] --- compiler:3.8.1:compile (default-compile) @ graph ---
[INFO] Changes detected - recompiling the module!
[INFO] Compiling 20 source files to D:\A_ThucNghiem\compiledrepos\78444970\examples\graph\target\classes
[INFO] 
[INFO] --- resources:3.4.0:testResources (default-testResources) @ graph ---
[INFO] Copying 1 resource from src\test\resources to target\test-classes
[INFO] 
[INFO] --- compiler:3.8.1:testCompile (default-testCompile) @ graph ---
[INFO] Changes detected - recompiling the module!
[INFO] Compiling 9 source files to D:\A_ThucNghiem\compiledrepos\78444970\examples\graph\target\test-classes
[INFO] /D:/A_ThucNghiem/compiledrepos/78444970/examples/graph/src/test/java/graph/algorithm/path/FloydWarshallTest.java: D:\A_ThucNghiem\compiledrepos\78444970\examples\graph\src\test\java\graph\algorithm\path\FloydWarshallTest.java uses unchecked or unsafe operations.
[INFO] /D:/A_ThucNghiem/compiledrepos/78444970/examples/graph/src/test/java/graph/algorithm/path/FloydWarshallTest.java: Recompile with -Xlint:unchecked for details.
[INFO] ------------------------------------------------------------------------
[INFO] BUILD SUCCESS
[INFO] ------------------------------------------------------------------------
[INFO] Total time:  1.910 s
[INFO] Finished at: 2026-07-23T20:10:42+07:00
[INFO] ------------------------------------------------------------------------"
2026-07-23T13:10:46+00:00,baseline_scope_build,78444970,examples/random,,,,,,PASS,4.476,"[INFO] Scanning for projects...
[INFO] 
[INFO] ----------------------< cz.voho.examples:random >-----------------------
[INFO] Building random 1.0-SNAPSHOT
[INFO]   from pom.xml
[INFO] --------------------------------[ jar ]---------------------------------
[INFO] 
[INFO] --- clean:3.2.0:clean (default-clean) @ random ---
[INFO] Deleting D:\A_ThucNghiem\compiledrepos\78444970\examples\random\target
[INFO] 
[INFO] --- resources:3.4.0:resources (default-resources) @ random ---
[INFO] skip non existing resourceDirectory D:\A_ThucNghiem\compiledrepos\78444970\examples\random\src\main\resources
[INFO] 
[INFO] --- compiler:3.8.1:compile (default-compile) @ random ---
[INFO] Changes detected - recompiling the module!
[INFO] Compiling 5 source files to D:\A_ThucNghiem\compiledrepos\78444970\examples\random\target\classes
[INFO] 
[INFO] --- resources:3.4.0:testResources (default-testResources) @ random ---
[INFO] skip non existing resourceDirectory D:\A_ThucNghiem\compiledrepos\78444970\examples\random\src\test\resources
[INFO] 
[INFO] --- compiler:3.8.1:testCompile (default-testCompile) @ random ---
[INFO] Changes detected - recompiling the module!
[INFO] Compiling 6 source files to D:\A_ThucNghiem\compiledrepos\78444970\examples\random\target\test-classes
[INFO] ------------------------------------------------------------------------
[INFO] BUILD SUCCESS
[INFO] ------------------------------------------------------------------------
[INFO] Total time:  1.454 s
[INFO] Finished at: 2026-07-23T20:10:46+07:00
[INFO] ------------------------------------------------------------------------"
2026-07-23T13:11:19+00:00,baseline_scope_build,81384608,integrations/spark/spark-catalog/spark-catalog-core,,,,,,PASS,32.997,"op ---
[INFO] 
[INFO] --- resources:3.4.0:resources (default-resources) @ kylo-commons-hadoop ---
[INFO] skip non existing resourceDirectory D:\A_ThucNghiem\compiledrepos\81384608\commons\commons-hadoop\src\main\resources
[INFO] 
[INFO] --- compiler:3.8.0:compile (default-compile) @ kylo-commons-hadoop ---
[INFO] Changes detected - recompiling the module!
[INFO] Compiling 4 source files to D:\A_ThucNghiem\compiledrepos\81384608\commons\commons-hadoop\target\classes
[INFO] 
[INFO] --- resources:3.4.0:testResources (default-testResources) @ kylo-commons-hadoop ---
[INFO] Copying 3 resources from src\test\resources to target\test-classes
[INFO] 
[INFO] --- compiler:3.8.0:testCompile (default-testCompile) @ kylo-commons-hadoop ---
[INFO] Changes detected - recompiling the module!
[INFO] Compiling 5 source files to D:\A_ThucNghiem\compiledrepos\81384608\commons\commons-hadoop\target\test-classes
[INFO] 
[INFO] --< com.thinkbiganalytics.kylo.integrations:kylo-spark-catalog-core >---
[INFO] Building Kylo Catalog Core 0.10.1-SNAPSHOT                       [18/18]
[INFO]   from integrations\spark\spark-catalog\spark-catalog-core\pom.xml
[INFO] --------------------------------[ jar ]---------------------------------
[INFO] 
[INFO] --- clean:3.1.0:clean (default-clean) @ kylo-spark-catalog-core ---
[INFO] Deleting D:\A_ThucNghiem\compiledrepos\81384608\integrations\spark\spark-catalog\spark-catalog-core\target
[INFO] 
[INFO] --- enforcer:1.4.1:enforce (enforce-maven) @ kylo-spark-catalog-core ---
[INFO] 
[INFO] --- enforcer:1.4.1:enforce (enforceV7) @ kylo-spark-catalog-core ---
[INFO] 
[INFO] --- resources:3.4.0:resources (default-resources) @ kylo-spark-catalog-core ---
[INFO] skip non existing resourceDirectory D:\A_ThucNghiem\compiledrepos\81384608\integrations\spark\spark-catalog\spark-catalog-core\src\main\resources
[INFO] 
[INFO] --- compiler:3.8.0:compile (default-compile) @ kylo-spark-catalog-core ---
[INFO] Changes detected - recompiling the module!
[INFO] Compiling 24 source files to D:\A_ThucNghiem\compiledrepos\81384608\integrations\spark\spark-catalog\spark-catalog-core\target\classes
[INFO] 
[INFO] --- resources:3.4.0:testResources (default-testResources) @ kylo-spark-catalog-core ---
[INFO] Copying 1 resource from src\test\resources to target\test-classes
[INFO] 
[INFO] --- compiler:3.8.0:testCompile (default-testCompile) @ kylo-spark-catalog-core ---
[INFO] Changes detected - recompiling the module!
[INFO] Compiling 19 source files to D:\A_ThucNghiem\compiledrepos\81384608\integrations\spark\spark-catalog\spark-catalog-core\target\test-classes
[INFO] /D:/A_ThucNghiem/compiledrepos/81384608/integrations/spark/spark-catalog/spark-catalog-core/src/test/java/com/thinkbiganalytics/kylo/catalog/spark/AbstractKyloCatalogDataSetAccessTest.java: Some input files use unchecked or unsafe operations.
[INFO] /D:/A_ThucNghiem/compiledrepos/81384608/integrations/spark/spark-catalog/spark-catalog-core/src/test/java/com/thinkbiganalytics/kylo/catalog/spark/AbstractKyloCatalogDataSetAccessTest.java: Recompile with -Xlint:unchecked for details.
[INFO] ------------------------------------------------------------------------
[INFO] Reactor Summary for kylo 0.10.1-SNAPSHOT:
[INFO] 
[INFO] kylo ............................................... SUCCESS [  0.368 s]
[INFO] kylo-commons ....................................... SUCCESS [  0.008 s]
[INFO] kylo-commons-rest-model ............................ SUCCESS [  1.017 s]
[INFO] kylo-commons-jdbc .................................. SUCCESS [  0.566 s]
[INFO] kylo-integrations .................................. SUCCESS [  0.034 s]
[INFO] Kylo Spark Parent .................................. SUCCESS [  0.203 s]
[INFO] Kylo Catalog Parent ................................ SUCCESS [  0.014 s]
[INFO] Kylo Catalog API ................................... SUCCESS [  7.272 s]
[INFO] kylo-core .......................................... SUCCESS [  0.006 s]
[INFO] kylo-services .................................."
2026-07-23T13:11:58+00:00,baseline_scope_build,85795396,core,,,,,,PASS,38.14,"To honour the JVM settings for this build a single-use Daemon process will be forked. For more on this, please refer to https://docs.gradle.org/8.14.4/userguide/gradle_daemon.html#sec:disabling_the_daemon in the Gradle documentation.
Daemon will be stopped at the end of the build 

> Configure project :
Building Apache Calcite Avatica 1.29.0-SNAPSHOT

> Task :metrics:compileJava UP-TO-DATE
> Task :metrics:processResources NO-SOURCE
> Task :core:clean
> Task :core:filterJava
> Task :core:extractIncludeProto
> Task :core:extractProto
> Task :core:generateProto

> Task :core:compileJava

> Task :core:processResources
> Task :core:classes
> Task :core:extractIncludeTestProto
> Task :core:extractTestProto
> Task :core:generateTestProto NO-SOURCE

> Task :core:compileTestJava

> Task :core:processTestResources NO-SOURCE
> Task :core:testClasses

[Incubating] Problems report is available at: file:///D:/A_ThucNghiem/compiledrepos/85795396/build/reports/problems/problems-report.html

Deprecated Gradle features were used in this build, making it incompatible with Gradle 9.0.

You can use '--warning-mode all' to show the individual deprecation warnings and determine if they come from your own scripts or plugins.

For more on this, please refer to https://docs.gradle.org/8.14.4/userguide/command_line_interface.html#sec:command_line_warnings in the Gradle documentation.

BUILD SUCCESSFUL in 35s
11 actionable tasks: 10 executed, 1 up-to-date

Note: Some input files use unchecked or unsafe operations.
Note: Recompile with -Xlint:unchecked for details.
Note: Some input files use unchecked or unsafe operations.
Note: Recompile with -Xlint:unchecked for details."
2026-07-23T13:12:16+00:00,baseline_scope_build,85795396,metrics-dropwizardmetrics,,,,,,PASS,17.932,"To honour the JVM settings for this build a single-use Daemon process will be forked. For more on this, please refer to https://docs.gradle.org/8.14.4/userguide/gradle_daemon.html#sec:disabling_the_daemon in the Gradle documentation.
Daemon will be stopped at the end of the build 

> Configure project :
Building Apache Calcite Avatica 1.29.0-SNAPSHOT

> Task :metrics-dropwizardmetrics:clean
> Task :metrics:compileJava UP-TO-DATE
> Task :metrics-dropwizardmetrics:processResources
> Task :metrics-dropwizardmetrics:compileJava
> Task :metrics-dropwizardmetrics:classes
> Task :metrics-dropwizardmetrics:compileTestJava
> Task :metrics-dropwizardmetrics:processTestResources NO-SOURCE
> Task :metrics-dropwizardmetrics:testClasses

[Incubating] Problems report is available at: file:///D:/A_ThucNghiem/compiledrepos/85795396/build/reports/problems/problems-report.html

Deprecated Gradle features were used in this build, making it incompatible with Gradle 9.0.

You can use '--warning-mode all' to show the individual deprecation warnings and determine if they come from your own scripts or plugins.

For more on this, please refer to https://docs.gradle.org/8.14.4/userguide/command_line_interface.html#sec:command_line_warnings in the Gradle documentation.

BUILD SUCCESSFUL in 15s
5 actionable tasks: 4 executed, 1 up-to-date"
2026-07-23T13:12:52+00:00,baseline_scope_build,95247959,http-clients/netty-nio-client,,,,,,PASS,36.749,"http-clients ---
[INFO] Source directory: D:\A_ThucNghiem\compiledrepos\95247959\http-clients\target\generated-sources\sdk added.
[INFO] 
[INFO] --- build-helper:3.3.0:add-resource (add-generated-resources) @ http-clients ---
[INFO] 
[INFO] --- build-helper:3.3.0:add-resource (add-license-notice) @ http-clients ---
[INFO] 
[INFO] --------------< software.amazon.awssdk:netty-nio-client >---------------
[INFO] Building AWS Java SDK :: HTTP Clients :: Netty Non-Blocking I/O 2.49.2-SNAPSHOT [11/11]
[INFO]   from http-clients\netty-nio-client\pom.xml
[INFO] --------------------------------[ jar ]---------------------------------
[INFO] 
[INFO] --- clean:3.2.0:clean (default-clean) @ netty-nio-client ---
[INFO] Deleting D:\A_ThucNghiem\compiledrepos\95247959\http-clients\netty-nio-client\target
[INFO] 
[INFO] --- checkstyle:3.1.2:check (checkstyle) @ netty-nio-client ---
[INFO] Starting audit...
Audit done.
[INFO] You have 0 Checkstyle violations.
[INFO] 
[INFO] --- jacoco:0.8.13:prepare-agent (default-prepare-agent) @ netty-nio-client ---
[INFO] argLine set to -javaagent:C:\\Users\\admin\\.m2\\repository\\org\\jacoco\\org.jacoco.agent\\0.8.13\\org.jacoco.agent-0.8.13-runtime.jar=destfile=D:\\A_ThucNghiem\\compiledrepos\\95247959\\http-clients\\netty-nio-client\\target\\jacoco.exec,excludes=software/amazon/awssdk/modulepath/tests/**/*.class:software/amazon/awssdk/nativeimagetest/**/*.class:software/amazon/awssdk/testutils/service/**/*.class:**/*Benchmark.class
[INFO] 
[INFO] --- build-helper:3.3.0:add-test-source (add-integ-sources) @ netty-nio-client ---
[INFO] Test Source directory: D:\A_ThucNghiem\compiledrepos\95247959\http-clients\netty-nio-client\src\it\java added.
[INFO] 
[INFO] --- build-helper:3.3.0:add-test-resource (add-integ-resources) @ netty-nio-client ---
[INFO] 
[INFO] --- build-helper:3.3.0:add-source (add-generated-sources) @ netty-nio-client ---
[INFO] Source directory: D:\A_ThucNghiem\compiledrepos\95247959\http-clients\netty-nio-client\target\generated-sources\sdk added.
[INFO] 
[INFO] --- build-helper:3.3.0:add-resource (add-generated-resources) @ netty-nio-client ---
[INFO] 
[INFO] --- build-helper:3.3.0:add-resource (add-license-notice) @ netty-nio-client ---
[INFO] 
[INFO] --- resources:3.3.1:resources (default-resources) @ netty-nio-client ---
[INFO] Copying 4 resources from src\main\resources to target\classes
[INFO] skip non existing resourceDirectory D:\A_ThucNghiem\compiledrepos\95247959\http-clients\netty-nio-client\target\generated-resources\sdk-resources
[INFO] Copying 2 resources from ..\.. to target\classes\META-INF
[INFO] 
[INFO] --- compiler:3.14.1:compile (default-compile) @ netty-nio-client ---
[WARNING]  Parameter 'forceJavacCompilerUse' (user property 'maven.compiler.forceJavacCompilerUse') is deprecated: Use forceLegacyJavacApi instead
[INFO] Recompiling the module because of changed dependency.
[INFO] Compiling 91 source files with javac [debug target 1.8] to target\classes
[INFO] 
[INFO] --- resources:3.3.1:testResources (default-testResources) @ netty-nio-client ---
[INFO] Copying 5 resources from src\test\resources to target\test-classes
[INFO] skip non existing resourceDirectory D:\A_ThucNghiem\compiledrepos\95247959\http-clients\netty-nio-client\src\it\resources
[INFO] 
[INFO] --- compiler:3.14.1:testCompile (default-testCompile) @ netty-nio-client ---
[WARNING]  Parameter 'forceJavacCompilerUse' (user property 'maven.compiler.forceJavacCompilerUse') is deprecated: Use forceLegacyJavacApi instead
[INFO] Recompiling the module because of changed dependency.
[INFO] Compiling 94 source files with javac [debug target 1.8] to target\test-classes
[INFO] ------------------------------------------------------------------------
[INFO] Reactor Summary:
[INFO] 
[INFO] AWS Java SDK :: Build Tools 1.0 .................... SUCCESS [  1.747 s]
[INFO] AWS Java SDK :: Parent 2.49.2-SNAPSHOT ............. SUCCESS [  1.359 s]
[INFO] AWS Java SDK :: Core 2.49.2-SNAPSHOT ............... SUCCESS [  0.092 s]"
2026-07-23T13:13:02+00:00,baseline_scope_build,9619226,spring-data-simpledb-impl,,,,,,PASS,9.69,"[INFO] Scanning for projects...
[INFO] 
[INFO] ------------< com.3pillarglobal.labs:spring-data-simpledb >-------------
[INFO] Building Spring Data SimpleDB Implementation 1.0.1
[INFO]   from pom.xml
[INFO] --------------------------------[ jar ]---------------------------------
[INFO] 
[INFO] --- clean:3.2.0:clean (default-clean) @ spring-data-simpledb ---
[INFO] Deleting D:\A_ThucNghiem\compiledrepos\9619226\spring-data-simpledb-impl\target
[INFO] 
[INFO] --- enforcer:1.0:enforce (enforce-maven) @ spring-data-simpledb ---
[INFO] 
[INFO] --- checkstyle:2.10:check (default) @ spring-data-simpledb ---
[INFO] Starting audit...
Audit done.

[INFO] 
[INFO] >>> pmd:2.7.1:check (default) > :pmd @ spring-data-simpledb >>>
[INFO] 
[INFO] --- pmd:2.7.1:pmd (pmd) @ spring-data-simpledb ---
[WARNING] Unable to locate Source XRef to link to - DISABLED
[INFO] 
[INFO] <<< pmd:2.7.1:check (default) < :pmd @ spring-data-simpledb <<<
[INFO] 
[INFO] 
[INFO] --- pmd:2.7.1:check (default) @ spring-data-simpledb ---
[INFO] 
[INFO] 
[INFO] --- resources:3.4.0:resources (default-resources) @ spring-data-simpledb ---
[INFO] Copying 4 resources from src\main\resources to target\classes
[INFO] 
[INFO] --- compiler:2.3.2:compile (default-compile) @ spring-data-simpledb ---
[INFO] Compiling 70 source files to D:\A_ThucNghiem\compiledrepos\9619226\spring-data-simpledb-impl\target\classes
[INFO] 
[INFO] --- resources:3.4.0:testResources (default-testResources) @ spring-data-simpledb ---
[INFO] skip non existing resourceDirectory D:\A_ThucNghiem\compiledrepos\9619226\spring-data-simpledb-impl\src\test\resources
[INFO] 
[INFO] --- compiler:2.3.2:testCompile (default-testCompile) @ spring-data-simpledb ---
[INFO] Compiling 41 source files to D:\A_ThucNghiem\compiledrepos\9619226\spring-data-simpledb-impl\target\test-classes
[INFO] ------------------------------------------------------------------------
[INFO] BUILD SUCCESS
[INFO] ------------------------------------------------------------------------
[INFO] Total time:  6.682 s
[INFO] Finished at: 2026-07-23T20:13:02+07:00
[INFO] ------------------------------------------------------------------------"
2026-07-23T13:13:09+00:00,baseline_scope_build,97822421,infrastructure,,,,,,PASS,6.616,"[INFO] Scanning for projects...
[INFO] 
[INFO] ---------< com.pchudzik.springmock:springmock-infrastructure >----------
[INFO] Building springmock-infrastructure 3.1.1-SNAPSHOT
[INFO]   from pom.xml
[INFO] --------------------------------[ jar ]---------------------------------
[INFO] 
[INFO] --- clean:3.2.0:clean (default-clean) @ springmock-infrastructure ---
[INFO] Deleting D:\A_ThucNghiem\compiledrepos\97822421\infrastructure\target
[INFO] 
[INFO] --- jacoco:0.7.9:prepare-agent (prepare-agent) @ springmock-infrastructure ---
[INFO] argLine set to -javaagent:C:\\Users\\admin\\.m2\\repository\\org\\jacoco\\org.jacoco.agent\\0.7.9\\org.jacoco.agent-0.7.9-runtime.jar=destfile=D:\\A_ThucNghiem\\compiledrepos\\97822421\\infrastructure\\target\\jacoco.exec
[INFO] 
[INFO] --- resources:3.4.0:resources (default-resources) @ springmock-infrastructure ---
[INFO] skip non existing resourceDirectory D:\A_ThucNghiem\compiledrepos\97822421\infrastructure\src\main\resources
[INFO] 
[INFO] --- compiler:3.15.0:compile (default-compile) @ springmock-infrastructure ---
[INFO] Recompiling the module because of changed source code.
[INFO] Compiling 35 source files with javac [debug target 1.8] to target\classes
[INFO] /D:/A_ThucNghiem/compiledrepos/97822421/infrastructure/src/main/java/com/pchudzik/springmock/infrastructure/definition/DoubleDefinition.java: D:\A_ThucNghiem\compiledrepos\97822421\infrastructure\src\main\java\com\pchudzik\springmock\infrastructure\definition\DoubleDefinition.java uses or overrides a deprecated API.
[INFO] /D:/A_ThucNghiem/compiledrepos/97822421/infrastructure/src/main/java/com/pchudzik/springmock/infrastructure/definition/DoubleDefinition.java: Recompile with -Xlint:deprecation for details.
[INFO] /D:/A_ThucNghiem/compiledrepos/97822421/infrastructure/src/main/java/com/pchudzik/springmock/infrastructure/definition/DoubleDefinition.java: Some input files use unchecked or unsafe operations.
[INFO] /D:/A_ThucNghiem/compiledrepos/97822421/infrastructure/src/main/java/com/pchudzik/springmock/infrastructure/definition/DoubleDefinition.java: Recompile with -Xlint:unchecked for details.
[INFO] 
[INFO] --- resources:3.4.0:testResources (default-testResources) @ springmock-infrastructure ---
[INFO] skip non existing resourceDirectory D:\A_ThucNghiem\compiledrepos\97822421\infrastructure\src\test\resources
[INFO] 
[INFO] --- compiler:3.15.0:testCompile (default-testCompile) @ springmock-infrastructure ---
[INFO] Recompiling the module because of changed dependency.
[INFO] Compiling 63 source files with javac [debug target 1.8] to target\test-classes
[INFO] /D:/A_ThucNghiem/compiledrepos/97822421/infrastructure/src/test/java/com/pchudzik/springmock/infrastructure/definition/registry/DoubleConfigurationResolverTest.java: Some input files use unchecked or unsafe operations.
[INFO] /D:/A_ThucNghiem/compiledrepos/97822421/infrastructure/src/test/java/com/pchudzik/springmock/infrastructure/definition/registry/DoubleConfigurationResolverTest.java: Recompile with -Xlint:unchecked for details.
[INFO] ------------------------------------------------------------------------
[INFO] BUILD SUCCESS
[INFO] ------------------------------------------------------------------------
[INFO] Total time:  3.274 s
[INFO] Finished at: 2026-07-23T20:13:09+07:00
[INFO] ------------------------------------------------------------------------"
2026-07-23T13:13:27+00:00,baseline_scope_build,98410891,core,,,,,,PASS,18.5,"\\target\\jacoco.exec
[INFO] 
[INFO] --- resources:3.4.0:resources (default-resources) @ comms-router-common ---
[INFO] skip non existing resourceDirectory D:\A_ThucNghiem\compiledrepos\98410891\common\src\main\resources
[INFO] 
[INFO] --- compiler:3.6.2:compile (default-compile) @ comms-router-common ---
[INFO] Changes detected - recompiling the module!
[INFO] Compiling 10 source files to D:\A_ThucNghiem\compiledrepos\98410891\common\target\classes
[INFO] 
[INFO] --- resources:3.4.0:testResources (default-testResources) @ comms-router-common ---
[INFO] skip non existing resourceDirectory D:\A_ThucNghiem\compiledrepos\98410891\common\src\test\resources
[INFO] 
[INFO] --- compiler:3.6.2:testCompile (default-testCompile) @ comms-router-common ---
[INFO] Changes detected - recompiling the module!
[INFO] Compiling 2 source files to D:\A_ThucNghiem\compiledrepos\98410891\common\target\test-classes
[INFO] 
[INFO] ------------< com.softavail.comms-router:comms-router-core >------------
[INFO] Building Comms Router Core 0.10.2-SNAPSHOT                         [6/6]
[INFO]   from core\pom.xml
[INFO] --------------------------------[ jar ]---------------------------------
[INFO] 
[INFO] --- clean:3.2.0:clean (default-clean) @ comms-router-core ---
[INFO] Deleting D:\A_ThucNghiem\compiledrepos\98410891\core\target
[INFO] 
[INFO] --- checkstyle:2.17:checkstyle (validate) @ comms-router-core ---
[INFO] Starting audit...
Audit done.
[INFO] 
[INFO] --- buildnumber:1.4:create (default) @ comms-router-core ---
[INFO] ShortRevision tag detected. The value is '7'.
[INFO] Executing: cmd.exe /X /C ""git rev-parse --verify --short=7 HEAD""
[INFO] Working directory: D:\A_ThucNghiem\compiledrepos\98410891\core
[INFO] Storing buildNumber: 4e5656d at timestamp: 1784812402838
[INFO] Storing buildScmBranch: main
[INFO] 
[INFO] --- jacoco:0.7.9:prepare-agent (default-prepare-agent) @ comms-router-core ---
[INFO] argLine set to -javaagent:C:\\Users\\admin\\.m2\\repository\\org\\jacoco\\org.jacoco.agent\\0.7.9\\org.jacoco.agent-0.7.9-runtime.jar=destfile=D:\\A_ThucNghiem\\compiledrepos\\98410891\\core\\target\\jacoco.exec
[INFO] 
[INFO] --- resources:3.4.0:resources (default-resources) @ comms-router-core ---
[INFO] Copying 2 resources from src\main\resources to target\classes
[INFO] 
[INFO] --- compiler:3.6.2:compile (default-compile) @ comms-router-core ---
[INFO] Changes detected - recompiling the module!
[INFO] Compiling 79 source files to D:\A_ThucNghiem\compiledrepos\98410891\core\target\classes
[WARNING] /D:/A_ThucNghiem/compiledrepos/98410891/core/src/main/java/com/softavail/commsrouter/api/service/FilterHelper.java:[81,17] unchecked generic array creation for varargs parameter of type T[]
[WARNING] /D:/A_ThucNghiem/compiledrepos/98410891/core/src/main/java/com/softavail/commsrouter/api/service/FilterHelper.java:[190,22] unchecked method invocation: method like in interface javax.persistence.criteria.CriteriaBuilder is applied to given types
  required: javax.persistence.criteria.Expression<java.lang.String>,java.lang.String
  found: javax.persistence.criteria.Path,java.lang.String
[WARNING] /D:/A_ThucNghiem/compiledrepos/98410891/core/src/main/java/com/softavail/commsrouter/api/service/FilterHelper.java:[190,23] unchecked conversion
  required: javax.persistence.criteria.Expression<java.lang.String>
  found:    javax.persistence.criteria.Path
[WARNING] /D:/A_ThucNghiem/compiledrepos/98410891/core/src/main/java/com/softavail/commsrouter/api/service/FilterHelper.java:[196,29] unchecked call to in(java.util.Collection<?>) as a member of the raw type javax.persistence.criteria.Expression
[INFO] 
[INFO] --- resources:3.4.0:testResources (default-testResources) @ comms-router-core ---
[INFO] Copying 4 resources from src\test\resources to target\test-classes
[INFO] 
[INFO] --- compiler:3.6.2:testCompile (default-testCompile) @ comms-router-core ---
[INFO] Changes detected - recompiling the module!
[INFO] Compiling 13 source files to D:\A_ThucNghiem\compiled"
2026-07-23T13:13:36+00:00,baseline_scope_build,98410891,core-interface,,,,,,PASS,8.758,"< com.softavail.comms-router:common-exceptions >------------
[INFO] Building Comms Router Exceptions 0.10.2-SNAPSHOT                   [2/3]
[INFO]   from common-exceptions\pom.xml
[INFO] --------------------------------[ jar ]---------------------------------
[INFO] 
[INFO] --- clean:3.2.0:clean (default-clean) @ common-exceptions ---
[INFO] Deleting D:\A_ThucNghiem\compiledrepos\98410891\common-exceptions\target
[INFO] 
[INFO] --- checkstyle:2.17:checkstyle (validate) @ common-exceptions ---
[INFO] Starting audit...
Audit done.
[INFO] 
[INFO] --- buildnumber:1.4:create (default) @ common-exceptions ---
[INFO] ShortRevision tag detected. The value is '7'.
[INFO] Executing: cmd.exe /X /C ""git rev-parse --verify --short=7 HEAD""
[INFO] Working directory: D:\A_ThucNghiem\compiledrepos\98410891\common-exceptions
[INFO] Storing buildNumber: 4e5656d at timestamp: 1784812413619
[INFO] Storing buildScmBranch: main
[INFO] 
[INFO] --- jacoco:0.7.9:prepare-agent (default-prepare-agent) @ common-exceptions ---
[INFO] argLine set to -javaagent:C:\\Users\\admin\\.m2\\repository\\org\\jacoco\\org.jacoco.agent\\0.7.9\\org.jacoco.agent-0.7.9-runtime.jar=destfile=D:\\A_ThucNghiem\\compiledrepos\\98410891\\common-exceptions\\target\\jacoco.exec
[INFO] 
[INFO] --- resources:3.4.0:resources (default-resources) @ common-exceptions ---
[INFO] skip non existing resourceDirectory D:\A_ThucNghiem\compiledrepos\98410891\common-exceptions\src\main\resources
[INFO] 
[INFO] --- compiler:3.6.2:compile (default-compile) @ common-exceptions ---
[INFO] Changes detected - recompiling the module!
[INFO] Compiling 2 source files to D:\A_ThucNghiem\compiledrepos\98410891\common-exceptions\target\classes
[INFO] 
[INFO] --- resources:3.4.0:testResources (default-testResources) @ common-exceptions ---
[INFO] skip non existing resourceDirectory D:\A_ThucNghiem\compiledrepos\98410891\common-exceptions\src\test\resources
[INFO] 
[INFO] --- compiler:3.6.2:testCompile (default-testCompile) @ common-exceptions ---
[INFO] No sources to compile
[INFO] 
[INFO] -------< com.softavail.comms-router:comms-router-core-interface >-------
[INFO] Building Comms Router Core Interface 0.10.2-SNAPSHOT               [3/3]
[INFO]   from core-interface\pom.xml
[INFO] --------------------------------[ jar ]---------------------------------
[INFO] 
[INFO] --- clean:3.2.0:clean (default-clean) @ comms-router-core-interface ---
[INFO] Deleting D:\A_ThucNghiem\compiledrepos\98410891\core-interface\target
[INFO] 
[INFO] --- checkstyle:2.17:checkstyle (validate) @ comms-router-core-interface ---
[INFO] Starting audit...
Audit done.
[INFO] 
[INFO] --- buildnumber:1.4:create (default) @ comms-router-core-interface ---
[INFO] ShortRevision tag detected. The value is '7'.
[INFO] Executing: cmd.exe /X /C ""git rev-parse --verify --short=7 HEAD""
[INFO] Working directory: D:\A_ThucNghiem\compiledrepos\98410891\core-interface
[INFO] Storing buildNumber: 4e5656d at timestamp: 1784812415239
[INFO] Storing buildScmBranch: main
[INFO] 
[INFO] --- jacoco:0.7.9:prepare-agent (default-prepare-agent) @ comms-router-core-interface ---
[INFO] argLine set to -javaagent:C:\\Users\\admin\\.m2\\repository\\org\\jacoco\\org.jacoco.agent\\0.7.9\\org.jacoco.agent-0.7.9-runtime.jar=destfile=D:\\A_ThucNghiem\\compiledrepos\\98410891\\core-interface\\target\\jacoco.exec
[INFO] 
[INFO] --- resources:3.4.0:resources (default-resources) @ comms-router-core-interface ---
[INFO] skip non existing resourceDirectory D:\A_ThucNghiem\compiledrepos\98410891\core-interface\src\main\resources
[INFO] 
[INFO] --- compiler:3.6.2:compile (default-compile) @ comms-router-core-interface ---
[INFO] Changes detected - recompiling the module!
[INFO] Compiling 67 source files to D:\A_ThucNghiem\compiledrepos\98410891\core-interface\target\classes
[INFO] 
[INFO] --- resources:3.4.0:testResources (default-testResources) @ comms-router-core-interface ---
[INFO] skip non existing resourceDirectory D:\A_ThucNghiem\compiledrepos\98410891\core-interface"
2026-07-23T13:13:43+00:00,baseline_scope_build,9884445,minnal-jaxrs/minnal-instrumentation-jaxrs,,,,,,PASS,7.496,"[INFO] Scanning for projects...
[INFO] ------------------------------------------------------------------------
[INFO] Reactor Build Order:
[INFO] 
[INFO] Minnal Framework                                                   [pom]
[INFO] minnal-utils                                                       [jar]
[INFO] Minnal Jaxrs module                                                [pom]
[INFO] Minnal instrumentation jaxrs module                                [jar]
[INFO] 
[INFO] -------------------------< org.minnal:minnal >--------------------------
[INFO] Building Minnal Framework 2.0.2-SNAPSHOT                           [1/4]
[INFO]   from pom.xml
[INFO] --------------------------------[ pom ]---------------------------------
[INFO] 
[INFO] --- clean:3.2.0:clean (default-clean) @ minnal ---
[INFO] 
[INFO] ----------------------< org.minnal:minnal-utils >-----------------------
[INFO] Building minnal-utils 2.0.2-SNAPSHOT                               [2/4]
[INFO]   from minnal-utils\pom.xml
[INFO] --------------------------------[ jar ]---------------------------------
[INFO] 
[INFO] --- clean:3.2.0:clean (default-clean) @ minnal-utils ---
[INFO] Deleting D:\A_ThucNghiem\compiledrepos\9884445\minnal-utils\target
[INFO] 
[INFO] --- resources:3.4.0:resources (default-resources) @ minnal-utils ---
[INFO] skip non existing resourceDirectory D:\A_ThucNghiem\compiledrepos\9884445\minnal-utils\src\main\resources
[INFO] 
[INFO] --- compiler:2.1:compile (default-compile) @ minnal-utils ---
[INFO] Compiling 19 source files to D:\A_ThucNghiem\compiledrepos\9884445\minnal-utils\target\classes
[INFO] 
[INFO] --- resources:3.4.0:testResources (default-testResources) @ minnal-utils ---
[INFO] skip non existing resourceDirectory D:\A_ThucNghiem\compiledrepos\9884445\minnal-utils\src\test\resources
[INFO] 
[INFO] --- compiler:2.1:testCompile (default-testCompile) @ minnal-utils ---
[INFO] Compiling 3 source files to D:\A_ThucNghiem\compiledrepos\9884445\minnal-utils\target\test-classes
[INFO] 
[INFO] ----------------------< org.minnal:minnal-jaxrs >-----------------------
[INFO] Building Minnal Jaxrs module 2.0.2-SNAPSHOT                        [3/4]
[INFO]   from minnal-jaxrs\pom.xml
[INFO] --------------------------------[ pom ]---------------------------------
[INFO] 
[INFO] --- clean:3.2.0:clean (default-clean) @ minnal-jaxrs ---
[INFO] 
[INFO] --------------< org.minnal:minnal-instrumentation-jaxrs >---------------
[INFO] Building Minnal instrumentation jaxrs module 2.0.2-SNAPSHOT        [4/4]
[INFO]   from minnal-jaxrs\minnal-instrumentation-jaxrs\pom.xml
[INFO] --------------------------------[ jar ]---------------------------------
[INFO] 
[INFO] --- clean:3.2.0:clean (default-clean) @ minnal-instrumentation-jaxrs ---
[INFO] Deleting D:\A_ThucNghiem\compiledrepos\9884445\minnal-jaxrs\minnal-instrumentation-jaxrs\target
[INFO] 
[INFO] --- resources:3.4.0:resources (default-resources) @ minnal-instrumentation-jaxrs ---
[INFO] Copying 7 resources from src\main\resources to target\classes
[INFO] 
[INFO] --- compiler:2.1:compile (default-compile) @ minnal-instrumentation-jaxrs ---
[INFO] Compiling 68 source files to D:\A_ThucNghiem\compiledrepos\9884445\minnal-jaxrs\minnal-instrumentation-jaxrs\target\classes
[INFO] 
[INFO] --- resources:3.4.0:testResources (default-testResources) @ minnal-instrumentation-jaxrs ---
[INFO] Copying 1 resource from src\test\resources to target\test-classes
[INFO] 
[INFO] --- compiler:2.1:testCompile (default-testCompile) @ minnal-instrumentation-jaxrs ---
[INFO] Compiling 33 source files to D:\A_ThucNghiem\compiledrepos\9884445\minnal-jaxrs\minnal-instrumentation-jaxrs\target\test-classes
[INFO] ------------------------------------------------------------------------
[INFO] Reactor Summary for Minnal Framework 2.0.2-SNAPSHOT:
[INFO] 
[INFO] Minnal Framework ................................... SUCCESS [  0.318 s]
[INFO] minnal-utils ....................................... SUCCESS [  1.744 s]
[INFO] Minnal Jaxr"
2026-07-23T13:13:43+00:00,class_sandbox_start,3713233,core,,0,3713233:core/src/main/java/org/junithelper/core/file/filesearcherfactory.java,FileSearcherFactory,FileSearcherFactory_RBL4Test_5e446228,START,,
2026-07-23T13:13:47+00:00,class_agone_env,3713233,core,,0,3713233:core/src/main/java/org/junithelper/core/file/filesearcherfactory.java,FileSearcherFactory,FileSearcherFactory_RBL4Test_5e446228,PASS,,requested=1.6 selected_jdk=8 java_home=C:\Program Files\Java\jdk1.8.0_172
2026-07-23T13:13:55+00:00,toolchain,,,,0,3713233:core/src/main/java/org/junithelper/core/file/filesearcherfactory.java,,,PASS,,requested=1.6 selected_jdk=8 java_home=C:\Program Files\Java\jdk1.8.0_172
2026-07-23T13:14:06+00:00,evosuite_generate,3713233,,evosuite,0,3713233:core/src/main/java/org/junithelper/core/file/filesearcherfactory.java,FileSearcherFactory,,PASS,11.226,org.junithelper.core.file.FileSearcherFactory
2026-07-23T13:14:20+00:00,maven_verify_jacoco_pit,3713233,core,,0,3713233:core/src/main/java/org/junithelper/core/file/filesearcherfactory.java,,,PASS,13.631,-Dtest=org.junithelper.core.file.FileSearcherFactory_RBL4Test_5e446228
2026-07-23T13:14:37+00:00,maven_verify_jacoco_pit,3713233,core,,0,3713233:core/src/main/java/org/junithelper/core/file/filesearcherfactory.java,,,PASS,14.119,-Dtest=org.junithelper.core.file.FileSearcherFactory_RBL4Test_5e446228
2026-07-23T13:14:38+00:00,class_agone_run,3713233,core,,,,,,PASS,55.037,
2026-07-23T13:14:53+00:00,class_sandbox_start,3713233,core,,1,3713233:core/src/main/java/org/junithelper/core/extractor/constructormetaextractor.java,ConstructorMetaExtractor,ConstructorMetaExtractor_RBL4Test_aefe9473,START,,
2026-07-23T13:14:57+00:00,class_agone_env,3713233,core,,1,3713233:core/src/main/java/org/junithelper/core/extractor/constructormetaextractor.java,ConstructorMetaExtractor,ConstructorMetaExtractor_RBL4Test_aefe9473,PASS,,requested=1.6 selected_jdk=8 java_home=C:\Program Files\Java\jdk1.8.0_172
2026-07-23T13:15:04+00:00,toolchain,,,,1,3713233:core/src/main/java/org/junithelper/core/extractor/constructormetaextractor.java,,,PASS,,requested=1.6 selected_jdk=8 java_home=C:\Program Files\Java\jdk1.8.0_172
2026-07-23T13:16:17+00:00,evosuite_generate,3713233,,evosuite,1,3713233:core/src/main/java/org/junithelper/core/extractor/constructormetaextractor.java,ConstructorMetaExtractor,,PASS,72.118,org.junithelper.core.extractor.ConstructorMetaExtractor
2026-07-23T13:16:30+00:00,maven_verify_jacoco_pit,3713233,core,,1,3713233:core/src/main/java/org/junithelper/core/extractor/constructormetaextractor.java,,,PASS,13.225,-Dtest=org.junithelper.core.extractor.ConstructorMetaExtractor_RBL4Test_aefe9473
2026-07-23T13:16:55+00:00,maven_verify_jacoco_pit,3713233,core,,1,3713233:core/src/main/java/org/junithelper/core/extractor/constructormetaextractor.java,,,PASS,14.494,-Dtest=org.junithelper.core.extractor.ConstructorMetaExtractor_RBL4Test_aefe9473
2026-07-23T13:16:57+00:00,class_agone_run,3713233,core,,,,,,PASS,123.257,
2026-07-23T13:16:57+00:00,class_sandbox_start,3847504,modules/weblounge-common,,2,3847504:modules/weblounge-common/src/main/java/ch/entwine/weblounge/common/impl/scheduler/quartzjob.java,QuartzJob,QuartzJob_RBL4Test_b84fb44f,START,,
2026-07-23T13:18:42+00:00,maven_reactor_prewarm,3847504,modules/weblounge-common,,2,3847504:modules/weblounge-common/src/main/java/ch/entwine/weblounge/common/impl/scheduler/quartzjob.java,QuartzJob,,START,,prewarm reactor dependencies for -pl modules/weblounge-common
2026-07-23T13:18:55+00:00,maven_reactor_prewarm,3847504,modules/weblounge-common,,2,3847504:modules/weblounge-common/src/main/java/ch/entwine/weblounge/common/impl/scheduler/quartzjob.java,QuartzJob,,PASS,12.941," to D:\A_ThucNghiem\scripts_v2\workspaces\20260723_200230_8e3f9cb2\002_3847504_QuartzJob_b84fb44f\compiledrepos\3847504\modules\weblounge-common-api\${env.WEBLOUNGE_HOME}\lib\weblounge
[INFO] Executed tasks
[INFO] 
[INFO] ---------------< ch.entwine.weblounge:weblounge-common >----------------
[INFO] Building Weblounge Common 4.0.0-SNAPSHOT                           [3/3]
[INFO]   from modules\weblounge-common\pom.xml
[INFO] -------------------------------[ bundle ]-------------------------------
[WARNING] Parameter 'encoding' is unknown for plugin 'maven-surefire-plugin:2.16:test (default-test)'
[INFO] 
[INFO] --- resources:2.6:resources (default-resources) @ weblounge-common ---
[INFO] Using 'UTF-8' encoding to copy filtered resources.
[INFO] Copying 6 resources
[INFO] 
[INFO] --- compiler:3.1:compile (default-compile) @ weblounge-common ---
[INFO] Changes detected - recompiling the module!
[INFO] Compiling 185 source files to D:\A_ThucNghiem\scripts_v2\workspaces\20260723_200230_8e3f9cb2\002_3847504_QuartzJob_b84fb44f\compiledrepos\3847504\modules\weblounge-common\target\classes
[WARNING] /D:/A_ThucNghiem/scripts_v2/workspaces/20260723_200230_8e3f9cb2/002_3847504_QuartzJob_b84fb44f/compiledrepos/3847504/modules/weblounge-common/src/main/java/ch/entwine/weblounge/common/impl/testing/MockHttpSession.java: Some input files use or override a deprecated API.
[WARNING] /D:/A_ThucNghiem/scripts_v2/workspaces/20260723_200230_8e3f9cb2/002_3847504_QuartzJob_b84fb44f/compiledrepos/3847504/modules/weblounge-common/src/main/java/ch/entwine/weblounge/common/impl/testing/MockHttpSession.java: Recompile with -Xlint:deprecation for details.
[WARNING] /D:/A_ThucNghiem/scripts_v2/workspaces/20260723_200230_8e3f9cb2/002_3847504_QuartzJob_b84fb44f/compiledrepos/3847504/modules/weblounge-common/src/main/java/ch/entwine/weblounge/common/impl/testing/MockHttpServletRequest.java: Some input files use unchecked or unsafe operations.
[WARNING] /D:/A_ThucNghiem/scripts_v2/workspaces/20260723_200230_8e3f9cb2/002_3847504_QuartzJob_b84fb44f/compiledrepos/3847504/modules/weblounge-common/src/main/java/ch/entwine/weblounge/common/impl/testing/MockHttpServletRequest.java: Recompile with -Xlint:unchecked for details.
[INFO] 
[INFO] --- resources:2.6:testResources (default-testResources) @ weblounge-common ---
[INFO] Not copying test resources
[INFO] 
[INFO] --- compiler:3.1:testCompile (default-testCompile) @ weblounge-common ---
[INFO] Not compiling test sources
[INFO] 
[INFO] --- surefire:2.16:test (default-test) @ weblounge-common ---
[WARNING]  Parameter 'systemProperties' is deprecated: Use systemPropertyVariables instead.
[INFO] Tests are skipped.
[INFO] 
[INFO] --- bundle:2.4.0:bundle (default-bundle) @ weblounge-common ---
[INFO] 
[INFO] --- checkstyle:2.11:check (default) @ weblounge-common ---
[INFO] 
[INFO] --- install:2.5.1:install (default-install) @ weblounge-common ---
[INFO] Installing D:\A_ThucNghiem\scripts_v2\workspaces\20260723_200230_8e3f9cb2\002_3847504_QuartzJob_b84fb44f\compiledrepos\3847504\modules\weblounge-common\target\weblounge-common-4.0.0-SNAPSHOT.jar to C:\Users\admin\.m2\repository\ch\entwine\weblounge\weblounge-common\4.0.0-SNAPSHOT\weblounge-common-4.0.0-SNAPSHOT.jar
[INFO] Installing D:\A_ThucNghiem\scripts_v2\workspaces\20260723_200230_8e3f9cb2\002_3847504_QuartzJob_b84fb44f\compiledrepos\3847504\modules\weblounge-common\pom.xml to C:\Users\admin\.m2\repository\ch\entwine\weblounge\weblounge-common\4.0.0-SNAPSHOT\weblounge-common-4.0.0-SNAPSHOT.pom
[INFO] 
[INFO] --- bundle:2.4.0:install (default-install) @ weblounge-common ---
[INFO] Installing ch/entwine/weblounge/weblounge-common/4.0.0-SNAPSHOT/weblounge-common-4.0.0-SNAPSHOT.jar
[INFO] Writing OBR metadata
[INFO] 
[INFO] --- antrun:1.7:run (deploy) @ weblounge-common ---
[INFO] Executing tasks

[INFO] Deploy to stage:
     [copy] Copying 1 file to D:\A_ThucNghiem\scripts_v2\workspaces\20260723_200230_8e3f9cb2\002_3847504_QuartzJob_b84fb44f\compiledrepos\3847504\module"
2026-07-23T13:18:59+00:00,class_agone_env,3847504,modules/weblounge-common,,2,3847504:modules/weblounge-common/src/main/java/ch/entwine/weblounge/common/impl/scheduler/quartzjob.java,QuartzJob,QuartzJob_RBL4Test_b84fb44f,PASS,,requested=1.7 selected_jdk=8 java_home=C:\Program Files\Java\jdk1.8.0_172
2026-07-23T13:19:07+00:00,toolchain,,,,2,3847504:modules/weblounge-common/src/main/java/ch/entwine/weblounge/common/impl/scheduler/quartzjob.java,,,PASS,,requested=1.7 selected_jdk=8 java_home=C:\Program Files\Java\jdk1.8.0_172
2026-07-23T13:20:23+00:00,evosuite_generate,3847504,,evosuite,2,3847504:modules/weblounge-common/src/main/java/ch/entwine/weblounge/common/impl/scheduler/quartzjob.java,QuartzJob,,PASS,75.623,ch.entwine.weblounge.common.impl.scheduler.QuartzJob
2026-07-23T13:20:45+00:00,maven_verify_jacoco_pit,3847504,modules/weblounge-common,,2,3847504:modules/weblounge-common/src/main/java/ch/entwine/weblounge/common/impl/scheduler/quartzjob.java,,,PASS,22.37,-Dtest=ch.entwine.weblounge.common.impl.scheduler.QuartzJob_RBL4Test_b84fb44f
2026-07-23T13:21:02+00:00,maven_verify_jacoco_pit,3847504,modules/weblounge-common,,2,3847504:modules/weblounge-common/src/main/java/ch/entwine/weblounge/common/impl/scheduler/quartzjob.java,,,FAIL,6.645,"The following compilation errors were encountered during the Maven build:

- 
- /D:/A_ThucNghiem/scripts_v2/workspaces/20260723_200230_8e3f9cb2/002_3847504_QuartzJob_b84fb44f/compiledrepos/3847504/modules/weblounge-common/src/test/java/ch/entwine/weblounge/common/impl/scheduler/QuartzJob_RBL4Test_b84fb44f.java:[109,20] class ch.entwine.weblounge.common.impl.scheduler.QuartzJob_RBL4Test_b84fb44f is already defined in package ch.entwine.weblounge.common.impl.scheduler
- /D:/A_ThucNghiem/scripts_v2/workspaces/20260723_200230_8e3f9cb2/002_3847504_QuartzJob_b84fb44f/compiledrepos/3847504/modules/weblounge-common/src/test/java/ch/entwine/weblounge/common/impl/scheduler/QuartzJob_RBL4Test_b84fb44f.java:[127,20] class ch.entwine.weblounge.common.impl.scheduler.QuartzJob_RBL4Test_b84fb44f.QuartzJob_RBL4Test_b84fb44f is already defined in class ch.entwine.weblounge.common.impl.scheduler.QuartzJob_RBL4Test_b84fb44f
- /D:/A_ThucNghiem/scripts_v2/workspaces/20260723_200230_8e3f9cb2/002_3847504_QuartzJob_b84fb44f/compiledrepos/3847504/modules/weblounge-common/src/test/java/ch/entwine/weblounge/common/impl/scheduler/QuartzJob_RBL4Test_b84fb44f.java:[23,27] cannot find symbol
- symbol:   class MockJobTrigger
- location: class ch.entwine.weblounge.common.impl.scheduler.QuartzJob_RBL4Test_b84fb44f
- /D:/A_ThucNghiem/scripts_v2/workspaces/20260723_200230_8e3f9cb2/002_3847504_QuartzJob_b84fb44f/compiledrepos/3847504/modules/weblounge-common/src/test/java/ch/entwine/weblounge/common/impl/scheduler/QuartzJob_RBL4Test_b84fb44f.java:[24,27] cannot find symbol
- symbol:   class MockJobWorker
- location: class ch.entwine.weblounge.common.impl.scheduler.QuartzJob_RBL4Test_b84fb44f
- /D:/A_ThucNghiem/scripts_v2/workspaces/20260723_200230_8e3f9cb2/002_3847504_QuartzJob_b84fb44f/compiledrepos/3847504/modules/weblounge-common/src/test/java/ch/entwine/weblounge/common/impl/scheduler/QuartzJob_RBL4Test_b84fb44f.java:[73,37] cannot find symbol
- symbol:   class MockJobTrigger
- location: class ch.entwine.weblounge.common.impl.scheduler.QuartzJob_RBL4Test_b84fb44f
- /D:/A_ThucNghiem/scripts_v2/workspaces/20260723_200230_8e3f9cb2/002_3847504_QuartzJob_b84fb44f/compiledrepos/3847504/modules/weblounge-common/src/test/java/ch/entwine/weblounge/common/impl/scheduler/QuartzJob_RBL4Test_b84fb44f.java:[86,31] cannot find symbol
- symbol:   method isReset()
- location: variable mockTrigger of type ch.entwine.weblounge.common.scheduler.JobTrigger"
2026-07-23T13:21:03+00:00,class_agone_run,3847504,modules/weblounge-common,,,,,,PASS,245.898,
2026-07-23T13:21:03+00:00,class_sandbox_start,3847504,modules/weblounge-common,,3,3847504:modules/weblounge-common/src/main/java/ch/entwine/weblounge/common/impl/content/page/pageimpl.java,PageImpl,PageImpl_RBL4Test_f985aed1,START,,
2026-07-23T13:21:11+00:00,class_agone_env,3847504,modules/weblounge-common,,3,3847504:modules/weblounge-common/src/main/java/ch/entwine/weblounge/common/impl/content/page/pageimpl.java,PageImpl,PageImpl_RBL4Test_f985aed1,PASS,,requested=1.7 selected_jdk=8 java_home=C:\Program Files\Java\jdk1.8.0_172
2026-07-23T13:21:20+00:00,toolchain,,,,3,3847504:modules/weblounge-common/src/main/java/ch/entwine/weblounge/common/impl/content/page/pageimpl.java,,,PASS,,requested=1.7 selected_jdk=8 java_home=C:\Program Files\Java\jdk1.8.0_172
2026-07-23T13:22:37+00:00,evosuite_generate,3847504,,evosuite,3,3847504:modules/weblounge-common/src/main/java/ch/entwine/weblounge/common/impl/content/page/pageimpl.java,PageImpl,,PASS,76.769,ch.entwine.weblounge.common.impl.content.page.PageImpl
2026-07-23T13:23:05+00:00,maven_verify_jacoco_pit,3847504,modules/weblounge-common,,3,3847504:modules/weblounge-common/src/main/java/ch/entwine/weblounge/common/impl/content/page/pageimpl.java,,,PASS,27.518,-Dtest=ch.entwine.weblounge.common.impl.content.page.PageImpl_RBL4Test_f985aed1
2026-07-23T13:23:24+00:00,maven_verify_jacoco_pit,3847504,modules/weblounge-common,,3,3847504:modules/weblounge-common/src/main/java/ch/entwine/weblounge/common/impl/content/page/pageimpl.java,,,FAIL,6.313,"The following compilation errors were encountered during the Maven build:

- 
- /D:/A_ThucNghiem/scripts_v2/workspaces/20260723_200230_8e3f9cb2/003_3847504_PageImpl_f985aed1/compiledrepos/3847504/modules/weblounge-common/src/test/java/ch/entwine/weblounge/common/impl/content/page/PageImpl_RBL4Test_f985aed1.java:[113,16] invalid method declaration; return type required"
2026-07-23T13:23:25+00:00,class_agone_run,3847504,modules/weblounge-common,,,,,,PASS,141.953,
2026-07-23T13:23:25+00:00,class_sandbox_start,39195736,jproperties-checks,,4,39195736:jproperties-checks/src/main/java/org/sonar/jproperties/checks/generic/missingtranslationscheck.java,MissingTranslationsCheck,MissingTranslationsCheck_RBL4Test_be7ec32e,START,,
2026-07-23T13:23:30+00:00,maven_reactor_prewarm,39195736,jproperties-checks,,4,39195736:jproperties-checks/src/main/java/org/sonar/jproperties/checks/generic/missingtranslationscheck.java,MissingTranslationsCheck,,START,,prewarm reactor dependencies for -pl jproperties-checks
2026-07-23T13:23:41+00:00,maven_reactor_prewarm,39195736,jproperties-checks,,4,39195736:jproperties-checks/src/main/java/org/sonar/jproperties/checks/generic/missingtranslationscheck.java,MissingTranslationsCheck,,PASS,10.671,"s-checks-testkit-2.7-SNAPSHOT.pom
[INFO] Installing D:\A_ThucNghiem\scripts_v2\workspaces\20260723_200230_8e3f9cb2\004_39195736_MissingTranslationsCheck_be7ec32e\compiledrepos\39195736\jproperties-checks-testkit\target\jproperties-checks-testkit-2.7-SNAPSHOT-sources.jar to C:\Users\admin\.m2\repository\org\codehaus\sonar-plugins\jproperties\jproperties-checks-testkit\2.7-SNAPSHOT\jproperties-checks-testkit-2.7-SNAPSHOT-sources.jar
[INFO] 
[INFO] -----< org.codehaus.sonar-plugins.jproperties:jproperties-checks >------
[INFO] Building SonarQube Java Properties Analyzer :: Checks 2.7-SNAPSHOT [4/4]
[INFO]   from jproperties-checks\pom.xml
[INFO] --------------------------------[ jar ]---------------------------------
[INFO] 
[INFO] --- buildnumber:1.4:create (default) @ jproperties-checks ---
[INFO] 
[INFO] --- enforcer:3.0.0-M1:enforce (enforce) @ jproperties-checks ---
[INFO] Skipping Rule Enforcement.
[INFO] 
[INFO] --- license:3.0:check (enforce-license-headers) @ jproperties-checks ---
[INFO] 
[INFO] --- jacoco:0.7.9:prepare-agent (agent) @ jproperties-checks ---
[INFO] Skipping JaCoCo execution because property jacoco.skip is set.
[INFO] argLine set to empty
[INFO] 
[INFO] --- bsh:1.4:run (compute-artifact-display-version) @ jproperties-checks ---
[INFO] Executing Script
[INFO] file class java.lang.Object
[INFO] script class java.lang.String
[INFO] evaluating script if (! ""2.7-SNAPSHOT"".endsWith(""-SNAPSHOT"")) { [+ 15 omitted line(s)]
[INFO] 
[INFO] --- resources:3.0.2:resources (default-resources) @ jproperties-checks ---
[INFO] Using 'UTF-8' encoding to copy filtered resources.
[INFO] Copying 27 resources
[INFO] 
[INFO] --- compiler:3.7.0:compile (default-compile) @ jproperties-checks ---
[INFO] Changes detected - recompiling the module!
[INFO] Compiling 35 source files to D:\A_ThucNghiem\scripts_v2\workspaces\20260723_200230_8e3f9cb2\004_39195736_MissingTranslationsCheck_be7ec32e\compiledrepos\39195736\jproperties-checks\target\classes
[INFO] 
[INFO] --- resources:3.0.2:testResources (default-testResources) @ jproperties-checks ---
[INFO] Not copying test resources
[INFO] 
[INFO] --- compiler:3.7.0:testCompile (default-testCompile) @ jproperties-checks ---
[INFO] Not compiling test sources
[INFO] 
[INFO] --- surefire:2.20.1:test (default-test) @ jproperties-checks ---
[INFO] Tests are skipped.
[INFO] 
[INFO] --- jar:3.0.2:jar (default-jar) @ jproperties-checks ---
[INFO] Building jar: D:\A_ThucNghiem\scripts_v2\workspaces\20260723_200230_8e3f9cb2\004_39195736_MissingTranslationsCheck_be7ec32e\compiledrepos\39195736\jproperties-checks\target\jproperties-checks-2.7-SNAPSHOT.jar
[INFO] 
[INFO] --- javadoc:2.10.4:jar (attach-javadocs) @ jproperties-checks ---
[INFO] Skipping javadoc generation
[INFO] 
[INFO] --- source:3.0.1:jar-no-fork (attach-sources) @ jproperties-checks ---
[INFO] Building jar: D:\A_ThucNghiem\scripts_v2\workspaces\20260723_200230_8e3f9cb2\004_39195736_MissingTranslationsCheck_be7ec32e\compiledrepos\39195736\jproperties-checks\target\jproperties-checks-2.7-SNAPSHOT-sources.jar
[INFO] 
[INFO] --- install:2.5.2:install (default-install) @ jproperties-checks ---
[INFO] Installing D:\A_ThucNghiem\scripts_v2\workspaces\20260723_200230_8e3f9cb2\004_39195736_MissingTranslationsCheck_be7ec32e\compiledrepos\39195736\jproperties-checks\target\jproperties-checks-2.7-SNAPSHOT.jar to C:\Users\admin\.m2\repository\org\codehaus\sonar-plugins\jproperties\jproperties-checks\2.7-SNAPSHOT\jproperties-checks-2.7-SNAPSHOT.jar
[INFO] Installing D:\A_ThucNghiem\scripts_v2\workspaces\20260723_200230_8e3f9cb2\004_39195736_MissingTranslationsCheck_be7ec32e\compiledrepos\39195736\jproperties-checks\pom.xml to C:\Users\admin\.m2\repository\org\codehaus\sonar-plugins\jproperties\jproperties-checks\2.7-SNAPSHOT\jproperties-checks-2.7-SNAPSHOT.pom
[INFO] Installing D:\A_ThucNghiem\scripts_v2\workspaces\20260723_200230_8e3f9cb2\004_39195736_MissingTranslationsCheck_be7ec32e\compiledrepos\39195736\jproperties-checks\target\jproperties-ch"
2026-07-23T13:23:45+00:00,class_agone_env,39195736,jproperties-checks,,4,39195736:jproperties-checks/src/main/java/org/sonar/jproperties/checks/generic/missingtranslationscheck.java,MissingTranslationsCheck,MissingTranslationsCheck_RBL4Test_be7ec32e,PASS,,requested=1.8 selected_jdk=8 java_home=C:\Program Files\Java\jdk1.8.0_172
2026-07-23T13:23:52+00:00,toolchain,,,,4,39195736:jproperties-checks/src/main/java/org/sonar/jproperties/checks/generic/missingtranslationscheck.java,,,PASS,,requested=1.8 selected_jdk=8 java_home=C:\Program Files\Java\jdk1.8.0_172
2026-07-23T13:24:09+00:00,evosuite_generate,39195736,,evosuite,4,39195736:jproperties-checks/src/main/java/org/sonar/jproperties/checks/generic/missingtranslationscheck.java,MissingTranslationsCheck,,PASS,16.918,org.sonar.jproperties.checks.generic.MissingTranslationsCheck
2026-07-23T13:24:22+00:00,maven_verify_jacoco_pit,39195736,jproperties-checks,,4,39195736:jproperties-checks/src/main/java/org/sonar/jproperties/checks/generic/missingtranslationscheck.java,,,PASS,12.804,-Dtest=org.sonar.jproperties.checks.generic.MissingTranslationsCheck_RBL4Test_be7ec32e
2026-07-23T13:24:35+00:00,maven_verify_jacoco_pit,39195736,jproperties-checks,,4,39195736:jproperties-checks/src/main/java/org/sonar/jproperties/checks/generic/missingtranslationscheck.java,,,FAIL,6.307,"The following compilation errors were encountered during the Maven build:

- 
- /D:/A_ThucNghiem/scripts_v2/workspaces/20260723_200230_8e3f9cb2/004_39195736_MissingTranslationsCheck_be7ec32e/compiledrepos/39195736/jproperties-checks/src/test/java/org/sonar/jproperties/checks/generic/MissingTranslationsCheck_RBL4Test_be7ec32e.java:[8,50] cannot find symbol
- symbol:   class Context
- location: package org.sonar.plugins.jproperties.api.visitors
- /D:/A_ThucNghiem/scripts_v2/workspaces/20260723_200230_8e3f9cb2/004_39195736_MissingTranslationsCheck_be7ec32e/compiledrepos/39195736/jproperties-checks/src/test/java/org/sonar/jproperties/checks/generic/MissingTranslationsCheck_RBL4Test_be7ec32e.java:[20,13] cannot find symbol
- symbol:   class Context
- location: class org.sonar.jproperties.checks.generic.MissingTranslationsCheck_RBL4Test_be7ec32e
- /D:/A_ThucNghiem/scripts_v2/workspaces/20260723_200230_8e3f9cb2/004_39195736_MissingTranslationsCheck_be7ec32e/compiledrepos/39195736/jproperties-checks/src/test/java/org/sonar/jproperties/checks/generic/MissingTranslationsCheck_RBL4Test_be7ec32e.java:[27,24] cannot find symbol
- symbol:   class Context
- location: class org.sonar.jproperties.checks.generic.MissingTranslationsCheck_RBL4Test_be7ec32e"
2026-07-23T13:24:35+00:00,class_agone_run,39195736,jproperties-checks,,,,,,PASS,70.486,
2026-07-23T13:24:35+00:00,class_sandbox_start,39195736,jproperties-checks,,5,39195736:jproperties-checks/src/main/java/org/sonar/jproperties/checks/generic/separatorconventioncheck.java,SeparatorConventionCheck,SeparatorConventionCheck_RBL4Test_f2dcb8d8,START,,
2026-07-23T13:24:39+00:00,class_agone_env,39195736,jproperties-checks,,5,39195736:jproperties-checks/src/main/java/org/sonar/jproperties/checks/generic/separatorconventioncheck.java,SeparatorConventionCheck,SeparatorConventionCheck_RBL4Test_f2dcb8d8,PASS,,requested=1.8 selected_jdk=8 java_home=C:\Program Files\Java\jdk1.8.0_172
2026-07-23T13:24:47+00:00,toolchain,,,,5,39195736:jproperties-checks/src/main/java/org/sonar/jproperties/checks/generic/separatorconventioncheck.java,,,PASS,,requested=1.8 selected_jdk=8 java_home=C:\Program Files\Java\jdk1.8.0_172
2026-07-23T13:26:02+00:00,evosuite_generate,39195736,,evosuite,5,39195736:jproperties-checks/src/main/java/org/sonar/jproperties/checks/generic/separatorconventioncheck.java,SeparatorConventionCheck,,PASS,74.781,org.sonar.jproperties.checks.generic.SeparatorConventionCheck
2026-07-23T13:26:13+00:00,maven_verify_jacoco_pit,39195736,jproperties-checks,,5,39195736:jproperties-checks/src/main/java/org/sonar/jproperties/checks/generic/separatorconventioncheck.java,,,PASS,11.375,-Dtest=org.sonar.jproperties.checks.generic.SeparatorConventionCheck_RBL4Test_f2dcb8d8
2026-07-23T13:26:26+00:00,maven_verify_jacoco_pit,39195736,jproperties-checks,,5,39195736:jproperties-checks/src/main/java/org/sonar/jproperties/checks/generic/separatorconventioncheck.java,,,FAIL,6.303,"The following compilation errors were encountered during the Maven build:

- 
- /D:/A_ThucNghiem/scripts_v2/workspaces/20260723_200230_8e3f9cb2/005_39195736_SeparatorConventionCheck_f2dcb8d8/compiledrepos/39195736/jproperties-checks/src/test/java/org/sonar/jproperties/checks/generic/SeparatorConventionCheck_RBL4Test_f2dcb8d8.java:[44,75] cannot find symbol
- symbol:   class SeparatorToken
- location: interface org.sonar.plugins.jproperties.api.tree.SeparatorTree
- /D:/A_ThucNghiem/scripts_v2/workspaces/20260723_200230_8e3f9cb2/005_39195736_SeparatorConventionCheck_f2dcb8d8/compiledrepos/39195736/jproperties-checks/src/test/java/org/sonar/jproperties/checks/generic/SeparatorConventionCheck_RBL4Test_f2dcb8d8.java:[57,64] cannot find symbol
- symbol:   class Value
- location: interface org.sonar.plugins.jproperties.api.tree.PropertyTree
- /D:/A_ThucNghiem/scripts_v2/workspaces/20260723_200230_8e3f9cb2/005_39195736_SeparatorConventionCheck_f2dcb8d8/compiledrepos/39195736/jproperties-checks/src/test/java/org/sonar/jproperties/checks/generic/SeparatorConventionCheck_RBL4Test_f2dcb8d8.java:[81,32] cannot find symbol
- symbol:   method getSeparator()
- location: variable check of type org.sonar.jproperties.checks.generic.SeparatorConventionCheck"
2026-07-23T13:26:27+00:00,class_agone_run,39195736,jproperties-checks,,,,,,PASS,111.437,
2026-07-23T13:26:27+00:00,class_sandbox_start,41547678,turin-standard-library,,6,41547678:turin-standard-library/src/main/java/turin/context/context.java,Context,Context_RBL4Test_34266f79,START,,
2026-07-23T13:26:36+00:00,class_agone_env,41547678,turin-standard-library,,6,41547678:turin-standard-library/src/main/java/turin/context/context.java,Context,Context_RBL4Test_34266f79,PASS,,requested=1.8 selected_jdk=8 java_home=C:\Program Files\Java\jdk1.8.0_172
2026-07-23T13:26:44+00:00,toolchain,,,,6,41547678:turin-standard-library/src/main/java/turin/context/context.java,,,PASS,,requested=1.8 selected_jdk=8 java_home=C:\Program Files\Java\jdk1.8.0_172
2026-07-23T13:27:55+00:00,evosuite_generate,41547678,,evosuite,6,41547678:turin-standard-library/src/main/java/turin/context/context.java,Context,,PASS,71.36,turin.context.Context
2026-07-23T13:28:02+00:00,maven_verify_jacoco_pit,41547678,turin-standard-library,,6,41547678:turin-standard-library/src/main/java/turin/context/context.java,,,PASS,7.19,-Dtest=turin.context.Context_RBL4Test_34266f79
2026-07-23T13:28:15+00:00,maven_verify_jacoco_pit,41547678,turin-standard-library,,6,41547678:turin-standard-library/src/main/java/turin/context/context.java,,,PASS,8.6,-Dtest=turin.context.Context_RBL4Test_34266f79
2026-07-23T13:28:16+00:00,class_agone_run,41547678,turin-standard-library,,,,,,PASS,109.407,
2026-07-23T13:28:16+00:00,class_sandbox_start,41547678,turin-compiler,,7,41547678:turin-compiler/src/main/java/me/tomassetti/turin/resolvers/srcsymbolresolver.java,SrcSymbolResolver,SrcSymbolResolver_RBL4Test_8fe4f5a7,START,,
2026-07-23T13:28:17+00:00,maven_reactor_prewarm,41547678,turin-compiler,,7,41547678:turin-compiler/src/main/java/me/tomassetti/turin/resolvers/srcsymbolresolver.java,SrcSymbolResolver,,START,,prewarm reactor dependencies for -pl turin-compiler
2026-07-23T13:28:31+00:00,maven_reactor_prewarm,41547678,turin-compiler,,7,41547678:turin-compiler/src/main/java/me/tomassetti/turin/resolvers/srcsymbolresolver.java,SrcSymbolResolver,,PASS,13.908,"epository\me\tomassetti\turin-standard-library\0.0.3-SNAPSHOT\turin-standard-library-0.0.3-SNAPSHOT.pom
[INFO] 
[INFO] --------------------< me.tomassetti:turin-compiler >--------------------
[INFO] Building turin-compiler 0.0.3-SNAPSHOT                             [5/5]
[INFO]   from turin-compiler\pom.xml
[INFO] --------------------------------[ jar ]---------------------------------
[INFO] 
[INFO] --- enforcer:1.0:enforce (enforce-maven) @ turin-compiler ---
[INFO] Skipping Rule Enforcement.
[INFO] 
[INFO] --- jacoco:0.7.5.201505241946:prepare-agent (default-prepare-agent) @ turin-compiler ---
[INFO] Skipping JaCoCo execution because property jacoco.skip is set.
[INFO] argLine set to empty
[INFO] 
[INFO] --- resources:3.4.0:resources (default-resources) @ turin-compiler ---
[INFO] skip non existing resourceDirectory D:\A_ThucNghiem\scripts_v2\workspaces\20260723_200230_8e3f9cb2\007_41547678_SrcSymbolResolver_8fe4f5a7\compiledrepos\41547678\turin-compiler\src\main\resources
[INFO] 
[INFO] --- compiler:3.0:compile (default-compile) @ turin-compiler ---
[INFO] Changes detected - recompiling the module!
[INFO] Compiling 157 source files to D:\A_ThucNghiem\scripts_v2\workspaces\20260723_200230_8e3f9cb2\007_41547678_SrcSymbolResolver_8fe4f5a7\compiledrepos\41547678\turin-compiler\target\classes
[WARNING] /D:/A_ThucNghiem/scripts_v2/workspaces/20260723_200230_8e3f9cb2/007_41547678_SrcSymbolResolver_8fe4f5a7/compiledrepos/41547678/turin-compiler/src/main/java/me/tomassetti/turin/compiler/Compilation.java: D:\A_ThucNghiem\scripts_v2\workspaces\20260723_200230_8e3f9cb2\007_41547678_SrcSymbolResolver_8fe4f5a7\compiledrepos\41547678\turin-compiler\src\main\java\me\tomassetti\turin\compiler\Compilation.java uses or overrides a deprecated API.
[WARNING] /D:/A_ThucNghiem/scripts_v2/workspaces/20260723_200230_8e3f9cb2/007_41547678_SrcSymbolResolver_8fe4f5a7/compiledrepos/41547678/turin-compiler/src/main/java/me/tomassetti/turin/compiler/Compilation.java: Recompile with -Xlint:deprecation for details.
[WARNING] /D:/A_ThucNghiem/scripts_v2/workspaces/20260723_200230_8e3f9cb2/007_41547678_SrcSymbolResolver_8fe4f5a7/compiledrepos/41547678/turin-compiler/src/main/java/me/tomassetti/turin/util/Either.java: D:\A_ThucNghiem\scripts_v2\workspaces\20260723_200230_8e3f9cb2\007_41547678_SrcSymbolResolver_8fe4f5a7\compiledrepos\41547678\turin-compiler\src\main\java\me\tomassetti\turin\util\Either.java uses unchecked or unsafe operations.
[WARNING] /D:/A_ThucNghiem/scripts_v2/workspaces/20260723_200230_8e3f9cb2/007_41547678_SrcSymbolResolver_8fe4f5a7/compiledrepos/41547678/turin-compiler/src/main/java/me/tomassetti/turin/util/Either.java: Recompile with -Xlint:unchecked for details.
[INFO] 
[INFO] --- resources:3.4.0:testResources (default-testResources) @ turin-compiler ---
[INFO] Not copying test resources
[INFO] 
[INFO] --- compiler:3.0:testCompile (default-testCompile) @ turin-compiler ---
[INFO] Not compiling test sources
[INFO] 
[INFO] --- surefire:3.5.4:test (default-test) @ turin-compiler ---
[INFO] Tests are skipped.
[INFO] 
[INFO] --- jacoco:0.7.5.201505241946:report (default-report) @ turin-compiler ---
[INFO] Skipping JaCoCo execution because property jacoco.skip is set.
[INFO] 
[INFO] --- jar:3.5.0:jar (default-jar) @ turin-compiler ---
[INFO] Building jar: D:\A_ThucNghiem\scripts_v2\workspaces\20260723_200230_8e3f9cb2\007_41547678_SrcSymbolResolver_8fe4f5a7\compiledrepos\41547678\turin-compiler\target\turin-compiler-0.0.3-SNAPSHOT.jar
[INFO] 
[INFO] --- install:2.4:install (default-install) @ turin-compiler ---
[INFO] Installing D:\A_ThucNghiem\scripts_v2\workspaces\20260723_200230_8e3f9cb2\007_41547678_SrcSymbolResolver_8fe4f5a7\compiledrepos\41547678\turin-compiler\target\turin-compiler-0.0.3-SNAPSHOT.jar to C:\Users\admin\.m2\repository\me\tomassetti\turin-compiler\0.0.3-SNAPSHOT\turin-compiler-0.0.3-SNAPSHOT.jar
[INFO] Installing D:\A_ThucNghiem\scripts_v2\workspaces\20260723_200230_8e3f9cb2\007_41547678_SrcSymbolResolver_8fe4f5a7\comp"
2026-07-23T13:28:34+00:00,class_agone_env,41547678,turin-compiler,,7,41547678:turin-compiler/src/main/java/me/tomassetti/turin/resolvers/srcsymbolresolver.java,SrcSymbolResolver,SrcSymbolResolver_RBL4Test_8fe4f5a7,PASS,,requested=1.8 selected_jdk=8 java_home=C:\Program Files\Java\jdk1.8.0_172
2026-07-23T13:28:42+00:00,toolchain,,,,7,41547678:turin-compiler/src/main/java/me/tomassetti/turin/resolvers/srcsymbolresolver.java,,,PASS,,requested=1.8 selected_jdk=8 java_home=C:\Program Files\Java\jdk1.8.0_172
2026-07-23T13:30:01+00:00,evosuite_generate,41547678,,evosuite,7,41547678:turin-compiler/src/main/java/me/tomassetti/turin/resolvers/srcsymbolresolver.java,SrcSymbolResolver,,PASS,78.836,me.tomassetti.turin.resolvers.SrcSymbolResolver
2026-07-23T13:30:18+00:00,maven_verify_jacoco_pit,41547678,turin-compiler,,7,41547678:turin-compiler/src/main/java/me/tomassetti/turin/resolvers/srcsymbolresolver.java,,,PASS,17.53,-Dtest=me.tomassetti.turin.resolvers.SrcSymbolResolver_RBL4Test_8fe4f5a7
2026-07-23T13:30:35+00:00,maven_verify_jacoco_pit,41547678,turin-compiler,,7,41547678:turin-compiler/src/main/java/me/tomassetti/turin/resolvers/srcsymbolresolver.java,,,FAIL,6.608,"The following compilation errors were encountered during the Maven build:

- 
- /D:/A_ThucNghiem/scripts_v2/workspaces/20260723_200230_8e3f9cb2/007_41547678_SrcSymbolResolver_8fe4f5a7/compiledrepos/41547678/turin-compiler/src/test/java/me/tomassetti/turin/resolvers/SrcSymbolResolver_RBL4Test_8fe4f5a7.java:[34,49] constructor PropertyDefinition in class me.tomassetti.turin.parser.ast.properties.PropertyDefinition cannot be applied to given types;
- required: java.lang.String,me.tomassetti.turin.parser.ast.typeusage.TypeUsageNode,java.util.Optional<me.tomassetti.turin.parser.ast.expressions.Expression>,java.util.Optional<me.tomassetti.turin.parser.ast.expressions.Expression>,java.util.List<me.tomassetti.turin.parser.ast.properties.PropertyConstraint>
- found: java.lang.String,java.lang.String
- reason: actual and formal argument lists differ in length
- /D:/A_ThucNghiem/scripts_v2/workspaces/20260723_200230_8e3f9cb2/007_41547678_SrcSymbolResolver_8fe4f5a7/compiledrepos/41547678/turin-compiler/src/test/java/me/tomassetti/turin/resolvers/SrcSymbolResolver_RBL4Test_8fe4f5a7.java:[35,57] constructor FunctionDefinitionNode in class me.tomassetti.turin.parser.ast.invokables.FunctionDefinitionNode cannot be applied to given types;
- required: java.lang.String,me.tomassetti.turin.parser.ast.typeusage.TypeUsageNode,java.util.List<me.tomassetti.turin.parser.ast.FormalParameterNode>,me.tomassetti.turin.parser.ast.statements.Statement
- found: java.lang.String,java.lang.String
- reason: actual and formal argument lists differ in length
- /D:/A_ThucNghiem/scripts_v2/workspaces/20260723_200230_8e3f9cb2/007_41547678_SrcSymbolResolver_8fe4f5a7/compiledrepos/41547678/turin-compiler/src/test/java/me/tomassetti/turin/resolvers/SrcSymbolResolver_RBL4Test_8fe4f5a7.java:[36,49] me.tomassetti.turin.parser.ast.TypeDefinitionNode is abstract; cannot be instantiated
- /D:/A_ThucNghiem/scripts_v2/workspaces/20260723_200230_8e3f9cb2/007_41547678_SrcSymbolResolver_8fe4f5a7/compiledrepos/41547678/turin-compiler/src/test/java/me/tomassetti/turin/resolvers/SrcSymbolResolver_RBL4Test_8fe4f5a7.java:[37,27] constructor Program in class me.tomassetti.turin.parser.ast.Program cannot be applied to given types;
- required: java.lang.String,me.tomassetti.turin.parser.ast.statements.Statement,java.lang.String
- found: java.lang.String
- reason: actual and formal argument lists differ in length
- /D:/A_ThucNghiem/scripts_v2/workspaces/20260723_200230_8e3f9cb2/007_41547678_SrcSymbolResolver_8fe4f5a7/compiledrepos/41547678/turin-compiler/src/test/java/me/tomassetti/turin/resolvers/SrcSymbolResolver_RBL4Test_8fe4f5a7.java:[39,25] constructor TurinFile in class me.tomassetti.turin.parser.ast.TurinFile cannot be applied to given types;
- required: no arguments
- found: java.util.List<me.tomassetti.turin.parser.ast.TypeDefinitionNode>,java.util.List<me.tomassetti.turin.parser.ast.properties.PropertyDefinition>,java.util.List<me.tomassetti.turin.parser.ast.Program>,java.util.List<me.tomassetti.turin.parser.ast.invokables.FunctionDefinitionNode>,java.util.List<java.lang.Object>
- reason: actual and formal argument lists differ in length
- /D:/A_ThucNghiem/scripts_v2/workspaces/20260723_200230_8e3f9cb2/007_41547678_SrcSymbolResolver_8fe4f5a7/compiledrepos/41547678/turin-compiler/src/test/java/me/tomassetti/turin/resolvers/SrcSymbolResolver_RBL4Test_8fe4f5a7.java:[52,47] constructor PropertyReference in class me.tomassetti.turin.parser.ast.properties.PropertyReference cannot be applied to given types;
- required: java.lang.String
- found: java.lang.String,java.lang.String
- reason: actual and formal argument lists differ in length
- /D:/A_ThucNghiem/scripts_v2/workspaces/20260723_200230_8e3f9cb2/007_41547678_SrcSymbolResolver_8fe4f5a7/compiledrepos/41547678/turin-compiler/src/test/java/me/tomassetti/turin/resolvers/SrcSymbolResolver_RBL4Test_8fe4f5a7.java:[74,37] constructor FunctionCall in class me.tomassetti.turin.parser.ast.expressions.FunctionCall cannot be applied to given t"
2026-07-23T13:30:36+00:00,class_agone_run,41547678,turin-compiler,,,,,,PASS,139.165,
2026-07-23T13:30:36+00:00,class_sandbox_start,41627638,leetcode/battleships-in-a-board,,8,41627638:leetcode/battleships-in-a-board/src/main/java/com/github/battleship/solution.java,Solution,Solution_RBL4Test_d71b298e,START,,
2026-07-23T13:30:55+00:00,gradle_sandbox_prewarm,41627638,leetcode/battleships-in-a-board,,8,41627638:leetcode/battleships-in-a-board/src/main/java/com/github/battleship/solution.java,Solution,,START,,normalized Gradle wrapper D:\A_ThucNghiem\scripts_v2\workspaces\20260723_200230_8e3f9cb2\008_41627638_Solution_d71b298e\compiledrepos\41627638\gradlew.bat -> D:\A_ThucNghiem\scripts_v2\workspaces\20260723_200230_8e3f9cb2\008_41627638_Solution_d71b298e\compiledrepos\41627638\leetcode\battleships-in-a-board\gradlew.bat; baseline cwd D:\A_ThucNghiem\scripts_v2\workspaces\20260723_200230_8e3f9cb2\008_41627638_Solution_d71b298e\compiledrepos\41627638 -> D:\A_ThucNghiem\scripts_v2\workspaces\20260723_200230_8e3f9cb2\008_41627638_Solution_d71b298e\compiledrepos\41627638\leetcode\battleships-in-a-board; compile Gradle sandbox before AgoneTest/EvoSuite
2026-07-23T13:31:03+00:00,gradle_sandbox_prewarm,41627638,leetcode/battleships-in-a-board,,8,41627638:leetcode/battleships-in-a-board/src/main/java/com/github/battleship/solution.java,Solution,,PASS,7.71,"normalized Gradle wrapper D:\A_ThucNghiem\scripts_v2\workspaces\20260723_200230_8e3f9cb2\008_41627638_Solution_d71b298e\compiledrepos\41627638\gradlew.bat -> D:\A_ThucNghiem\scripts_v2\workspaces\20260723_200230_8e3f9cb2\008_41627638_Solution_d71b298e\compiledrepos\41627638\leetcode\battleships-in-a-board\gradlew.bat; baseline cwd D:\A_ThucNghiem\scripts_v2\workspaces\20260723_200230_8e3f9cb2\008_41627638_Solution_d71b298e\compiledrepos\41627638 -> D:\A_ThucNghiem\scripts_v2\workspaces\20260723_200230_8e3f9cb2\008_41627638_Solution_d71b298e\compiledrepos\41627638\leetcode\battleships-in-a-board; compile Gradle sandbox before AgoneTest/EvoSuite; classes_dir=D:\A_ThucNghiem\scripts_v2\workspaces\20260723_200230_8e3f9cb2\008_41627638_Solution_d71b298e\compiledrepos\41627638\leetcode\battleships-in-a-board\build\classes\main
:clean UP-TO-DATE
:compileJava
:processResources UP-TO-DATE
:classes
:compileTestJava
:processTestResources
:testClasses

BUILD SUCCESSFUL

Total time: 5.407 secs"
2026-07-23T13:31:06+00:00,class_agone_env,41627638,leetcode/battleships-in-a-board,,8,41627638:leetcode/battleships-in-a-board/src/main/java/com/github/battleship/solution.java,Solution,Solution_RBL4Test_d71b298e,PASS,,requested=1.8 selected_jdk=8 java_home=C:\Program Files\Java\jdk1.8.0_172
2026-07-23T13:31:14+00:00,toolchain,,,,8,41627638:leetcode/battleships-in-a-board/src/main/java/com/github/battleship/solution.java,,,PASS,,requested=1.8 selected_jdk=8 java_home=C:\Program Files\Java\jdk1.8.0_172
2026-07-23T13:32:21+00:00,evosuite_generate,41627638,,evosuite,8,41627638:leetcode/battleships-in-a-board/src/main/java/com/github/battleship/solution.java,Solution,,PASS,66.334,com.github.battleship.Solution
2026-07-23T13:32:30+00:00,gradle_test_jacoco_pitest,41627638,leetcode/battleships-in-a-board,,8,41627638:leetcode/battleships-in-a-board/src/main/java/com/github/battleship/solution.java,,,FAIL,4.0,"The following general errors were encountered during the Gradle build:

- BUILD FAILED
- 
- Total time: 3.17 secs"
2026-07-23T13:32:31+00:00,class_agone_run,41627638,leetcode/battleships-in-a-board,,,,,,PASS,114.839,
2026-07-23T13:32:31+00:00,class_sandbox_start,41627638,leetcode/battleships-in-a-board,,9,41627638:leetcode/battleships-in-a-board/src/main/java/com/github/maxpointonline/plainloop/solution.java,Solution,Solution_RBL4Test_5e962fc1,START,,
2026-07-23T13:32:33+00:00,gradle_sandbox_prewarm,41627638,leetcode/battleships-in-a-board,,9,41627638:leetcode/battleships-in-a-board/src/main/java/com/github/maxpointonline/plainloop/solution.java,Solution,,START,,normalized Gradle wrapper D:\A_ThucNghiem\scripts_v2\workspaces\20260723_200230_8e3f9cb2\009_41627638_Solution_5e962fc1\compiledrepos\41627638\gradlew.bat -> D:\A_ThucNghiem\scripts_v2\workspaces\20260723_200230_8e3f9cb2\009_41627638_Solution_5e962fc1\compiledrepos\41627638\leetcode\battleships-in-a-board\gradlew.bat; baseline cwd D:\A_ThucNghiem\scripts_v2\workspaces\20260723_200230_8e3f9cb2\009_41627638_Solution_5e962fc1\compiledrepos\41627638 -> D:\A_ThucNghiem\scripts_v2\workspaces\20260723_200230_8e3f9cb2\009_41627638_Solution_5e962fc1\compiledrepos\41627638\leetcode\battleships-in-a-board; compile Gradle sandbox before AgoneTest/EvoSuite
2026-07-23T13:32:41+00:00,gradle_sandbox_prewarm,41627638,leetcode/battleships-in-a-board,,9,41627638:leetcode/battleships-in-a-board/src/main/java/com/github/maxpointonline/plainloop/solution.java,Solution,,PASS,8.643,"normalized Gradle wrapper D:\A_ThucNghiem\scripts_v2\workspaces\20260723_200230_8e3f9cb2\009_41627638_Solution_5e962fc1\compiledrepos\41627638\gradlew.bat -> D:\A_ThucNghiem\scripts_v2\workspaces\20260723_200230_8e3f9cb2\009_41627638_Solution_5e962fc1\compiledrepos\41627638\leetcode\battleships-in-a-board\gradlew.bat; baseline cwd D:\A_ThucNghiem\scripts_v2\workspaces\20260723_200230_8e3f9cb2\009_41627638_Solution_5e962fc1\compiledrepos\41627638 -> D:\A_ThucNghiem\scripts_v2\workspaces\20260723_200230_8e3f9cb2\009_41627638_Solution_5e962fc1\compiledrepos\41627638\leetcode\battleships-in-a-board; compile Gradle sandbox before AgoneTest/EvoSuite; classes_dir=D:\A_ThucNghiem\scripts_v2\workspaces\20260723_200230_8e3f9cb2\009_41627638_Solution_5e962fc1\compiledrepos\41627638\leetcode\battleships-in-a-board\build\classes\main
:clean UP-TO-DATE
:compileJava
:processResources UP-TO-DATE
:classes
:compileTestJava
:processTestResources
:testClasses

BUILD SUCCESSFUL

Total time: 4.575 secs"
2026-07-23T13:32:44+00:00,class_agone_env,41627638,leetcode/battleships-in-a-board,,9,41627638:leetcode/battleships-in-a-board/src/main/java/com/github/maxpointonline/plainloop/solution.java,Solution,Solution_RBL4Test_5e962fc1,PASS,,requested=1.8 selected_jdk=8 java_home=C:\Program Files\Java\jdk1.8.0_172
2026-07-23T13:32:52+00:00,toolchain,,,,9,41627638:leetcode/battleships-in-a-board/src/main/java/com/github/maxpointonline/plainloop/solution.java,,,PASS,,requested=1.8 selected_jdk=8 java_home=C:\Program Files\Java\jdk1.8.0_172
2026-07-23T13:32:58+00:00,evosuite_generate,41627638,,evosuite,9,41627638:leetcode/battleships-in-a-board/src/main/java/com/github/maxpointonline/plainloop/solution.java,Solution,,PASS,5.927,com.github.maxpointonline.plainloop.Solution
2026-07-23T13:33:08+00:00,gradle_test_jacoco_pitest,41627638,leetcode/battleships-in-a-board,,9,41627638:leetcode/battleships-in-a-board/src/main/java/com/github/maxpointonline/plainloop/solution.java,,,FAIL,4.011,"The following general errors were encountered during the Gradle build:

- BUILD FAILED
- 
- Total time: 3.218 secs"
2026-07-23T13:33:09+00:00,class_agone_run,41627638,leetcode/battleships-in-a-board,,,,,,PASS,37.714,
2026-07-23T13:33:09+00:00,class_sandbox_start,43105609,weixin-mp,,10,43105609:weixin-mp/src/main/java/com/riversoft/weixin/mp/care/caremessages.java,CareMessages,CareMessages_RBL4Test_737b9436,START,,
2026-07-23T13:33:18+00:00,maven_reactor_prewarm,43105609,weixin-mp,,10,43105609:weixin-mp/src/main/java/com/riversoft/weixin/mp/care/caremessages.java,CareMessages,,START,,prewarm reactor dependencies for -pl weixin-mp
2026-07-23T13:33:25+00:00,maven_reactor_prewarm,43105609,weixin-mp,,10,43105609:weixin-mp/src/main/java/com/riversoft/weixin/mp/care/caremessages.java,CareMessages,,PASS,7.69,"aces\20260723_200230_8e3f9cb2\010_43105609_CareMessages_737b9436\compiledrepos\43105609\weixin-common\target\weixin-common-0.9.9-SNAPSHOT.jar to C:\Users\admin\.m2\repository\cn\com\riversoft\weixin-common\0.9.9-SNAPSHOT\weixin-common-0.9.9-SNAPSHOT.jar
[INFO] Installing D:\A_ThucNghiem\scripts_v2\workspaces\20260723_200230_8e3f9cb2\010_43105609_CareMessages_737b9436\compiledrepos\43105609\weixin-common\target\weixin-common-0.9.9-SNAPSHOT-sources.jar to C:\Users\admin\.m2\repository\cn\com\riversoft\weixin-common\0.9.9-SNAPSHOT\weixin-common-0.9.9-SNAPSHOT-sources.jar
[INFO] 
[INFO] ---------------------< cn.com.riversoft:weixin-mp >---------------------
[INFO] Building weixin sdk mp 0.9.9-SNAPSHOT                              [4/4]
[INFO]   from weixin-mp\pom.xml
[INFO] --------------------------------[ jar ]---------------------------------
[INFO] 
[INFO] --- resources:3.4.0:resources (default-resources) @ weixin-mp ---
[INFO] Copying 1 resource from src\main\resources to target\classes
[INFO] 
[INFO] --- compiler:3.0:compile (default-compile) @ weixin-mp ---
[INFO] Changes detected - recompiling the module!
[INFO] Compiling 78 source files to D:\A_ThucNghiem\scripts_v2\workspaces\20260723_200230_8e3f9cb2\010_43105609_CareMessages_737b9436\compiledrepos\43105609\weixin-mp\target\classes
[WARNING] bootstrap class path not set in conjunction with -source 1.7
[WARNING] /D:/A_ThucNghiem/scripts_v2/workspaces/20260723_200230_8e3f9cb2/010_43105609_CareMessages_737b9436/compiledrepos/43105609/weixin-mp/src/main/java/com/riversoft/weixin/mp/card/Cards.java: D:\A_ThucNghiem\scripts_v2\workspaces\20260723_200230_8e3f9cb2\010_43105609_CareMessages_737b9436\compiledrepos\43105609\weixin-mp\src\main\java\com\riversoft\weixin\mp\card\Cards.java uses unchecked or unsafe operations.
[WARNING] /D:/A_ThucNghiem/scripts_v2/workspaces/20260723_200230_8e3f9cb2/010_43105609_CareMessages_737b9436/compiledrepos/43105609/weixin-mp/src/main/java/com/riversoft/weixin/mp/card/Cards.java: Recompile with -Xlint:unchecked for details.
[INFO] 
[INFO] --- resources:3.4.0:testResources (default-testResources) @ weixin-mp ---
[INFO] Not copying test resources
[INFO] 
[INFO] --- compiler:3.0:testCompile (default-testCompile) @ weixin-mp ---
[INFO] Not compiling test sources
[INFO] 
[INFO] --- surefire:2.19:test (default-test) @ weixin-mp ---
[INFO] Tests are skipped.
[INFO] 
[INFO] --- jar:3.5.0:jar (default-jar) @ weixin-mp ---
[INFO] Building jar: D:\A_ThucNghiem\scripts_v2\workspaces\20260723_200230_8e3f9cb2\010_43105609_CareMessages_737b9436\compiledrepos\43105609\weixin-mp\target\weixin-mp-0.9.9-SNAPSHOT.jar
[INFO] 
[INFO] >>> source:2.4:jar (attach-sources) > generate-sources @ weixin-mp >>>
[INFO] 
[INFO] <<< source:2.4:jar (attach-sources) < generate-sources @ weixin-mp <<<
[INFO] 
[INFO] 
[INFO] --- source:2.4:jar (attach-sources) @ weixin-mp ---
[INFO] Building jar: D:\A_ThucNghiem\scripts_v2\workspaces\20260723_200230_8e3f9cb2\010_43105609_CareMessages_737b9436\compiledrepos\43105609\weixin-mp\target\weixin-mp-0.9.9-SNAPSHOT-sources.jar
[INFO] 
[INFO] --- source:2.4:jar-no-fork (attach-sources) @ weixin-mp ---
[WARNING] artifact cn.com.riversoft:weixin-mp:java-source:sources:0.9.9-SNAPSHOT already attached, replace previous instance
[INFO] 
[INFO] --- install:3.1.4:install (default-install) @ weixin-mp ---
[INFO] Installing D:\A_ThucNghiem\scripts_v2\workspaces\20260723_200230_8e3f9cb2\010_43105609_CareMessages_737b9436\compiledrepos\43105609\weixin-mp\pom.xml to C:\Users\admin\.m2\repository\cn\com\riversoft\weixin-mp\0.9.9-SNAPSHOT\weixin-mp-0.9.9-SNAPSHOT.pom
[INFO] Installing D:\A_ThucNghiem\scripts_v2\workspaces\20260723_200230_8e3f9cb2\010_43105609_CareMessages_737b9436\compiledrepos\43105609\weixin-mp\target\weixin-mp-0.9.9-SNAPSHOT.jar to C:\Users\admin\.m2\repository\cn\com\riversoft\weixin-mp\0.9.9-SNAPSHOT\weixin-mp-0.9.9-SNAPSHOT.jar
[INFO] Installing D:\A_ThucNghiem\scripts_v2\workspaces\20260723_200230_8e3f9cb2\010_43105609_CareMessage"
2026-07-23T13:33:28+00:00,class_agone_env,43105609,weixin-mp,,10,43105609:weixin-mp/src/main/java/com/riversoft/weixin/mp/care/caremessages.java,CareMessages,CareMessages_RBL4Test_737b9436,PASS,,requested=1.8 selected_jdk=8 java_home=C:\Program Files\Java\jdk1.8.0_172
2026-07-23T13:33:37+00:00,toolchain,,,,10,43105609:weixin-mp/src/main/java/com/riversoft/weixin/mp/care/caremessages.java,,,PASS,,requested=1.8 selected_jdk=8 java_home=C:\Program Files\Java\jdk1.8.0_172
2026-07-23T13:33:54+00:00,evosuite_generate,43105609,,evosuite,10,43105609:weixin-mp/src/main/java/com/riversoft/weixin/mp/care/caremessages.java,CareMessages,,PASS,17.102,com.riversoft.weixin.mp.care.CareMessages
2026-07-23T13:34:12+00:00,maven_verify_jacoco_pit,43105609,weixin-mp,,10,43105609:weixin-mp/src/main/java/com/riversoft/weixin/mp/care/caremessages.java,,,PASS,18.084,-Dtest=com.riversoft.weixin.mp.care.CareMessages_RBL4Test_737b9436
2026-07-23T13:34:30+00:00,maven_verify_jacoco_pit,43105609,weixin-mp,,10,43105609:weixin-mp/src/main/java/com/riversoft/weixin/mp/care/caremessages.java,,,FAIL,5.659,"The following compilation errors were encountered during the Maven build:

- 
- /D:/A_ThucNghiem/scripts_v2/workspaces/20260723_200230_8e3f9cb2/010_43105609_CareMessages_737b9436/compiledrepos/43105609/weixin-mp/src/test/java/com/riversoft/weixin/mp/care/CareMessages_RBL4Test_737b9436.java:[14,19] package org.mockito does not exist
- /D:/A_ThucNghiem/scripts_v2/workspaces/20260723_200230_8e3f9cb2/010_43105609_CareMessages_737b9436/compiledrepos/43105609/weixin-mp/src/test/java/com/riversoft/weixin/mp/care/CareMessages_RBL4Test_737b9436.java:[15,19] package org.mockito does not exist
- /D:/A_ThucNghiem/scripts_v2/workspaces/20260723_200230_8e3f9cb2/010_43105609_CareMessages_737b9436/compiledrepos/43105609/weixin-mp/src/test/java/com/riversoft/weixin/mp/care/CareMessages_RBL4Test_737b9436.java:[19,26] package org.mockito does not exist
- /D:/A_ThucNghiem/scripts_v2/workspaces/20260723_200230_8e3f9cb2/010_43105609_CareMessages_737b9436/compiledrepos/43105609/weixin-mp/src/test/java/com/riversoft/weixin/mp/care/CareMessages_RBL4Test_737b9436.java:[28,20] cannot find symbol
- symbol:   method mock(java.lang.Class<com.riversoft.weixin.common.WxClient>)
- location: class com.riversoft.weixin.mp.care.CareMessages_RBL4Test_737b9436
- /D:/A_ThucNghiem/scripts_v2/workspaces/20260723_200230_8e3f9cb2/010_43105609_CareMessages_737b9436/compiledrepos/43105609/weixin-mp/src/test/java/com/riversoft/weixin/mp/care/CareMessages_RBL4Test_737b9436.java:[39,31] cannot find symbol
- symbol:   method anyString()
- location: class com.riversoft.weixin.mp.care.CareMessages_RBL4Test_737b9436
- /D:/A_ThucNghiem/scripts_v2/workspaces/20260723_200230_8e3f9cb2/010_43105609_CareMessages_737b9436/compiledrepos/43105609/weixin-mp/src/test/java/com/riversoft/weixin/mp/care/CareMessages_RBL4Test_737b9436.java:[39,44] cannot find symbol
- symbol:   method anyString()
- location: class com.riversoft.weixin.mp.care.CareMessages_RBL4Test_737b9436
- /D:/A_ThucNghiem/scripts_v2/workspaces/20260723_200230_8e3f9cb2/010_43105609_CareMessages_737b9436/compiledrepos/43105609/weixin-mp/src/test/java/com/riversoft/weixin/mp/care/CareMessages_RBL4Test_737b9436.java:[39,9] cannot find symbol
- symbol:   method verify(com.riversoft.weixin.common.WxClient)
- location: class com.riversoft.weixin.mp.care.CareMessages_RBL4Test_737b9436
- /D:/A_ThucNghiem/scripts_v2/workspaces/20260723_200230_8e3f9cb2/010_43105609_CareMessages_737b9436/compiledrepos/43105609/weixin-mp/src/test/java/com/riversoft/weixin/mp/care/CareMessages_RBL4Test_737b9436.java:[40,9] cannot find symbol
- symbol:   class ArgumentCaptor
- location: class com.riversoft.weixin.mp.care.CareMessages_RBL4Test_737b9436
- /D:/A_ThucNghiem/scripts_v2/workspaces/20260723_200230_8e3f9cb2/010_43105609_CareMessages_737b9436/compiledrepos/43105609/weixin-mp/src/test/java/com/riversoft/weixin/mp/care/CareMessages_RBL4Test_737b9436.java:[40,45] cannot find symbol
- symbol:   variable ArgumentCaptor
- location: class com.riversoft.weixin.mp.care.CareMessages_RBL4Test_737b9436
- /D:/A_ThucNghiem/scripts_v2/workspaces/20260723_200230_8e3f9cb2/010_43105609_CareMessages_737b9436/compiledrepos/43105609/weixin-mp/src/test/java/com/riversoft/weixin/mp/care/CareMessages_RBL4Test_737b9436.java:[41,34] cannot find symbol
- symbol:   variable WxEndpoint
- location: class com.riversoft.weixin.mp.care.CareMessages_RBL4Test_737b9436
- /D:/A_ThucNghiem/scripts_v2/workspaces/20260723_200230_8e3f9cb2/010_43105609_CareMessages_737b9436/compiledrepos/43105609/weixin-mp/src/test/java/com/riversoft/weixin/mp/care/CareMessages_RBL4Test_737b9436.java:[41,9] cannot find symbol
- symbol:   method verify(com.riversoft.weixin.common.WxClient)
- location: class com.riversoft.weixin.mp.care.CareMessages_RBL4Test_737b9436
- /D:/A_ThucNghiem/scripts_v2/workspaces/20260723_200230_8e3f9cb2/010_43105609_CareMessages_737b9436/compiledrepos/43105609/weixin-mp/src/test/java/com/riversoft/weixin/mp/care/CareMessages_RBL4Test_737b9436.java:[55,31] cannot find symbol
- s"
2026-07-23T13:34:31+00:00,class_agone_run,43105609,weixin-mp,,,,,,PASS,81.654,
2026-07-23T13:34:31+00:00,class_sandbox_start,43105609,weixin-mp,,11,43105609:weixin-mp/src/main/java/com/riversoft/weixin/mp/media/materials.java,Materials,Materials_RBL4Test_a90c8766,START,,
2026-07-23T13:34:36+00:00,class_agone_env,43105609,weixin-mp,,11,43105609:weixin-mp/src/main/java/com/riversoft/weixin/mp/media/materials.java,Materials,Materials_RBL4Test_a90c8766,PASS,,requested=1.8 selected_jdk=8 java_home=C:\Program Files\Java\jdk1.8.0_172
2026-07-23T13:34:44+00:00,toolchain,,,,11,43105609:weixin-mp/src/main/java/com/riversoft/weixin/mp/media/materials.java,,,PASS,,requested=1.8 selected_jdk=8 java_home=C:\Program Files\Java\jdk1.8.0_172
2026-07-23T13:36:02+00:00,evosuite_generate,43105609,,evosuite,11,43105609:weixin-mp/src/main/java/com/riversoft/weixin/mp/media/materials.java,Materials,,PASS,77.452,com.riversoft.weixin.mp.media.Materials
2026-07-23T13:36:21+00:00,maven_verify_jacoco_pit,43105609,weixin-mp,,11,43105609:weixin-mp/src/main/java/com/riversoft/weixin/mp/media/materials.java,,,PASS,19.758,-Dtest=com.riversoft.weixin.mp.media.Materials_RBL4Test_a90c8766
2026-07-23T13:36:42+00:00,maven_verify_jacoco_pit,43105609,weixin-mp,,11,43105609:weixin-mp/src/main/java/com/riversoft/weixin/mp/media/materials.java,,,FAIL,5.139,"The following compilation errors were encountered during the Maven build:

- 
- /D:/A_ThucNghiem/scripts_v2/workspaces/20260723_200230_8e3f9cb2/011_43105609_Materials_a90c8766/compiledrepos/43105609/weixin-mp/src/test/java/com/riversoft/weixin/mp/media/Materials_RBL4Test_a90c8766.java:[12,19] package org.mockito does not exist
- /D:/A_ThucNghiem/scripts_v2/workspaces/20260723_200230_8e3f9cb2/011_43105609_Materials_a90c8766/compiledrepos/43105609/weixin-mp/src/test/java/com/riversoft/weixin/mp/media/Materials_RBL4Test_a90c8766.java:[19,26] package org.mockito does not exist
- /D:/A_ThucNghiem/scripts_v2/workspaces/20260723_200230_8e3f9cb2/011_43105609_Materials_a90c8766/compiledrepos/43105609/weixin-mp/src/test/java/com/riversoft/weixin/mp/media/Materials_RBL4Test_a90c8766.java:[28,20] cannot find symbol
- symbol:   variable Mockito
- location: class com.riversoft.weixin.mp.media.Materials_RBL4Test_a90c8766
- /D:/A_ThucNghiem/scripts_v2/workspaces/20260723_200230_8e3f9cb2/011_43105609_Materials_a90c8766/compiledrepos/43105609/weixin-mp/src/test/java/com/riversoft/weixin/mp/media/Materials_RBL4Test_a90c8766.java:[40,28] cannot find symbol
- symbol:   method anyString()
- location: class com.riversoft.weixin.mp.media.Materials_RBL4Test_a90c8766
- /D:/A_ThucNghiem/scripts_v2/workspaces/20260723_200230_8e3f9cb2/011_43105609_Materials_a90c8766/compiledrepos/43105609/weixin-mp/src/test/java/com/riversoft/weixin/mp/media/Materials_RBL4Test_a90c8766.java:[40,41] cannot find symbol
- symbol:   method any(java.lang.Class<java.io.InputStream>)
- location: class com.riversoft.weixin.mp.media.Materials_RBL4Test_a90c8766
- /D:/A_ThucNghiem/scripts_v2/workspaces/20260723_200230_8e3f9cb2/011_43105609_Materials_a90c8766/compiledrepos/43105609/weixin-mp/src/test/java/com/riversoft/weixin/mp/media/Materials_RBL4Test_a90c8766.java:[40,65] cannot find symbol
- symbol:   method anyString()
- location: class com.riversoft.weixin.mp.media.Materials_RBL4Test_a90c8766
- /D:/A_ThucNghiem/scripts_v2/workspaces/20260723_200230_8e3f9cb2/011_43105609_Materials_a90c8766/compiledrepos/43105609/weixin-mp/src/test/java/com/riversoft/weixin/mp/media/Materials_RBL4Test_a90c8766.java:[52,28] cannot find symbol
- symbol:   method anyString()
- location: class com.riversoft.weixin.mp.media.Materials_RBL4Test_a90c8766
- /D:/A_ThucNghiem/scripts_v2/workspaces/20260723_200230_8e3f9cb2/011_43105609_Materials_a90c8766/compiledrepos/43105609/weixin-mp/src/test/java/com/riversoft/weixin/mp/media/Materials_RBL4Test_a90c8766.java:[52,41] cannot find symbol
- symbol:   method any(java.lang.Class<java.io.InputStream>)
- location: class com.riversoft.weixin.mp.media.Materials_RBL4Test_a90c8766
- /D:/A_ThucNghiem/scripts_v2/workspaces/20260723_200230_8e3f9cb2/011_43105609_Materials_a90c8766/compiledrepos/43105609/weixin-mp/src/test/java/com/riversoft/weixin/mp/media/Materials_RBL4Test_a90c8766.java:[52,65] cannot find symbol
- symbol:   method anyString()
- location: class com.riversoft.weixin.mp.media.Materials_RBL4Test_a90c8766
- /D:/A_ThucNghiem/scripts_v2/workspaces/20260723_200230_8e3f9cb2/011_43105609_Materials_a90c8766/compiledrepos/43105609/weixin-mp/src/test/java/com/riversoft/weixin/mp/media/Materials_RBL4Test_a90c8766.java:[63,28] cannot find symbol
- symbol:   method anyString()
- location: class com.riversoft.weixin.mp.media.Materials_RBL4Test_a90c8766
- /D:/A_ThucNghiem/scripts_v2/workspaces/20260723_200230_8e3f9cb2/011_43105609_Materials_a90c8766/compiledrepos/43105609/weixin-mp/src/test/java/com/riversoft/weixin/mp/media/Materials_RBL4Test_a90c8766.java:[63,41] cannot find symbol
- symbol:   method anyString()
- location: class com.riversoft.weixin.mp.media.Materials_RBL4Test_a90c8766
- /D:/A_ThucNghiem/scripts_v2/workspaces/20260723_200230_8e3f9cb2/011_43105609_Materials_a90c8766/compiledrepos/43105609/weixin-mp/src/test/java/com/riversoft/weixin/mp/media/Materials_RBL4Test_a90c8766.java:[74,28] cannot find symbol
- symbol:   method anyString()
- location: class "
2026-07-23T13:36:43+00:00,class_agone_run,43105609,weixin-mp,,,,,,PASS,131.794,
2026-07-23T13:36:45+00:00,class_sandbox_start,44308560,src/RobotFrameworkCore/org.robotframework.ide.core-functions,,12,44308560:src/robotframeworkcore/org.robotframework.ide.core-functions/src/main/java/org/rf/ide/core/execution/argumentsfile.java,ArgumentsFile,ArgumentsFile_RBL4Test_19fe2f02,START,,
2026-07-23T13:38:35+00:00,class_agone_env,44308560,src/RobotFrameworkCore/org.robotframework.ide.core-functions,,12,44308560:src/robotframeworkcore/org.robotframework.ide.core-functions/src/main/java/org/rf/ide/core/execution/argumentsfile.java,ArgumentsFile,ArgumentsFile_RBL4Test_19fe2f02,PASS,,requested=1.8 selected_jdk=8 java_home=C:\Program Files\Java\jdk1.8.0_172
2026-07-23T13:38:43+00:00,toolchain,,,,12,44308560:src/robotframeworkcore/org.robotframework.ide.core-functions/src/main/java/org/rf/ide/core/execution/argumentsfile.java,,,PASS,,requested=1.8 selected_jdk=8 java_home=C:\Program Files\Java\jdk1.8.0_172
2026-07-23T13:40:06+00:00,evosuite_generate,44308560,,evosuite,12,44308560:src/robotframeworkcore/org.robotframework.ide.core-functions/src/main/java/org/rf/ide/core/execution/argumentsfile.java,ArgumentsFile,,PASS,82.556,org.rf.ide.core.execution.ArgumentsFile
2026-07-23T13:40:32+00:00,maven_verify_jacoco_pit,44308560,src/RobotFrameworkCore/org.robotframework.ide.core-functions,,12,44308560:src/robotframeworkcore/org.robotframework.ide.core-functions/src/main/java/org/rf/ide/core/execution/argumentsfile.java,,,FAIL,26.088,"The following compilation errors were encountered during the Maven build:

- 
- /D:/A_ThucNghiem/scripts_v2/workspaces/20260723_200230_8e3f9cb2/012_44308560_ArgumentsFile_19fe2f02/compiledrepos/44308560/src/RobotFrameworkCore/org.robotframework.ide.core-functions/src/test/java/org/rf/ide/core/execution/ArgumentsFile_RBL4Test_19fe2f02.java:[8,17] cannot find symbol
- symbol:   class Test
- location: package org.junit
- /D:/A_ThucNghiem/scripts_v2/workspaces/20260723_200230_8e3f9cb2/012_44308560_ArgumentsFile_19fe2f02/compiledrepos/44308560/src/RobotFrameworkCore/org.robotframework.ide.core-functions/src/test/java/org/rf/ide/core/execution/ArgumentsFile_RBL4Test_19fe2f02.java:[9,24] cannot find symbol
- symbol:   class Assert
- location: package org.junit
- /D:/A_ThucNghiem/scripts_v2/workspaces/20260723_200230_8e3f9cb2/012_44308560_ArgumentsFile_19fe2f02/compiledrepos/44308560/src/RobotFrameworkCore/org.robotframework.ide.core-functions/src/test/java/org/rf/ide/core/execution/ArgumentsFile_RBL4Test_19fe2f02.java:[18,4] cannot find symbol
- symbol:   class Test
- location: class org.rf.ide.core.execution.ArgumentsFile_RBL4Test_19fe2f02
- /D:/A_ThucNghiem/scripts_v2/workspaces/20260723_200230_8e3f9cb2/012_44308560_ArgumentsFile_19fe2f02/compiledrepos/44308560/src/RobotFrameworkCore/org.robotframework.ide.core-functions/src/test/java/org/rf/ide/core/execution/ArgumentsFile_RBL4Test_19fe2f02.java:[40,4] cannot find symbol
- symbol:   class Test
- location: class org.rf.ide.core.execution.ArgumentsFile_RBL4Test_19fe2f02
- /D:/A_ThucNghiem/scripts_v2/workspaces/20260723_200230_8e3f9cb2/012_44308560_ArgumentsFile_19fe2f02/compiledrepos/44308560/src/RobotFrameworkCore/org.robotframework.ide.core-functions/src/test/java/org/rf/ide/core/execution/ArgumentsFile_RBL4Test_19fe2f02.java:[63,4] cannot find symbol
- symbol:   class Test
- location: class org.rf.ide.core.execution.ArgumentsFile_RBL4Test_19fe2f02
- /D:/A_ThucNghiem/scripts_v2/workspaces/20260723_200230_8e3f9cb2/012_44308560_ArgumentsFile_19fe2f02/compiledrepos/44308560/src/RobotFrameworkCore/org.robotframework.ide.core-functions/src/test/java/org/rf/ide/core/execution/ArgumentsFile_RBL4Test_19fe2f02.java:[86,4] cannot find symbol
- symbol:   class Test
- location: class org.rf.ide.core.execution.ArgumentsFile_RBL4Test_19fe2f02
- /D:/A_ThucNghiem/scripts_v2/workspaces/20260723_200230_8e3f9cb2/012_44308560_ArgumentsFile_19fe2f02/compiledrepos/44308560/src/RobotFrameworkCore/org.robotframework.ide.core-functions/src/test/java/org/rf/ide/core/execution/ArgumentsFile_RBL4Test_19fe2f02.java:[20,24] cannot find symbol
- symbol:   variable executor
- location: class org.rf.ide.core.execution.ArgumentsFile_RBL4Test_19fe2f02
- /D:/A_ThucNghiem/scripts_v2/workspaces/20260723_200230_8e3f9cb2/012_44308560_ArgumentsFile_19fe2f02/compiledrepos/44308560/src/RobotFrameworkCore/org.robotframework.ide.core-functions/src/test/java/org/rf/ide/core/execution/ArgumentsFile_RBL4Test_19fe2f02.java:[42,24] cannot find symbol
- symbol:   variable executor
- location: class org.rf.ide.core.execution.ArgumentsFile_RBL4Test_19fe2f02
- /D:/A_ThucNghiem/scripts_v2/workspaces/20260723_200230_8e3f9cb2/012_44308560_ArgumentsFile_19fe2f02/compiledrepos/44308560/src/RobotFrameworkCore/org.robotframework.ide.core-functions/src/test/java/org/rf/ide/core/execution/ArgumentsFile_RBL4Test_19fe2f02.java:[65,24] cannot find symbol
- symbol:   variable executor
- location: class org.rf.ide.core.execution.ArgumentsFile_RBL4Test_19fe2f02"
2026-07-23T13:41:08+00:00,maven_verify_jacoco_pit,44308560,src/RobotFrameworkCore/org.robotframework.ide.core-functions,,12,44308560:src/robotframeworkcore/org.robotframework.ide.core-functions/src/main/java/org/rf/ide/core/execution/argumentsfile.java,,,FAIL,29.853,"The following general errors were encountered during the Maven build:

- Command execution failed.
- org.apache.commons.exec.ExecuteException: Process exited with an error: 1 (Exit value: 1)
- at org.apache.commons.exec.DefaultExecutor.executeInternal (DefaultExecutor.java:404)
- at org.apache.commons.exec.DefaultExecutor.execute (DefaultExecutor.java:166)
- at org.codehaus.mojo.exec.ExecMojo.executeCommandLine (ExecMojo.java:804)
- at org.codehaus.mojo.exec.ExecMojo.executeCommandLine (ExecMojo.java:751)
- at org.codehaus.mojo.exec.ExecMojo.execute (ExecMojo.java:313)
- at org.apache.maven.plugin.DefaultBuildPluginManager.executeMojo (DefaultBuildPluginManager.java:126)
- at org.apache.maven.lifecycle.internal.MojoExecutor.doExecute2 (MojoExecutor.java:328)
- at org.apache.maven.lifecycle.internal.MojoExecutor.doExecute (MojoExecutor.java:316)
- at org.apache.maven.lifecycle.internal.MojoExecutor.execute (MojoExecutor.java:212)
- at org.apache.maven.lifecycle.internal.MojoExecutor.execute (MojoExecutor.java:174)
- at org.apache.maven.lifecycle.internal.MojoExecutor.access$000 (MojoExecutor.java:75)
- at org.apache.maven.lifecycle.internal.MojoExecutor$1.run (MojoExecutor.java:162)
- at org.apache.maven.plugin.DefaultMojosExecutionStrategy.execute (DefaultMojosExecutionStrategy.java:39)
- at org.apache.maven.lifecycle.internal.MojoExecutor.execute (MojoExecutor.java:159)
- at org.apache.maven.lifecycle.internal.LifecycleModuleBuilder.buildProject (LifecycleModuleBuilder.java:105)
- at org.apache.maven.lifecycle.internal.LifecycleModuleBuilder.buildProject (LifecycleModuleBuilder.java:73)
- at org.apache.maven.lifecycle.internal.builder.singlethreaded.SingleThreadedBuilder.build (SingleThreadedBuilder.java:53)
- at org.apache.maven.lifecycle.internal.LifecycleStarter.execute (LifecycleStarter.java:118)
- at org.apache.maven.DefaultMaven.doExecute (DefaultMaven.java:261)
- at org.apache.maven.DefaultMaven.doExecute (DefaultMaven.java:173)
- at org.apache.maven.DefaultMaven.execute (DefaultMaven.java:101)
- at org.apache.maven.cli.MavenCli.execute (MavenCli.java:919)
- at org.apache.maven.cli.MavenCli.doMain (MavenCli.java:285)
- at org.apache.maven.cli.MavenCli.main (MavenCli.java:207)
- at sun.reflect.NativeMethodAccessorImpl.invoke0 (Native Method)
- at sun.reflect.NativeMethodAccessorImpl.invoke (NativeMethodAccessorImpl.java:62)
- at sun.reflect.DelegatingMethodAccessorImpl.invoke (DelegatingMethodAccessorImpl.java:43)
- at java.lang.reflect.Method.invoke (Method.java:498)
- at org.codehaus.plexus.classworlds.launcher.Launcher.launchEnhanced (Launcher.java:255)
- at org.codehaus.plexus.classworlds.launcher.Launcher.launch (Launcher.java:201)
- at org.codehaus.plexus.classworlds.launcher.Launcher.mainWithExitCode (Launcher.java:362)
- at org.codehaus.plexus.classworlds.launcher.Launcher.main (Launcher.java:314)
- Failed to execute goal org.codehaus.mojo:exec-maven-plugin:1.6.0:exec (python-test) on project org.robotframework.ide.core-functions: Command execution failed.: Process exited with an error: 1 (Exit value: 1) -> [Help 1]
- 
- To see the full stack trace of the errors, re-run Maven with the -e switch.
- Re-run Maven using the -X switch to enable full debug logging.
- 
- For more information about the errors and possible solutions, please read the following articles:
- [Help 1] http://cwiki.apache.org/confluence/display/MAVEN/MojoExecutionException"
2026-07-23T13:41:09+00:00,class_agone_run,44308560,src/RobotFrameworkCore/org.robotframework.ide.core-functions,,,,,,PASS,264.858,
2026-07-23T13:41:12+00:00,class_sandbox_start,44308560,src/RobotFrameworkCore/org.robotframework.ide.core-functions,,13,44308560:src/robotframeworkcore/org.robotframework.ide.core-functions/src/main/java/org/rf/ide/core/execution/debug/stackframevariables.java,StackFrameVariables,StackFrameVariables_RBL4Test_996db0ed,START,,
2026-07-23T13:41:23+00:00,class_agone_env,44308560,src/RobotFrameworkCore/org.robotframework.ide.core-functions,,13,44308560:src/robotframeworkcore/org.robotframework.ide.core-functions/src/main/java/org/rf/ide/core/execution/debug/stackframevariables.java,StackFrameVariables,StackFrameVariables_RBL4Test_996db0ed,PASS,,requested=1.8 selected_jdk=8 java_home=C:\Program Files\Java\jdk1.8.0_172
2026-07-23T13:41:31+00:00,toolchain,,,,13,44308560:src/robotframeworkcore/org.robotframework.ide.core-functions/src/main/java/org/rf/ide/core/execution/debug/stackframevariables.java,,,PASS,,requested=1.8 selected_jdk=8 java_home=C:\Program Files\Java\jdk1.8.0_172
2026-07-23T13:41:59+00:00,evosuite_generate,44308560,,evosuite,13,44308560:src/robotframeworkcore/org.robotframework.ide.core-functions/src/main/java/org/rf/ide/core/execution/debug/stackframevariables.java,StackFrameVariables,,PASS,28.533,org.rf.ide.core.execution.debug.StackFrameVariables
2026-07-23T13:42:25+00:00,maven_verify_jacoco_pit,44308560,src/RobotFrameworkCore/org.robotframework.ide.core-functions,,13,44308560:src/robotframeworkcore/org.robotframework.ide.core-functions/src/main/java/org/rf/ide/core/execution/debug/stackframevariables.java,,,FAIL,25.89,"The following compilation errors were encountered during the Maven build:

- 
- /D:/A_ThucNghiem/scripts_v2/workspaces/20260723_200230_8e3f9cb2/013_44308560_StackFrameVariables_996db0ed/compiledrepos/44308560/src/RobotFrameworkCore/org.robotframework.ide.core-functions/src/test/java/org/rf/ide/core/execution/debug/StackFrameVariables_RBL4Test_996db0ed.java:[8,17] cannot find symbol
- symbol:   class Test
- location: package org.junit
- /D:/A_ThucNghiem/scripts_v2/workspaces/20260723_200230_8e3f9cb2/013_44308560_StackFrameVariables_996db0ed/compiledrepos/44308560/src/RobotFrameworkCore/org.robotframework.ide.core-functions/src/test/java/org/rf/ide/core/execution/debug/StackFrameVariables_RBL4Test_996db0ed.java:[9,24] cannot find symbol
- symbol:   class Assert
- location: package org.junit
- /D:/A_ThucNghiem/scripts_v2/workspaces/20260723_200230_8e3f9cb2/013_44308560_StackFrameVariables_996db0ed/compiledrepos/44308560/src/RobotFrameworkCore/org.robotframework.ide.core-functions/src/test/java/org/rf/ide/core/execution/debug/StackFrameVariables_RBL4Test_996db0ed.java:[20,4] cannot find symbol
- symbol:   class Test
- location: class org.rf.ide.core.execution.debug.StackFrameVariables_RBL4Test_996db0ed
- /D:/A_ThucNghiem/scripts_v2/workspaces/20260723_200230_8e3f9cb2/013_44308560_StackFrameVariables_996db0ed/compiledrepos/44308560/src/RobotFrameworkCore/org.robotframework.ide.core-functions/src/test/java/org/rf/ide/core/execution/debug/StackFrameVariables_RBL4Test_996db0ed.java:[27,4] cannot find symbol
- symbol:   class Test
- location: class org.rf.ide.core.execution.debug.StackFrameVariables_RBL4Test_996db0ed
- /D:/A_ThucNghiem/scripts_v2/workspaces/20260723_200230_8e3f9cb2/013_44308560_StackFrameVariables_996db0ed/compiledrepos/44308560/src/RobotFrameworkCore/org.robotframework.ide.core-functions/src/test/java/org/rf/ide/core/execution/debug/StackFrameVariables_RBL4Test_996db0ed.java:[38,4] cannot find symbol
- symbol:   class Test
- location: class org.rf.ide.core.execution.debug.StackFrameVariables_RBL4Test_996db0ed
- /D:/A_ThucNghiem/scripts_v2/workspaces/20260723_200230_8e3f9cb2/013_44308560_StackFrameVariables_996db0ed/compiledrepos/44308560/src/RobotFrameworkCore/org.robotframework.ide.core-functions/src/test/java/org/rf/ide/core/execution/debug/StackFrameVariables_RBL4Test_996db0ed.java:[49,4] cannot find symbol
- symbol:   class Test
- location: class org.rf.ide.core.execution.debug.StackFrameVariables_RBL4Test_996db0ed
- /D:/A_ThucNghiem/scripts_v2/workspaces/20260723_200230_8e3f9cb2/013_44308560_StackFrameVariables_996db0ed/compiledrepos/44308560/src/RobotFrameworkCore/org.robotframework.ide.core-functions/src/test/java/org/rf/ide/core/execution/debug/StackFrameVariables_RBL4Test_996db0ed.java:[61,4] cannot find symbol
- symbol:   class Test
- location: class org.rf.ide.core.execution.debug.StackFrameVariables_RBL4Test_996db0ed
- /D:/A_ThucNghiem/scripts_v2/workspaces/20260723_200230_8e3f9cb2/013_44308560_StackFrameVariables_996db0ed/compiledrepos/44308560/src/RobotFrameworkCore/org.robotframework.ide.core-functions/src/test/java/org/rf/ide/core/execution/debug/StackFrameVariables_RBL4Test_996db0ed.java:[78,4] cannot find symbol
- symbol:   class Test
- location: class org.rf.ide.core.execution.debug.StackFrameVariables_RBL4Test_996db0ed
- /D:/A_ThucNghiem/scripts_v2/workspaces/20260723_200230_8e3f9cb2/013_44308560_StackFrameVariables_996db0ed/compiledrepos/44308560/src/RobotFrameworkCore/org.robotframework.ide.core-functions/src/test/java/org/rf/ide/core/execution/debug/StackFrameVariables_RBL4Test_996db0ed.java:[93,4] cannot find symbol
- symbol:   class Test
- location: class org.rf.ide.core.execution.debug.StackFrameVariables_RBL4Test_996db0ed
- /D:/A_ThucNghiem/scripts_v2/workspaces/20260723_200230_8e3f9cb2/013_44308560_StackFrameVariables_996db0ed/compiledrepos/44308560/src/RobotFrameworkCore/org.robotframework.ide.core-functions/src/test/java/org/rf/ide/core/execution/debug/StackFrameVariables_RBL4Test_996db0e"
2026-07-23T13:42:59+00:00,maven_verify_jacoco_pit,44308560,src/RobotFrameworkCore/org.robotframework.ide.core-functions,,13,44308560:src/robotframeworkcore/org.robotframework.ide.core-functions/src/main/java/org/rf/ide/core/execution/debug/stackframevariables.java,,,FAIL,23.75,"The following compilation errors were encountered during the Maven build:

- 
- /D:/A_ThucNghiem/scripts_v2/workspaces/20260723_200230_8e3f9cb2/013_44308560_StackFrameVariables_996db0ed/compiledrepos/44308560/src/RobotFrameworkCore/org.robotframework.ide.core-functions/src/test/java/org/rf/ide/core/execution/debug/StackFrameVariables_RBL4Test_996db0ed.java:[57,9] cannot find symbol
- symbol:   class StackVariablesDelta
- location: class org.rf.ide.core.execution.debug.StackFrameVariables_RBL4Test_996db0ed
- /D:/A_ThucNghiem/scripts_v2/workspaces/20260723_200230_8e3f9cb2/013_44308560_StackFrameVariables_996db0ed/compiledrepos/44308560/src/RobotFrameworkCore/org.robotframework.ide.core-functions/src/test/java/org/rf/ide/core/execution/debug/StackFrameVariables_RBL4Test_996db0ed.java:[69,9] cannot find symbol
- symbol:   class StackVariablesDelta
- location: class org.rf.ide.core.execution.debug.StackFrameVariables_RBL4Test_996db0ed
- /D:/A_ThucNghiem/scripts_v2/workspaces/20260723_200230_8e3f9cb2/013_44308560_StackFrameVariables_996db0ed/compiledrepos/44308560/src/RobotFrameworkCore/org.robotframework.ide.core-functions/src/test/java/org/rf/ide/core/execution/debug/StackFrameVariables_RBL4Test_996db0ed.java:[77,39] isAutomatic(java.lang.String) has private access in org.rf.ide.core.execution.debug.StackFrameVariables
- /D:/A_ThucNghiem/scripts_v2/workspaces/20260723_200230_8e3f9cb2/013_44308560_StackFrameVariables_996db0ed/compiledrepos/44308560/src/RobotFrameworkCore/org.robotframework.ide.core-functions/src/test/java/org/rf/ide/core/execution/debug/StackFrameVariables_RBL4Test_996db0ed.java:[78,40] isAutomatic(java.lang.String) has private access in org.rf.ide.core.execution.debug.StackFrameVariables"
2026-07-23T13:42:59+00:00,class_agone_run,44308560,src/RobotFrameworkCore/org.robotframework.ide.core-functions,,,,,,PASS,107.521,
2026-07-23T13:42:59+00:00,class_sandbox_start,45997449,WebRex,,14,45997449:webrex/src/main/java/com/ebayopensource/webrex/resource/resourcewrapper.java,ResourceWrapper,ResourceWrapper_RBL4Test_5b1f1ebf,START,,
2026-07-23T13:43:12+00:00,class_agone_env,45997449,WebRex,,14,45997449:webrex/src/main/java/com/ebayopensource/webrex/resource/resourcewrapper.java,ResourceWrapper,ResourceWrapper_RBL4Test_5b1f1ebf,PASS,,requested=1.7 selected_jdk=8 java_home=C:\Program Files\Java\jdk1.8.0_172
2026-07-23T13:43:20+00:00,toolchain,,,,14,45997449:webrex/src/main/java/com/ebayopensource/webrex/resource/resourcewrapper.java,,,PASS,,requested=1.7 selected_jdk=8 java_home=C:\Program Files\Java\jdk1.8.0_172
2026-07-23T13:43:34+00:00,evosuite_generate,45997449,,evosuite,14,45997449:webrex/src/main/java/com/ebayopensource/webrex/resource/resourcewrapper.java,ResourceWrapper,,PASS,14.31,com.ebayopensource.webrex.resource.ResourceWrapper
2026-07-23T13:43:51+00:00,maven_verify_jacoco_pit,45997449,WebRex,,14,45997449:webrex/src/main/java/com/ebayopensource/webrex/resource/resourcewrapper.java,,,PASS,16.425,-Dtest=com.ebayopensource.webrex.resource.ResourceWrapper_RBL4Test_5b1f1ebf
2026-07-23T13:44:10+00:00,maven_verify_jacoco_pit,45997449,WebRex,,14,45997449:webrex/src/main/java/com/ebayopensource/webrex/resource/resourcewrapper.java,,,FAIL,6.459,"The following compilation errors were encountered during the Maven build:

- 
- /D:/A_ThucNghiem/scripts_v2/workspaces/20260723_200230_8e3f9cb2/014_45997449_ResourceWrapper_5b1f1ebf/compiledrepos/45997449/WebRex/src/test/java/com/ebayopensource/webrex/resource/ResourceWrapper_RBL4Test_5b1f1ebf.java:[5,26] package org.mockito does not exist
- /D:/A_ThucNghiem/scripts_v2/workspaces/20260723_200230_8e3f9cb2/014_45997449_ResourceWrapper_5b1f1ebf/compiledrepos/45997449/WebRex/src/test/java/com/ebayopensource/webrex/resource/ResourceWrapper_RBL4Test_5b1f1ebf.java:[29,24] cannot find symbol
- symbol:   method mock(java.lang.Class<com.ebayopensource.webrex.resource.api.IResource>)
- location: class com.ebayopensource.webrex.resource.ResourceWrapper_RBL4Test_5b1f1ebf
- /D:/A_ThucNghiem/scripts_v2/workspaces/20260723_200230_8e3f9cb2/014_45997449_ResourceWrapper_5b1f1ebf/compiledrepos/45997449/WebRex/src/test/java/com/ebayopensource/webrex/resource/ResourceWrapper_RBL4Test_5b1f1ebf.java:[35,36] cannot find symbol
- symbol:   method mock(java.lang.Class<com.ebayopensource.webrex.resource.api.IResourceContext>)
- location: class com.ebayopensource.webrex.resource.ResourceWrapper_RBL4Test_5b1f1ebf
- /D:/A_ThucNghiem/scripts_v2/workspaces/20260723_200230_8e3f9cb2/014_45997449_ResourceWrapper_5b1f1ebf/compiledrepos/45997449/WebRex/src/test/java/com/ebayopensource/webrex/resource/ResourceWrapper_RBL4Test_5b1f1ebf.java:[37,9] cannot find symbol
- symbol:   method when(byte[])
- location: class com.ebayopensource.webrex.resource.ResourceWrapper_RBL4Test_5b1f1ebf
- /D:/A_ThucNghiem/scripts_v2/workspaces/20260723_200230_8e3f9cb2/014_45997449_ResourceWrapper_5b1f1ebf/compiledrepos/45997449/WebRex/src/test/java/com/ebayopensource/webrex/resource/ResourceWrapper_RBL4Test_5b1f1ebf.java:[45,36] cannot find symbol
- symbol:   method mock(java.lang.Class<com.ebayopensource.webrex.resource.api.IResourceContext>)
- location: class com.ebayopensource.webrex.resource.ResourceWrapper_RBL4Test_5b1f1ebf
- /D:/A_ThucNghiem/scripts_v2/workspaces/20260723_200230_8e3f9cb2/014_45997449_ResourceWrapper_5b1f1ebf/compiledrepos/45997449/WebRex/src/test/java/com/ebayopensource/webrex/resource/ResourceWrapper_RBL4Test_5b1f1ebf.java:[47,9] cannot find symbol
- symbol:   method when(java.lang.String)
- location: class com.ebayopensource.webrex.resource.ResourceWrapper_RBL4Test_5b1f1ebf
- /D:/A_ThucNghiem/scripts_v2/workspaces/20260723_200230_8e3f9cb2/014_45997449_ResourceWrapper_5b1f1ebf/compiledrepos/45997449/WebRex/src/test/java/com/ebayopensource/webrex/resource/ResourceWrapper_RBL4Test_5b1f1ebf.java:[56,34] cannot find symbol
- symbol:   method mock(java.lang.Class<com.ebayopensource.webrex.resource.api.IResource>)
- location: class com.ebayopensource.webrex.resource.ResourceWrapper_RBL4Test_5b1f1ebf
- /D:/A_ThucNghiem/scripts_v2/workspaces/20260723_200230_8e3f9cb2/014_45997449_ResourceWrapper_5b1f1ebf/compiledrepos/45997449/WebRex/src/test/java/com/ebayopensource/webrex/resource/ResourceWrapper_RBL4Test_5b1f1ebf.java:[57,9] cannot find symbol
- symbol:   method when(java.util.List<com.ebayopensource.webrex.resource.api.IResource>)
- location: class com.ebayopensource.webrex.resource.ResourceWrapper_RBL4Test_5b1f1ebf
- /D:/A_ThucNghiem/scripts_v2/workspaces/20260723_200230_8e3f9cb2/014_45997449_ResourceWrapper_5b1f1ebf/compiledrepos/45997449/WebRex/src/test/java/com/ebayopensource/webrex/resource/ResourceWrapper_RBL4Test_5b1f1ebf.java:[66,9] cannot find symbol
- symbol:   method when(long)
- location: class com.ebayopensource.webrex.resource.ResourceWrapper_RBL4Test_5b1f1ebf
- /D:/A_ThucNghiem/scripts_v2/workspaces/20260723_200230_8e3f9cb2/014_45997449_ResourceWrapper_5b1f1ebf/compiledrepos/45997449/WebRex/src/test/java/com/ebayopensource/webrex/resource/ResourceWrapper_RBL4Test_5b1f1ebf.java:[74,44] cannot find symbol
- symbol:   method mock(java.lang.Class<com.ebayopensource.webrex.resource.api.IResourceLibrary>)
- location: class com.ebayopensource.webrex.resource.Re"
2026-07-23T13:44:11+00:00,class_agone_run,45997449,WebRex,,,,,,PASS,71.515,
2026-07-23T13:44:11+00:00,class_sandbox_start,45997449,WebRex,,15,45997449:webrex/src/main/java/com/ebayopensource/webrex/resource/expression/resourceelevaluator.java,ResourceELEvaluator,ResourceELEvaluator_RBL4Test_44ed24a7,START,,
2026-07-23T13:44:16+00:00,class_agone_env,45997449,WebRex,,15,45997449:webrex/src/main/java/com/ebayopensource/webrex/resource/expression/resourceelevaluator.java,ResourceELEvaluator,ResourceELEvaluator_RBL4Test_44ed24a7,PASS,,requested=1.7 selected_jdk=8 java_home=C:\Program Files\Java\jdk1.8.0_172
2026-07-23T13:44:24+00:00,toolchain,,,,15,45997449:webrex/src/main/java/com/ebayopensource/webrex/resource/expression/resourceelevaluator.java,,,PASS,,requested=1.7 selected_jdk=8 java_home=C:\Program Files\Java\jdk1.8.0_172
2026-07-23T13:45:37+00:00,evosuite_generate,45997449,,evosuite,15,45997449:webrex/src/main/java/com/ebayopensource/webrex/resource/expression/resourceelevaluator.java,ResourceELEvaluator,,PASS,73.265,com.ebayopensource.webrex.resource.expression.ResourceELEvaluator
2026-07-23T13:45:51+00:00,maven_verify_jacoco_pit,45997449,WebRex,,15,45997449:webrex/src/main/java/com/ebayopensource/webrex/resource/expression/resourceelevaluator.java,,,PASS,13.711,-Dtest=com.ebayopensource.webrex.resource.expression.ResourceELEvaluator_RBL4Test_44ed24a7
2026-07-23T13:46:05+00:00,maven_verify_jacoco_pit,45997449,WebRex,,15,45997449:webrex/src/main/java/com/ebayopensource/webrex/resource/expression/resourceelevaluator.java,,,FAIL,5.527,"The following compilation errors were encountered during the Maven build:

- 
- /D:/A_ThucNghiem/scripts_v2/workspaces/20260723_200230_8e3f9cb2/015_45997449_ResourceELEvaluator_44ed24a7/compiledrepos/45997449/WebRex/src/test/java/com/ebayopensource/webrex/resource/expression/ResourceELEvaluator_RBL4Test_44ed24a7.java:[25,37] no suitable constructor found for ResourceExpression(com.ebayopensource.webrex.resource.expression.ResourceExpressionType,java.lang.String,<nulltype>)
- constructor com.ebayopensource.webrex.resource.expression.ResourceExpression.ResourceExpression(java.lang.String,com.ebayopensource.webrex.resource.expression.ResourceExpression,com.ebayopensource.webrex.resource.expression.ResourceExpressionType) is not applicable
- (argument mismatch; com.ebayopensource.webrex.resource.expression.ResourceExpressionType cannot be converted to java.lang.String)
- constructor com.ebayopensource.webrex.resource.expression.ResourceExpression.ResourceExpression(java.lang.String,com.ebayopensource.webrex.resource.expression.ResourceExpression,com.ebayopensource.webrex.resource.expression.ResourceExpressionType,java.lang.Object...) is not applicable
- (argument mismatch; com.ebayopensource.webrex.resource.expression.ResourceExpressionType cannot be converted to java.lang.String)
- /D:/A_ThucNghiem/scripts_v2/workspaces/20260723_200230_8e3f9cb2/015_45997449_ResourceELEvaluator_44ed24a7/compiledrepos/45997449/WebRex/src/test/java/com/ebayopensource/webrex/resource/expression/ResourceELEvaluator_RBL4Test_44ed24a7.java:[26,40] no suitable constructor found for ResourceExpression(com.ebayopensource.webrex.resource.expression.ResourceExpressionType,java.lang.String,com.ebayopensource.webrex.resource.expression.ResourceExpression)
- constructor com.ebayopensource.webrex.resource.expression.ResourceExpression.ResourceExpression(java.lang.String,com.ebayopensource.webrex.resource.expression.ResourceExpression,com.ebayopensource.webrex.resource.expression.ResourceExpressionType) is not applicable
- (argument mismatch; com.ebayopensource.webrex.resource.expression.ResourceExpressionType cannot be converted to java.lang.String)
- constructor com.ebayopensource.webrex.resource.expression.ResourceExpression.ResourceExpression(java.lang.String,com.ebayopensource.webrex.resource.expression.ResourceExpression,com.ebayopensource.webrex.resource.expression.ResourceExpressionType,java.lang.Object...) is not applicable
- (argument mismatch; com.ebayopensource.webrex.resource.expression.ResourceExpressionType cannot be converted to java.lang.String)
- /D:/A_ThucNghiem/scripts_v2/workspaces/20260723_200230_8e3f9cb2/015_45997449_ResourceELEvaluator_44ed24a7/compiledrepos/45997449/WebRex/src/test/java/com/ebayopensource/webrex/resource/expression/ResourceELEvaluator_RBL4Test_44ed24a7.java:[27,35] no suitable constructor found for ResourceExpression(com.ebayopensource.webrex.resource.expression.ResourceExpressionType,java.lang.String,com.ebayopensource.webrex.resource.expression.ResourceExpression)
- constructor com.ebayopensource.webrex.resource.expression.ResourceExpression.ResourceExpression(java.lang.String,com.ebayopensource.webrex.resource.expression.ResourceExpression,com.ebayopensource.webrex.resource.expression.ResourceExpressionType) is not applicable
- (argument mismatch; com.ebayopensource.webrex.resource.expression.ResourceExpressionType cannot be converted to java.lang.String)
- constructor com.ebayopensource.webrex.resource.expression.ResourceExpression.ResourceExpression(java.lang.String,com.ebayopensource.webrex.resource.expression.ResourceExpression,com.ebayopensource.webrex.resource.expression.ResourceExpressionType,java.lang.Object...) is not applicable
- (argument mismatch; com.ebayopensource.webrex.resource.expression.ResourceExpressionType cannot be converted to java.lang.String)
- /D:/A_ThucNghiem/scripts_v2/workspaces/20260723_200230_8e3f9cb2/015_45997449_ResourceELEvaluator_44ed24a7/compiledrepos/45997449/WebRex/src/test/java/co"
2026-07-23T13:46:06+00:00,class_agone_run,45997449,WebRex,,,,,,PASS,115.131,
2026-07-23T13:46:06+00:00,class_sandbox_start,46396068,hbase0.98/hbase-common-0.98,,16,46396068:hbase0.98/hbase-common-0.98/src/main/java/com/kakao/hbase/common/util/alertsender.java,AlertSender,AlertSender_RBL4Test_ed64392c,START,,
2026-07-23T13:46:17+00:00,class_agone_env,46396068,hbase0.98/hbase-common-0.98,,16,46396068:hbase0.98/hbase-common-0.98/src/main/java/com/kakao/hbase/common/util/alertsender.java,AlertSender,AlertSender_RBL4Test_ed64392c,PASS,,requested=1.8 selected_jdk=8 java_home=C:\Program Files\Java\jdk1.8.0_172
2026-07-23T13:46:25+00:00,toolchain,,,,16,46396068:hbase0.98/hbase-common-0.98/src/main/java/com/kakao/hbase/common/util/alertsender.java,,,PASS,,requested=1.8 selected_jdk=8 java_home=C:\Program Files\Java\jdk1.8.0_172
2026-07-23T13:47:51+00:00,evosuite_generate,46396068,,evosuite,16,46396068:hbase0.98/hbase-common-0.98/src/main/java/com/kakao/hbase/common/util/alertsender.java,AlertSender,,PASS,85.537,com.kakao.hbase.common.util.AlertSender
2026-07-23T13:48:03+00:00,maven_verify_jacoco_pit,46396068,hbase0.98/hbase-common-0.98,,16,46396068:hbase0.98/hbase-common-0.98/src/main/java/com/kakao/hbase/common/util/alertsender.java,,,PASS,11.976,-Dtest=com.kakao.hbase.common.util.AlertSender_RBL4Test_ed64392c
2026-07-23T13:48:24+00:00,maven_verify_jacoco_pit,46396068,hbase0.98/hbase-common-0.98,,16,46396068:hbase0.98/hbase-common-0.98/src/main/java/com/kakao/hbase/common/util/alertsender.java,,,PASS,16.562,-Dtest=com.kakao.hbase.common.util.AlertSender_RBL4Test_ed64392c
2026-07-23T13:48:26+00:00,class_agone_run,46396068,hbase0.98/hbase-common-0.98,,,,,,PASS,139.218,
2026-07-23T13:48:26+00:00,class_sandbox_start,46396068,hbase0.98/hbase-manager-0.98,,17,46396068:hbase0.98/hbase-manager-0.98/src/main/java/com/kakao/hbase/manager/command/mc.java,MC,MC_RBL4Test_d7f89729,START,,
2026-07-23T13:48:26+00:00,maven_reactor_prewarm,46396068,hbase0.98/hbase-manager-0.98,,17,46396068:hbase0.98/hbase-manager-0.98/src/main/java/com/kakao/hbase/manager/command/mc.java,MC,,START,,normalized missing POM D:\A_ThucNghiem\scripts_v2\workspaces\20260723_200230_8e3f9cb2\017_46396068_MC_d7f89729\compiledrepos\46396068\pom.xml -> D:\A_ThucNghiem\scripts_v2\workspaces\20260723_200230_8e3f9cb2\017_46396068_MC_d7f89729\compiledrepos\46396068\hbase0.98\pom.xml; prewarm reactor dependencies for -pl hbase-manager-0.98
2026-07-23T13:48:38+00:00,maven_reactor_prewarm,46396068,hbase0.98/hbase-manager-0.98,,17,46396068:hbase0.98/hbase-manager-0.98/src/main/java/com/kakao/hbase/manager/command/mc.java,MC,,FAIL,12.29,"java:[29,25] sun.security.krb5.Config is internal proprietary API and may be removed in a future release
[WARNING] /D:/A_ThucNghiem/scripts_v2/workspaces/20260723_200230_8e3f9cb2/017_46396068_MC_d7f89729/compiledrepos/46396068/hbase0.98/hbase-common-0.98/src/main/java/com/kakao/hbase/common/HBaseClient.java:[181,9] sun.security.krb5.Config is internal proprietary API and may be removed in a future release
[WARNING] /D:/A_ThucNghiem/scripts_v2/workspaces/20260723_200230_8e3f9cb2/017_46396068_MC_d7f89729/compiledrepos/46396068/hbase0.98/hbase-common-0.98/src/main/java/com/kakao/hbase/common/HBaseClient.java:[181,28] sun.security.krb5.Config is internal proprietary API and may be removed in a future release
[WARNING] /D:/A_ThucNghiem/scripts_v2/workspaces/20260723_200230_8e3f9cb2/017_46396068_MC_d7f89729/compiledrepos/46396068/hbase0.98/hbase-common-0.98/src/main/java/com/kakao/hbase/common/HBaseClient.java:[187,13] sun.security.krb5.Config is internal proprietary API and may be removed in a future release
[INFO] 
[INFO] --- resources:3.4.0:testResources (default-testResources) @ hbase-common-0.98 ---
[INFO] Not copying test resources
[INFO] 
[INFO] --- compiler:3.2:testCompile (default-testCompile) @ hbase-common-0.98 ---
[INFO] Not compiling test sources
[INFO] 
[INFO] --- surefire:2.18.1:test (default-test) @ hbase-common-0.98 ---
[INFO] Tests are skipped.
[INFO] 
[INFO] --- jar:2.6:jar (default-jar) @ hbase-common-0.98 ---
[INFO] Building jar: D:\A_ThucNghiem\scripts_v2\workspaces\20260723_200230_8e3f9cb2\017_46396068_MC_d7f89729\compiledrepos\46396068\hbase0.98\hbase-common-0.98\target\hbase-common-0.98-1.6.0.jar
[INFO] 
[INFO] --- jar:2.6:jar (default) @ hbase-common-0.98 ---
[INFO] 
[INFO] --- jar:2.6:test-jar (default) @ hbase-common-0.98 ---
[INFO] Skipping packaging of the test-jar
[INFO] 
[INFO] --- install:3.1.4:install (default-install) @ hbase-common-0.98 ---
[INFO] Installing D:\A_ThucNghiem\scripts_v2\workspaces\20260723_200230_8e3f9cb2\017_46396068_MC_d7f89729\compiledrepos\46396068\hbase0.98\hbase-common-0.98\pom.xml to C:\Users\admin\.m2\repository\com\kakao\hbase\hbase-common-0.98\1.6.0\hbase-common-0.98-1.6.0.pom
[INFO] Installing D:\A_ThucNghiem\scripts_v2\workspaces\20260723_200230_8e3f9cb2\017_46396068_MC_d7f89729\compiledrepos\46396068\hbase0.98\hbase-common-0.98\target\hbase-common-0.98-1.6.0.jar to C:\Users\admin\.m2\repository\com\kakao\hbase\hbase-common-0.98\1.6.0\hbase-common-0.98-1.6.0.jar
[INFO] 
[INFO] --- source:2.4:jar-no-fork (attach-sources) @ hbase-common-0.98 ---
[INFO] Building jar: D:\A_ThucNghiem\scripts_v2\workspaces\20260723_200230_8e3f9cb2\017_46396068_MC_d7f89729\compiledrepos\46396068\hbase0.98\hbase-common-0.98\target\hbase-common-0.98-1.6.0-sources.jar
[INFO] 
[INFO] --- javadoc:2.10.3:jar (attach-javadocs) @ hbase-common-0.98 ---
[INFO] Skipping javadoc generation
[INFO] 
[INFO] ---------------< com.kakao.hbase:hbase-table-stat-0.98 >----------------
[INFO] Building hbase-table-stat-0.98 1.6.0                               [3/4]
[INFO]   from hbase-table-stat-0.98\pom.xml
[INFO] --------------------------------[ jar ]---------------------------------
[INFO] ------------------------------------------------------------------------
[INFO] Reactor Summary for hbase-tools-0.98 1.6.0:
[INFO] 
[INFO] hbase-tools-0.98 ................................... SUCCESS [  2.448 s]
[INFO] hbase-common-0.98 .................................. SUCCESS [  1.809 s]
[INFO] hbase-table-stat-0.98 .............................. FAILURE [  3.939 s]
[INFO] hbase-manager-0.98 ................................. SKIPPED
[INFO] ------------------------------------------------------------------------
[INFO] BUILD FAILURE
[INFO] ------------------------------------------------------------------------
[INFO] Total time:  8.313 s
[INFO] Finished at: 2026-07-23T20:48:38+07:00
[INFO] ------------------------------------------------------------------------
[ERROR] Failed to execute goal on project hbase-table-stat-0.98"
2026-07-23T13:48:38+00:00,class_agone_run,46396068,hbase0.98/hbase-manager-0.98,,17,46396068:hbase0.98/hbase-manager-0.98/src/main/java/com/kakao/hbase/manager/command/mc.java,MC,MC_RBL4Test_d7f89729,FAIL,12.814,maven_reactor_prewarm_failed; AgoneTest was not invoked for this class
2026-07-23T13:48:39+00:00,class_sandbox_start,46450575,flo-workflow,,18,46450575:flo-workflow/src/main/java/com/spotify/flo/context/asynccontext.java,AsyncContext,AsyncContext_RBL4Test_acb5f0dc,START,,
2026-07-23T13:48:44+00:00,maven_reactor_prewarm,46450575,flo-workflow,,18,46450575:flo-workflow/src/main/java/com/spotify/flo/context/asynccontext.java,AsyncContext,,START,,prewarm reactor dependencies for -pl flo-workflow
2026-07-23T13:48:55+00:00,maven_reactor_prewarm,46450575,flo-workflow,,18,46450575:flo-workflow/src/main/java/com/spotify/flo/context/asynccontext.java,AsyncContext,,FAIL,11.114,"---------------------------------
[INFO] 
[INFO] --- enforcer:1.4.1:enforce (enforce) @ flo-api-generator ---
[INFO] Skipping Rule Enforcement.
[INFO] 
[INFO] --- license:1.9:check-file-header (check-file-header) @ flo-api-generator ---
[INFO] Will search files to update from root D:\A_ThucNghiem\scripts_v2\workspaces\20260723_200230_8e3f9cb2\018_46450575_AsyncContext_acb5f0dc\compiledrepos\46450575\flo-api-generator\src\main\java
[INFO] Scan 2 files header done in 38.791ms.
[INFO] All files are up-to-date.
[INFO] 
[INFO] --- resources:3.4.0:resources (default-resources) @ flo-api-generator ---
[INFO] Copying 5 resources from src\main\resources to target\classes
[INFO] 
[INFO] --- compiler:3.5.1:compile (default-compile) @ flo-api-generator ---
[INFO] Changes detected - recompiling the module!
[INFO] Compiling 2 source files to D:\A_ThucNghiem\scripts_v2\workspaces\20260723_200230_8e3f9cb2\018_46450575_AsyncContext_acb5f0dc\compiledrepos\46450575\flo-api-generator\target\classes
[INFO] 
[INFO] --- resources:3.4.0:testResources (default-testResources) @ flo-api-generator ---
[INFO] Not copying test resources
[INFO] 
[INFO] --- compiler:3.5.1:testCompile (default-testCompile) @ flo-api-generator ---
[INFO] Not compiling test sources
[INFO] 
[INFO] --- surefire:2.21.0:test (default-test) @ flo-api-generator ---
[INFO] Tests are skipped.
[INFO] 
[INFO] --- jar:3.0.2:jar (default-jar) @ flo-api-generator ---
[INFO] Building jar: D:\A_ThucNghiem\scripts_v2\workspaces\20260723_200230_8e3f9cb2\018_46450575_AsyncContext_acb5f0dc\compiledrepos\46450575\flo-api-generator\target\flo-api-generator-0.6.4-SNAPSHOT.jar
[INFO] 
[INFO] --- failsafe:2.19.1:integration-test (default) @ flo-api-generator ---
[INFO] Tests are skipped.
[INFO] 
[INFO] --- failsafe:2.19.1:verify (default) @ flo-api-generator ---
[INFO] Tests are skipped.
[INFO] 
[INFO] --- install:3.1.4:install (default-install) @ flo-api-generator ---
[INFO] Installing D:\A_ThucNghiem\scripts_v2\workspaces\20260723_200230_8e3f9cb2\018_46450575_AsyncContext_acb5f0dc\compiledrepos\46450575\flo-api-generator\pom.xml to C:\Users\admin\.m2\repository\com\spotify\flo-api-generator\0.6.4-SNAPSHOT\flo-api-generator-0.6.4-SNAPSHOT.pom
[INFO] Installing D:\A_ThucNghiem\scripts_v2\workspaces\20260723_200230_8e3f9cb2\018_46450575_AsyncContext_acb5f0dc\compiledrepos\46450575\flo-api-generator\target\flo-api-generator-0.6.4-SNAPSHOT.jar to C:\Users\admin\.m2\repository\com\spotify\flo-api-generator\0.6.4-SNAPSHOT\flo-api-generator-0.6.4-SNAPSHOT.jar
[INFO] 
[INFO] ----------------------< com.spotify:flo-workflow >----------------------
[INFO] Building Flo Workflow Definition 0.6.4-SNAPSHOT                    [3/3]
[INFO]   from flo-workflow\pom.xml
[INFO] --------------------------------[ jar ]---------------------------------
[INFO] 
[INFO] --- enforcer:1.4.1:enforce (enforce) @ flo-workflow ---
[INFO] Skipping Rule Enforcement.
[INFO] 
[INFO] --- license:1.9:check-file-header (check-file-header) @ flo-workflow ---
[INFO] Will search files to update from root D:\A_ThucNghiem\scripts_v2\workspaces\20260723_200230_8e3f9cb2\018_46450575_AsyncContext_acb5f0dc\compiledrepos\46450575\flo-workflow\src\main\java
[INFO] Will search files to update from root D:\A_ThucNghiem\scripts_v2\workspaces\20260723_200230_8e3f9cb2\018_46450575_AsyncContext_acb5f0dc\compiledrepos\46450575\flo-workflow\src\test\java
[INFO] ------------------------------------------------------------------------
[INFO] Reactor Summary for Flo 0.6.4-SNAPSHOT:
[INFO] 
[INFO] Flo ................................................ SUCCESS [  1.804 s]
[INFO] Flo API Generator .................................. SUCCESS [  4.411 s]
[INFO] Flo Workflow Definition ............................ FAILURE [  0.432 s]
[INFO] ------------------------------------------------------------------------
[INFO] BUILD FAILURE
[INFO] ------------------------------------------------------------------------
[INFO] Total time:  6.835 s
[INFO] Finished at: 2026-07-23"
2026-07-23T13:48:55+00:00,class_agone_run,46450575,flo-workflow,,18,46450575:flo-workflow/src/main/java/com/spotify/flo/context/asynccontext.java,AsyncContext,AsyncContext_RBL4Test_acb5f0dc,FAIL,16.653,maven_reactor_prewarm_failed; AgoneTest was not invoked for this class
2026-07-23T13:48:55+00:00,class_sandbox_start,46450575,flo-workflow,,19,46450575:flo-workflow/src/main/java/com/spotify/flo/taskids.java,TaskIds,TaskIds_RBL4Test_b7d06a10,START,,
2026-07-23T13:48:56+00:00,maven_reactor_prewarm,46450575,flo-workflow,,19,46450575:flo-workflow/src/main/java/com/spotify/flo/taskids.java,TaskIds,,START,,prewarm reactor dependencies for -pl flo-workflow
2026-07-23T13:49:03+00:00,maven_reactor_prewarm,46450575,flo-workflow,,19,46450575:flo-workflow/src/main/java/com/spotify/flo/taskids.java,TaskIds,,FAIL,7.558,"om.xml
[INFO] --------------------------------[ jar ]---------------------------------
[INFO] 
[INFO] --- enforcer:1.4.1:enforce (enforce) @ flo-api-generator ---
[INFO] Skipping Rule Enforcement.
[INFO] 
[INFO] --- license:1.9:check-file-header (check-file-header) @ flo-api-generator ---
[INFO] Will search files to update from root D:\A_ThucNghiem\scripts_v2\workspaces\20260723_200230_8e3f9cb2\019_46450575_TaskIds_b7d06a10\compiledrepos\46450575\flo-api-generator\src\main\java
[INFO] Scan 2 files header done in 16.912ms.
[INFO] All files are up-to-date.
[INFO] 
[INFO] --- resources:3.4.0:resources (default-resources) @ flo-api-generator ---
[INFO] Copying 5 resources from src\main\resources to target\classes
[INFO] 
[INFO] --- compiler:3.5.1:compile (default-compile) @ flo-api-generator ---
[INFO] Changes detected - recompiling the module!
[INFO] Compiling 2 source files to D:\A_ThucNghiem\scripts_v2\workspaces\20260723_200230_8e3f9cb2\019_46450575_TaskIds_b7d06a10\compiledrepos\46450575\flo-api-generator\target\classes
[INFO] 
[INFO] --- resources:3.4.0:testResources (default-testResources) @ flo-api-generator ---
[INFO] Not copying test resources
[INFO] 
[INFO] --- compiler:3.5.1:testCompile (default-testCompile) @ flo-api-generator ---
[INFO] Not compiling test sources
[INFO] 
[INFO] --- surefire:2.21.0:test (default-test) @ flo-api-generator ---
[INFO] Tests are skipped.
[INFO] 
[INFO] --- jar:3.0.2:jar (default-jar) @ flo-api-generator ---
[INFO] Building jar: D:\A_ThucNghiem\scripts_v2\workspaces\20260723_200230_8e3f9cb2\019_46450575_TaskIds_b7d06a10\compiledrepos\46450575\flo-api-generator\target\flo-api-generator-0.6.4-SNAPSHOT.jar
[INFO] 
[INFO] --- failsafe:2.19.1:integration-test (default) @ flo-api-generator ---
[INFO] Tests are skipped.
[INFO] 
[INFO] --- failsafe:2.19.1:verify (default) @ flo-api-generator ---
[INFO] Tests are skipped.
[INFO] 
[INFO] --- install:3.1.4:install (default-install) @ flo-api-generator ---
[INFO] Installing D:\A_ThucNghiem\scripts_v2\workspaces\20260723_200230_8e3f9cb2\019_46450575_TaskIds_b7d06a10\compiledrepos\46450575\flo-api-generator\pom.xml to C:\Users\admin\.m2\repository\com\spotify\flo-api-generator\0.6.4-SNAPSHOT\flo-api-generator-0.6.4-SNAPSHOT.pom
[INFO] Installing D:\A_ThucNghiem\scripts_v2\workspaces\20260723_200230_8e3f9cb2\019_46450575_TaskIds_b7d06a10\compiledrepos\46450575\flo-api-generator\target\flo-api-generator-0.6.4-SNAPSHOT.jar to C:\Users\admin\.m2\repository\com\spotify\flo-api-generator\0.6.4-SNAPSHOT\flo-api-generator-0.6.4-SNAPSHOT.jar
[INFO] 
[INFO] ----------------------< com.spotify:flo-workflow >----------------------
[INFO] Building Flo Workflow Definition 0.6.4-SNAPSHOT                    [3/3]
[INFO]   from flo-workflow\pom.xml
[INFO] --------------------------------[ jar ]---------------------------------
[INFO] 
[INFO] --- enforcer:1.4.1:enforce (enforce) @ flo-workflow ---
[INFO] Skipping Rule Enforcement.
[INFO] 
[INFO] --- license:1.9:check-file-header (check-file-header) @ flo-workflow ---
[INFO] Will search files to update from root D:\A_ThucNghiem\scripts_v2\workspaces\20260723_200230_8e3f9cb2\019_46450575_TaskIds_b7d06a10\compiledrepos\46450575\flo-workflow\src\main\java
[INFO] Will search files to update from root D:\A_ThucNghiem\scripts_v2\workspaces\20260723_200230_8e3f9cb2\019_46450575_TaskIds_b7d06a10\compiledrepos\46450575\flo-workflow\src\test\java
[INFO] ------------------------------------------------------------------------
[INFO] Reactor Summary for Flo 0.6.4-SNAPSHOT:
[INFO] 
[INFO] Flo ................................................ SUCCESS [  1.914 s]
[INFO] Flo API Generator .................................. SUCCESS [  1.625 s]
[INFO] Flo Workflow Definition ............................ FAILURE [  0.165 s]
[INFO] ------------------------------------------------------------------------
[INFO] BUILD FAILURE
[INFO] ------------------------------------------------------------------------
[INFO] Total time:  3.885 s
[INFO] Finis"
2026-07-23T13:49:03+00:00,class_agone_run,46450575,flo-workflow,,19,46450575:flo-workflow/src/main/java/com/spotify/flo/taskids.java,TaskIds,TaskIds_RBL4Test_b7d06a10,FAIL,7.903,maven_reactor_prewarm_failed; AgoneTest was not invoked for this class
2026-07-23T13:49:03+00:00,class_sandbox_start,48046454,hazelcast-jet-core,,20,48046454:hazelcast-jet-core/src/main/java/com/hazelcast/jet/impl/jetclientinstanceimpl.java,JetClientInstanceImpl,JetClientInstanceImpl_RBL4Test_5e8ad51c,START,,
2026-07-23T13:50:28+00:00,class_agone_env,48046454,hazelcast-jet-core,,20,48046454:hazelcast-jet-core/src/main/java/com/hazelcast/jet/impl/jetclientinstanceimpl.java,JetClientInstanceImpl,JetClientInstanceImpl_RBL4Test_5e8ad51c,PASS,,requested=1.8 selected_jdk=8 java_home=C:\Program Files\Java\jdk1.8.0_172
2026-07-23T13:50:38+00:00,toolchain,,,,20,48046454:hazelcast-jet-core/src/main/java/com/hazelcast/jet/impl/jetclientinstanceimpl.java,,,PASS,,requested=1.8 selected_jdk=8 java_home=C:\Program Files\Java\jdk1.8.0_172
2026-07-23T13:52:55+00:00,evosuite_generate,48046454,,evosuite,20,48046454:hazelcast-jet-core/src/main/java/com/hazelcast/jet/impl/jetclientinstanceimpl.java,JetClientInstanceImpl,,PASS,136.806,com.hazelcast.jet.impl.JetClientInstanceImpl
2026-07-23T13:53:51+00:00,maven_verify_jacoco_pit,48046454,hazelcast-jet-core,,20,48046454:hazelcast-jet-core/src/main/java/com/hazelcast/jet/impl/jetclientinstanceimpl.java,,,PASS,56.423,-Dtest=com.hazelcast.jet.impl.JetClientInstanceImpl_RBL4Test_5e8ad51c
2026-07-23T13:54:26+00:00,maven_verify_jacoco_pit,48046454,hazelcast-jet-core,,20,48046454:hazelcast-jet-core/src/main/java/com/hazelcast/jet/impl/jetclientinstanceimpl.java,,,FAIL,25.717,"The following compilation errors were encountered during the Maven build:

- 
- /D:/A_ThucNghiem/scripts_v2/workspaces/20260723_200230_8e3f9cb2/020_48046454_JetClientInstanceImpl_5e8ad51c/compiledrepos/48046454/hazelcast-jet-core/src/test/java/com/hazelcast/jet/impl/JetClientInstanceImpl_RBL4Test_5e8ad51c.java:[40,92] cannot find symbol
- symbol:   class UUID
- location: class com.hazelcast.jet.impl.JetClientInstanceImpl_RBL4Test_5e8ad51c
- /D:/A_ThucNghiem/scripts_v2/workspaces/20260723_200230_8e3f9cb2/020_48046454_JetClientInstanceImpl_5e8ad51c/compiledrepos/48046454/hazelcast-jet-core/src/test/java/com/hazelcast/jet/impl/JetClientInstanceImpl_RBL4Test_5e8ad51c.java:[41,31] <S>invokeRequestOnMasterAndDecodeResponse(com.hazelcast.client.impl.protocol.ClientMessage,java.util.function.Function<com.hazelcast.client.impl.protocol.ClientMessage,java.lang.Object>) has private access in com.hazelcast.jet.impl.JetClientInstanceImpl
- /D:/A_ThucNghiem/scripts_v2/workspaces/20260723_200230_8e3f9cb2/020_48046454_JetClientInstanceImpl_5e8ad51c/compiledrepos/48046454/hazelcast-jet-core/src/test/java/com/hazelcast/jet/impl/JetClientInstanceImpl_RBL4Test_5e8ad51c.java:[44,9] cannot find symbol
- symbol:   method assertEquals(int,int)
- location: class com.hazelcast.jet.impl.JetClientInstanceImpl_RBL4Test_5e8ad51c
- /D:/A_ThucNghiem/scripts_v2/workspaces/20260723_200230_8e3f9cb2/020_48046454_JetClientInstanceImpl_5e8ad51c/compiledrepos/48046454/hazelcast-jet-core/src/test/java/com/hazelcast/jet/impl/JetClientInstanceImpl_RBL4Test_5e8ad51c.java:[50,31] <S>invokeRequestOnMasterAndDecodeResponse(com.hazelcast.client.impl.protocol.ClientMessage,java.util.function.Function<com.hazelcast.client.impl.protocol.ClientMessage,java.lang.Object>) has private access in com.hazelcast.jet.impl.JetClientInstanceImpl
- /D:/A_ThucNghiem/scripts_v2/workspaces/20260723_200230_8e3f9cb2/020_48046454_JetClientInstanceImpl_5e8ad51c/compiledrepos/48046454/hazelcast-jet-core/src/test/java/com/hazelcast/jet/impl/JetClientInstanceImpl_RBL4Test_5e8ad51c.java:[53,9] cannot find symbol
- symbol:   method assertEquals(int,int)
- location: class com.hazelcast.jet.impl.JetClientInstanceImpl_RBL4Test_5e8ad51c
- /D:/A_ThucNghiem/scripts_v2/workspaces/20260723_200230_8e3f9cb2/020_48046454_JetClientInstanceImpl_5e8ad51c/compiledrepos/48046454/hazelcast-jet-core/src/test/java/com/hazelcast/jet/impl/JetClientInstanceImpl_RBL4Test_5e8ad51c.java:[58,31] <S>invokeRequestOnAnyMemberAndDecodeResponse(com.hazelcast.client.impl.protocol.ClientMessage,java.util.function.Function<com.hazelcast.client.impl.protocol.ClientMessage,java.lang.Object>) has private access in com.hazelcast.jet.impl.JetClientInstanceImpl
- /D:/A_ThucNghiem/scripts_v2/workspaces/20260723_200230_8e3f9cb2/020_48046454_JetClientInstanceImpl_5e8ad51c/compiledrepos/48046454/hazelcast-jet-core/src/test/java/com/hazelcast/jet/impl/JetClientInstanceImpl_RBL4Test_5e8ad51c.java:[61,9] cannot find symbol
- symbol:   method assertTrue(boolean)
- location: class com.hazelcast.jet.impl.JetClientInstanceImpl_RBL4Test_5e8ad51c
- /D:/A_ThucNghiem/scripts_v2/workspaces/20260723_200230_8e3f9cb2/020_48046454_JetClientInstanceImpl_5e8ad51c/compiledrepos/48046454/hazelcast-jet-core/src/test/java/com/hazelcast/jet/impl/JetClientInstanceImpl_RBL4Test_5e8ad51c.java:[67,31] <S>invokeRequestOnAnyMemberAndDecodeResponse(com.hazelcast.client.impl.protocol.ClientMessage,java.util.function.Function<com.hazelcast.client.impl.protocol.ClientMessage,java.lang.Object>) has private access in com.hazelcast.jet.impl.JetClientInstanceImpl
- /D:/A_ThucNghiem/scripts_v2/workspaces/20260723_200230_8e3f9cb2/020_48046454_JetClientInstanceImpl_5e8ad51c/compiledrepos/48046454/hazelcast-jet-core/src/test/java/com/hazelcast/jet/impl/JetClientInstanceImpl_RBL4Test_5e8ad51c.java:[70,9] cannot find symbol
- symbol:   method assertEquals(int,int)
- location: class com.hazelcast.jet.impl.JetClientInstanceImpl_RBL4Test_5e8ad51c
- /D:/A_ThucNghiem/scripts_v2/workspaces/"
2026-07-23T13:54:27+00:00,class_agone_run,48046454,hazelcast-jet-core,,,,,,PASS,323.546,
2026-07-23T13:54:27+00:00,class_sandbox_start,48046454,hazelcast-jet-core,,21,48046454:hazelcast-jet-core/src/main/java/com/hazelcast/jet/impl/util/skewreductionpolicy.java,SkewReductionPolicy,SkewReductionPolicy_RBL4Test_80a96ca0,START,,
2026-07-23T13:54:36+00:00,class_agone_env,48046454,hazelcast-jet-core,,21,48046454:hazelcast-jet-core/src/main/java/com/hazelcast/jet/impl/util/skewreductionpolicy.java,SkewReductionPolicy,SkewReductionPolicy_RBL4Test_80a96ca0,PASS,,requested=1.8 selected_jdk=8 java_home=C:\Program Files\Java\jdk1.8.0_172
2026-07-23T13:54:46+00:00,toolchain,,,,21,48046454:hazelcast-jet-core/src/main/java/com/hazelcast/jet/impl/util/skewreductionpolicy.java,,,PASS,,requested=1.8 selected_jdk=8 java_home=C:\Program Files\Java\jdk1.8.0_172
2026-07-23T13:56:16+00:00,evosuite_generate,48046454,,evosuite,21,48046454:hazelcast-jet-core/src/main/java/com/hazelcast/jet/impl/util/skewreductionpolicy.java,SkewReductionPolicy,,PASS,89.314,com.hazelcast.jet.impl.util.SkewReductionPolicy
2026-07-23T13:57:12+00:00,maven_verify_jacoco_pit,48046454,hazelcast-jet-core,,21,48046454:hazelcast-jet-core/src/main/java/com/hazelcast/jet/impl/util/skewreductionpolicy.java,,,PASS,56.417,-Dtest=com.hazelcast.jet.impl.util.SkewReductionPolicy_RBL4Test_80a96ca0
2026-07-23T13:57:47+00:00,maven_verify_jacoco_pit,48046454,hazelcast-jet-core,,21,48046454:hazelcast-jet-core/src/main/java/com/hazelcast/jet/impl/util/skewreductionpolicy.java,,,FAIL,21.234,"The following compilation errors were encountered during the Maven build:

- 
- /D:/A_ThucNghiem/scripts_v2/workspaces/20260723_200230_8e3f9cb2/021_48046454_SkewReductionPolicy_80a96ca0/compiledrepos/48046454/hazelcast-jet-core/src/test/java/com/hazelcast/jet/impl/util/SkewReductionPolicy_RBL4Test_80a96ca0.java:[51,22] cannot find symbol
- symbol:   class JetException
- location: class com.hazelcast.jet.impl.util.SkewReductionPolicy_RBL4Test_80a96ca0"
2026-07-23T13:57:47+00:00,class_agone_run,48046454,hazelcast-jet-core,,,,,,PASS,200.365,
2026-07-23T13:57:48+00:00,class_sandbox_start,49384652,niubi-job-framework/niubi-job-core,,22,49384652:niubi-job-framework/niubi-job-core/src/main/java/com/zuoxiaolong/niubi/job/core/helper/objecthelper.java,ObjectHelper,ObjectHelper_RBL4Test_3f333538,START,,
2026-07-23T13:58:02+00:00,maven_reactor_prewarm,49384652,niubi-job-framework/niubi-job-core,,22,49384652:niubi-job-framework/niubi-job-core/src/main/java/com/zuoxiaolong/niubi/job/core/helper/objecthelper.java,ObjectHelper,,START,,prewarm reactor dependencies for -pl niubi-job-framework/niubi-job-core
2026-07-23T13:58:11+00:00,maven_reactor_prewarm,49384652,niubi-job-framework/niubi-job-core,,22,49384652:niubi-job-framework/niubi-job-core/src/main/java/com/zuoxiaolong/niubi/job/core/helper/objecthelper.java,ObjectHelper,,PASS,8.74,"ubi-job-test-0.9.6.1-SNAPSHOT.jar to C:\Users\admin\.m2\repository\com\zuoxiaolong\niubi-job-test\0.9.6.1-SNAPSHOT\niubi-job-test-0.9.6.1-SNAPSHOT.jar
[INFO] Installing D:\A_ThucNghiem\scripts_v2\workspaces\20260723_200230_8e3f9cb2\022_49384652_ObjectHelper_3f333538\compiledrepos\49384652\niubi-job-test\target\niubi-job-test-0.9.6.1-SNAPSHOT-sources.jar to C:\Users\admin\.m2\repository\com\zuoxiaolong\niubi-job-test\0.9.6.1-SNAPSHOT\niubi-job-test-0.9.6.1-SNAPSHOT-sources.jar
[INFO] 
[INFO] ----------------< com.zuoxiaolong:niubi-job-framework >-----------------
[INFO] Building com.zuoxiaolong:niubi-job-framework 0.9.6.1-SNAPSHOT      [3/4]
[INFO]   from niubi-job-framework\pom.xml
[INFO] --------------------------------[ pom ]---------------------------------
[INFO] 
[INFO] --- source:2.4:jar-no-fork (attach-sources) @ niubi-job-framework ---
[INFO] 
[INFO] --- install:3.1.4:install (default-install) @ niubi-job-framework ---
[INFO] Installing D:\A_ThucNghiem\scripts_v2\workspaces\20260723_200230_8e3f9cb2\022_49384652_ObjectHelper_3f333538\compiledrepos\49384652\niubi-job-framework\pom.xml to C:\Users\admin\.m2\repository\com\zuoxiaolong\niubi-job-framework\0.9.6.1-SNAPSHOT\niubi-job-framework-0.9.6.1-SNAPSHOT.pom
[INFO] 
[INFO] -------------------< com.zuoxiaolong:niubi-job-core >-------------------
[INFO] Building com.zuoxiaolong:niubi-job-core 0.9.6.1-SNAPSHOT           [4/4]
[INFO]   from niubi-job-framework\niubi-job-core\pom.xml
[INFO] --------------------------------[ jar ]---------------------------------
[INFO] 
[INFO] --- resources:3.4.0:resources (default-resources) @ niubi-job-core ---
[INFO] skip non existing resourceDirectory D:\A_ThucNghiem\scripts_v2\workspaces\20260723_200230_8e3f9cb2\022_49384652_ObjectHelper_3f333538\compiledrepos\49384652\niubi-job-framework\niubi-job-core\src\main\resources
[INFO] 
[INFO] --- compiler:3.3:compile (default-compile) @ niubi-job-core ---
[INFO] Changes detected - recompiling the module!
[INFO] Compiling 16 source files to D:\A_ThucNghiem\scripts_v2\workspaces\20260723_200230_8e3f9cb2\022_49384652_ObjectHelper_3f333538\compiledrepos\49384652\niubi-job-framework\niubi-job-core\target\classes
[INFO] 
[INFO] --- resources:3.4.0:testResources (default-testResources) @ niubi-job-core ---
[INFO] Not copying test resources
[INFO] 
[INFO] --- compiler:3.3:testCompile (default-testCompile) @ niubi-job-core ---
[INFO] Not compiling test sources
[INFO] 
[INFO] --- surefire:3.5.4:test (default-test) @ niubi-job-core ---
[INFO] Tests are skipped.
[INFO] 
[INFO] --- jar:2.4:jar (default-jar) @ niubi-job-core ---
[INFO] Building jar: D:\A_ThucNghiem\scripts_v2\workspaces\20260723_200230_8e3f9cb2\022_49384652_ObjectHelper_3f333538\compiledrepos\49384652\niubi-job-framework\niubi-job-core\target\niubi-job-core-0.9.6.1-SNAPSHOT.jar
[INFO] 
[INFO] --- source:2.4:jar-no-fork (attach-sources) @ niubi-job-core ---
[INFO] Building jar: D:\A_ThucNghiem\scripts_v2\workspaces\20260723_200230_8e3f9cb2\022_49384652_ObjectHelper_3f333538\compiledrepos\49384652\niubi-job-framework\niubi-job-core\target\niubi-job-core-0.9.6.1-SNAPSHOT-sources.jar
[INFO] 
[INFO] --- install:3.1.4:install (default-install) @ niubi-job-core ---
[INFO] Installing D:\A_ThucNghiem\scripts_v2\workspaces\20260723_200230_8e3f9cb2\022_49384652_ObjectHelper_3f333538\compiledrepos\49384652\niubi-job-framework\niubi-job-core\pom.xml to C:\Users\admin\.m2\repository\com\zuoxiaolong\niubi-job-core\0.9.6.1-SNAPSHOT\niubi-job-core-0.9.6.1-SNAPSHOT.pom
[INFO] Installing D:\A_ThucNghiem\scripts_v2\workspaces\20260723_200230_8e3f9cb2\022_49384652_ObjectHelper_3f333538\compiledrepos\49384652\niubi-job-framework\niubi-job-core\target\niubi-job-core-0.9.6.1-SNAPSHOT.jar to C:\Users\admin\.m2\repository\com\zuoxiaolong\niubi-job-core\0.9.6.1-SNAPSHOT\niubi-job-core-0.9.6.1-SNAPSHOT.jar
[INFO] Installing D:\A_ThucNghiem\scripts_v2\workspaces\20260723_200230_8e3f9cb2\022_49384652_ObjectHelper_3f333538\compiledrepos\49384652\niubi-job-framework\niub"
2026-07-23T13:58:15+00:00,class_agone_env,49384652,niubi-job-framework/niubi-job-core,,22,49384652:niubi-job-framework/niubi-job-core/src/main/java/com/zuoxiaolong/niubi/job/core/helper/objecthelper.java,ObjectHelper,ObjectHelper_RBL4Test_3f333538,PASS,,requested=1.8 selected_jdk=8 java_home=C:\Program Files\Java\jdk1.8.0_172
2026-07-23T13:58:23+00:00,toolchain,,,,22,49384652:niubi-job-framework/niubi-job-core/src/main/java/com/zuoxiaolong/niubi/job/core/helper/objecthelper.java,,,PASS,,requested=1.8 selected_jdk=8 java_home=C:\Program Files\Java\jdk1.8.0_172
2026-07-23T13:59:40+00:00,evosuite_generate,49384652,,evosuite,22,49384652:niubi-job-framework/niubi-job-core/src/main/java/com/zuoxiaolong/niubi/job/core/helper/objecthelper.java,ObjectHelper,,PASS,77.116,com.zuoxiaolong.niubi.job.core.helper.ObjectHelper
2026-07-23T13:59:52+00:00,maven_verify_jacoco_pit,49384652,niubi-job-framework/niubi-job-core,,22,49384652:niubi-job-framework/niubi-job-core/src/main/java/com/zuoxiaolong/niubi/job/core/helper/objecthelper.java,,,PASS,12.146,-Dtest=com.zuoxiaolong.niubi.job.core.helper.ObjectHelper_RBL4Test_3f333538
2026-07-23T14:00:03+00:00,maven_verify_jacoco_pit,49384652,niubi-job-framework/niubi-job-core,,22,49384652:niubi-job-framework/niubi-job-core/src/main/java/com/zuoxiaolong/niubi/job/core/helper/objecthelper.java,,,FAIL,4.738,"The following compilation errors were encountered during the Maven build:

- 
- /D:/A_ThucNghiem/scripts_v2/workspaces/20260723_200230_8e3f9cb2/022_49384652_ObjectHelper_3f333538/compiledrepos/49384652/niubi-job-framework/niubi-job-core/src/test/java/com/zuoxiaolong/niubi/job/core/helper/ObjectHelper_RBL4Test_3f333538.java:[10,20] class com.zuoxiaolong.niubi.job.core.helper.ObjectHelper_RBL4Test_3f333538 is already defined in package com.zuoxiaolong.niubi.job.core.helper
- /D:/A_ThucNghiem/scripts_v2/workspaces/20260723_200230_8e3f9cb2/022_49384652_ObjectHelper_3f333538/compiledrepos/49384652/niubi-job-framework/niubi-job-core/src/test/java/com/zuoxiaolong/niubi/job/core/helper/ObjectHelper_RBL4Test_3f333538.java:[11,10] cannot find symbol
- symbol:   class Transient
- location: class com.zuoxiaolong.niubi.job.core.helper.ObjectHelper_RBL4Test_3f333538.ObjectHelper_RBL4Test_3f333538
- /D:/A_ThucNghiem/scripts_v2/workspaces/20260723_200230_8e3f9cb2/022_49384652_ObjectHelper_3f333538/compiledrepos/49384652/niubi-job-framework/niubi-job-core/src/test/java/com/zuoxiaolong/niubi/job/core/helper/ObjectHelper_RBL4Test_3f333538.java:[47,23] cannot find symbol
- symbol:   class TestClass
- location: class com.zuoxiaolong.niubi.job.core.helper.ObjectHelper_RBL4Test_3f333538
- /D:/A_ThucNghiem/scripts_v2/workspaces/20260723_200230_8e3f9cb2/022_49384652_ObjectHelper_3f333538/compiledrepos/49384652/niubi-job-framework/niubi-job-core/src/test/java/com/zuoxiaolong/niubi/job/core/helper/ObjectHelper_RBL4Test_3f333538.java:[48,47] cannot find symbol
- symbol:   class TestClass
- location: class com.zuoxiaolong.niubi.job.core.helper.ObjectHelper_RBL4Test_3f333538
- /D:/A_ThucNghiem/scripts_v2/workspaces/20260723_200230_8e3f9cb2/022_49384652_ObjectHelper_3f333538/compiledrepos/49384652/niubi-job-framework/niubi-job-core/src/test/java/com/zuoxiaolong/niubi/job/core/helper/ObjectHelper_RBL4Test_3f333538.java:[53,23] cannot find symbol
- symbol:   class TestClass
- location: class com.zuoxiaolong.niubi.job.core.helper.ObjectHelper_RBL4Test_3f333538
- /D:/A_ThucNghiem/scripts_v2/workspaces/20260723_200230_8e3f9cb2/022_49384652_ObjectHelper_3f333538/compiledrepos/49384652/niubi-job-framework/niubi-job-core/src/test/java/com/zuoxiaolong/niubi/job/core/helper/ObjectHelper_RBL4Test_3f333538.java:[54,48] cannot find symbol
- symbol:   class TestClass
- location: class com.zuoxiaolong.niubi.job.core.helper.ObjectHelper_RBL4Test_3f333538
- /D:/A_ThucNghiem/scripts_v2/workspaces/20260723_200230_8e3f9cb2/022_49384652_ObjectHelper_3f333538/compiledrepos/49384652/niubi-job-framework/niubi-job-core/src/test/java/com/zuoxiaolong/niubi/job/core/helper/ObjectHelper_RBL4Test_3f333538.java:[60,27] cannot find symbol
- symbol:   class TestClass
- location: class com.zuoxiaolong.niubi.job.core.helper.ObjectHelper_RBL4Test_3f333538
- /D:/A_ThucNghiem/scripts_v2/workspaces/20260723_200230_8e3f9cb2/022_49384652_ObjectHelper_3f333538/compiledrepos/49384652/niubi-job-framework/niubi-job-core/src/test/java/com/zuoxiaolong/niubi/job/core/helper/ObjectHelper_RBL4Test_3f333538.java:[69,23] cannot find symbol
- symbol:   class TestClass
- location: class com.zuoxiaolong.niubi.job.core.helper.ObjectHelper_RBL4Test_3f333538
- /D:/A_ThucNghiem/scripts_v2/workspaces/20260723_200230_8e3f9cb2/022_49384652_ObjectHelper_3f333538/compiledrepos/49384652/niubi-job-framework/niubi-job-core/src/test/java/com/zuoxiaolong/niubi/job/core/helper/ObjectHelper_RBL4Test_3f333538.java:[70,48] cannot find symbol
- symbol:   class TestClass
- location: class com.zuoxiaolong.niubi.job.core.helper.ObjectHelper_RBL4Test_3f333538
- /D:/A_ThucNghiem/scripts_v2/workspaces/20260723_200230_8e3f9cb2/022_49384652_ObjectHelper_3f333538/compiledrepos/49384652/niubi-job-framework/niubi-job-core/src/test/java/com/zuoxiaolong/niubi/job/core/helper/JsonHelperTest.java:[50,13] cannot find symbol
- symbol:   method setA(java.lang.String)
- location: variable bean of type com.zuoxiaolong.niubi.job.core.helper.JsonHelpe"
2026-07-23T14:00:04+00:00,class_agone_run,49384652,niubi-job-framework/niubi-job-core,,,,,,PASS,136.299,
2026-07-23T14:00:04+00:00,class_sandbox_start,49384652,niubi-job-framework/niubi-job-service,,23,49384652:niubi-job-framework/niubi-job-service/src/main/java/com/zuoxiaolong/niubi/job/service/impl/standbyjobserviceimpl.java,StandbyJobServiceImpl,StandbyJobServiceImpl_RBL4Test_06be1a5a,START,,
2026-07-23T14:00:05+00:00,maven_reactor_prewarm,49384652,niubi-job-framework/niubi-job-service,,23,49384652:niubi-job-framework/niubi-job-service/src/main/java/com/zuoxiaolong/niubi/job/service/impl/standbyjobserviceimpl.java,StandbyJobServiceImpl,,START,,prewarm reactor dependencies for -pl niubi-job-framework/niubi-job-service
2026-07-23T14:00:22+00:00,maven_reactor_prewarm,49384652,niubi-job-framework/niubi-job-service,,23,49384652:niubi-job-framework/niubi-job-service/src/main/java/com/zuoxiaolong/niubi/job/service/impl/standbyjobserviceimpl.java,StandbyJobServiceImpl,,PASS,17.653,"84652\niubi-job-framework\niubi-job-persistent\pom.xml to C:\Users\admin\.m2\repository\com\zuoxiaolong\niubi-job-persistent\0.9.6.1-SNAPSHOT\niubi-job-persistent-0.9.6.1-SNAPSHOT.pom
[INFO] Installing D:\A_ThucNghiem\scripts_v2\workspaces\20260723_200230_8e3f9cb2\023_49384652_StandbyJobServiceImpl_06be1a5a\compiledrepos\49384652\niubi-job-framework\niubi-job-persistent\target\niubi-job-persistent-0.9.6.1-SNAPSHOT.jar to C:\Users\admin\.m2\repository\com\zuoxiaolong\niubi-job-persistent\0.9.6.1-SNAPSHOT\niubi-job-persistent-0.9.6.1-SNAPSHOT.jar
[INFO] Installing D:\A_ThucNghiem\scripts_v2\workspaces\20260723_200230_8e3f9cb2\023_49384652_StandbyJobServiceImpl_06be1a5a\compiledrepos\49384652\niubi-job-framework\niubi-job-persistent\target\niubi-job-persistent-0.9.6.1-SNAPSHOT-sources.jar to C:\Users\admin\.m2\repository\com\zuoxiaolong\niubi-job-persistent\0.9.6.1-SNAPSHOT\niubi-job-persistent-0.9.6.1-SNAPSHOT-sources.jar
[INFO] 
[INFO] -----------------< com.zuoxiaolong:niubi-job-service >------------------
[INFO] Building com.zuoxiaolong:niubi-job-service 0.9.6.1-SNAPSHOT        [8/8]
[INFO]   from niubi-job-framework\niubi-job-service\pom.xml
[INFO] --------------------------------[ jar ]---------------------------------
[INFO] 
[INFO] --- resources:3.4.0:resources (default-resources) @ niubi-job-service ---
[INFO] Copying 2 resources from src\main\resources to target\classes
[INFO] 
[INFO] --- compiler:3.3:compile (default-compile) @ niubi-job-service ---
[INFO] Changes detected - recompiling the module!
[INFO] Compiling 29 source files to D:\A_ThucNghiem\scripts_v2\workspaces\20260723_200230_8e3f9cb2\023_49384652_StandbyJobServiceImpl_06be1a5a\compiledrepos\49384652\niubi-job-framework\niubi-job-service\target\classes
[INFO] 
[INFO] --- resources:3.4.0:testResources (default-testResources) @ niubi-job-service ---
[INFO] Not copying test resources
[INFO] 
[INFO] --- compiler:3.3:testCompile (default-testCompile) @ niubi-job-service ---
[INFO] Not compiling test sources
[INFO] 
[INFO] --- surefire:3.5.4:test (default-test) @ niubi-job-service ---
[INFO] Tests are skipped.
[INFO] 
[INFO] --- jar:2.4:jar (default-jar) @ niubi-job-service ---
[INFO] Building jar: D:\A_ThucNghiem\scripts_v2\workspaces\20260723_200230_8e3f9cb2\023_49384652_StandbyJobServiceImpl_06be1a5a\compiledrepos\49384652\niubi-job-framework\niubi-job-service\target\niubi-job-service-0.9.6.1-SNAPSHOT.jar
[INFO] 
[INFO] --- source:2.4:jar-no-fork (attach-sources) @ niubi-job-service ---
[INFO] Building jar: D:\A_ThucNghiem\scripts_v2\workspaces\20260723_200230_8e3f9cb2\023_49384652_StandbyJobServiceImpl_06be1a5a\compiledrepos\49384652\niubi-job-framework\niubi-job-service\target\niubi-job-service-0.9.6.1-SNAPSHOT-sources.jar
[INFO] 
[INFO] --- install:3.1.4:install (default-install) @ niubi-job-service ---
[INFO] Installing D:\A_ThucNghiem\scripts_v2\workspaces\20260723_200230_8e3f9cb2\023_49384652_StandbyJobServiceImpl_06be1a5a\compiledrepos\49384652\niubi-job-framework\niubi-job-service\pom.xml to C:\Users\admin\.m2\repository\com\zuoxiaolong\niubi-job-service\0.9.6.1-SNAPSHOT\niubi-job-service-0.9.6.1-SNAPSHOT.pom
[INFO] Installing D:\A_ThucNghiem\scripts_v2\workspaces\20260723_200230_8e3f9cb2\023_49384652_StandbyJobServiceImpl_06be1a5a\compiledrepos\49384652\niubi-job-framework\niubi-job-service\target\niubi-job-service-0.9.6.1-SNAPSHOT.jar to C:\Users\admin\.m2\repository\com\zuoxiaolong\niubi-job-service\0.9.6.1-SNAPSHOT\niubi-job-service-0.9.6.1-SNAPSHOT.jar
[INFO] Installing D:\A_ThucNghiem\scripts_v2\workspaces\20260723_200230_8e3f9cb2\023_49384652_StandbyJobServiceImpl_06be1a5a\compiledrepos\49384652\niubi-job-framework\niubi-job-service\target\niubi-job-service-0.9.6.1-SNAPSHOT-sources.jar to C:\Users\admin\.m2\repository\com\zuoxiaolong\niubi-job-service\0.9.6.1-SNAPSHOT\niubi-job-service-0.9.6.1-SNAPSHOT-sources.jar
[INFO] ------------------------------------------------------------------------
[INFO] Reactor Summary for com.zuoxiaolong:niubi-job 0"
2026-07-23T14:00:27+00:00,class_agone_env,49384652,niubi-job-framework/niubi-job-service,,23,49384652:niubi-job-framework/niubi-job-service/src/main/java/com/zuoxiaolong/niubi/job/service/impl/standbyjobserviceimpl.java,StandbyJobServiceImpl,StandbyJobServiceImpl_RBL4Test_06be1a5a,PASS,,requested=1.8 selected_jdk=8 java_home=C:\Program Files\Java\jdk1.8.0_172
2026-07-23T14:00:36+00:00,toolchain,,,,23,49384652:niubi-job-framework/niubi-job-service/src/main/java/com/zuoxiaolong/niubi/job/service/impl/standbyjobserviceimpl.java,,,PASS,,requested=1.8 selected_jdk=8 java_home=C:\Program Files\Java\jdk1.8.0_172
2026-07-23T14:02:03+00:00,evosuite_generate,49384652,,evosuite,23,49384652:niubi-job-framework/niubi-job-service/src/main/java/com/zuoxiaolong/niubi/job/service/impl/standbyjobserviceimpl.java,StandbyJobServiceImpl,,PASS,86.787,com.zuoxiaolong.niubi.job.service.impl.StandbyJobServiceImpl
2026-07-23T14:02:15+00:00,maven_verify_jacoco_pit,49384652,niubi-job-framework/niubi-job-service,,23,49384652:niubi-job-framework/niubi-job-service/src/main/java/com/zuoxiaolong/niubi/job/service/impl/standbyjobserviceimpl.java,,,PASS,11.982,-Dtest=com.zuoxiaolong.niubi.job.service.impl.StandbyJobServiceImpl_RBL4Test_06be1a5a
2026-07-23T14:02:31+00:00,maven_verify_jacoco_pit,49384652,niubi-job-framework/niubi-job-service,,23,49384652:niubi-job-framework/niubi-job-service/src/main/java/com/zuoxiaolong/niubi/job/service/impl/standbyjobserviceimpl.java,,,FAIL,6.42,"The following compilation errors were encountered during the Maven build:

- 
- /D:/A_ThucNghiem/scripts_v2/workspaces/20260723_200230_8e3f9cb2/023_49384652_StandbyJobServiceImpl_06be1a5a/compiledrepos/49384652/niubi-job-framework/niubi-job-service/src/test/java/com/zuoxiaolong/niubi/job/service/impl/StandbyJobServiceImpl_RBL4Test_06be1a5a.java:[15,25] cannot find symbol
- symbol:   class MockitoJUnitRunner
- location: package org.mockito.junit
- /D:/A_ThucNghiem/scripts_v2/workspaces/20260723_200230_8e3f9cb2/023_49384652_StandbyJobServiceImpl_06be1a5a/compiledrepos/49384652/niubi-job-framework/niubi-job-service/src/test/java/com/zuoxiaolong/niubi/job/service/impl/StandbyJobServiceImpl_RBL4Test_06be1a5a.java:[23,10] cannot find symbol
- symbol: class MockitoJUnitRunner"
2026-07-23T14:02:32+00:00,class_agone_run,49384652,niubi-job-framework/niubi-job-service,,,,,,PASS,148.163,
2026-07-23T14:02:32+00:00,class_sandbox_start,558963,httpcache4j-api,,24,558963:httpcache4j-api/src/main/java/org/codehaus/httpcache4j/header.java,Header,Header_RBL4Test_81a76271,START,,
2026-07-23T14:02:41+00:00,class_agone_env,558963,httpcache4j-api,,24,558963:httpcache4j-api/src/main/java/org/codehaus/httpcache4j/header.java,Header,Header_RBL4Test_81a76271,PASS,,requested=1.8 selected_jdk=8 java_home=C:\Program Files\Java\jdk1.8.0_172
2026-07-23T14:02:50+00:00,toolchain,,,,24,558963:httpcache4j-api/src/main/java/org/codehaus/httpcache4j/header.java,,,PASS,,requested=1.8 selected_jdk=8 java_home=C:\Program Files\Java\jdk1.8.0_172
2026-07-23T14:04:04+00:00,evosuite_generate,558963,,evosuite,24,558963:httpcache4j-api/src/main/java/org/codehaus/httpcache4j/header.java,Header,,PASS,74.022,org.codehaus.httpcache4j.Header
2026-07-23T14:04:19+00:00,maven_verify_jacoco_pit,558963,httpcache4j-api,,24,558963:httpcache4j-api/src/main/java/org/codehaus/httpcache4j/header.java,,,PASS,15.226,-Dtest=org.codehaus.httpcache4j.Header_RBL4Test_81a76271
2026-07-23T14:04:31+00:00,maven_verify_jacoco_pit,558963,httpcache4j-api,,24,558963:httpcache4j-api/src/main/java/org/codehaus/httpcache4j/header.java,,,FAIL,5.344,"The following compilation errors were encountered during the Maven build:

- 
- /D:/A_ThucNghiem/scripts_v2/workspaces/20260723_200230_8e3f9cb2/024_558963_Header_81a76271/compiledrepos/558963/httpcache4j-api/src/test/java/org/codehaus/httpcache4j/Header_RBL4Test_81a76271.java:[30,48] incompatible types: java.lang.String cannot be converted to java.lang.Iterable<org.codehaus.httpcache4j.Directive>
- /D:/A_ThucNghiem/scripts_v2/workspaces/20260723_200230_8e3f9cb2/024_558963_Header_81a76271/compiledrepos/558963/httpcache4j-api/src/test/java/org/codehaus/httpcache4j/Header_RBL4Test_81a76271.java:[41,20] incompatible types: org.codehaus.httpcache4j.Directives cannot be converted to org.codehaus.httpcache4j.util.AuthDirectivesParser
- /D:/A_ThucNghiem/scripts_v2/workspaces/20260723_200230_8e3f9cb2/024_558963_Header_81a76271/compiledrepos/558963/httpcache4j-api/src/test/java/org/codehaus/httpcache4j/Header_RBL4Test_81a76271.java:[49,20] incompatible types: org.codehaus.httpcache4j.Directives cannot be converted to org.codehaus.httpcache4j.util.DirectivesParser"
2026-07-23T14:04:33+00:00,class_agone_run,558963,httpcache4j-api,,,,,,PASS,120.443,
2026-07-23T14:04:33+00:00,class_sandbox_start,558963,httpcache4j-api,,25,558963:httpcache4j-api/src/main/java/org/codehaus/httpcache4j/status.java,Status,Status_RBL4Test_095adb46,START,,
2026-07-23T14:04:37+00:00,class_agone_env,558963,httpcache4j-api,,25,558963:httpcache4j-api/src/main/java/org/codehaus/httpcache4j/status.java,Status,Status_RBL4Test_095adb46,PASS,,requested=1.8 selected_jdk=8 java_home=C:\Program Files\Java\jdk1.8.0_172
2026-07-23T14:04:46+00:00,toolchain,,,,25,558963:httpcache4j-api/src/main/java/org/codehaus/httpcache4j/status.java,,,PASS,,requested=1.8 selected_jdk=8 java_home=C:\Program Files\Java\jdk1.8.0_172
2026-07-23T14:05:58+00:00,evosuite_generate,558963,,evosuite,25,558963:httpcache4j-api/src/main/java/org/codehaus/httpcache4j/status.java,Status,,PASS,72.288,org.codehaus.httpcache4j.Status
2026-07-23T14:06:09+00:00,maven_verify_jacoco_pit,558963,httpcache4j-api,,25,558963:httpcache4j-api/src/main/java/org/codehaus/httpcache4j/status.java,,,PASS,10.868,-Dtest=org.codehaus.httpcache4j.Status_RBL4Test_095adb46
2026-07-23T14:06:30+00:00,maven_verify_jacoco_pit,558963,httpcache4j-api,,25,558963:httpcache4j-api/src/main/java/org/codehaus/httpcache4j/status.java,,,PASS,13.439,-Dtest=org.codehaus.httpcache4j.Status_RBL4Test_095adb46
2026-07-23T14:06:31+00:00,class_agone_run,558963,httpcache4j-api,,,,,,PASS,118.654,
2026-07-23T14:06:32+00:00,class_sandbox_start,60578004,elastic-jobx-core,,26,60578004:elastic-jobx-core/src/main/java/com/dangdang/ddframe/job/api/jobexecutionmultipleshardingcontext.java,JobExecutionMultipleShardingContext,JobExecutionMultipleShardingContext_RBL4Test_c6723af1,START,,
2026-07-23T14:06:50+00:00,class_agone_env,60578004,elastic-jobx-core,,26,60578004:elastic-jobx-core/src/main/java/com/dangdang/ddframe/job/api/jobexecutionmultipleshardingcontext.java,JobExecutionMultipleShardingContext,JobExecutionMultipleShardingContext_RBL4Test_c6723af1,PASS,,requested=1.6 selected_jdk=8 java_home=C:\Program Files\Java\jdk1.8.0_172
2026-07-23T14:06:59+00:00,toolchain,,,,26,60578004:elastic-jobx-core/src/main/java/com/dangdang/ddframe/job/api/jobexecutionmultipleshardingcontext.java,,,PASS,,requested=1.6 selected_jdk=8 java_home=C:\Program Files\Java\jdk1.8.0_172
2026-07-23T14:07:16+00:00,evosuite_generate,60578004,,evosuite,26,60578004:elastic-jobx-core/src/main/java/com/dangdang/ddframe/job/api/jobexecutionmultipleshardingcontext.java,JobExecutionMultipleShardingContext,,PASS,16.859,com.dangdang.ddframe.job.api.JobExecutionMultipleShardingContext
2026-07-23T14:07:40+00:00,maven_verify_jacoco_pit,60578004,elastic-jobx-core,,26,60578004:elastic-jobx-core/src/main/java/com/dangdang/ddframe/job/api/jobexecutionmultipleshardingcontext.java,,,PASS,24.061,-Dtest=com.dangdang.ddframe.job.api.JobExecutionMultipleShardingContext_RBL4Test_c6723af1
2026-07-23T14:08:08+00:00,maven_verify_jacoco_pit,60578004,elastic-jobx-core,,26,60578004:elastic-jobx-core/src/main/java/com/dangdang/ddframe/job/api/jobexecutionmultipleshardingcontext.java,,,PASS,22.341,-Dtest=com.dangdang.ddframe.job.api.JobExecutionMultipleShardingContext_RBL4Test_c6723af1
2026-07-23T14:08:09+00:00,class_agone_run,60578004,elastic-jobx-core,,,,,,PASS,97.913,
2026-07-23T14:08:10+00:00,class_sandbox_start,60578004,elastic-jobx-core,,27,60578004:elastic-jobx-core/src/main/java/com/dangdang/ddframe/job/internal/server/serverservice.java,ServerService,ServerService_RBL4Test_c34449d1,START,,
2026-07-23T14:08:15+00:00,class_agone_env,60578004,elastic-jobx-core,,27,60578004:elastic-jobx-core/src/main/java/com/dangdang/ddframe/job/internal/server/serverservice.java,ServerService,ServerService_RBL4Test_c34449d1,PASS,,requested=1.6 selected_jdk=8 java_home=C:\Program Files\Java\jdk1.8.0_172
2026-07-23T14:08:24+00:00,toolchain,,,,27,60578004:elastic-jobx-core/src/main/java/com/dangdang/ddframe/job/internal/server/serverservice.java,,,PASS,,requested=1.6 selected_jdk=8 java_home=C:\Program Files\Java\jdk1.8.0_172
2026-07-23T14:09:48+00:00,evosuite_generate,60578004,,evosuite,27,60578004:elastic-jobx-core/src/main/java/com/dangdang/ddframe/job/internal/server/serverservice.java,ServerService,,PASS,84.283,com.dangdang.ddframe.job.internal.server.ServerService
2026-07-23T14:10:11+00:00,maven_verify_jacoco_pit,60578004,elastic-jobx-core,,27,60578004:elastic-jobx-core/src/main/java/com/dangdang/ddframe/job/internal/server/serverservice.java,,,PASS,23.304,-Dtest=com.dangdang.ddframe.job.internal.server.ServerService_RBL4Test_c34449d1
2026-07-23T14:10:33+00:00,maven_verify_jacoco_pit,60578004,elastic-jobx-core,,27,60578004:elastic-jobx-core/src/main/java/com/dangdang/ddframe/job/internal/server/serverservice.java,,,FAIL,9.424,"The following compilation errors were encountered during the Maven build:

- 
- /D:/A_ThucNghiem/scripts_v2/workspaces/20260723_200230_8e3f9cb2/027_60578004_ServerService_c34449d1/compiledrepos/60578004/elastic-jobx-core/src/test/java/com/dangdang/ddframe/job/internal/server/ServerService_RBL4Test_c34449d1.java:[27,39] cannot find symbol
- symbol:   method getJobNodeStorage(java.lang.String)
- location: variable coordinatorRegistryCenter of type com.dangdang.ddframe.reg.base.CoordinatorRegistryCenter"
2026-07-23T14:10:34+00:00,class_agone_run,60578004,elastic-jobx-core,,,,,,PASS,144.539,
2026-07-23T14:10:34+00:00,class_sandbox_start,61565876,injector,,28,61565876:injector/src/main/java/ch/jalu/injector/handlers/dependency/typesafeannotationhandler.java,TypeSafeAnnotationHandler,TypeSafeAnnotationHandler_RBL4Test_35218d3d,START,,
2026-07-23T14:10:43+00:00,class_agone_env,61565876,injector,,28,61565876:injector/src/main/java/ch/jalu/injector/handlers/dependency/typesafeannotationhandler.java,TypeSafeAnnotationHandler,TypeSafeAnnotationHandler_RBL4Test_35218d3d,PASS,,requested=1.8 selected_jdk=8 java_home=C:\Program Files\Java\jdk1.8.0_172
2026-07-23T14:10:51+00:00,toolchain,,,,28,61565876:injector/src/main/java/ch/jalu/injector/handlers/dependency/typesafeannotationhandler.java,,,PASS,,requested=1.8 selected_jdk=8 java_home=C:\Program Files\Java\jdk1.8.0_172
2026-07-23T14:11:03+00:00,evosuite_generate,61565876,,evosuite,28,61565876:injector/src/main/java/ch/jalu/injector/handlers/dependency/typesafeannotationhandler.java,TypeSafeAnnotationHandler,,FAIL,12.693,".jupiter.api.DisplayNameGenerator$IndicativeSentences and org.junit.jupiter.api.DisplayNameGenerator$IndicativeSentences$SentenceFragment disagree on InnerClasses attribute
	at java.lang.Class.getDeclaringClass0(Native Method)
	at java.lang.Class.getDeclaringClass(Class.java:1235)
	at java.lang.Class.getEnclosingClass(Class.java:1277)
	at java.lang.Class.getSimpleBinaryName(Class.java:1443)
	at java.lang.Class.getSimpleName(Class.java:1309)
	at java.lang.Class.isAnonymousClass(Class.java:1411)
	at org.evosuite.setup.TestUsageChecker.canUse(TestUsageChecker.java:152)
	at org.evosuite.setup.ConcreteClassAnalyzer.tryReflection(ConcreteClassAnalyzer.java:253)
	at org.evosuite.setup.ConcreteClassAnalyzer.handleAbstractClassOrInterface(ConcreteClassAnalyzer.java:205)
	at org.evosuite.setup.ConcreteClassAnalyzer.computeConcreteClasses(ConcreteClassAnalyzer.java:108)
	at org.evosuite.setup.ConcreteClassAnalyzer.lambda$getConcreteClasses$0(ConcreteClassAnalyzer.java:89)
	at java.util.HashMap.computeIfAbsent(HashMap.java:1127)
	at org.evosuite.setup.ConcreteClassAnalyzer.getConcreteClasses(ConcreteClassAnalyzer.java:89)
	at org.evosuite.setup.TestClusterGenerator.addDependency(TestClusterGenerator.java:829)
	at org.evosuite.setup.TestClusterGenerator.addCastClassDependencyIfAccessible(TestClusterGenerator.java:267)
	at org.evosuite.setup.TestClusterGenerator.handleCastClasses(TestClusterGenerator.java:203)
	at org.evosuite.setup.TestClusterGenerator.generateCluster(TestClusterGenerator.java:116)
	at org.evosuite.setup.DependencyAnalysis.analyze(DependencyAnalysis.java:120)
	at org.evosuite.setup.DependencyAnalysis.analyzeClass(DependencyAnalysis.java:136)
	at org.evosuite.TestSuiteGenerator.initializeTargetClass(TestSuiteGenerator.java:114)
	at org.evosuite.TestSuiteGenerator.generateTestSuite(TestSuiteGenerator.java:135)
	at org.evosuite.rmi.service.ClientNodeImpl.lambda$startNewSearch$0(ClientNodeImpl.java:140)
	at java.util.concurrent.Executors$RunnableAdapter.call(Executors.java:511)
	at java.util.concurrent.FutureTask.run(FutureTask.java:266)
	at java.util.concurrent.ThreadPoolExecutor.runWorker(ThreadPoolExecutor.java:1149)
	at java.util.concurrent.ThreadPoolExecutor$Worker.run(ThreadPoolExecutor.java:624)
	at java.lang.Thread.run(Thread.java:748)
[MASTER] 21:11:03.797 [main] ERROR SearchStatistics - No statistics has been saved because EvoSuite failed to generate any test case
[MASTER] 21:11:03.905 [main] ERROR TestGeneration - failed to write statistics data"
2026-07-23T14:11:15+00:00,maven_verify_jacoco_pit,61565876,injector,,28,61565876:injector/src/main/java/ch/jalu/injector/handlers/dependency/typesafeannotationhandler.java,,,FAIL,4.735,"The following compilation errors were encountered during the Maven build:

- 
- /D:/A_ThucNghiem/scripts_v2/workspaces/20260723_200230_8e3f9cb2/028_61565876_TypeSafeAnnotationHandler_35218d3d/compiledrepos/61565876/injector/src/test/java/ch/jalu/injector/handlers/dependency/TypeSafeAnnotationHandler_RBL4Test_35218d3d.java:[36,13] cannot find symbol
- symbol:   class TestHandler
- location: class ch.jalu.injector.handlers.dependency.TypeSafeAnnotationHandler_RBL4Test_35218d3d
- /D:/A_ThucNghiem/scripts_v2/workspaces/20260723_200230_8e3f9cb2/028_61565876_TypeSafeAnnotationHandler_35218d3d/compiledrepos/61565876/injector/src/test/java/ch/jalu/injector/handlers/dependency/TypeSafeAnnotationHandler_RBL4Test_35218d3d.java:[23,13] class ch.jalu.injector.handlers.dependency.TypeSafeAnnotationHandler_RBL4Test_35218d3d is already defined in package ch.jalu.injector.handlers.dependency
- /D:/A_ThucNghiem/scripts_v2/workspaces/20260723_200230_8e3f9cb2/028_61565876_TypeSafeAnnotationHandler_35218d3d/compiledrepos/61565876/injector/src/test/java/ch/jalu/injector/handlers/dependency/TypeSafeAnnotationHandler_RBL4Test_35218d3d.java:[31,20] ch.jalu.injector.handlers.instantiation.Resolution is abstract; cannot be instantiated
- /D:/A_ThucNghiem/scripts_v2/workspaces/20260723_200230_8e3f9cb2/028_61565876_TypeSafeAnnotationHandler_35218d3d/compiledrepos/61565876/injector/src/test/java/ch/jalu/injector/handlers/dependency/TypeSafeAnnotationHandler_RBL4Test_35218d3d.java:[41,23] cannot find symbol
- symbol:   class TestHandler
- location: class ch.jalu.injector.handlers.dependency.TypeSafeAnnotationHandler_RBL4Test_35218d3d
- /D:/A_ThucNghiem/scripts_v2/workspaces/20260723_200230_8e3f9cb2/028_61565876_TypeSafeAnnotationHandler_35218d3d/compiledrepos/61565876/injector/src/test/java/ch/jalu/injector/handlers/dependency/TypeSafeAnnotationHandler_RBL4Test_35218d3d.java:[46,71] cannot find symbol
- symbol:   class Annotation
- location: class ch.jalu.injector.handlers.dependency.TypeSafeAnnotationHandler_RBL4Test_35218d3d
- /D:/A_ThucNghiem/scripts_v2/workspaces/20260723_200230_8e3f9cb2/028_61565876_TypeSafeAnnotationHandler_35218d3d/compiledrepos/61565876/injector/src/test/java/ch/jalu/injector/handlers/dependency/TypeSafeAnnotationHandler_RBL4Test_35218d3d.java:[46,105] <anonymous ch.jalu.injector.handlers.dependency.TypeSafeAnnotationHandler_RBL4Test_35218d3d$1> is not abstract and does not override abstract method annotationType() in java.lang.annotation.Annotation
- /D:/A_ThucNghiem/scripts_v2/workspaces/20260723_200230_8e3f9cb2/028_61565876_TypeSafeAnnotationHandler_35218d3d/compiledrepos/61565876/injector/src/test/java/ch/jalu/injector/handlers/dependency/TypeSafeAnnotationHandler_RBL4Test_35218d3d.java:[51,50] cannot find symbol
- symbol:   method getValue()
- location: variable resolution of type ch.jalu.injector.handlers.instantiation.Resolution<?>
- /D:/A_ThucNghiem/scripts_v2/workspaces/20260723_200230_8e3f9cb2/028_61565876_TypeSafeAnnotationHandler_35218d3d/compiledrepos/61565876/injector/src/test/java/ch/jalu/injector/handlers/dependency/TypeSafeAnnotationHandler_RBL4Test_35218d3d.java:[56,71] cannot find symbol
- symbol:   class Annotation
- location: class ch.jalu.injector.handlers.dependency.TypeSafeAnnotationHandler_RBL4Test_35218d3d
- /D:/A_ThucNghiem/scripts_v2/workspaces/20260723_200230_8e3f9cb2/028_61565876_TypeSafeAnnotationHandler_35218d3d/compiledrepos/61565876/injector/src/test/java/ch/jalu/injector/handlers/dependency/TypeSafeAnnotationHandler_RBL4Test_35218d3d.java:[67,10] interface not allowed here
- /D:/A_ThucNghiem/scripts_v2/workspaces/20260723_200230_8e3f9cb2/028_61565876_TypeSafeAnnotationHandler_35218d3d/compiledrepos/61565876/injector/src/test/java/ch/jalu/injector/handlers/dependency/TypeSafeAnnotationHandler_RBL4Test_35218d3d.java:[69,71] cannot find symbol
- symbol:   class Annotation
- location: class ch.jalu.injector.handlers.dependency.TypeSafeAnnotationHandler_RBL4Test_35218d3d
- /D:/A_ThucNghiem/scripts_v2/wo"
2026-07-23T14:11:15+00:00,class_agone_run,61565876,injector,,,,,,PASS,40.808,
2026-07-23T14:11:15+00:00,class_sandbox_start,61565876,injector,,29,61565876:injector/src/main/java/ch/jalu/injector/utils/injectorutils.java,InjectorUtils,InjectorUtils_RBL4Test_32d528d0,START,,
2026-07-23T14:11:19+00:00,class_agone_env,61565876,injector,,29,61565876:injector/src/main/java/ch/jalu/injector/utils/injectorutils.java,InjectorUtils,InjectorUtils_RBL4Test_32d528d0,PASS,,requested=1.8 selected_jdk=8 java_home=C:\Program Files\Java\jdk1.8.0_172
2026-07-23T14:11:27+00:00,toolchain,,,,29,61565876:injector/src/main/java/ch/jalu/injector/utils/injectorutils.java,,,PASS,,requested=1.8 selected_jdk=8 java_home=C:\Program Files\Java\jdk1.8.0_172
2026-07-23T14:12:40+00:00,evosuite_generate,61565876,,evosuite,29,61565876:injector/src/main/java/ch/jalu/injector/utils/injectorutils.java,InjectorUtils,,PASS,72.618,ch.jalu.injector.utils.InjectorUtils
2026-07-23T14:12:53+00:00,maven_verify_jacoco_pit,61565876,injector,,29,61565876:injector/src/main/java/ch/jalu/injector/utils/injectorutils.java,,,FAIL,12.591,"The following general errors were encountered during the Maven build:

- Failed to execute goal org.pitest:pitest-maven:1.16.0:mutationCoverage (default-cli) on project injector: Execution default-cli of goal org.pitest:pitest-maven:1.16.0:mutationCoverage failed: Coverage generation minion exited abnormally! (UNKNOWN_ERROR)
- 
- Please copy and paste the information and the complete stacktrace below when reporting an issue
- VM : Java HotSpot(TM) 64-Bit Server VM
- Vendor : Oracle Corporation
- Version : 25.172-b11
- Uptime : 11480
- Input ->
- 1 : -Dclassworlds.conf=C:\Program Files\Apache\maven\bin\m2.conf
- 2 : -Dmaven.home=C:\Program Files\Apache\maven
- 3 : -Dlibrary.jansi.path=C:\Program Files\Apache\maven\lib\jansi-native
- 4 : -Dmaven.multiModuleProjectDirectory=D:\A_ThucNghiem\scripts_v2\workspaces\20260723_200230_8e3f9cb2\029_61565876_InjectorUtils_32d528d0\compiledrepos\61565876\injector
- BootClassPathSupported : true
- 
- 
- Please copy and paste the information and the complete stacktrace below when reporting an issue
- VM : Java HotSpot(TM) 64-Bit Server VM
- Vendor : Oracle Corporation
- Version : 25.172-b11
- Uptime : 11481
- Input ->
- 1 : -Dclassworlds.conf=C:\Program Files\Apache\maven\bin\m2.conf
- 2 : -Dmaven.home=C:\Program Files\Apache\maven
- 3 : -Dlibrary.jansi.path=C:\Program Files\Apache\maven\lib\jansi-native
- 4 : -Dmaven.multiModuleProjectDirectory=D:\A_ThucNghiem\scripts_v2\workspaces\20260723_200230_8e3f9cb2\029_61565876_InjectorUtils_32d528d0\compiledrepos\61565876\injector
- BootClassPathSupported : true
- 
- -> [Help 1]
- 
- To see the full stack trace of the errors, re-run Maven with the -e switch.
- Re-run Maven using the -X switch to enable full debug logging.
- 
- For more information about the errors and possible solutions, please read the following articles:
- [Help 1] http://cwiki.apache.org/confluence/display/MAVEN/PluginExecutionException"
2026-07-23T14:13:10+00:00,maven_verify_jacoco_pit,61565876,injector,,29,61565876:injector/src/main/java/ch/jalu/injector/utils/injectorutils.java,,,FAIL,8.428,"The following general errors were encountered during the Maven build:

- Failed to execute goal org.pitest:pitest-maven:1.16.0:mutationCoverage (default-cli) on project injector: Execution default-cli of goal org.pitest:pitest-maven:1.16.0:mutationCoverage failed: Coverage generation minion exited abnormally! (UNKNOWN_ERROR)
- 
- Please copy and paste the information and the complete stacktrace below when reporting an issue
- VM : Java HotSpot(TM) 64-Bit Server VM
- Vendor : Oracle Corporation
- Version : 25.172-b11
- Uptime : 7718
- Input ->
- 1 : -Dclassworlds.conf=C:\Program Files\Apache\maven\bin\m2.conf
- 2 : -Dmaven.home=C:\Program Files\Apache\maven
- 3 : -Dlibrary.jansi.path=C:\Program Files\Apache\maven\lib\jansi-native
- 4 : -Dmaven.multiModuleProjectDirectory=D:\A_ThucNghiem\scripts_v2\workspaces\20260723_200230_8e3f9cb2\029_61565876_InjectorUtils_32d528d0\compiledrepos\61565876\injector
- BootClassPathSupported : true
- 
- 
- Please copy and paste the information and the complete stacktrace below when reporting an issue
- VM : Java HotSpot(TM) 64-Bit Server VM
- Vendor : Oracle Corporation
- Version : 25.172-b11
- Uptime : 7718
- Input ->
- 1 : -Dclassworlds.conf=C:\Program Files\Apache\maven\bin\m2.conf
- 2 : -Dmaven.home=C:\Program Files\Apache\maven
- 3 : -Dlibrary.jansi.path=C:\Program Files\Apache\maven\lib\jansi-native
- 4 : -Dmaven.multiModuleProjectDirectory=D:\A_ThucNghiem\scripts_v2\workspaces\20260723_200230_8e3f9cb2\029_61565876_InjectorUtils_32d528d0\compiledrepos\61565876\injector
- BootClassPathSupported : true
- 
- -> [Help 1]
- 
- To see the full stack trace of the errors, re-run Maven with the -e switch.
- Re-run Maven using the -X switch to enable full debug logging.
- 
- For more information about the errors and possible solutions, please read the following articles:
- [Help 1] http://cwiki.apache.org/confluence/display/MAVEN/PluginExecutionException"
2026-07-23T14:13:11+00:00,class_agone_run,61565876,injector,,,,,,PASS,115.443,
2026-07-23T14:13:11+00:00,class_sandbox_start,6293402,server,,30,6293402:server/src/main/java/com/vaadin/data/provider/listdataprovider.java,ListDataProvider,ListDataProvider_RBL4Test_d31191e9,START,,
2026-07-23T14:17:48+00:00,class_agone_env,6293402,server,,30,6293402:server/src/main/java/com/vaadin/data/provider/listdataprovider.java,ListDataProvider,ListDataProvider_RBL4Test_d31191e9,PASS,,requested=1.8 selected_jdk=8 java_home=C:\Program Files\Java\jdk1.8.0_172
2026-07-23T14:17:57+00:00,toolchain,,,,30,6293402:server/src/main/java/com/vaadin/data/provider/listdataprovider.java,,,PASS,,requested=1.8 selected_jdk=8 java_home=C:\Program Files\Java\jdk1.8.0_172
2026-07-23T14:18:08+00:00,maven_verify_jacoco_pit,6293402,server,,30,6293402:server/src/main/java/com/vaadin/data/provider/listdataprovider.java,,,FAIL,1.747,"The following general errors were encountered during the Maven build:

- Some problems were encountered while processing the POMs:
- [FATAL] Non-parseable POM D:\A_ThucNghiem\scripts_v2\workspaces\20260723_200230_8e3f9cb2\030_6293402_ListDataProvider_d31191e9\compiledrepos\6293402\server\pom.xml: Duplicated tag: 'build' (position: START_TAG seen ...</pluginManagement>\n    </build>\n\n<build>... @316:8)  @ line 316, column 8
- @
- The build could not read 1 project -> [Help 1]
- 
- The project  (D:\A_ThucNghiem\scripts_v2\workspaces\20260723_200230_8e3f9cb2\030_6293402_ListDataProvider_d31191e9\compiledrepos\6293402\server\pom.xml) has 1 error
- Non-parseable POM D:\A_ThucNghiem\scripts_v2\workspaces\20260723_200230_8e3f9cb2\030_6293402_ListDataProvider_d31191e9\compiledrepos\6293402\server\pom.xml: Duplicated tag: 'build' (position: START_TAG seen ...</pluginManagement>\n    </build>\n\n<build>... @316:8)  @ line 316, column 8 -> [Help 2]
- 
- To see the full stack trace of the errors, re-run Maven with the -e switch.
- Re-run Maven using the -X switch to enable full debug logging.
- 
- For more information about the errors and possible solutions, please read the following articles:
- [Help 1] http://cwiki.apache.org/confluence/display/MAVEN/ProjectBuildingException
- [Help 2] http://cwiki.apache.org/confluence/display/MAVEN/ModelParseException"
2026-07-23T14:18:09+00:00,class_agone_run,6293402,server,,,,,,PASS,298.099,
2026-07-23T14:18:09+00:00,class_sandbox_start,6293402,server,,31,6293402:server/src/main/java/com/vaadin/util/currentinstance.java,CurrentInstance,CurrentInstance_RBL4Test_2f6a5671,START,,
2026-07-23T14:18:27+00:00,class_agone_env,6293402,server,,31,6293402:server/src/main/java/com/vaadin/util/currentinstance.java,CurrentInstance,CurrentInstance_RBL4Test_2f6a5671,PASS,,requested=1.8 selected_jdk=8 java_home=C:\Program Files\Java\jdk1.8.0_172
2026-07-23T14:18:36+00:00,toolchain,,,,31,6293402:server/src/main/java/com/vaadin/util/currentinstance.java,,,PASS,,requested=1.8 selected_jdk=8 java_home=C:\Program Files\Java\jdk1.8.0_172
2026-07-23T14:18:46+00:00,maven_verify_jacoco_pit,6293402,server,,31,6293402:server/src/main/java/com/vaadin/util/currentinstance.java,,,FAIL,1.906,"The following general errors were encountered during the Maven build:

- Some problems were encountered while processing the POMs:
- [FATAL] Non-parseable POM D:\A_ThucNghiem\scripts_v2\workspaces\20260723_200230_8e3f9cb2\031_6293402_CurrentInstance_2f6a5671\compiledrepos\6293402\server\pom.xml: Duplicated tag: 'build' (position: START_TAG seen ...</pluginManagement>\n    </build>\n\n<build>... @316:8)  @ line 316, column 8
- @
- The build could not read 1 project -> [Help 1]
- 
- The project  (D:\A_ThucNghiem\scripts_v2\workspaces\20260723_200230_8e3f9cb2\031_6293402_CurrentInstance_2f6a5671\compiledrepos\6293402\server\pom.xml) has 1 error
- Non-parseable POM D:\A_ThucNghiem\scripts_v2\workspaces\20260723_200230_8e3f9cb2\031_6293402_CurrentInstance_2f6a5671\compiledrepos\6293402\server\pom.xml: Duplicated tag: 'build' (position: START_TAG seen ...</pluginManagement>\n    </build>\n\n<build>... @316:8)  @ line 316, column 8 -> [Help 2]
- 
- To see the full stack trace of the errors, re-run Maven with the -e switch.
- Re-run Maven using the -X switch to enable full debug logging.
- 
- For more information about the errors and possible solutions, please read the following articles:
- [Help 1] http://cwiki.apache.org/confluence/display/MAVEN/ProjectBuildingException
- [Help 2] http://cwiki.apache.org/confluence/display/MAVEN/ModelParseException"
2026-07-23T14:18:47+00:00,class_agone_run,6293402,server,,,,,,PASS,37.753,
2026-07-23T14:18:47+00:00,class_sandbox_start,6437134,enav-model,,32,6437134:enav-model/src/main/java/dk/dma/enav/safety/safetyzones.java,SafetyZones,SafetyZones_RBL4Test_d088ee82,START,,
2026-07-23T14:18:50+00:00,maven_reactor_prewarm,6437134,enav-model,,32,6437134:enav-model/src/main/java/dk/dma/enav/safety/safetyzones.java,SafetyZones,,START,,prewarm reactor dependencies for -pl enav-model
2026-07-23T14:18:57+00:00,maven_reactor_prewarm,6437134,enav-model,,32,6437134:enav-model/src/main/java/dk/dma/enav/safety/safetyzones.java,SafetyZones,,PASS,7.035,"l to C:\Users\admin\.m2\repository\dk\dma\enav\enav-parent\0.6-SNAPSHOT\enav-parent-0.6-SNAPSHOT.pom
[INFO] 
[INFO] -----------------------< dk.dma.enav:enav-util >------------------------
[INFO] Building eNav Util 0.6-SNAPSHOT                                    [2/3]
[INFO]   from enav-util\pom.xml
[INFO] --------------------------------[ jar ]---------------------------------
[INFO] 
[INFO] --- enforcer:3.0.0-M2:enforce (enforce-maven) @ enav-util ---
[INFO] Skipping Rule Enforcement.
[INFO] 
[INFO] --- resources:3.4.0:resources (default-resources) @ enav-util ---
[INFO] skip non existing resourceDirectory D:\A_ThucNghiem\scripts_v2\workspaces\20260723_200230_8e3f9cb2\032_6437134_SafetyZones_d088ee82\compiledrepos\6437134\enav-util\src\main\resources
[INFO] 
[INFO] --- compiler:3.1:compile (default-compile) @ enav-util ---
[INFO] Changes detected - recompiling the module!
[INFO] Compiling 8 source files to D:\A_ThucNghiem\scripts_v2\workspaces\20260723_200230_8e3f9cb2\032_6437134_SafetyZones_d088ee82\compiledrepos\6437134\enav-util\target\classes
[INFO] 
[INFO] --- resources:3.4.0:testResources (default-testResources) @ enav-util ---
[INFO] Not copying test resources
[INFO] 
[INFO] --- compiler:3.1:testCompile (default-testCompile) @ enav-util ---
[INFO] Not compiling test sources
[INFO] 
[INFO] --- surefire:2.16:test (default-test) @ enav-util ---
[INFO] Tests are skipped.
[INFO] 
[INFO] --- jar:3.0.2:jar (default-jar) @ enav-util ---
[INFO] Building jar: D:\A_ThucNghiem\scripts_v2\workspaces\20260723_200230_8e3f9cb2\032_6437134_SafetyZones_d088ee82\compiledrepos\6437134\enav-util\target\enav-util-0.6-SNAPSHOT.jar
[INFO] 
[INFO] --- install:2.5.2:install (default-install) @ enav-util ---
[INFO] Installing D:\A_ThucNghiem\scripts_v2\workspaces\20260723_200230_8e3f9cb2\032_6437134_SafetyZones_d088ee82\compiledrepos\6437134\enav-util\target\enav-util-0.6-SNAPSHOT.jar to C:\Users\admin\.m2\repository\dk\dma\enav\enav-util\0.6-SNAPSHOT\enav-util-0.6-SNAPSHOT.jar
[INFO] Installing D:\A_ThucNghiem\scripts_v2\workspaces\20260723_200230_8e3f9cb2\032_6437134_SafetyZones_d088ee82\compiledrepos\6437134\enav-util\pom.xml to C:\Users\admin\.m2\repository\dk\dma\enav\enav-util\0.6-SNAPSHOT\enav-util-0.6-SNAPSHOT.pom
[INFO] 
[INFO] -----------------------< dk.dma.enav:enav-model >-----------------------
[INFO] Building eNav Model 0.6-SNAPSHOT                                   [3/3]
[INFO]   from enav-model\pom.xml
[INFO] --------------------------------[ jar ]---------------------------------
[INFO] 
[INFO] --- enforcer:3.0.0-M2:enforce (enforce-maven) @ enav-model ---
[INFO] Skipping Rule Enforcement.
[INFO] 
[INFO] --- resources:3.4.0:resources (default-resources) @ enav-model ---
[INFO] Copying 1 resource from src\main\resources to target\classes
[INFO] 
[INFO] --- compiler:3.1:compile (default-compile) @ enav-model ---
[INFO] Changes detected - recompiling the module!
[INFO] Compiling 64 source files to D:\A_ThucNghiem\scripts_v2\workspaces\20260723_200230_8e3f9cb2\032_6437134_SafetyZones_d088ee82\compiledrepos\6437134\enav-model\target\classes
[INFO] 
[INFO] --- resources:3.4.0:testResources (default-testResources) @ enav-model ---
[INFO] Not copying test resources
[INFO] 
[INFO] --- compiler:3.1:testCompile (default-testCompile) @ enav-model ---
[INFO] Not compiling test sources
[INFO] 
[INFO] --- surefire:2.16:test (default-test) @ enav-model ---
[INFO] Tests are skipped.
[INFO] 
[INFO] --- jar:3.0.2:jar (default-jar) @ enav-model ---
[INFO] Building jar: D:\A_ThucNghiem\scripts_v2\workspaces\20260723_200230_8e3f9cb2\032_6437134_SafetyZones_d088ee82\compiledrepos\6437134\enav-model\target\enav-model-0.6-SNAPSHOT.jar
[INFO] 
[INFO] --- install:2.5.2:install (default-install) @ enav-model ---
[INFO] Installing D:\A_ThucNghiem\scripts_v2\workspaces\20260723_200230_8e3f9cb2\032_6437134_SafetyZones_d088ee82\compiledrepos\6437134\enav-model\target\enav-model-0.6-SNAPSHOT.jar to C:\Users\admin\.m2\repository\dk\dma\enav\enav-model\0.6-SNAP"
2026-07-23T14:19:00+00:00,class_agone_env,6437134,enav-model,,32,6437134:enav-model/src/main/java/dk/dma/enav/safety/safetyzones.java,SafetyZones,SafetyZones_RBL4Test_d088ee82,PASS,,requested=1.8 selected_jdk=8 java_home=C:\Program Files\Java\jdk1.8.0_172
2026-07-23T14:19:09+00:00,toolchain,,,,32,6437134:enav-model/src/main/java/dk/dma/enav/safety/safetyzones.java,,,PASS,,requested=1.8 selected_jdk=8 java_home=C:\Program Files\Java\jdk1.8.0_172
2026-07-23T14:19:21+00:00,evosuite_generate,6437134,,evosuite,32,6437134:enav-model/src/main/java/dk/dma/enav/safety/safetyzones.java,SafetyZones,,PASS,12.516,dk.dma.enav.safety.SafetyZones
2026-07-23T14:19:31+00:00,maven_verify_jacoco_pit,6437134,enav-model,,32,6437134:enav-model/src/main/java/dk/dma/enav/safety/safetyzones.java,,,PASS,9.78,-Dtest=dk.dma.enav.safety.SafetyZones_RBL4Test_d088ee82
2026-07-23T14:19:45+00:00,maven_verify_jacoco_pit,6437134,enav-model,,32,6437134:enav-model/src/main/java/dk/dma/enav/safety/safetyzones.java,,,FAIL,5.165,"The following compilation errors were encountered during the Maven build:

- 
- /D:/A_ThucNghiem/scripts_v2/workspaces/20260723_200230_8e3f9cb2/032_6437134_SafetyZones_d088ee82/compiledrepos/6437134/enav-model/src/test/java/dk/dma/enav/safety/SafetyZones_RBL4Test_d088ee82.java:[12,29] Position(double,double) is not public in dk.dma.enav.model.geometry.Position; cannot be accessed from outside package
- /D:/A_ThucNghiem/scripts_v2/workspaces/20260723_200230_8e3f9cb2/032_6437134_SafetyZones_d088ee82/compiledrepos/6437134/enav-model/src/test/java/dk/dma/enav/safety/SafetyZones_RBL4Test_d088ee82.java:[21,42] cannot find symbol
- symbol:   method getSemiMajorAxis()
- location: variable ellipse of type dk.dma.enav.model.geometry.Ellipse
- /D:/A_ThucNghiem/scripts_v2/workspaces/20260723_200230_8e3f9cb2/032_6437134_SafetyZones_d088ee82/compiledrepos/6437134/enav-model/src/test/java/dk/dma/enav/safety/SafetyZones_RBL4Test_d088ee82.java:[22,42] cannot find symbol
- symbol:   method getSemiMinorAxis()
- location: variable ellipse of type dk.dma.enav.model.geometry.Ellipse
- /D:/A_ThucNghiem/scripts_v2/workspaces/20260723_200230_8e3f9cb2/032_6437134_SafetyZones_d088ee82/compiledrepos/6437134/enav-model/src/test/java/dk/dma/enav/safety/SafetyZones_RBL4Test_d088ee82.java:[27,38] Position(double,double) is not public in dk.dma.enav.model.geometry.Position; cannot be accessed from outside package
- /D:/A_ThucNghiem/scripts_v2/workspaces/20260723_200230_8e3f9cb2/032_6437134_SafetyZones_d088ee82/compiledrepos/6437134/enav-model/src/test/java/dk/dma/enav/safety/SafetyZones_RBL4Test_d088ee82.java:[28,29] Position(double,double) is not public in dk.dma.enav.model.geometry.Position; cannot be accessed from outside package
- /D:/A_ThucNghiem/scripts_v2/workspaces/20260723_200230_8e3f9cb2/032_6437134_SafetyZones_d088ee82/compiledrepos/6437134/enav-model/src/test/java/dk/dma/enav/safety/SafetyZones_RBL4Test_d088ee82.java:[38,27] cannot find symbol
- symbol:   method getSemiMajorAxis()
- location: variable ellipse of type dk.dma.enav.model.geometry.Ellipse
- /D:/A_ThucNghiem/scripts_v2/workspaces/20260723_200230_8e3f9cb2/032_6437134_SafetyZones_d088ee82/compiledrepos/6437134/enav-model/src/test/java/dk/dma/enav/safety/SafetyZones_RBL4Test_d088ee82.java:[39,27] cannot find symbol
- symbol:   method getSemiMinorAxis()
- location: variable ellipse of type dk.dma.enav.model.geometry.Ellipse
- /D:/A_ThucNghiem/scripts_v2/workspaces/20260723_200230_8e3f9cb2/032_6437134_SafetyZones_d088ee82/compiledrepos/6437134/enav-model/src/test/java/dk/dma/enav/safety/SafetyZones_RBL4Test_d088ee82.java:[44,38] Position(double,double) is not public in dk.dma.enav.model.geometry.Position; cannot be accessed from outside package
- /D:/A_ThucNghiem/scripts_v2/workspaces/20260723_200230_8e3f9cb2/032_6437134_SafetyZones_d088ee82/compiledrepos/6437134/enav-model/src/test/java/dk/dma/enav/safety/SafetyZones_RBL4Test_d088ee82.java:[45,29] Position(double,double) is not public in dk.dma.enav.model.geometry.Position; cannot be accessed from outside package
- /D:/A_ThucNghiem/scripts_v2/workspaces/20260723_200230_8e3f9cb2/032_6437134_SafetyZones_d088ee82/compiledrepos/6437134/enav-model/src/test/java/dk/dma/enav/safety/SafetyZones_RBL4Test_d088ee82.java:[57,47] cannot find symbol
- symbol:   method getSemiMajorAxis()
- location: variable ellipse of type dk.dma.enav.model.geometry.Ellipse
- /D:/A_ThucNghiem/scripts_v2/workspaces/20260723_200230_8e3f9cb2/032_6437134_SafetyZones_d088ee82/compiledrepos/6437134/enav-model/src/test/java/dk/dma/enav/safety/SafetyZones_RBL4Test_d088ee82.java:[58,47] cannot find symbol
- symbol:   method getSemiMinorAxis()
- location: variable ellipse of type dk.dma.enav.model.geometry.Ellipse"
2026-07-23T14:19:46+00:00,class_agone_run,6437134,enav-model,,,,,,PASS,59.27,
2026-07-23T14:19:46+00:00,class_sandbox_start,6437134,enav-model,,33,6437134:enav-model/src/main/java/dk/dma/enav/model/geometry/positiontime.java,PositionTime,PositionTime_RBL4Test_e9d79346,START,,
2026-07-23T14:19:50+00:00,class_agone_env,6437134,enav-model,,33,6437134:enav-model/src/main/java/dk/dma/enav/model/geometry/positiontime.java,PositionTime,PositionTime_RBL4Test_e9d79346,PASS,,requested=1.8 selected_jdk=8 java_home=C:\Program Files\Java\jdk1.8.0_172
2026-07-23T14:19:58+00:00,toolchain,,,,33,6437134:enav-model/src/main/java/dk/dma/enav/model/geometry/positiontime.java,,,PASS,,requested=1.8 selected_jdk=8 java_home=C:\Program Files\Java\jdk1.8.0_172
2026-07-23T14:20:11+00:00,evosuite_generate,6437134,,evosuite,33,6437134:enav-model/src/main/java/dk/dma/enav/model/geometry/positiontime.java,PositionTime,,PASS,12.582,dk.dma.enav.model.geometry.PositionTime
2026-07-23T14:20:21+00:00,maven_verify_jacoco_pit,6437134,enav-model,,33,6437134:enav-model/src/main/java/dk/dma/enav/model/geometry/positiontime.java,,,PASS,9.947,-Dtest=dk.dma.enav.model.geometry.PositionTime_RBL4Test_e9d79346
2026-07-23T14:20:42+00:00,maven_verify_jacoco_pit,6437134,enav-model,,33,6437134:enav-model/src/main/java/dk/dma/enav/model/geometry/positiontime.java,,,PASS,10.845,-Dtest=dk.dma.enav.model.geometry.PositionTime_RBL4Test_e9d79346
2026-07-23T14:20:44+00:00,class_agone_run,6437134,enav-model,,,,,,PASS,58.138,
2026-07-23T14:20:45+00:00,class_sandbox_start,64487983,bridge,,34,64487983:bridge/src/main/java/com/iluwatar/bridge/app.java,App,App_RBL4Test_58f65afc,START,,
2026-07-23T14:21:21+00:00,class_agone_env,64487983,bridge,,34,64487983:bridge/src/main/java/com/iluwatar/bridge/app.java,App,App_RBL4Test_58f65afc,PASS,,requested=1.8 selected_jdk=8 java_home=C:\Program Files\Java\jdk1.8.0_172
2026-07-23T14:21:30+00:00,toolchain,,,,34,64487983:bridge/src/main/java/com/iluwatar/bridge/app.java,,,PASS,,requested=1.8 selected_jdk=8 java_home=C:\Program Files\Java\jdk1.8.0_172
2026-07-23T14:21:43+00:00,evosuite_generate,64487983,,evosuite,34,64487983:bridge/src/main/java/com/iluwatar/bridge/app.java,App,,PASS,12.298,com.iluwatar.bridge.App
2026-07-23T14:21:55+00:00,maven_verify_jacoco_pit,64487983,bridge,,34,64487983:bridge/src/main/java/com/iluwatar/bridge/app.java,,,PASS,12.418,-Dtest=com.iluwatar.bridge.App_RBL4Test_58f65afc
2026-07-23T14:22:09+00:00,maven_verify_jacoco_pit,64487983,bridge,,34,64487983:bridge/src/main/java/com/iluwatar/bridge/app.java,,,PASS,10.434,-Dtest=com.iluwatar.bridge.App_RBL4Test_58f65afc
2026-07-23T14:22:11+00:00,class_agone_run,64487983,bridge,,,,,,PASS,86.476,
2026-07-23T14:22:11+00:00,class_sandbox_start,64487983,hexagonal,,35,64487983:hexagonal/src/main/java/com/iluwatar/hexagonal/domain/lotteryticket.java,LotteryTicket,LotteryTicket_RBL4Test_81d1374a,START,,
2026-07-23T14:22:17+00:00,class_agone_env,64487983,hexagonal,,35,64487983:hexagonal/src/main/java/com/iluwatar/hexagonal/domain/lotteryticket.java,LotteryTicket,LotteryTicket_RBL4Test_81d1374a,PASS,,requested=1.8 selected_jdk=8 java_home=C:\Program Files\Java\jdk1.8.0_172
2026-07-23T14:22:26+00:00,toolchain,,,,35,64487983:hexagonal/src/main/java/com/iluwatar/hexagonal/domain/lotteryticket.java,,,PASS,,requested=1.8 selected_jdk=8 java_home=C:\Program Files\Java\jdk1.8.0_172
2026-07-23T14:22:39+00:00,evosuite_generate,64487983,,evosuite,35,64487983:hexagonal/src/main/java/com/iluwatar/hexagonal/domain/lotteryticket.java,LotteryTicket,,PASS,12.586,com.iluwatar.hexagonal.domain.LotteryTicket
2026-07-23T14:22:50+00:00,maven_verify_jacoco_pit,64487983,hexagonal,,35,64487983:hexagonal/src/main/java/com/iluwatar/hexagonal/domain/lotteryticket.java,,,PASS,10.878,-Dtest=com.iluwatar.hexagonal.domain.LotteryTicket_RBL4Test_81d1374a
2026-07-23T14:22:59+00:00,maven_verify_jacoco_pit,64487983,hexagonal,,35,64487983:hexagonal/src/main/java/com/iluwatar/hexagonal/domain/lotteryticket.java,,,FAIL,4.731,"The following compilation errors were encountered during the Maven build:

- 
- /D:/A_ThucNghiem/scripts_v2/workspaces/20260723_200230_8e3f9cb2/035_64487983_LotteryTicket_81d1374a/compiledrepos/64487983/hexagonal/src/test/java/com/iluwatar/hexagonal/domain/LotteryTicket_RBL4Test_81d1374a.java:[11,39] constructor PlayerDetails in class com.iluwatar.hexagonal.domain.PlayerDetails cannot be applied to given types;
- required: java.lang.String,java.lang.String,java.lang.String
- found: java.lang.String,java.lang.String
- reason: actual and formal argument lists differ in length
- /D:/A_ThucNghiem/scripts_v2/workspaces/20260723_200230_8e3f9cb2/035_64487983_LotteryTicket_81d1374a/compiledrepos/64487983/hexagonal/src/test/java/com/iluwatar/hexagonal/domain/LotteryTicket_RBL4Test_81d1374a.java:[12,60] incompatible types: int[] cannot be converted to java.util.Set<java.lang.Integer>
- /D:/A_ThucNghiem/scripts_v2/workspaces/20260723_200230_8e3f9cb2/035_64487983_LotteryTicket_81d1374a/compiledrepos/64487983/hexagonal/src/test/java/com/iluwatar/hexagonal/domain/LotteryTicket_RBL4Test_81d1374a.java:[23,40] constructor PlayerDetails in class com.iluwatar.hexagonal.domain.PlayerDetails cannot be applied to given types;
- required: java.lang.String,java.lang.String,java.lang.String
- found: java.lang.String,java.lang.String
- reason: actual and formal argument lists differ in length
- /D:/A_ThucNghiem/scripts_v2/workspaces/20260723_200230_8e3f9cb2/035_64487983_LotteryTicket_81d1374a/compiledrepos/64487983/hexagonal/src/test/java/com/iluwatar/hexagonal/domain/LotteryTicket_RBL4Test_81d1374a.java:[24,61] incompatible types: int[] cannot be converted to java.util.Set<java.lang.Integer>
- /D:/A_ThucNghiem/scripts_v2/workspaces/20260723_200230_8e3f9cb2/035_64487983_LotteryTicket_81d1374a/compiledrepos/64487983/hexagonal/src/test/java/com/iluwatar/hexagonal/domain/LotteryTicket_RBL4Test_81d1374a.java:[27,40] constructor PlayerDetails in class com.iluwatar.hexagonal.domain.PlayerDetails cannot be applied to given types;
- required: java.lang.String,java.lang.String,java.lang.String
- found: java.lang.String,java.lang.String
- reason: actual and formal argument lists differ in length
- /D:/A_ThucNghiem/scripts_v2/workspaces/20260723_200230_8e3f9cb2/035_64487983_LotteryTicket_81d1374a/compiledrepos/64487983/hexagonal/src/test/java/com/iluwatar/hexagonal/domain/LotteryTicket_RBL4Test_81d1374a.java:[28,61] incompatible types: int[] cannot be converted to java.util.Set<java.lang.Integer>
- /D:/A_ThucNghiem/scripts_v2/workspaces/20260723_200230_8e3f9cb2/035_64487983_LotteryTicket_81d1374a/compiledrepos/64487983/hexagonal/src/test/java/com/iluwatar/hexagonal/domain/LotteryTicket_RBL4Test_81d1374a.java:[34,40] constructor PlayerDetails in class com.iluwatar.hexagonal.domain.PlayerDetails cannot be applied to given types;
- required: java.lang.String,java.lang.String,java.lang.String
- found: java.lang.String,java.lang.String
- reason: actual and formal argument lists differ in length
- /D:/A_ThucNghiem/scripts_v2/workspaces/20260723_200230_8e3f9cb2/035_64487983_LotteryTicket_81d1374a/compiledrepos/64487983/hexagonal/src/test/java/com/iluwatar/hexagonal/domain/LotteryTicket_RBL4Test_81d1374a.java:[35,61] incompatible types: int[] cannot be converted to java.util.Set<java.lang.Integer>"
2026-07-23T14:23:01+00:00,class_agone_run,64487983,hexagonal,,,,,,PASS,49.505,
2026-07-23T14:23:01+00:00,class_sandbox_start,66303306,event,,36,66303306:event/src/main/java/com/bazaarvoice/emodb/event/db/astyanax/defaultslaballocator.java,DefaultSlabAllocator,DefaultSlabAllocator_RBL4Test_b8c57976,START,,
2026-07-23T14:23:48+00:00,maven_reactor_prewarm,66303306,event,,36,66303306:event/src/main/java/com/bazaarvoice/emodb/event/db/astyanax/defaultslaballocator.java,DefaultSlabAllocator,,START,,prewarm reactor dependencies for -pl event
2026-07-23T14:24:22+00:00,maven_reactor_prewarm,66303306,event,,36,66303306:event/src/main/java/com/bazaarvoice/emodb/event/db/astyanax/defaultslaballocator.java,DefaultSlabAllocator,,PASS,34.374,"modb/event/db/astyanax/AstyanaxEventReaderDAO.java:[519,29] propagate(java.lang.Throwable) in com.google.common.base.Throwables has been deprecated
[WARNING] /D:/A_ThucNghiem/scripts_v2/workspaces/20260723_200230_8e3f9cb2/036_66303306_DefaultSlabAllocator_b8c57976/compiledrepos/66303306/event/src/main/java/com/bazaarvoice/emodb/event/owner/OstrichOwnerGroup.java:[139,33] propagate(java.lang.Throwable) in com.google.common.base.Throwables has been deprecated
[WARNING] /D:/A_ThucNghiem/scripts_v2/workspaces/20260723_200230_8e3f9cb2/036_66303306_DefaultSlabAllocator_b8c57976/compiledrepos/66303306/event/src/main/java/com/bazaarvoice/emodb/event/owner/OstrichOwnerGroup.java:[146,20] unchecked cast
  required: T
  found:    com.google.common.util.concurrent.Service
[WARNING] /D:/A_ThucNghiem/scripts_v2/workspaces/20260723_200230_8e3f9cb2/036_66303306_DefaultSlabAllocator_b8c57976/compiledrepos/66303306/event/src/main/java/com/bazaarvoice/emodb/event/owner/OstrichOwnerGroup.java:[165,50] unchecked cast
  required: T
  found:    com.google.common.util.concurrent.Service
[WARNING] /D:/A_ThucNghiem/scripts_v2/workspaces/20260723_200230_8e3f9cb2/036_66303306_DefaultSlabAllocator_b8c57976/compiledrepos/66303306/event/src/main/java/com/bazaarvoice/emodb/event/core/ClosedClaimSetException.java:[3,8] serializable class com.bazaarvoice.emodb.event.core.ClosedClaimSetException has no definition of serialVersionUID
[WARNING] /D:/A_ThucNghiem/scripts_v2/workspaces/20260723_200230_8e3f9cb2/036_66303306_DefaultSlabAllocator_b8c57976/compiledrepos/66303306/event/src/main/java/com/bazaarvoice/emodb/sortedq/db/astyanax/AstyanaxQueueDAO.java:[233,29] propagate(java.lang.Throwable) in com.google.common.base.Throwables has been deprecated
[WARNING] /D:/A_ThucNghiem/scripts_v2/workspaces/20260723_200230_8e3f9cb2/036_66303306_DefaultSlabAllocator_b8c57976/compiledrepos/66303306/event/src/main/java/com/bazaarvoice/emodb/event/db/astyanax/AstyanaxManifestPersister.java:[131,29] propagate(java.lang.Throwable) in com.google.common.base.Throwables has been deprecated
[WARNING] /D:/A_ThucNghiem/scripts_v2/workspaces/20260723_200230_8e3f9cb2/036_66303306_DefaultSlabAllocator_b8c57976/compiledrepos/66303306/event/src/main/java/com/bazaarvoice/emodb/event/db/astyanax/BatchUpdate.java:[87,29] propagate(java.lang.Throwable) in com.google.common.base.Throwables has been deprecated
[INFO] 
[INFO] --- resources:3.2.0:testResources (default-testResources) @ emodb-event ---
[INFO] Not copying test resources
[INFO] 
[INFO] --- compiler:3.10.1:testCompile (default-testCompile) @ emodb-event ---
[INFO] Not compiling test sources
[INFO] 
[INFO] --- surefire:3.0.0-M5:test (default-test) @ emodb-event ---
[INFO] Tests are skipped.
[INFO] 
[INFO] --- jar:3.2.0:jar (default-jar) @ emodb-event ---
[INFO] Building jar: D:\A_ThucNghiem\scripts_v2\workspaces\20260723_200230_8e3f9cb2\036_66303306_DefaultSlabAllocator_b8c57976\compiledrepos\66303306\event\target\emodb-event-6.5.215-SNAPSHOT.jar
[INFO] 
[INFO] --- dependency:3.5.0:analyze-only (analyze) @ emodb-event ---
[INFO] No dependency problems found
[INFO] 
[INFO] --- dependency-check:6.2.2:check (default) @ emodb-event ---
[INFO] Skipping dependency-check
[INFO] 
[INFO] --- install:3.1.4:install (default-install) @ emodb-event ---
[INFO] Installing D:\A_ThucNghiem\scripts_v2\workspaces\20260723_200230_8e3f9cb2\036_66303306_DefaultSlabAllocator_b8c57976\compiledrepos\66303306\event\pom.xml to C:\Users\admin\.m2\repository\com\bazaarvoice\emodb\emodb-event\6.5.215-SNAPSHOT\emodb-event-6.5.215-SNAPSHOT.pom
[INFO] Installing D:\A_ThucNghiem\scripts_v2\workspaces\20260723_200230_8e3f9cb2\036_66303306_DefaultSlabAllocator_b8c57976\compiledrepos\66303306\event\target\emodb-event-6.5.215-SNAPSHOT.jar to C:\Users\admin\.m2\repository\com\bazaarvoice\emodb\emodb-event\6.5.215-SNAPSHOT\emodb-event-6.5.215-SNAPSHOT.jar
[INFO] ------------------------------------------------------------------------
[INFO] Reactor Summary for EmoDB Parent 6"
2026-07-23T14:24:26+00:00,class_agone_env,66303306,event,,36,66303306:event/src/main/java/com/bazaarvoice/emodb/event/db/astyanax/defaultslaballocator.java,DefaultSlabAllocator,DefaultSlabAllocator_RBL4Test_b8c57976,PASS,,requested=1.8 selected_jdk=8 java_home=C:\Program Files\Java\jdk1.8.0_172
2026-07-23T14:24:36+00:00,toolchain,,,,36,66303306:event/src/main/java/com/bazaarvoice/emodb/event/db/astyanax/defaultslaballocator.java,,,PASS,,requested=1.8 selected_jdk=8 java_home=C:\Program Files\Java\jdk1.8.0_172
2026-07-23T14:27:00+00:00,evosuite_generate,66303306,,evosuite,36,66303306:event/src/main/java/com/bazaarvoice/emodb/event/db/astyanax/defaultslaballocator.java,DefaultSlabAllocator,,PASS,144.767,com.bazaarvoice.emodb.event.db.astyanax.DefaultSlabAllocator
2026-07-23T14:27:22+00:00,maven_verify_jacoco_pit,66303306,event,,36,66303306:event/src/main/java/com/bazaarvoice/emodb/event/db/astyanax/defaultslaballocator.java,,,PASS,21.271,-Dtest=com.bazaarvoice.emodb.event.db.astyanax.DefaultSlabAllocator_RBL4Test_b8c57976
2026-07-23T14:27:39+00:00,maven_verify_jacoco_pit,66303306,event,,36,66303306:event/src/main/java/com/bazaarvoice/emodb/event/db/astyanax/defaultslaballocator.java,,,FAIL,7.668,"The following compilation errors were encountered during the Maven build:

- 
- /D:/A_ThucNghiem/scripts_v2/workspaces/20260723_200230_8e3f9cb2/036_66303306_DefaultSlabAllocator_b8c57976/compiledrepos/66303306/event/src/test/java/com/bazaarvoice/emodb/event/db/astyanax/DefaultSlabAllocator_RBL4Test_b8c57976.java:[39,37] cannot find symbol
- symbol:   method getSlabRef()
- location: variable allocation of type com.bazaarvoice.emodb.event.db.astyanax.SlabAllocation
- /D:/A_ThucNghiem/scripts_v2/workspaces/20260723_200230_8e3f9cb2/036_66303306_DefaultSlabAllocator_b8c57976/compiledrepos/66303306/event/src/test/java/com/bazaarvoice/emodb/event/db/astyanax/DefaultSlabAllocator_RBL4Test_b8c57976.java:[57,9] cannot find symbol
- symbol:   class Pair
- location: class com.bazaarvoice.emodb.event.db.astyanax.DefaultSlabAllocator_RBL4Test_b8c57976
- /D:/A_ThucNghiem/scripts_v2/workspaces/20260723_200230_8e3f9cb2/036_66303306_DefaultSlabAllocator_b8c57976/compiledrepos/66303306/event/src/test/java/com/bazaarvoice/emodb/event/db/astyanax/DefaultSlabAllocator_RBL4Test_b8c57976.java:[66,9] cannot find symbol
- symbol:   class Pair
- location: class com.bazaarvoice.emodb.event.db.astyanax.DefaultSlabAllocator_RBL4Test_b8c57976
- /D:/A_ThucNghiem/scripts_v2/workspaces/20260723_200230_8e3f9cb2/036_66303306_DefaultSlabAllocator_b8c57976/compiledrepos/66303306/event/src/test/java/com/bazaarvoice/emodb/event/db/astyanax/DefaultSlabAllocator_RBL4Test_b8c57976.java:[78,22] closeChannelState(com.bazaarvoice.emodb.event.db.astyanax.ChannelAllocationState) has private access in com.bazaarvoice.emodb.event.db.astyanax.DefaultSlabAllocator
- /D:/A_ThucNghiem/scripts_v2/workspaces/20260723_200230_8e3f9cb2/036_66303306_DefaultSlabAllocator_b8c57976/compiledrepos/66303306/event/src/test/java/com/bazaarvoice/emodb/event/db/astyanax/DefaultSlabAllocator_RBL4Test_b8c57976.java:[86,40] createSlab(java.lang.String) has private access in com.bazaarvoice.emodb.event.db.astyanax.DefaultSlabAllocator
- /D:/A_ThucNghiem/scripts_v2/workspaces/20260723_200230_8e3f9cb2/036_66303306_DefaultSlabAllocator_b8c57976/compiledrepos/66303306/event/src/test/java/com/bazaarvoice/emodb/event/db/astyanax/DefaultSlabAllocator_RBL4Test_b8c57976.java:[88,36] cannot find symbol
- symbol:   method getChannel()
- location: variable slabRef of type com.bazaarvoice.emodb.event.db.astyanax.SlabRef
- /D:/A_ThucNghiem/scripts_v2/workspaces/20260723_200230_8e3f9cb2/036_66303306_DefaultSlabAllocator_b8c57976/compiledrepos/66303306/event/src/test/java/com/bazaarvoice/emodb/event/db/astyanax/DefaultSlabAllocator_RBL4Test_b8c57976.java:[93,42] generateSlabId() has private access in com.bazaarvoice.emodb.event.db.astyanax.DefaultSlabAllocator"
2026-07-23T14:27:40+00:00,class_agone_run,66303306,event,,,,,,PASS,279.244,
2026-07-23T14:27:40+00:00,class_sandbox_start,66303306,web,,37,66303306:web/src/main/java/com/bazaarvoice/emodb/web/settings/settingsmanager.java,SettingsManager,SettingsManager_RBL4Test_92b68acb,START,,
2026-07-23T14:27:43+00:00,maven_reactor_prewarm,66303306,web,,37,66303306:web/src/main/java/com/bazaarvoice/emodb/web/settings/settingsmanager.java,SettingsManager,,START,,prewarm reactor dependencies for -pl web
2026-07-23T14:29:17+00:00,maven_reactor_prewarm,66303306,web,,37,66303306:web/src/main/java/com/bazaarvoice/emodb/web/settings/settingsmanager.java,SettingsManager,,PASS,93.43,"pache.cassandra:cassandra-all:jar:3.11.12:compile
[WARNING]    com.bazaarvoice.astyanax:astyanax-core:jar:3.8.0-bv14:compile
[WARNING]    org.coursera:dropwizard-metrics-datadog:jar:1.1.13:compile
[WARNING]    io.dropwizard:dropwizard-metrics:jar:0.7.1:compile
[WARNING]    com.bazaarvoice.emodb:emodb-job-api:jar:6.5.215-SNAPSHOT:compile
[INFO] 
[INFO] --- dependency-check:6.2.2:check (default) @ emodb-web ---
[INFO] Skipping dependency-check
[INFO] 
[INFO] --- install:3.1.4:install (default-install) @ emodb-web ---
[INFO] Installing D:\A_ThucNghiem\scripts_v2\workspaces\20260723_200230_8e3f9cb2\037_66303306_SettingsManager_92b68acb\compiledrepos\66303306\web\pom.xml to C:\Users\admin\.m2\repository\com\bazaarvoice\emodb\emodb-web\6.5.215-SNAPSHOT\emodb-web-6.5.215-SNAPSHOT.pom
[INFO] Installing D:\A_ThucNghiem\scripts_v2\workspaces\20260723_200230_8e3f9cb2\037_66303306_SettingsManager_92b68acb\compiledrepos\66303306\web\target\emodb-web-6.5.215-SNAPSHOT.jar to C:\Users\admin\.m2\repository\com\bazaarvoice\emodb\emodb-web\6.5.215-SNAPSHOT\emodb-web-6.5.215-SNAPSHOT.jar
[INFO] ------------------------------------------------------------------------
[INFO] Reactor Summary for EmoDB 6.5.215-SNAPSHOT:
[INFO] 
[INFO] EmoDB Parent ....................................... SUCCESS [  2.560 s]
[INFO] EmoDB Common API Classes ........................... SUCCESS [  1.801 s]
[INFO] EmoDB Json Utilities ............................... SUCCESS [  0.987 s]
[INFO] EmoDB ZooKeeper Utilities .......................... SUCCESS [  0.887 s]
[INFO] EmoDB Dropwizard Utilities ......................... SUCCESS [  1.389 s]
[INFO] EmoDB Cassandra Astyanax Utilities ................. SUCCESS [  2.444 s]
[INFO] EmoDB UUID Utilities ............................... SUCCESS [  0.380 s]
[INFO] EmoDB Stash Utilities .............................. SUCCESS [  1.200 s]
[INFO] EmoDB Generic Client Classes ....................... SUCCESS [  0.800 s]
[INFO] EmoDB Dropwizard Jersey Client Classes ............. SUCCESS [  0.559 s]
[INFO] EmoDB Authentication Client ........................ SUCCESS [  0.414 s]
[INFO] EmoDB User Access Control API ...................... SUCCESS [  0.755 s]
[INFO] EmoDB System of Record API ......................... SUCCESS [  1.564 s]
[INFO] EmoDB Data Center Abstraction ...................... SUCCESS [  0.830 s]
[INFO] EmoDB In-Memory Cache Manager ...................... SUCCESS [  1.360 s]
[INFO] EmoDB Authentication ............................... SUCCESS [  1.201 s]
[INFO] EmoDB Authentication Storage ....................... SUCCESS [  1.062 s]
[INFO] EmoDB .............................................. SUCCESS [  0.025 s]
[INFO] EmoDB Authentication Util .......................... SUCCESS [  0.307 s]
[INFO] EmoDB Queue Service API ............................ SUCCESS [  0.611 s]
[INFO] EmoDB Databus API .................................. SUCCESS [  0.674 s]
[INFO] EmoDB Blob Store API ............................... SUCCESS [  0.693 s]
[INFO] EmoDB Job API ...................................... SUCCESS [  0.426 s]
[INFO] EmoDB Event Store .................................. SUCCESS [  2.075 s]
[INFO] EmoDB Table Abstraction ............................ SUCCESS [  2.394 s]
[INFO] EmoDB Queue Client Common .......................... SUCCESS [  1.379 s]
[INFO] EmoDB Queue HTTP Client ............................ SUCCESS [  1.698 s]
[INFO] EmoDB Queue Service ................................ SUCCESS [  1.387 s]
[INFO] EmoDB Jobs ......................................... SUCCESS [  1.106 s]
[INFO] EmoDB System of Record Client Common ............... SUCCESS [  1.239 s]
[INFO] EmoDB System of Record HTTP Client ................. SUCCESS [  0.829 s]
[INFO] EmoDB System of Record ............................. SUCCESS [  3.848 s]
[INFO] EmoDB Databus Client Common ........................ SUCCESS [  0.811 s]
[INFO] EmoDB Databus HTTP Client .......................... SUCCESS [  0.697 s]
[INFO] EmoDB Databus ..................................."
2026-07-23T14:29:22+00:00,class_agone_env,66303306,web,,37,66303306:web/src/main/java/com/bazaarvoice/emodb/web/settings/settingsmanager.java,SettingsManager,SettingsManager_RBL4Test_92b68acb,PASS,,requested=1.8 selected_jdk=8 java_home=C:\Program Files\Java\jdk1.8.0_172
2026-07-23T14:29:42+00:00,toolchain,,,,37,66303306:web/src/main/java/com/bazaarvoice/emodb/web/settings/settingsmanager.java,,,PASS,,requested=1.8 selected_jdk=8 java_home=C:\Program Files\Java\jdk1.8.0_172
2026-07-23T14:32:43+00:00,evosuite_generate,66303306,,evosuite,37,66303306:web/src/main/java/com/bazaarvoice/emodb/web/settings/settingsmanager.java,SettingsManager,,PASS,179.963,com.bazaarvoice.emodb.web.settings.SettingsManager
2026-07-23T14:33:42+00:00,maven_verify_jacoco_pit,66303306,web,,37,66303306:web/src/main/java/com/bazaarvoice/emodb/web/settings/settingsmanager.java,,,PASS,59.584,-Dtest=com.bazaarvoice.emodb.web.settings.SettingsManager_RBL4Test_92b68acb
2026-07-23T14:34:06+00:00,maven_verify_jacoco_pit,66303306,web,,37,66303306:web/src/main/java/com/bazaarvoice/emodb/web/settings/settingsmanager.java,,,FAIL,12.691,"The following compilation errors were encountered during the Maven build:

- 
- /D:/A_ThucNghiem/scripts_v2/workspaces/20260723_200230_8e3f9cb2/037_66303306_SettingsManager_92b68acb/compiledrepos/66303306/web/src/test/java/com/bazaarvoice/emodb/web/settings/SettingsManager_RBL4Test_92b68acb.java:[53,108] cannot find symbol
- symbol:   method of(java.lang.String,java.lang.String,java.lang.String,int)
- location: interface java.util.Map"
2026-07-23T14:34:07+00:00,class_agone_run,66303306,web,,,,,,PASS,386.614,
2026-07-23T14:34:07+00:00,class_sandbox_start,6944525,d2,,38,6944525:d2/src/main/java/com/linkedin/d2/balancer/zkfs/zkfsutil.java,ZKFSUtil,ZKFSUtil_RBL4Test_ba0e160d,START,,
2026-07-23T14:36:05+00:00,gradle_sandbox_prewarm,6944525,d2,,38,6944525:d2/src/main/java/com/linkedin/d2/balancer/zkfs/zkfsutil.java,ZKFSUtil,,START,,compile Gradle sandbox before AgoneTest/EvoSuite
2026-07-23T14:37:31+00:00,gradle_sandbox_prewarm,6944525,d2,,38,6944525:d2/src/main/java/com/linkedin/d2/balancer/zkfs/zkfsutil.java,ZKFSUtil,,PASS,85.676,"iem\scripts_v2\workspaces\20260723_200230_8e3f9cb2\038_6944525_ZKFSUtil_ba0e160d\compiledrepos\6944525\d2\src\test\java\com\linkedin\d2\discovery\stores\zk\SharedZkConnectionProviderTest.java:187: warning: [deprecation] ZooKeeperAnnouncer(com.linkedin.d2.balancer.servers.ZooKeeperServer,boolean) in com.linkedin.d2.balancer.servers.ZooKeeperAnnouncer has been deprecated
      ZooKeeperAnnouncer announcer = new ZooKeeperAnnouncer(server, true);
                                     ^
D:\A_ThucNghiem\scripts_v2\workspaces\20260723_200230_8e3f9cb2\038_6944525_ZKFSUtil_ba0e160d\compiledrepos\6944525\d2\src\test\java\com\linkedin\d2\discovery\stores\zk\SharedZkConnectionProviderTest.java:282: warning: [deprecation] com.linkedin.d2.balancer.LastSeenBalancerWithFacilitiesFactory in com.linkedin.d2.balancer has been deprecated
        .setLoadBalancerWithFacilitiesFactory(new LastSeenBalancerWithFacilitiesFactory())
                                                  ^
D:\A_ThucNghiem\scripts_v2\workspaces\20260723_200230_8e3f9cb2\038_6944525_ZKFSUtil_ba0e160d\compiledrepos\6944525\d2\src\test\java\com\linkedin\d2\discovery\stores\zk\SharedZkConnectionProviderTest.java:279: warning: [deprecation] setZkHosts(java.lang.String) in com.linkedin.d2.balancer.D2ClientBuilder has been deprecated
    d2ClientBuilder.setZkHosts(""localhost:"" + ZK_PORT)
                   ^
D:\A_ThucNghiem\scripts_v2\workspaces\20260723_200230_8e3f9cb2\038_6944525_ZKFSUtil_ba0e160d\compiledrepos\6944525\d2\src\test\java\com\linkedin\d2\discovery\stores\zk\SharedZkConnectionProviderTest.java:280: warning: [deprecation] setZkSessionTimeout(long,java.util.concurrent.TimeUnit) in com.linkedin.d2.balancer.D2ClientBuilder has been deprecated
        .setZkSessionTimeout(ZK_TIMEOUT, TimeUnit.MILLISECONDS)
        ^
D:\A_ThucNghiem\scripts_v2\workspaces\20260723_200230_8e3f9cb2\038_6944525_ZKFSUtil_ba0e160d\compiledrepos\6944525\d2\src\test\java\com\linkedin\d2\discovery\stores\zk\SharedZkConnectionProviderTest.java:281: warning: [deprecation] setZKConnectionForloadBalancer(com.linkedin.d2.discovery.stores.zk.ZKPersistentConnection) in com.linkedin.d2.balancer.D2ClientBuilder has been deprecated
        .setZKConnectionForloadBalancer(zkConnectionToUse)
        ^
D:\A_ThucNghiem\scripts_v2\workspaces\20260723_200230_8e3f9cb2\038_6944525_ZKFSUtil_ba0e160d\compiledrepos\6944525\d2\src\test\java\com\linkedin\d2\discovery\util\TestD2Utils.java:59: warning: [unchecked] unchecked conversion
    Map<String, String> env = mock(Map.class);
                                  ^
  required: java.util.Map<java.lang.String,java.lang.String>
  found:    java.util.Map
D:\A_ThucNghiem\scripts_v2\workspaces\20260723_200230_8e3f9cb2\038_6944525_ZKFSUtil_ba0e160d\compiledrepos\6944525\d2\src\test\java\com\linkedin\d2\jmx\D2LoadBalancerJmxTest.java:60: warning: [deprecation] com.linkedin.d2.balancer.LastSeenBalancerWithFacilitiesFactory in com.linkedin.d2.balancer has been deprecated
    return new Object[][]{{new LastSeenBalancerWithFacilitiesFactory()}, {new ZKFSLoadBalancerWithFacilitiesFactory()}};
                               ^
D:\A_ThucNghiem\scripts_v2\workspaces\20260723_200230_8e3f9cb2\038_6944525_ZKFSUtil_ba0e160d\compiledrepos\6944525\d2\src\test\java\com\linkedin\d2\jmx\D2LoadBalancerJmxTest.java:60: warning: [deprecation] com.linkedin.d2.balancer.ZKFSLoadBalancerWithFacilitiesFactory in com.linkedin.d2.balancer has been deprecated
    return new Object[][]{{new LastSeenBalancerWithFacilitiesFactory()}, {new ZKFSLoadBalancerWithFacilitiesFactory()}};
                                                                              ^
D:\A_ThucNghiem\scripts_v2\workspaces\20260723_200230_8e3f9cb2\038_6944525_ZKFSUtil_ba0e160d\compiledrepos\6944525\d2\src\test\java\com\linkedin\d2\jmx\D2LoadBalancerJmxTest.java:102: warning: [deprecation] setZkHosts(java.lang.String) in com.linkedin.d2.balancer.D2ClientBuilder has been deprecated
                   .setZkHosts(""localhost:"" + ZK_PORT)
     "
2026-07-23T14:37:34+00:00,class_agone_env,6944525,d2,,38,6944525:d2/src/main/java/com/linkedin/d2/balancer/zkfs/zkfsutil.java,ZKFSUtil,ZKFSUtil_RBL4Test_ba0e160d,PASS,,requested=1.8 selected_jdk=8 java_home=C:\Program Files\Java\jdk1.8.0_172
2026-07-23T14:37:42+00:00,toolchain,,,,38,6944525:d2/src/main/java/com/linkedin/d2/balancer/zkfs/zkfsutil.java,,,PASS,,requested=1.8 selected_jdk=8 java_home=C:\Program Files\Java\jdk1.8.0_172
2026-07-23T14:37:43+00:00,class_agone_run,6944525,d2,,,,,,PASS,215.953,
2026-07-23T14:37:43+00:00,class_sandbox_start,6944525,d2,,39,6944525:d2/src/main/java/com/linkedin/d2/balancer/util/loadbalancerutil.java,LoadBalancerUtil,LoadBalancerUtil_RBL4Test_fa60eb27,START,,
2026-07-23T14:37:50+00:00,gradle_sandbox_prewarm,6944525,d2,,39,6944525:d2/src/main/java/com/linkedin/d2/balancer/util/loadbalancerutil.java,LoadBalancerUtil,,START,,compile Gradle sandbox before AgoneTest/EvoSuite
2026-07-23T14:38:59+00:00,gradle_sandbox_prewarm,6944525,d2,,39,6944525:d2/src/main/java/com/linkedin/d2/balancer/util/loadbalancerutil.java,LoadBalancerUtil,,PASS,69.025,"\compiledrepos\6944525\d2\src\test\java\com\linkedin\d2\discovery\stores\zk\SharedZkConnectionProviderTest.java:187: warning: [deprecation] ZooKeeperAnnouncer(com.linkedin.d2.balancer.servers.ZooKeeperServer,boolean) in com.linkedin.d2.balancer.servers.ZooKeeperAnnouncer has been deprecated
      ZooKeeperAnnouncer announcer = new ZooKeeperAnnouncer(server, true);
                                     ^
D:\A_ThucNghiem\scripts_v2\workspaces\20260723_200230_8e3f9cb2\039_6944525_LoadBalancerUtil_fa60eb27\compiledrepos\6944525\d2\src\test\java\com\linkedin\d2\discovery\stores\zk\SharedZkConnectionProviderTest.java:282: warning: [deprecation] com.linkedin.d2.balancer.LastSeenBalancerWithFacilitiesFactory in com.linkedin.d2.balancer has been deprecated
        .setLoadBalancerWithFacilitiesFactory(new LastSeenBalancerWithFacilitiesFactory())
                                                  ^
D:\A_ThucNghiem\scripts_v2\workspaces\20260723_200230_8e3f9cb2\039_6944525_LoadBalancerUtil_fa60eb27\compiledrepos\6944525\d2\src\test\java\com\linkedin\d2\discovery\stores\zk\SharedZkConnectionProviderTest.java:279: warning: [deprecation] setZkHosts(java.lang.String) in com.linkedin.d2.balancer.D2ClientBuilder has been deprecated
    d2ClientBuilder.setZkHosts(""localhost:"" + ZK_PORT)
                   ^
D:\A_ThucNghiem\scripts_v2\workspaces\20260723_200230_8e3f9cb2\039_6944525_LoadBalancerUtil_fa60eb27\compiledrepos\6944525\d2\src\test\java\com\linkedin\d2\discovery\stores\zk\SharedZkConnectionProviderTest.java:280: warning: [deprecation] setZkSessionTimeout(long,java.util.concurrent.TimeUnit) in com.linkedin.d2.balancer.D2ClientBuilder has been deprecated
        .setZkSessionTimeout(ZK_TIMEOUT, TimeUnit.MILLISECONDS)
        ^
D:\A_ThucNghiem\scripts_v2\workspaces\20260723_200230_8e3f9cb2\039_6944525_LoadBalancerUtil_fa60eb27\compiledrepos\6944525\d2\src\test\java\com\linkedin\d2\discovery\stores\zk\SharedZkConnectionProviderTest.java:281: warning: [deprecation] setZKConnectionForloadBalancer(com.linkedin.d2.discovery.stores.zk.ZKPersistentConnection) in com.linkedin.d2.balancer.D2ClientBuilder has been deprecated
        .setZKConnectionForloadBalancer(zkConnectionToUse)
        ^
D:\A_ThucNghiem\scripts_v2\workspaces\20260723_200230_8e3f9cb2\039_6944525_LoadBalancerUtil_fa60eb27\compiledrepos\6944525\d2\src\test\java\com\linkedin\d2\discovery\util\TestD2Utils.java:59: warning: [unchecked] unchecked conversion
    Map<String, String> env = mock(Map.class);
                                  ^
  required: java.util.Map<java.lang.String,java.lang.String>
  found:    java.util.Map
D:\A_ThucNghiem\scripts_v2\workspaces\20260723_200230_8e3f9cb2\039_6944525_LoadBalancerUtil_fa60eb27\compiledrepos\6944525\d2\src\test\java\com\linkedin\d2\jmx\D2LoadBalancerJmxTest.java:60: warning: [deprecation] com.linkedin.d2.balancer.LastSeenBalancerWithFacilitiesFactory in com.linkedin.d2.balancer has been deprecated
    return new Object[][]{{new LastSeenBalancerWithFacilitiesFactory()}, {new ZKFSLoadBalancerWithFacilitiesFactory()}};
                               ^
D:\A_ThucNghiem\scripts_v2\workspaces\20260723_200230_8e3f9cb2\039_6944525_LoadBalancerUtil_fa60eb27\compiledrepos\6944525\d2\src\test\java\com\linkedin\d2\jmx\D2LoadBalancerJmxTest.java:60: warning: [deprecation] com.linkedin.d2.balancer.ZKFSLoadBalancerWithFacilitiesFactory in com.linkedin.d2.balancer has been deprecated
    return new Object[][]{{new LastSeenBalancerWithFacilitiesFactory()}, {new ZKFSLoadBalancerWithFacilitiesFactory()}};
                                                                              ^
D:\A_ThucNghiem\scripts_v2\workspaces\20260723_200230_8e3f9cb2\039_6944525_LoadBalancerUtil_fa60eb27\compiledrepos\6944525\d2\src\test\java\com\linkedin\d2\jmx\D2LoadBalancerJmxTest.java:102: warning: [deprecation] setZkHosts(java.lang.String) in com.linkedin.d2.balancer.D2ClientBuilder has been deprecated
                   .setZkHosts(""localhost:"" + ZK_PORT)
                   ^
"
2026-07-23T14:39:02+00:00,class_agone_env,6944525,d2,,39,6944525:d2/src/main/java/com/linkedin/d2/balancer/util/loadbalancerutil.java,LoadBalancerUtil,LoadBalancerUtil_RBL4Test_fa60eb27,PASS,,requested=1.8 selected_jdk=8 java_home=C:\Program Files\Java\jdk1.8.0_172
2026-07-23T14:39:11+00:00,toolchain,,,,39,6944525:d2/src/main/java/com/linkedin/d2/balancer/util/loadbalancerutil.java,,,PASS,,requested=1.8 selected_jdk=8 java_home=C:\Program Files\Java\jdk1.8.0_172
2026-07-23T14:39:11+00:00,class_agone_run,6944525,d2,,,,,,PASS,87.937,
2026-07-23T14:39:11+00:00,class_sandbox_start,74999474,parsec-clients,,40,74999474:parsec-clients/src/main/java/com/yahoo/parsec/clients/parsecasynccompletionhandlerbase.java,ParsecAsyncCompletionHandlerBase,ParsecAsyncCompletionHandlerBase_RBL4Test_d0018ed9,START,,
2026-07-23T14:39:16+00:00,gradle_sandbox_prewarm,74999474,parsec-clients,,40,74999474:parsec-clients/src/main/java/com/yahoo/parsec/clients/parsecasynccompletionhandlerbase.java,ParsecAsyncCompletionHandlerBase,,START,,compile Gradle sandbox before AgoneTest/EvoSuite
2026-07-23T14:39:27+00:00,gradle_sandbox_prewarm,74999474,parsec-clients,,40,74999474:parsec-clients/src/main/java/com/yahoo/parsec/clients/parsecasynccompletionhandlerbase.java,ParsecAsyncCompletionHandlerBase,,PASS,10.905,"compile Gradle sandbox before AgoneTest/EvoSuite; classes_dir=D:\A_ThucNghiem\scripts_v2\workspaces\20260723_200230_8e3f9cb2\040_74999474_ParsecAsyncCompletionHandlerBase_d0018ed9\compiledrepos\74999474\parsec-clients\build\classes\java\main
To honour the JVM settings for this build a new JVM will be forked. Please consider using the daemon: https://docs.gradle.org/5.2.1/userguide/gradle_daemon.html.
Daemon will be stopped at the end of the build stopping after processing
> Task :parsec-clients:clean UP-TO-DATE

> Task :parsec-clients:compileJava

> Task :parsec-clients:processResources NO-SOURCE
> Task :parsec-clients:classes

> Task :parsec-clients:compileTestJava

> Task :parsec-clients:processTestResources
> Task :parsec-clients:testClasses

BUILD SUCCESSFUL in 8s
4 actionable tasks: 3 executed, 1 up-to-date

Note: D:\A_ThucNghiem\scripts_v2\workspaces\20260723_200230_8e3f9cb2\040_74999474_ParsecAsyncCompletionHandlerBase_d0018ed9\compiledrepos\74999474\parsec-clients\src\main\java\com\yahoo\parsec\clients\ParsecAsyncHttpClient.java uses or overrides a deprecated API.
Note: Recompile with -Xlint:deprecation for details.
Note: Some input files use unchecked or unsafe operations.
Note: Recompile with -Xlint:unchecked for details.
Note: Some input files use unchecked or unsafe operations.
Note: Recompile with -Xlint:unchecked for details."
2026-07-23T14:39:30+00:00,class_agone_env,74999474,parsec-clients,,40,74999474:parsec-clients/src/main/java/com/yahoo/parsec/clients/parsecasynccompletionhandlerbase.java,ParsecAsyncCompletionHandlerBase,ParsecAsyncCompletionHandlerBase_RBL4Test_d0018ed9,PASS,,requested=1.8 selected_jdk=8 java_home=C:\Program Files\Java\jdk1.8.0_172
2026-07-23T14:39:37+00:00,toolchain,,,,40,74999474:parsec-clients/src/main/java/com/yahoo/parsec/clients/parsecasynccompletionhandlerbase.java,,,PASS,,requested=1.8 selected_jdk=8 java_home=C:\Program Files\Java\jdk1.8.0_172
2026-07-23T14:39:37+00:00,class_agone_run,74999474,parsec-clients,,,,,,PASS,26.1,
2026-07-23T14:39:37+00:00,class_sandbox_start,74999474,parsec-clients,,41,74999474:parsec-clients/src/main/java/com/yahoo/parsec/clients/parsecasynchttpclient.java,ParsecAsyncHttpClient,ParsecAsyncHttpClient_RBL4Test_b68a888f,START,,
2026-07-23T14:39:38+00:00,gradle_sandbox_prewarm,74999474,parsec-clients,,41,74999474:parsec-clients/src/main/java/com/yahoo/parsec/clients/parsecasynchttpclient.java,ParsecAsyncHttpClient,,START,,compile Gradle sandbox before AgoneTest/EvoSuite
2026-07-23T14:39:48+00:00,gradle_sandbox_prewarm,74999474,parsec-clients,,41,74999474:parsec-clients/src/main/java/com/yahoo/parsec/clients/parsecasynchttpclient.java,ParsecAsyncHttpClient,,PASS,9.909,"compile Gradle sandbox before AgoneTest/EvoSuite; classes_dir=D:\A_ThucNghiem\scripts_v2\workspaces\20260723_200230_8e3f9cb2\041_74999474_ParsecAsyncHttpClient_b68a888f\compiledrepos\74999474\parsec-clients\build\classes\java\main
To honour the JVM settings for this build a new JVM will be forked. Please consider using the daemon: https://docs.gradle.org/5.2.1/userguide/gradle_daemon.html.
Daemon will be stopped at the end of the build stopping after processing
> Task :parsec-clients:clean UP-TO-DATE

> Task :parsec-clients:compileJava

> Task :parsec-clients:processResources NO-SOURCE
> Task :parsec-clients:classes

> Task :parsec-clients:compileTestJava

> Task :parsec-clients:processTestResources
> Task :parsec-clients:testClasses

BUILD SUCCESSFUL in 7s
4 actionable tasks: 3 executed, 1 up-to-date

Note: D:\A_ThucNghiem\scripts_v2\workspaces\20260723_200230_8e3f9cb2\041_74999474_ParsecAsyncHttpClient_b68a888f\compiledrepos\74999474\parsec-clients\src\main\java\com\yahoo\parsec\clients\ParsecAsyncHttpClient.java uses or overrides a deprecated API.
Note: Recompile with -Xlint:deprecation for details.
Note: Some input files use unchecked or unsafe operations.
Note: Recompile with -Xlint:unchecked for details.
Note: Some input files use unchecked or unsafe operations.
Note: Recompile with -Xlint:unchecked for details."
2026-07-23T14:39:51+00:00,class_agone_env,74999474,parsec-clients,,41,74999474:parsec-clients/src/main/java/com/yahoo/parsec/clients/parsecasynchttpclient.java,ParsecAsyncHttpClient,ParsecAsyncHttpClient_RBL4Test_b68a888f,PASS,,requested=1.8 selected_jdk=8 java_home=C:\Program Files\Java\jdk1.8.0_172
2026-07-23T14:39:58+00:00,toolchain,,,,41,74999474:parsec-clients/src/main/java/com/yahoo/parsec/clients/parsecasynchttpclient.java,,,PASS,,requested=1.8 selected_jdk=8 java_home=C:\Program Files\Java\jdk1.8.0_172
2026-07-23T14:39:58+00:00,class_agone_run,74999474,parsec-clients,,,,,,PASS,20.65,
2026-07-23T14:39:58+00:00,class_sandbox_start,77481567,core,,42,77481567:core/src/main/java/de/voidnode/trading4j/moneymanagement/standard/riskmoneyprovider.java,RiskMoneyProvider,RiskMoneyProvider_RBL4Test_040b3628,START,,
2026-07-23T14:40:09+00:00,class_agone_env,77481567,core,,42,77481567:core/src/main/java/de/voidnode/trading4j/moneymanagement/standard/riskmoneyprovider.java,RiskMoneyProvider,RiskMoneyProvider_RBL4Test_040b3628,PASS,,requested=1.8 selected_jdk=8 java_home=C:\Program Files\Java\jdk1.8.0_172
2026-07-23T14:40:17+00:00,toolchain,,,,42,77481567:core/src/main/java/de/voidnode/trading4j/moneymanagement/standard/riskmoneyprovider.java,,,PASS,,requested=1.8 selected_jdk=8 java_home=C:\Program Files\Java\jdk1.8.0_172
2026-07-23T14:40:30+00:00,evosuite_generate,77481567,,evosuite,42,77481567:core/src/main/java/de/voidnode/trading4j/moneymanagement/standard/riskmoneyprovider.java,RiskMoneyProvider,,PASS,13.129,de.voidnode.trading4j.moneymanagement.standard.RiskMoneyProvider
2026-07-23T14:41:04+00:00,maven_verify_jacoco_pit,77481567,core,,42,77481567:core/src/main/java/de/voidnode/trading4j/moneymanagement/standard/riskmoneyprovider.java,,,FAIL,33.282,"The following general errors were encountered during the Maven build:

- Failed to execute goal org.apache.maven.plugins:maven-checkstyle-plugin:2.17:check (default) on project core: Execution default of goal org.apache.maven.plugins:maven-checkstyle-plugin:2.17:check failed: Plugin org.apache.maven.plugins:maven-checkstyle-plugin:2.17 or one of its dependencies could not be resolved:
- Failed to read artifact descriptor for de.voidnode.trading4j:parent:jar:buildconfig:0.2-SNAPSHOT
- 
- -> [Help 1]
- 
- To see the full stack trace of the errors, re-run Maven with the -e switch.
- Re-run Maven using the -X switch to enable full debug logging.
- 
- For more information about the errors and possible solutions, please read the following articles:
- [Help 1] http://cwiki.apache.org/confluence/display/MAVEN/PluginResolutionException"
2026-07-23T14:41:45+00:00,maven_verify_jacoco_pit,77481567,core,,42,77481567:core/src/main/java/de/voidnode/trading4j/moneymanagement/standard/riskmoneyprovider.java,,,FAIL,35.21,"The following general errors were encountered during the Maven build:

- Failed to execute goal org.apache.maven.plugins:maven-checkstyle-plugin:2.17:check (default) on project core: Execution default of goal org.apache.maven.plugins:maven-checkstyle-plugin:2.17:check failed: Plugin org.apache.maven.plugins:maven-checkstyle-plugin:2.17 or one of its dependencies could not be resolved:
- Failed to read artifact descriptor for de.voidnode.trading4j:parent:jar:buildconfig:0.2-SNAPSHOT
- 
- -> [Help 1]
- 
- To see the full stack trace of the errors, re-run Maven with the -e switch.
- Re-run Maven using the -X switch to enable full debug logging.
- 
- For more information about the errors and possible solutions, please read the following articles:
- [Help 1] http://cwiki.apache.org/confluence/display/MAVEN/PluginResolutionException"
2026-07-23T14:41:46+00:00,class_agone_run,77481567,core,,,,,,PASS,107.676,
2026-07-23T14:41:46+00:00,class_sandbox_start,77481567,core,,43,77481567:core/src/main/java/de/voidnode/trading4j/api/failed.java,Failed,Failed_RBL4Test_3e31fae6,START,,
2026-07-23T14:41:49+00:00,class_agone_env,77481567,core,,43,77481567:core/src/main/java/de/voidnode/trading4j/api/failed.java,Failed,Failed_RBL4Test_3e31fae6,PASS,,requested=1.8 selected_jdk=8 java_home=C:\Program Files\Java\jdk1.8.0_172
2026-07-23T14:41:57+00:00,toolchain,,,,43,77481567:core/src/main/java/de/voidnode/trading4j/api/failed.java,,,PASS,,requested=1.8 selected_jdk=8 java_home=C:\Program Files\Java\jdk1.8.0_172
2026-07-23T14:42:08+00:00,evosuite_generate,77481567,,evosuite,43,77481567:core/src/main/java/de/voidnode/trading4j/api/failed.java,Failed,,PASS,11.141,de.voidnode.trading4j.api.Failed
2026-07-23T14:42:40+00:00,maven_verify_jacoco_pit,77481567,core,,43,77481567:core/src/main/java/de/voidnode/trading4j/api/failed.java,,,FAIL,31.589,"The following general errors were encountered during the Maven build:

- Failed to execute goal org.apache.maven.plugins:maven-checkstyle-plugin:2.17:check (default) on project core: Execution default of goal org.apache.maven.plugins:maven-checkstyle-plugin:2.17:check failed: Plugin org.apache.maven.plugins:maven-checkstyle-plugin:2.17 or one of its dependencies could not be resolved:
- Failed to read artifact descriptor for de.voidnode.trading4j:parent:jar:buildconfig:0.2-SNAPSHOT
- 
- -> [Help 1]
- 
- To see the full stack trace of the errors, re-run Maven with the -e switch.
- Re-run Maven using the -X switch to enable full debug logging.
- 
- For more information about the errors and possible solutions, please read the following articles:
- [Help 1] http://cwiki.apache.org/confluence/display/MAVEN/PluginResolutionException"
2026-07-23T14:43:20+00:00,maven_verify_jacoco_pit,77481567,core,,43,77481567:core/src/main/java/de/voidnode/trading4j/api/failed.java,,,FAIL,33.335,"The following general errors were encountered during the Maven build:

- Failed to execute goal org.apache.maven.plugins:maven-checkstyle-plugin:2.17:check (default) on project core: Execution default of goal org.apache.maven.plugins:maven-checkstyle-plugin:2.17:check failed: Plugin org.apache.maven.plugins:maven-checkstyle-plugin:2.17 or one of its dependencies could not be resolved:
- Failed to read artifact descriptor for de.voidnode.trading4j:parent:jar:buildconfig:0.2-SNAPSHOT
- 
- -> [Help 1]
- 
- To see the full stack trace of the errors, re-run Maven with the -e switch.
- Re-run Maven using the -X switch to enable full debug logging.
- 
- For more information about the errors and possible solutions, please read the following articles:
- [Help 1] http://cwiki.apache.org/confluence/display/MAVEN/PluginResolutionException"
2026-07-23T14:43:20+00:00,class_agone_run,77481567,core,,,,,,PASS,94.169,
2026-07-23T14:43:20+00:00,class_sandbox_start,78444970,examples/graph,,44,78444970:examples/graph/src/main/java/graph/algorithm/mst/boruvkakruskal.java,BoruvkaKruskal,BoruvkaKruskal_RBL4Test_9edb2ce5,START,,
2026-07-23T14:43:41+00:00,class_agone_env,78444970,examples/graph,,44,78444970:examples/graph/src/main/java/graph/algorithm/mst/boruvkakruskal.java,BoruvkaKruskal,BoruvkaKruskal_RBL4Test_9edb2ce5,PASS,,requested=1.8 selected_jdk=8 java_home=C:\Program Files\Java\jdk1.8.0_172
2026-07-23T14:43:49+00:00,toolchain,,,,44,78444970:examples/graph/src/main/java/graph/algorithm/mst/boruvkakruskal.java,,,PASS,,requested=1.8 selected_jdk=8 java_home=C:\Program Files\Java\jdk1.8.0_172
2026-07-23T14:44:03+00:00,evosuite_generate,78444970,,evosuite,44,78444970:examples/graph/src/main/java/graph/algorithm/mst/boruvkakruskal.java,BoruvkaKruskal,,PASS,13.472,graph.algorithm.mst.BoruvkaKruskal
2026-07-23T14:44:17+00:00,maven_verify_jacoco_pit,78444970,examples/graph,,44,78444970:examples/graph/src/main/java/graph/algorithm/mst/boruvkakruskal.java,,,PASS,14.795,-Dtest=graph.algorithm.mst.BoruvkaKruskal_RBL4Test_9edb2ce5
2026-07-23T14:44:28+00:00,maven_verify_jacoco_pit,78444970,examples/graph,,44,78444970:examples/graph/src/main/java/graph/algorithm/mst/boruvkakruskal.java,,,FAIL,3.887,"The following compilation errors were encountered during the Maven build:

- 
- /D:/A_ThucNghiem/scripts_v2/workspaces/20260723_200230_8e3f9cb2/044_78444970_BoruvkaKruskal_9edb2ce5/compiledrepos/78444970/examples/graph/src/test/java/graph/algorithm/mst/BoruvkaKruskal_RBL4Test_9edb2ce5.java:[24,14] method addEdge in class graph.model.MutableUndirectedGraph<NODE> cannot be applied to given types;
- required: java.lang.String,java.lang.String
- found: java.lang.String,java.lang.String,int
- reason: actual and formal argument lists differ in length
- /D:/A_ThucNghiem/scripts_v2/workspaces/20260723_200230_8e3f9cb2/044_78444970_BoruvkaKruskal_9edb2ce5/compiledrepos/78444970/examples/graph/src/test/java/graph/algorithm/mst/BoruvkaKruskal_RBL4Test_9edb2ce5.java:[25,14] method addEdge in class graph.model.MutableUndirectedGraph<NODE> cannot be applied to given types;
- required: java.lang.String,java.lang.String
- found: java.lang.String,java.lang.String,int
- reason: actual and formal argument lists differ in length
- /D:/A_ThucNghiem/scripts_v2/workspaces/20260723_200230_8e3f9cb2/044_78444970_BoruvkaKruskal_9edb2ce5/compiledrepos/78444970/examples/graph/src/test/java/graph/algorithm/mst/BoruvkaKruskal_RBL4Test_9edb2ce5.java:[26,14] method addEdge in class graph.model.MutableUndirectedGraph<NODE> cannot be applied to given types;
- required: java.lang.String,java.lang.String
- found: java.lang.String,java.lang.String,int
- reason: actual and formal argument lists differ in length
- /D:/A_ThucNghiem/scripts_v2/workspaces/20260723_200230_8e3f9cb2/044_78444970_BoruvkaKruskal_9edb2ce5/compiledrepos/78444970/examples/graph/src/test/java/graph/algorithm/mst/BoruvkaKruskal_RBL4Test_9edb2ce5.java:[27,14] method addEdge in class graph.model.MutableUndirectedGraph<NODE> cannot be applied to given types;
- required: java.lang.String,java.lang.String
- found: java.lang.String,java.lang.String,int
- reason: actual and formal argument lists differ in length
- /D:/A_ThucNghiem/scripts_v2/workspaces/20260723_200230_8e3f9cb2/044_78444970_BoruvkaKruskal_9edb2ce5/compiledrepos/78444970/examples/graph/src/test/java/graph/algorithm/mst/BoruvkaKruskal_RBL4Test_9edb2ce5.java:[28,14] method addEdge in class graph.model.MutableUndirectedGraph<NODE> cannot be applied to given types;
- required: java.lang.String,java.lang.String
- found: java.lang.String,java.lang.String,int
- reason: actual and formal argument lists differ in length
- /D:/A_ThucNghiem/scripts_v2/workspaces/20260723_200230_8e3f9cb2/044_78444970_BoruvkaKruskal_9edb2ce5/compiledrepos/78444970/examples/graph/src/test/java/graph/algorithm/mst/BoruvkaKruskal_RBL4Test_9edb2ce5.java:[33,76] cannot find symbol
- symbol:   method weight()
- location: variable edge of type graph.model.UndirectedGraph.Edge<java.lang.String>
- /D:/A_ThucNghiem/scripts_v2/workspaces/20260723_200230_8e3f9cb2/044_78444970_BoruvkaKruskal_9edb2ce5/compiledrepos/78444970/examples/graph/src/test/java/graph/algorithm/mst/BoruvkaKruskal_RBL4Test_9edb2ce5.java:[51,76] cannot find symbol
- symbol:   method weight()
- location: variable edge of type graph.model.UndirectedGraph.Edge<java.lang.String>
- /D:/A_ThucNghiem/scripts_v2/workspaces/20260723_200230_8e3f9cb2/044_78444970_BoruvkaKruskal_9edb2ce5/compiledrepos/78444970/examples/graph/src/test/java/graph/algorithm/mst/BoruvkaKruskal_RBL4Test_9edb2ce5.java:[63,76] cannot find symbol
- symbol:   method weight()
- location: variable edge of type graph.model.UndirectedGraph.Edge<java.lang.String>"
2026-07-23T14:44:29+00:00,class_agone_run,78444970,examples/graph,,,,,,PASS,68.325,
2026-07-23T14:44:29+00:00,class_sandbox_start,78444970,examples/random,,45,78444970:examples/random/src/main/java/random/reservoirsamplingmultipleitems.java,ReservoirSamplingMultipleItems,ReservoirSamplingMultipleItems_RBL4Test_01a0a377,START,,
2026-07-23T14:44:33+00:00,class_agone_env,78444970,examples/random,,45,78444970:examples/random/src/main/java/random/reservoirsamplingmultipleitems.java,ReservoirSamplingMultipleItems,ReservoirSamplingMultipleItems_RBL4Test_01a0a377,PASS,,requested=1.8 selected_jdk=8 java_home=C:\Program Files\Java\jdk1.8.0_172
2026-07-23T14:44:41+00:00,toolchain,,,,45,78444970:examples/random/src/main/java/random/reservoirsamplingmultipleitems.java,,,PASS,,requested=1.8 selected_jdk=8 java_home=C:\Program Files\Java\jdk1.8.0_172
2026-07-23T14:45:03+00:00,evosuite_generate,78444970,,evosuite,45,78444970:examples/random/src/main/java/random/reservoirsamplingmultipleitems.java,ReservoirSamplingMultipleItems,,PASS,21.928,random.ReservoirSamplingMultipleItems
2026-07-23T14:45:13+00:00,maven_verify_jacoco_pit,78444970,examples/random,,45,78444970:examples/random/src/main/java/random/reservoirsamplingmultipleitems.java,,,PASS,9.812,-Dtest=random.ReservoirSamplingMultipleItems_RBL4Test_01a0a377
2026-07-23T14:45:29+00:00,maven_verify_jacoco_pit,78444970,examples/random,,45,78444970:examples/random/src/main/java/random/reservoirsamplingmultipleitems.java,,,PASS,9.042,-Dtest=random.ReservoirSamplingMultipleItems_RBL4Test_01a0a377
2026-07-23T14:45:30+00:00,class_agone_run,78444970,examples/random,,,,,,PASS,61.286,
2026-07-23T14:45:30+00:00,class_sandbox_start,81384608,integrations/spark/spark-catalog/spark-catalog-core,,46,81384608:integrations/spark/spark-catalog/spark-catalog-core/src/main/java/com/thinkbiganalytics/kylo/catalog/spark/sources/spark/flaggingvisitor.java,FlaggingVisitor,FlaggingVisitor_RBL4Test_80a61f46,START,,
2026-07-23T14:49:25+00:00,maven_reactor_prewarm,81384608,integrations/spark/spark-catalog/spark-catalog-core,,46,81384608:integrations/spark/spark-catalog/spark-catalog-core/src/main/java/com/thinkbiganalytics/kylo/catalog/spark/sources/spark/flaggingvisitor.java,FlaggingVisitor,,START,,prewarm reactor dependencies for -pl integrations/spark/spark-catalog/spark-catalog-core
2026-07-23T14:49:53+00:00,maven_reactor_prewarm,81384608,integrations/spark/spark-catalog/spark-catalog-core,,46,81384608:integrations/spark/spark-catalog/spark-catalog-core/src/main/java/com/thinkbiganalytics/kylo/catalog/spark/sources/spark/flaggingvisitor.java,FlaggingVisitor,,FAIL,27.302,"FO] Skipping Rule Enforcement.
[INFO] 
[INFO] --- enforcer:1.4.1:enforce (enforceV7) @ kylo-spark-catalog-core ---
[INFO] Skipping Rule Enforcement.
[INFO] 
[INFO] --- resources:3.4.0:resources (default-resources) @ kylo-spark-catalog-core ---
[INFO] skip non existing resourceDirectory D:\A_ThucNghiem\scripts_v2\workspaces\20260723_200230_8e3f9cb2\046_81384608_FlaggingVisitor_80a61f46\compiledrepos\81384608\integrations\spark\spark-catalog\spark-catalog-core\src\main\resources
[INFO] 
[INFO] --- compiler:3.8.0:compile (default-compile) @ kylo-spark-catalog-core ---
[INFO] Changes detected - recompiling the module!
[INFO] Compiling 24 source files to D:\A_ThucNghiem\scripts_v2\workspaces\20260723_200230_8e3f9cb2\046_81384608_FlaggingVisitor_80a61f46\compiledrepos\81384608\integrations\spark\spark-catalog\spark-catalog-core\target\classes
[INFO] 
[INFO] --- resources:3.4.0:testResources (default-testResources) @ kylo-spark-catalog-core ---
[INFO] Not copying test resources
[INFO] 
[INFO] --- compiler:3.8.0:testCompile (default-testCompile) @ kylo-spark-catalog-core ---
[INFO] Not compiling test sources
[INFO] 
[INFO] --- surefire:2.20:test (default-test) @ kylo-spark-catalog-core ---
[INFO] Tests are skipped.
[INFO] 
[INFO] --- license:1.16:check-file-header (first) @ kylo-spark-catalog-core ---
[INFO] adding extra resolver file:///D:/A_ThucNghiem/scripts_v2/workspaces/20260723_200230_8e3f9cb2/046_81384608_FlaggingVisitor_80a61f46/compiledrepos/81384608/integrations/spark/spark-catalog/spark-catalog-core/../../../../license-config
[WARNING] The extension sql is already accepted for comment style sql
[INFO] Will search files to update from root D:\A_ThucNghiem\scripts_v2\workspaces\20260723_200230_8e3f9cb2\046_81384608_FlaggingVisitor_80a61f46\compiledrepos\81384608\integrations\spark\spark-catalog\spark-catalog-core\src
[INFO] Will search files to update from root D:\A_ThucNghiem\scripts_v2\workspaces\20260723_200230_8e3f9cb2\046_81384608_FlaggingVisitor_80a61f46\compiledrepos\81384608\integrations\spark\spark-catalog\spark-catalog-core\target\generated-sources
[INFO] ------------------------------------------------------------------------
[INFO] Reactor Summary for kylo 0.10.1-SNAPSHOT:
[INFO] 
[INFO] kylo ............................................... SUCCESS [  2.469 s]
[INFO] kylo-commons ....................................... SUCCESS [  0.017 s]
[INFO] kylo-commons-rest-model ............................ SUCCESS [  2.650 s]
[INFO] kylo-commons-jdbc .................................. SUCCESS [  1.319 s]
[INFO] kylo-integrations .................................. SUCCESS [  0.098 s]
[INFO] Kylo Spark Parent .................................. SUCCESS [  0.341 s]
[INFO] Kylo Catalog Parent ................................ SUCCESS [  0.031 s]
[INFO] Kylo Catalog API ................................... SUCCESS [  3.567 s]
[INFO] kylo-core .......................................... SUCCESS [  0.042 s]
[INFO] kylo-services ...................................... SUCCESS [  0.036 s]
[INFO] kylo-schema-discovery .............................. SUCCESS [  0.030 s]
[INFO] kylo-schema-discovery-api .......................... SUCCESS [  1.294 s]
[INFO] kylo-security-service .............................. SUCCESS [  0.045 s]
[INFO] kylo-security-rest-model ........................... SUCCESS [  0.883 s]
[INFO] kylo-catalog-service ............................... SUCCESS [  0.044 s]
[INFO] kylo-catalog-model ................................. SUCCESS [  1.521 s]
[INFO] Kylo Common Hadoop Utilities ....................... SUCCESS [  1.632 s]
[INFO] Kylo Catalog Core .................................. FAILURE [  4.323 s]
[INFO] ------------------------------------------------------------------------
[INFO] BUILD FAILURE
[INFO] ------------------------------------------------------------------------
[INFO] Total time:  23.941 s
[INFO] Finished at: 2026-07-23T21:49:53+07:00
[INFO] ----------------------------------------------------------------"
2026-07-23T14:49:53+00:00,class_agone_run,81384608,integrations/spark/spark-catalog/spark-catalog-core,,46,81384608:integrations/spark/spark-catalog/spark-catalog-core/src/main/java/com/thinkbiganalytics/kylo/catalog/spark/sources/spark/flaggingvisitor.java,FlaggingVisitor,FlaggingVisitor_RBL4Test_80a61f46,FAIL,262.64,maven_reactor_prewarm_failed; AgoneTest was not invoked for this class
2026-07-23T14:49:53+00:00,class_sandbox_start,81384608,integrations/spark/spark-catalog/spark-catalog-core,,47,81384608:integrations/spark/spark-catalog/spark-catalog-core/src/main/java/com/thinkbiganalytics/kylo/catalog/spark/sources/abstractjdbcdatasetprovider.java,AbstractJdbcDataSetProvider,AbstractJdbcDataSetProvider_RBL4Test_afd5506e,START,,
2026-07-23T14:50:07+00:00,maven_reactor_prewarm,81384608,integrations/spark/spark-catalog/spark-catalog-core,,47,81384608:integrations/spark/spark-catalog/spark-catalog-core/src/main/java/com/thinkbiganalytics/kylo/catalog/spark/sources/abstractjdbcdatasetprovider.java,AbstractJdbcDataSetProvider,,START,,prewarm reactor dependencies for -pl integrations/spark/spark-catalog/spark-catalog-core
2026-07-23T14:50:28+00:00,maven_reactor_prewarm,81384608,integrations/spark/spark-catalog/spark-catalog-core,,47,81384608:integrations/spark/spark-catalog/spark-catalog-core/src/main/java/com/thinkbiganalytics/kylo/catalog/spark/sources/abstractjdbcdatasetprovider.java,AbstractJdbcDataSetProvider,,FAIL,20.714,"rceV7) @ kylo-spark-catalog-core ---
[INFO] Skipping Rule Enforcement.
[INFO] 
[INFO] --- resources:3.4.0:resources (default-resources) @ kylo-spark-catalog-core ---
[INFO] skip non existing resourceDirectory D:\A_ThucNghiem\scripts_v2\workspaces\20260723_200230_8e3f9cb2\047_81384608_AbstractJdbcDataSetProvider_afd5506e\compiledrepos\81384608\integrations\spark\spark-catalog\spark-catalog-core\src\main\resources
[INFO] 
[INFO] --- compiler:3.8.0:compile (default-compile) @ kylo-spark-catalog-core ---
[INFO] Changes detected - recompiling the module!
[INFO] Compiling 24 source files to D:\A_ThucNghiem\scripts_v2\workspaces\20260723_200230_8e3f9cb2\047_81384608_AbstractJdbcDataSetProvider_afd5506e\compiledrepos\81384608\integrations\spark\spark-catalog\spark-catalog-core\target\classes
[INFO] 
[INFO] --- resources:3.4.0:testResources (default-testResources) @ kylo-spark-catalog-core ---
[INFO] Not copying test resources
[INFO] 
[INFO] --- compiler:3.8.0:testCompile (default-testCompile) @ kylo-spark-catalog-core ---
[INFO] Not compiling test sources
[INFO] 
[INFO] --- surefire:2.20:test (default-test) @ kylo-spark-catalog-core ---
[INFO] Tests are skipped.
[INFO] 
[INFO] --- license:1.16:check-file-header (first) @ kylo-spark-catalog-core ---
[INFO] adding extra resolver file:///D:/A_ThucNghiem/scripts_v2/workspaces/20260723_200230_8e3f9cb2/047_81384608_AbstractJdbcDataSetProvider_afd5506e/compiledrepos/81384608/integrations/spark/spark-catalog/spark-catalog-core/../../../../license-config
[WARNING] The extension sql is already accepted for comment style sql
[INFO] Will search files to update from root D:\A_ThucNghiem\scripts_v2\workspaces\20260723_200230_8e3f9cb2\047_81384608_AbstractJdbcDataSetProvider_afd5506e\compiledrepos\81384608\integrations\spark\spark-catalog\spark-catalog-core\src
[INFO] Will search files to update from root D:\A_ThucNghiem\scripts_v2\workspaces\20260723_200230_8e3f9cb2\047_81384608_AbstractJdbcDataSetProvider_afd5506e\compiledrepos\81384608\integrations\spark\spark-catalog\spark-catalog-core\target\generated-sources
[INFO] ------------------------------------------------------------------------
[INFO] Reactor Summary for kylo 0.10.1-SNAPSHOT:
[INFO] 
[INFO] kylo ............................................... SUCCESS [  1.062 s]
[INFO] kylo-commons ....................................... SUCCESS [  0.020 s]
[INFO] kylo-commons-rest-model ............................ SUCCESS [  1.633 s]
[INFO] kylo-commons-jdbc .................................. SUCCESS [  0.681 s]
[INFO] kylo-integrations .................................. SUCCESS [  0.048 s]
[INFO] Kylo Spark Parent .................................. SUCCESS [  0.322 s]
[INFO] Kylo Catalog Parent ................................ SUCCESS [  0.043 s]
[INFO] Kylo Catalog API ................................... SUCCESS [  2.663 s]
[INFO] kylo-core .......................................... SUCCESS [  0.042 s]
[INFO] kylo-services ...................................... SUCCESS [  0.029 s]
[INFO] kylo-schema-discovery .............................. SUCCESS [  0.027 s]
[INFO] kylo-schema-discovery-api .......................... SUCCESS [  1.213 s]
[INFO] kylo-security-service .............................. SUCCESS [  0.035 s]
[INFO] kylo-security-rest-model ........................... SUCCESS [  0.780 s]
[INFO] kylo-catalog-service ............................... SUCCESS [  0.036 s]
[INFO] kylo-catalog-model ................................. SUCCESS [  1.180 s]
[INFO] Kylo Common Hadoop Utilities ....................... SUCCESS [  1.222 s]
[INFO] Kylo Catalog Core .................................. FAILURE [  3.059 s]
[INFO] ------------------------------------------------------------------------
[INFO] BUILD FAILURE
[INFO] ------------------------------------------------------------------------
[INFO] Total time:  17.348 s
[INFO] Finished at: 2026-07-23T21:50:28+07:00
[INFO] ------------------------------------------------------------------------
[ERROR] F"
2026-07-23T14:50:28+00:00,class_agone_run,81384608,integrations/spark/spark-catalog/spark-catalog-core,,47,81384608:integrations/spark/spark-catalog/spark-catalog-core/src/main/java/com/thinkbiganalytics/kylo/catalog/spark/sources/abstractjdbcdatasetprovider.java,AbstractJdbcDataSetProvider,AbstractJdbcDataSetProvider_RBL4Test_afd5506e,FAIL,34.981,maven_reactor_prewarm_failed; AgoneTest was not invoked for this class
2026-07-23T14:50:28+00:00,class_sandbox_start,85795396,metrics-dropwizardmetrics,,48,85795396:metrics-dropwizardmetrics/src/main/java/org/apache/calcite/avatica/metrics/dropwizard/dropwizardmetricssystemfactory.java,DropwizardMetricsSystemFactory,DropwizardMetricsSystemFactory_RBL4Test_33421196,START,,
2026-07-23T14:50:44+00:00,gradle_sandbox_prewarm,85795396,metrics-dropwizardmetrics,,48,85795396:metrics-dropwizardmetrics/src/main/java/org/apache/calcite/avatica/metrics/dropwizard/dropwizardmetricssystemfactory.java,DropwizardMetricsSystemFactory,,START,,compile Gradle sandbox before AgoneTest/EvoSuite
2026-07-23T14:51:09+00:00,gradle_sandbox_prewarm,85795396,metrics-dropwizardmetrics,,48,85795396:metrics-dropwizardmetrics/src/main/java/org/apache/calcite/avatica/metrics/dropwizard/dropwizardmetricssystemfactory.java,DropwizardMetricsSystemFactory,,PASS,25.109,"compile Gradle sandbox before AgoneTest/EvoSuite; classes_dir=D:\A_ThucNghiem\scripts_v2\workspaces\20260723_200230_8e3f9cb2\048_85795396_DropwizardMetricsSystemFactory_33421196\compiledrepos\85795396\metrics-dropwizardmetrics\build\classes\java\main
To honour the JVM settings for this build a single-use Daemon process will be forked. For more on this, please refer to https://docs.gradle.org/8.14.4/userguide/gradle_daemon.html#sec:disabling_the_daemon in the Gradle documentation.
Daemon will be stopped at the end of the build 

> Configure project :
Building Apache Calcite Avatica 1.29.0-SNAPSHOT

> Task :metrics-dropwizardmetrics:clean UP-TO-DATE
> Task :metrics-dropwizardmetrics:processResources
> Task :metrics-dropwizardmetrics:processTestResources NO-SOURCE
> Task :metrics:compileJava
> Task :metrics-dropwizardmetrics:compileJava
> Task :metrics-dropwizardmetrics:classes
> Task :metrics-dropwizardmetrics:compileTestJava
> Task :metrics-dropwizardmetrics:testClasses

[Incubating] Problems report is available at: file:///D:/A_ThucNghiem/scripts_v2/workspaces/20260723_200230_8e3f9cb2/048_85795396_DropwizardMetricsSystemFactory_33421196/compiledrepos/85795396/build/reports/problems/problems-report.html

Deprecated Gradle features were used in this build, making it incompatible with Gradle 9.0.

You can use '--warning-mode all' to show the individual deprecation warnings and determine if they come from your own scripts or plugins.

For more on this, please refer to https://docs.gradle.org/8.14.4/userguide/command_line_interface.html#sec:command_line_warnings in the Gradle documentation.

BUILD SUCCESSFUL in 22s
5 actionable tasks: 4 executed, 1 up-to-date"
2026-07-23T14:51:12+00:00,class_agone_env,85795396,metrics-dropwizardmetrics,,48,85795396:metrics-dropwizardmetrics/src/main/java/org/apache/calcite/avatica/metrics/dropwizard/dropwizardmetricssystemfactory.java,DropwizardMetricsSystemFactory,DropwizardMetricsSystemFactory_RBL4Test_33421196,PASS,,requested=1.8 selected_jdk=8 java_home=C:\Program Files\Java\jdk1.8.0_172
2026-07-23T14:51:20+00:00,toolchain,,,,48,85795396:metrics-dropwizardmetrics/src/main/java/org/apache/calcite/avatica/metrics/dropwizard/dropwizardmetricssystemfactory.java,,,PASS,,requested=1.8 selected_jdk=8 java_home=C:\Program Files\Java\jdk1.8.0_172
2026-07-23T14:51:25+00:00,evosuite_generate,85795396,,evosuite,48,85795396:metrics-dropwizardmetrics/src/main/java/org/apache/calcite/avatica/metrics/dropwizard/dropwizardmetricssystemfactory.java,DropwizardMetricsSystemFactory,,PASS,4.965,org.apache.calcite.avatica.metrics.dropwizard.DropwizardMetricsSystemFactory
2026-07-23T14:52:01+00:00,gradle_test_jacoco_pitest,85795396,metrics-dropwizardmetrics,,48,85795396:metrics-dropwizardmetrics/src/main/java/org/apache/calcite/avatica/metrics/dropwizard/dropwizardmetricssystemfactory.java,,,FAIL,30.176,"The following errors were encountered during the Gradle build (from stderr):

- BUILD FAILED in 29s"
2026-07-23T14:52:01+00:00,class_agone_run,85795396,metrics-dropwizardmetrics,,,,,,PASS,93.073,
2026-07-23T14:52:01+00:00,class_sandbox_start,85795396,core,,49,85795396:core/src/main/java/org/apache/calcite/avatica/connectionconfigimpl.java,ConnectionConfigImpl,ConnectionConfigImpl_RBL4Test_625c2e75,START,,
2026-07-23T14:52:02+00:00,gradle_sandbox_prewarm,85795396,core,,49,85795396:core/src/main/java/org/apache/calcite/avatica/connectionconfigimpl.java,ConnectionConfigImpl,,START,,compile Gradle sandbox before AgoneTest/EvoSuite
